2026-03-28 02:11:36 +00:00: 2026-03-28 02:11:36,294 - __main__ - INFO - 🚀 Clip Hunter started — finding viral CS2 media
2026-03-28 02:11:37 +00:00: 2026-03-28 02:11:37,260 - utils.db_utils - INFO - ✅ Reconnected to PostgreSQL
2026-03-28 02:11:37 +00:00: 2026-03-28 02:11:37,879 - __main__ - INFO - 📸 HLTV galleries: 15 images found
2026-03-28 02:11:37 +00:00: 2026-03-28 02:11:37,992 - __main__ - WARNING - ⚠️  Download failed: https://img-cdn.hltv.org/gallerypicture/FnYeGoGLjsLuPNNkGNtVn7.jpg?auto=compress → 403
2026-03-28 02:11:39 +00:00: 2026-03-28 02:11:39,008 - __main__ - WARNING - ⚠️  Download failed: https://img-cdn.hltv.org/gallerypicture/FnYeGoGLjsLuPNNkGNtVn7.jpg?auto=compress → 403
2026-03-28 02:11:40 +00:00: 2026-03-28 02:11:40,110 - __main__ - WARNING - ⚠️  Download failed: https://img-cdn.hltv.org/gallerypicture/vHvc1sGVMlFaLIpmBjDXnT.jpg?auto=compress → 403
2026-03-28 02:11:41 +00:00: 2026-03-28 02:11:41,140 - __main__ - WARNING - ⚠️  Download failed: https://img-cdn.hltv.org/gallerypicture/X08oOIsHC698yRZzFCmKIW.jpg?auto=compress → 403
2026-03-28 02:11:42 +00:00: 2026-03-28 02:11:42,154 - __main__ - WARNING - ⚠️  Download failed: https://img-cdn.hltv.org/gallerypicture/X08oOIsHC698yRZzFCmKIW.jpg?auto=compress → 403
2026-03-28 02:11:43 +00:00: 2026-03-28 02:11:43,189 - __main__ - WARNING - ⚠️  Download failed: https://img-cdn.hltv.org/gallerypicture/8-yVt_MSHu8PYg4xwLvKrh.jpg?auto=compress → 403
2026-03-28 02:11:44 +00:00: 2026-03-28 02:11:44,231 - __main__ - WARNING - ⚠️  Download failed: https://img-cdn.hltv.org/gallerypicture/HkNxdgLuBfIbbqGBjxDsmK.jpg?auto=compress → 403
2026-03-28 02:11:45 +00:00: 2026-03-28 02:11:45,247 - __main__ - WARNING - ⚠️  Download failed: https://img-cdn.hltv.org/gallerypicture/HkNxdgLuBfIbbqGBjxDsmK.jpg?auto=compress → 403
2026-03-28 02:11:46 +00:00: 2026-03-28 02:11:46,261 - __main__ - WARNING - ⚠️  Download failed: https://img-cdn.hltv.org/gallerypicture/HkNxdgLuBfIbbqGBjxDsmK.jpg?auto=compress → 403
2026-03-28 02:11:47 +00:00: 2026-03-28 02:11:47,367 - __main__ - WARNING - ⚠️  Download failed: https://img-cdn.hltv.org/gallerypicture/0Tts9PGnj3EVi0av3_tPeE.jpg?auto=compress → 403
2026-03-28 02:11:48 +00:00: 2026-03-28 02:11:48,380 - __main__ - WARNING - ⚠️  Download failed: https://img-cdn.hltv.org/gallerypicture/0Tts9PGnj3EVi0av3_tPeE.jpg?auto=compress → 403
2026-03-28 02:11:49 +00:00: 2026-03-28 02:11:49,487 - __main__ - WARNING - ⚠️  Download failed: https://img-cdn.hltv.org/gallerypicture/RvtRPdaFgUWoyxWr3uwlES.jpg?auto=compress → 403
2026-03-28 02:11:50 +00:00: 2026-03-28 02:11:50,593 - __main__ - WARNING - ⚠️  Download failed: https://img-cdn.hltv.org/gallerypicture/Pkt13XyKVlf8xZtg6bkbrq.jpg?auto=compress → 403
2026-03-28 02:11:51 +00:00: 2026-03-28 02:11:51,609 - __main__ - WARNING - ⚠️  Download failed: https://img-cdn.hltv.org/gallerypicture/Pkt13XyKVlf8xZtg6bkbrq.jpg?auto=compress → 403
2026-03-28 02:11:52 +00:00: 2026-03-28 02:11:52,715 - __main__ - WARNING - ⚠️  Download failed: https://img-cdn.hltv.org/gallerypicture/dr2Ie2y2OlbdtGUjuIfXJ-.jpg?auto=compress → 403
2026-03-28 02:11:53 +00:00: 2026-03-28 02:11:53,803 - __main__ - WARNING - ⚠️  Reddit r/GlobalOffensive: HTTP 403
2026-03-28 02:11:55 +00:00: 2026-03-28 02:11:55,816 - __main__ - WARNING - ⚠️  Reddit r/cs2: HTTP 403
2026-03-28 02:11:57 +00:00: 2026-03-28 02:11:57,826 - __main__ - WARNING - ⚠️  Reddit r/CSMemes: HTTP 403
2026-03-28 02:11:59 +00:00: 2026-03-28 02:11:59,828 - __main__ - INFO - 📊 Media hunt complete: 0 images, 0 videos
2026-03-28 02:14:59 +00:00: Traceback (most recent call last):
2026-03-28 02:14:59 +00:00:   File "/home/ubuntu/openclaw/scripts/ingestion/clip_hunter.py", line 470, in <module>
2026-03-28 02:14:59 +00:00:     _clip_hunter = ClipHunter()
2026-03-28 02:14:59 +00:00:   File "/usr/lib/python3.10/asyncio/runners.py", line 44, in run
2026-03-28 02:14:59 +00:00:     return loop.run_until_complete(main)
2026-03-28 02:14:59 +00:00:   File "/usr/lib/python3.10/asyncio/base_events.py", line 636, in run_until_complete
2026-03-28 02:14:59 +00:00:     self.run_forever()
2026-03-28 02:14:59 +00:00:   File "/usr/lib/python3.10/asyncio/base_events.py", line 603, in run_forever
2026-03-28 02:14:59 +00:00:     self._run_once()
2026-03-28 02:14:59 +00:00:   File "/usr/lib/python3.10/asyncio/base_events.py", line 1871, in _run_once
2026-03-28 02:14:59 +00:00:     event_list = self._selector.select(timeout)
2026-03-28 02:14:59 +00:00:   File "/usr/lib/python3.10/selectors.py", line 469, in select
2026-03-28 02:14:59 +00:00:     fd_event_list = self._selector.poll(timeout, max_ev)
2026-03-28 02:14:59 +00:00: KeyboardInterrupt
2026-03-28 02:14:59 +00:00: 2026-03-28 02:14:59,430 - __main__ - INFO - 🚀 Clip Hunter started — finding viral CS2 media
2026-03-28 02:15:00 +00:00: 2026-03-28 02:15:00,404 - utils.db_utils - INFO - ✅ Reconnected to PostgreSQL
2026-03-28 02:15:01 +00:00: 2026-03-28 02:15:01,041 - __main__ - INFO - 📸 HLTV galleries: 15 images found
2026-03-28 02:15:01 +00:00: 2026-03-28 02:15:01,113 - __main__ - WARNING - ⚠️  Download failed: https://img-cdn.hltv.org/gallerypicture/FnYeGoGLjsLuPNNkGNtVn7.jpg?auto=compress → 403
2026-03-28 02:15:02 +00:00: 2026-03-28 02:15:02,132 - __main__ - WARNING - ⚠️  Download failed: https://img-cdn.hltv.org/gallerypicture/FnYeGoGLjsLuPNNkGNtVn7.jpg?auto=compress → 403
2026-03-28 02:15:03 +00:00: 2026-03-28 02:15:03,171 - __main__ - WARNING - ⚠️  Download failed: https://img-cdn.hltv.org/gallerypicture/vHvc1sGVMlFaLIpmBjDXnT.jpg?auto=compress → 403
2026-03-28 02:15:04 +00:00: 2026-03-28 02:15:04,221 - __main__ - WARNING - ⚠️  Download failed: https://img-cdn.hltv.org/gallerypicture/X08oOIsHC698yRZzFCmKIW.jpg?auto=compress → 403
2026-03-28 02:15:05 +00:00: 2026-03-28 02:15:05,238 - __main__ - WARNING - ⚠️  Download failed: https://img-cdn.hltv.org/gallerypicture/X08oOIsHC698yRZzFCmKIW.jpg?auto=compress → 403
2026-03-28 02:15:06 +00:00: 2026-03-28 02:15:06,266 - __main__ - WARNING - ⚠️  Download failed: https://img-cdn.hltv.org/gallerypicture/8-yVt_MSHu8PYg4xwLvKrh.jpg?auto=compress → 403
2026-03-28 02:15:07 +00:00: 2026-03-28 02:15:07,295 - __main__ - WARNING - ⚠️  Download failed: https://img-cdn.hltv.org/gallerypicture/HkNxdgLuBfIbbqGBjxDsmK.jpg?auto=compress → 403
2026-03-28 02:15:08 +00:00: 2026-03-28 02:15:08,313 - __main__ - WARNING - ⚠️  Download failed: https://img-cdn.hltv.org/gallerypicture/HkNxdgLuBfIbbqGBjxDsmK.jpg?auto=compress → 403
2026-03-28 02:15:09 +00:00: 2026-03-28 02:15:09,334 - __main__ - WARNING - ⚠️  Download failed: https://img-cdn.hltv.org/gallerypicture/HkNxdgLuBfIbbqGBjxDsmK.jpg?auto=compress → 403
2026-03-28 02:15:10 +00:00: 2026-03-28 02:15:10,357 - __main__ - WARNING - ⚠️  Download failed: https://img-cdn.hltv.org/gallerypicture/0Tts9PGnj3EVi0av3_tPeE.jpg?auto=compress → 403
2026-03-28 02:15:11 +00:00: 2026-03-28 02:15:11,375 - __main__ - WARNING - ⚠️  Download failed: https://img-cdn.hltv.org/gallerypicture/0Tts9PGnj3EVi0av3_tPeE.jpg?auto=compress → 403
2026-03-28 02:15:12 +00:00: 2026-03-28 02:15:12,397 - __main__ - WARNING - ⚠️  Download failed: https://img-cdn.hltv.org/gallerypicture/RvtRPdaFgUWoyxWr3uwlES.jpg?auto=compress → 403
2026-03-28 02:15:13 +00:00: 2026-03-28 02:15:13,451 - __main__ - WARNING - ⚠️  Download failed: https://img-cdn.hltv.org/gallerypicture/Pkt13XyKVlf8xZtg6bkbrq.jpg?auto=compress → 403
2026-03-28 02:15:14 +00:00: 2026-03-28 02:15:14,469 - __main__ - WARNING - ⚠️  Download failed: https://img-cdn.hltv.org/gallerypicture/Pkt13XyKVlf8xZtg6bkbrq.jpg?auto=compress → 403
2026-03-28 02:15:15 +00:00: 2026-03-28 02:15:15,501 - __main__ - WARNING - ⚠️  Download failed: https://img-cdn.hltv.org/gallerypicture/dr2Ie2y2OlbdtGUjuIfXJ-.jpg?auto=compress → 403
2026-03-28 02:15:16 +00:00: 2026-03-28 02:15:16,596 - __main__ - WARNING - ⚠️  Reddit r/GlobalOffensive: HTTP 403
2026-03-28 02:15:18 +00:00: 2026-03-28 02:15:18,610 - __main__ - WARNING - ⚠️  Reddit r/cs2: HTTP 403
2026-03-28 02:15:20 +00:00: 2026-03-28 02:15:20,622 - __main__ - WARNING - ⚠️  Reddit r/CSMemes: HTTP 403
2026-03-28 02:15:22 +00:00: 2026-03-28 02:15:22,624 - __main__ - INFO - 📊 Media hunt complete: 0 images, 0 videos
2026-03-28 06:15:23 +00:00: 2026-03-28 06:15:23,805 - __main__ - INFO - 📸 HLTV galleries: 15 images found
2026-03-28 06:15:23 +00:00: 2026-03-28 06:15:23,863 - __main__ - WARNING - ⚠️  Download failed: https://img-cdn.hltv.org/gallerypicture/4VbvsIsCz77x5QtG1sriff.jpg?auto=compress → 403
2026-03-28 06:15:24 +00:00: 2026-03-28 06:15:24,875 - __main__ - WARNING - ⚠️  Download failed: https://img-cdn.hltv.org/gallerypicture/4VbvsIsCz77x5QtG1sriff.jpg?auto=compress → 403
2026-03-28 06:15:25 +00:00: 2026-03-28 06:15:25,980 - __main__ - WARNING - ⚠️  Download failed: https://img-cdn.hltv.org/gallerypicture/vHvc1sGVMlFaLIpmBjDXnT.jpg?auto=compress → 403
2026-03-28 06:15:27 +00:00: 2026-03-28 06:15:27,011 - __main__ - WARNING - ⚠️  Download failed: https://img-cdn.hltv.org/gallerypicture/X08oOIsHC698yRZzFCmKIW.jpg?auto=compress → 403
2026-03-28 06:15:28 +00:00: 2026-03-28 06:15:28,028 - __main__ - WARNING - ⚠️  Download failed: https://img-cdn.hltv.org/gallerypicture/X08oOIsHC698yRZzFCmKIW.jpg?auto=compress → 403
2026-03-28 06:15:29 +00:00: 2026-03-28 06:15:29,067 - __main__ - WARNING - ⚠️  Download failed: https://img-cdn.hltv.org/gallerypicture/8-yVt_MSHu8PYg4xwLvKrh.jpg?auto=compress → 403
2026-03-28 06:15:30 +00:00: 2026-03-28 06:15:30,162 - __main__ - WARNING - ⚠️  Download failed: https://img-cdn.hltv.org/gallerypicture/HkNxdgLuBfIbbqGBjxDsmK.jpg?auto=compress → 403
2026-03-28 06:15:31 +00:00: 2026-03-28 06:15:31,177 - __main__ - WARNING - ⚠️  Download failed: https://img-cdn.hltv.org/gallerypicture/HkNxdgLuBfIbbqGBjxDsmK.jpg?auto=compress → 403
2026-03-28 06:15:32 +00:00: 2026-03-28 06:15:32,191 - __main__ - WARNING - ⚠️  Download failed: https://img-cdn.hltv.org/gallerypicture/HkNxdgLuBfIbbqGBjxDsmK.jpg?auto=compress → 403
2026-03-28 06:15:33 +00:00: 2026-03-28 06:15:33,290 - __main__ - WARNING - ⚠️  Download failed: https://img-cdn.hltv.org/gallerypicture/0Tts9PGnj3EVi0av3_tPeE.jpg?auto=compress → 403
2026-03-28 06:15:34 +00:00: 2026-03-28 06:15:34,304 - __main__ - WARNING - ⚠️  Download failed: https://img-cdn.hltv.org/gallerypicture/0Tts9PGnj3EVi0av3_tPeE.jpg?auto=compress → 403
2026-03-28 06:15:35 +00:00: 2026-03-28 06:15:35,386 - __main__ - WARNING - ⚠️  Download failed: https://img-cdn.hltv.org/gallerypicture/RvtRPdaFgUWoyxWr3uwlES.jpg?auto=compress → 403
2026-03-28 06:15:36 +00:00: 2026-03-28 06:15:36,492 - __main__ - WARNING - ⚠️  Download failed: https://img-cdn.hltv.org/gallerypicture/Pkt13XyKVlf8xZtg6bkbrq.jpg?auto=compress → 403
2026-03-28 06:15:37 +00:00: 2026-03-28 06:15:37,507 - __main__ - WARNING - ⚠️  Download failed: https://img-cdn.hltv.org/gallerypicture/Pkt13XyKVlf8xZtg6bkbrq.jpg?auto=compress → 403
2026-03-28 06:15:38 +00:00: 2026-03-28 06:15:38,551 - __main__ - WARNING - ⚠️  Download failed: https://img-cdn.hltv.org/gallerypicture/dr2Ie2y2OlbdtGUjuIfXJ-.jpg?auto=compress → 403
2026-03-28 06:15:39 +00:00: 2026-03-28 06:15:39,652 - __main__ - WARNING - ⚠️  Reddit r/GlobalOffensive: HTTP 403
2026-03-28 06:15:41 +00:00: 2026-03-28 06:15:41,665 - __main__ - WARNING - ⚠️  Reddit r/cs2: HTTP 403
2026-03-28 06:15:43 +00:00: 2026-03-28 06:15:43,677 - __main__ - WARNING - ⚠️  Reddit r/CSMemes: HTTP 403
2026-03-28 06:15:45 +00:00: 2026-03-28 06:15:45,679 - __main__ - INFO - 📊 Media hunt complete: 0 images, 0 videos
2026-03-28 10:15:46 +00:00: 2026-03-28 10:15:46,743 - __main__ - INFO - 📸 HLTV galleries: 15 images found
2026-03-28 10:15:46 +00:00: 2026-03-28 10:15:46,808 - __main__ - WARNING - ⚠️  Download failed: https://img-cdn.hltv.org/gallerypicture/FnYeGoGLjsLuPNNkGNtVn7.jpg?auto=compress → 403
2026-03-28 10:15:47 +00:00: 2026-03-28 10:15:47,823 - __main__ - WARNING - ⚠️  Download failed: https://img-cdn.hltv.org/gallerypicture/FnYeGoGLjsLuPNNkGNtVn7.jpg?auto=compress → 403
2026-03-28 10:15:48 +00:00: 2026-03-28 10:15:48,945 - __main__ - WARNING - ⚠️  Download failed: https://img-cdn.hltv.org/gallerypicture/vHvc1sGVMlFaLIpmBjDXnT.jpg?auto=compress → 403
2026-03-28 10:15:49 +00:00: 2026-03-28 10:15:49,986 - __main__ - WARNING - ⚠️  Download failed: https://img-cdn.hltv.org/gallerypicture/-LrdNWy-6gcUbNos26hsCk.jpg?auto=compress → 403
2026-03-28 10:15:51 +00:00: 2026-03-28 10:15:51,002 - __main__ - WARNING - ⚠️  Download failed: https://img-cdn.hltv.org/gallerypicture/-LrdNWy-6gcUbNos26hsCk.jpg?auto=compress → 403
2026-03-28 10:15:52 +00:00: 2026-03-28 10:15:52,098 - __main__ - WARNING - ⚠️  Download failed: https://img-cdn.hltv.org/gallerypicture/8-yVt_MSHu8PYg4xwLvKrh.jpg?auto=compress → 403
2026-03-28 10:15:53 +00:00: 2026-03-28 10:15:53,138 - __main__ - WARNING - ⚠️  Download failed: https://img-cdn.hltv.org/gallerypicture/HkNxdgLuBfIbbqGBjxDsmK.jpg?auto=compress → 403
2026-03-28 10:15:54 +00:00: 2026-03-28 10:15:54,153 - __main__ - WARNING - ⚠️  Download failed: https://img-cdn.hltv.org/gallerypicture/HkNxdgLuBfIbbqGBjxDsmK.jpg?auto=compress → 403
2026-03-28 10:15:55 +00:00: 2026-03-28 10:15:55,169 - __main__ - WARNING - ⚠️  Download failed: https://img-cdn.hltv.org/gallerypicture/HkNxdgLuBfIbbqGBjxDsmK.jpg?auto=compress → 403
2026-03-28 10:15:56 +00:00: 2026-03-28 10:15:56,210 - __main__ - WARNING - ⚠️  Download failed: https://img-cdn.hltv.org/gallerypicture/0Tts9PGnj3EVi0av3_tPeE.jpg?auto=compress → 403
2026-03-28 10:15:57 +00:00: 2026-03-28 10:15:57,226 - __main__ - WARNING - ⚠️  Download failed: https://img-cdn.hltv.org/gallerypicture/0Tts9PGnj3EVi0av3_tPeE.jpg?auto=compress → 403
2026-03-28 10:15:58 +00:00: 2026-03-28 10:15:58,265 - __main__ - WARNING - ⚠️  Download failed: https://img-cdn.hltv.org/gallerypicture/RvtRPdaFgUWoyxWr3uwlES.jpg?auto=compress → 403
2026-03-28 10:15:59 +00:00: 2026-03-28 10:15:59,309 - __main__ - WARNING - ⚠️  Download failed: https://img-cdn.hltv.org/gallerypicture/Pkt13XyKVlf8xZtg6bkbrq.jpg?auto=compress → 403
2026-03-28 10:16:00 +00:00: 2026-03-28 10:16:00,324 - __main__ - WARNING - ⚠️  Download failed: https://img-cdn.hltv.org/gallerypicture/Pkt13XyKVlf8xZtg6bkbrq.jpg?auto=compress → 403
2026-03-28 10:16:01 +00:00: 2026-03-28 10:16:01,369 - __main__ - WARNING - ⚠️  Download failed: https://img-cdn.hltv.org/gallerypicture/dr2Ie2y2OlbdtGUjuIfXJ-.jpg?auto=compress → 403
2026-03-28 10:16:02 +00:00: 2026-03-28 10:16:02,461 - __main__ - WARNING - ⚠️  Reddit r/GlobalOffensive: HTTP 403
2026-03-28 10:16:04 +00:00: 2026-03-28 10:16:04,474 - __main__ - WARNING - ⚠️  Reddit r/cs2: HTTP 403
2026-03-28 10:16:06 +00:00: 2026-03-28 10:16:06,487 - __main__ - WARNING - ⚠️  Reddit r/CSMemes: HTTP 403
2026-03-28 10:16:08 +00:00: 2026-03-28 10:16:08,488 - __main__ - INFO - 📊 Media hunt complete: 0 images, 0 videos
2026-03-28 14:16:09 +00:00: 2026-03-28 14:16:09,630 - __main__ - INFO - 📸 HLTV galleries: 15 images found
2026-03-28 14:16:09 +00:00: 2026-03-28 14:16:09,692 - __main__ - WARNING - ⚠️  Download failed: https://img-cdn.hltv.org/gallerypicture/FnYeGoGLjsLuPNNkGNtVn7.jpg?auto=compress → 403
2026-03-28 14:16:10 +00:00: 2026-03-28 14:16:10,708 - __main__ - WARNING - ⚠️  Download failed: https://img-cdn.hltv.org/gallerypicture/FnYeGoGLjsLuPNNkGNtVn7.jpg?auto=compress → 403
2026-03-28 14:16:11 +00:00: 2026-03-28 14:16:11,823 - __main__ - WARNING - ⚠️  Download failed: https://img-cdn.hltv.org/gallerypicture/vHvc1sGVMlFaLIpmBjDXnT.jpg?auto=compress → 403
2026-03-28 14:16:12 +00:00: 2026-03-28 14:16:12,873 - __main__ - WARNING - ⚠️  Download failed: https://img-cdn.hltv.org/gallerypicture/-LrdNWy-6gcUbNos26hsCk.jpg?auto=compress → 403
2026-03-28 14:16:13 +00:00: 2026-03-28 14:16:13,889 - __main__ - WARNING - ⚠️  Download failed: https://img-cdn.hltv.org/gallerypicture/-LrdNWy-6gcUbNos26hsCk.jpg?auto=compress → 403
2026-03-28 14:16:14 +00:00: 2026-03-28 14:16:14,973 - __main__ - WARNING - ⚠️  Download failed: https://img-cdn.hltv.org/gallerypicture/8-yVt_MSHu8PYg4xwLvKrh.jpg?auto=compress → 403
2026-03-28 14:16:16 +00:00: 2026-03-28 14:16:16,016 - __main__ - WARNING - ⚠️  Download failed: https://img-cdn.hltv.org/gallerypicture/HkNxdgLuBfIbbqGBjxDsmK.jpg?auto=compress → 403
2026-03-28 14:16:17 +00:00: 2026-03-28 14:16:17,030 - __main__ - WARNING - ⚠️  Download failed: https://img-cdn.hltv.org/gallerypicture/HkNxdgLuBfIbbqGBjxDsmK.jpg?auto=compress → 403
2026-03-28 14:16:18 +00:00: 2026-03-28 14:16:18,046 - __main__ - WARNING - ⚠️  Download failed: https://img-cdn.hltv.org/gallerypicture/HkNxdgLuBfIbbqGBjxDsmK.jpg?auto=compress → 403
2026-03-28 14:16:19 +00:00: 2026-03-28 14:16:19,146 - __main__ - WARNING - ⚠️  Download failed: https://img-cdn.hltv.org/gallerypicture/0Tts9PGnj3EVi0av3_tPeE.jpg?auto=compress → 403
2026-03-28 14:16:20 +00:00: 2026-03-28 14:16:20,161 - __main__ - WARNING - ⚠️  Download failed: https://img-cdn.hltv.org/gallerypicture/0Tts9PGnj3EVi0av3_tPeE.jpg?auto=compress → 403
2026-03-28 14:16:21 +00:00: 2026-03-28 14:16:21,291 - __main__ - WARNING - ⚠️  Download failed: https://img-cdn.hltv.org/gallerypicture/RvtRPdaFgUWoyxWr3uwlES.jpg?auto=compress → 403
2026-03-28 14:16:22 +00:00: 2026-03-28 14:16:22,417 - __main__ - WARNING - ⚠️  Download failed: https://img-cdn.hltv.org/gallerypicture/Pkt13XyKVlf8xZtg6bkbrq.jpg?auto=compress → 403
2026-03-28 14:16:23 +00:00: 2026-03-28 14:16:23,432 - __main__ - WARNING - ⚠️  Download failed: https://img-cdn.hltv.org/gallerypicture/Pkt13XyKVlf8xZtg6bkbrq.jpg?auto=compress → 403
2026-03-28 14:16:24 +00:00: 2026-03-28 14:16:24,475 - __main__ - WARNING - ⚠️  Download failed: https://img-cdn.hltv.org/gallerypicture/dr2Ie2y2OlbdtGUjuIfXJ-.jpg?auto=compress → 403
2026-03-28 14:16:25 +00:00: 2026-03-28 14:16:25,515 - __main__ - WARNING - ⚠️  Reddit r/GlobalOffensive: HTTP 403
2026-03-28 14:16:27 +00:00: 2026-03-28 14:16:27,527 - __main__ - WARNING - ⚠️  Reddit r/cs2: HTTP 403
2026-03-28 14:16:29 +00:00: 2026-03-28 14:16:29,541 - __main__ - WARNING - ⚠️  Reddit r/CSMemes: HTTP 403
2026-03-28 14:16:31 +00:00: 2026-03-28 14:16:31,543 - __main__ - INFO - 📊 Media hunt complete: 0 images, 0 videos
2026-03-28 18:16:32 +00:00: 2026-03-28 18:16:32,636 - __main__ - INFO - 📸 HLTV galleries: 15 images found
2026-03-28 18:16:32 +00:00: 2026-03-28 18:16:32,687 - __main__ - WARNING - ⚠️  Download failed: https://img-cdn.hltv.org/gallerypicture/XYzZqRqzv0sNHSAXY2WQ8p.jpg?auto=compress → 403
2026-03-28 18:16:33 +00:00: 2026-03-28 18:16:33,708 - __main__ - WARNING - ⚠️  Download failed: https://img-cdn.hltv.org/gallerypicture/XYzZqRqzv0sNHSAXY2WQ8p.jpg?auto=compress → 403
2026-03-28 18:16:34 +00:00: 2026-03-28 18:16:34,754 - __main__ - WARNING - ⚠️  Download failed: https://img-cdn.hltv.org/gallerypicture/EA5xXeUoFjlgfs-XtTRaiZ.jpg?auto=compress → 403
2026-03-28 18:16:35 +00:00: 2026-03-28 18:16:35,812 - __main__ - WARNING - ⚠️  Download failed: https://img-cdn.hltv.org/gallerypicture/FnYeGoGLjsLuPNNkGNtVn7.jpg?auto=compress → 403
2026-03-28 18:16:36 +00:00: 2026-03-28 18:16:36,833 - __main__ - WARNING - ⚠️  Download failed: https://img-cdn.hltv.org/gallerypicture/FnYeGoGLjsLuPNNkGNtVn7.jpg?auto=compress → 403
2026-03-28 18:16:37 +00:00: 2026-03-28 18:16:37,877 - __main__ - WARNING - ⚠️  Download failed: https://img-cdn.hltv.org/gallerypicture/vHvc1sGVMlFaLIpmBjDXnT.jpg?auto=compress → 403
2026-03-28 18:16:38 +00:00: 2026-03-28 18:16:38,940 - __main__ - WARNING - ⚠️  Download failed: https://img-cdn.hltv.org/gallerypicture/-LrdNWy-6gcUbNos26hsCk.jpg?auto=compress → 403
2026-03-28 18:16:39 +00:00: 2026-03-28 18:16:39,961 - __main__ - WARNING - ⚠️  Download failed: https://img-cdn.hltv.org/gallerypicture/-LrdNWy-6gcUbNos26hsCk.jpg?auto=compress → 403
2026-03-28 18:16:40 +00:00: 2026-03-28 18:16:40,992 - __main__ - WARNING - ⚠️  Download failed: https://img-cdn.hltv.org/gallerypicture/8-yVt_MSHu8PYg4xwLvKrh.jpg?auto=compress → 403
2026-03-28 18:16:42 +00:00: 2026-03-28 18:16:42,023 - __main__ - WARNING - ⚠️  Download failed: https://img-cdn.hltv.org/gallerypicture/HkNxdgLuBfIbbqGBjxDsmK.jpg?auto=compress → 403
2026-03-28 18:16:43 +00:00: 2026-03-28 18:16:43,045 - __main__ - WARNING - ⚠️  Download failed: https://img-cdn.hltv.org/gallerypicture/HkNxdgLuBfIbbqGBjxDsmK.jpg?auto=compress → 403
2026-03-28 18:16:44 +00:00: 2026-03-28 18:16:44,065 - __main__ - WARNING - ⚠️  Download failed: https://img-cdn.hltv.org/gallerypicture/HkNxdgLuBfIbbqGBjxDsmK.jpg?auto=compress → 403
2026-03-28 18:16:45 +00:00: 2026-03-28 18:16:45,099 - __main__ - WARNING - ⚠️  Download failed: https://img-cdn.hltv.org/gallerypicture/0Tts9PGnj3EVi0av3_tPeE.jpg?auto=compress → 403
2026-03-28 18:16:46 +00:00: 2026-03-28 18:16:46,119 - __main__ - WARNING - ⚠️  Download failed: https://img-cdn.hltv.org/gallerypicture/0Tts9PGnj3EVi0av3_tPeE.jpg?auto=compress → 403
2026-03-28 18:16:47 +00:00: 2026-03-28 18:16:47,155 - __main__ - WARNING - ⚠️  Download failed: https://img-cdn.hltv.org/gallerypicture/RvtRPdaFgUWoyxWr3uwlES.jpg?auto=compress → 403
2026-03-28 18:16:48 +00:00: 2026-03-28 18:16:48,230 - __main__ - WARNING - ⚠️  Reddit r/GlobalOffensive: HTTP 403
2026-03-28 18:16:50 +00:00: 2026-03-28 18:16:50,243 - __main__ - WARNING - ⚠️  Reddit r/cs2: HTTP 403
2026-03-28 18:16:52 +00:00: 2026-03-28 18:16:52,255 - __main__ - WARNING - ⚠️  Reddit r/CSMemes: HTTP 403
2026-03-28 18:16:54 +00:00: 2026-03-28 18:16:54,257 - __main__ - INFO - 📊 Media hunt complete: 0 images, 0 videos
2026-03-28 22:16:55 +00:00: 2026-03-28 22:16:55,248 - __main__ - INFO - 📸 HLTV galleries: 15 images found
2026-03-28 22:16:55 +00:00: 2026-03-28 22:16:55,345 - __main__ - WARNING - ⚠️  Download failed: https://img-cdn.hltv.org/gallerypicture/lYIT5Zr3tBZSmQXiRc-tVM.jpg?auto=compress → 403
2026-03-28 22:16:56 +00:00: 2026-03-28 22:16:56,364 - __main__ - WARNING - ⚠️  Download failed: https://img-cdn.hltv.org/gallerypicture/lYIT5Zr3tBZSmQXiRc-tVM.jpg?auto=compress → 403
2026-03-28 22:16:57 +00:00: 2026-03-28 22:16:57,465 - __main__ - WARNING - ⚠️  Download failed: https://img-cdn.hltv.org/gallerypicture/EA5xXeUoFjlgfs-XtTRaiZ.jpg?auto=compress → 403
2026-03-28 22:16:58 +00:00: 2026-03-28 22:16:58,514 - __main__ - WARNING - ⚠️  Download failed: https://img-cdn.hltv.org/gallerypicture/FnYeGoGLjsLuPNNkGNtVn7.jpg?auto=compress → 403
2026-03-28 22:16:59 +00:00: 2026-03-28 22:16:59,529 - __main__ - WARNING - ⚠️  Download failed: https://img-cdn.hltv.org/gallerypicture/FnYeGoGLjsLuPNNkGNtVn7.jpg?auto=compress → 403
2026-03-28 22:17:00 +00:00: 2026-03-28 22:17:00,571 - __main__ - WARNING - ⚠️  Download failed: https://img-cdn.hltv.org/gallerypicture/vHvc1sGVMlFaLIpmBjDXnT.jpg?auto=compress → 403
2026-03-28 22:17:01 +00:00: 2026-03-28 22:17:01,618 - __main__ - WARNING - ⚠️  Download failed: https://img-cdn.hltv.org/gallerypicture/-LrdNWy-6gcUbNos26hsCk.jpg?auto=compress → 403
2026-03-28 22:17:02 +00:00: 2026-03-28 22:17:02,634 - __main__ - WARNING - ⚠️  Download failed: https://img-cdn.hltv.org/gallerypicture/-LrdNWy-6gcUbNos26hsCk.jpg?auto=compress → 403
2026-03-28 22:17:03 +00:00: 2026-03-28 22:17:03,687 - __main__ - WARNING - ⚠️  Download failed: https://img-cdn.hltv.org/gallerypicture/8-yVt_MSHu8PYg4xwLvKrh.jpg?auto=compress → 403
2026-03-28 22:17:04 +00:00: 2026-03-28 22:17:04,728 - __main__ - WARNING - ⚠️  Download failed: https://img-cdn.hltv.org/gallerypicture/HkNxdgLuBfIbbqGBjxDsmK.jpg?auto=compress → 403
2026-03-28 22:17:05 +00:00: 2026-03-28 22:17:05,744 - __main__ - WARNING - ⚠️  Download failed: https://img-cdn.hltv.org/gallerypicture/HkNxdgLuBfIbbqGBjxDsmK.jpg?auto=compress → 403
2026-03-28 22:17:06 +00:00: 2026-03-28 22:17:06,761 - __main__ - WARNING - ⚠️  Download failed: https://img-cdn.hltv.org/gallerypicture/HkNxdgLuBfIbbqGBjxDsmK.jpg?auto=compress → 403
2026-03-28 22:17:07 +00:00: 2026-03-28 22:17:07,876 - __main__ - WARNING - ⚠️  Download failed: https://img-cdn.hltv.org/gallerypicture/0Tts9PGnj3EVi0av3_tPeE.jpg?auto=compress → 403
2026-03-28 22:17:08 +00:00: 2026-03-28 22:17:08,892 - __main__ - WARNING - ⚠️  Download failed: https://img-cdn.hltv.org/gallerypicture/0Tts9PGnj3EVi0av3_tPeE.jpg?auto=compress → 403
2026-03-28 22:17:09 +00:00: 2026-03-28 22:17:09,938 - __main__ - WARNING - ⚠️  Download failed: https://img-cdn.hltv.org/gallerypicture/RvtRPdaFgUWoyxWr3uwlES.jpg?auto=compress → 403
2026-03-28 22:17:11 +00:00: 2026-03-28 22:17:11,045 - __main__ - WARNING - ⚠️  Reddit r/GlobalOffensive: HTTP 403
2026-03-28 22:17:13 +00:00: 2026-03-28 22:17:13,063 - __main__ - WARNING - ⚠️  Reddit r/cs2: HTTP 403
2026-03-28 22:17:15 +00:00: 2026-03-28 22:17:15,077 - __main__ - WARNING - ⚠️  Reddit r/CSMemes: HTTP 403
2026-03-28 22:17:17 +00:00: 2026-03-28 22:17:17,079 - __main__ - INFO - 📊 Media hunt complete: 0 images, 0 videos
2026-03-29 02:17:18 +00:00: 2026-03-29 02:17:18,149 - __main__ - INFO - 📸 HLTV galleries: 15 images found
2026-03-29 02:17:18 +00:00: 2026-03-29 02:17:18,253 - __main__ - WARNING - ⚠️  Download failed: https://img-cdn.hltv.org/gallerypicture/lYIT5Zr3tBZSmQXiRc-tVM.jpg?auto=compress → 403
2026-03-29 02:17:19 +00:00: 2026-03-29 02:17:19,269 - __main__ - WARNING - ⚠️  Download failed: https://img-cdn.hltv.org/gallerypicture/lYIT5Zr3tBZSmQXiRc-tVM.jpg?auto=compress → 403
2026-03-29 02:17:20 +00:00: 2026-03-29 02:17:20,353 - __main__ - WARNING - ⚠️  Download failed: https://img-cdn.hltv.org/gallerypicture/EA5xXeUoFjlgfs-XtTRaiZ.jpg?auto=compress → 403
2026-03-29 02:17:21 +00:00: 2026-03-29 02:17:21,451 - __main__ - WARNING - ⚠️  Download failed: https://img-cdn.hltv.org/gallerypicture/FnYeGoGLjsLuPNNkGNtVn7.jpg?auto=compress → 403
2026-03-29 02:17:22 +00:00: 2026-03-29 02:17:22,469 - __main__ - WARNING - ⚠️  Download failed: https://img-cdn.hltv.org/gallerypicture/FnYeGoGLjsLuPNNkGNtVn7.jpg?auto=compress → 403
2026-03-29 02:17:23 +00:00: 2026-03-29 02:17:23,598 - __main__ - WARNING - ⚠️  Download failed: https://img-cdn.hltv.org/gallerypicture/vHvc1sGVMlFaLIpmBjDXnT.jpg?auto=compress → 403
2026-03-29 02:17:24 +00:00: 2026-03-29 02:17:24,639 - __main__ - WARNING - ⚠️  Download failed: https://img-cdn.hltv.org/gallerypicture/-LrdNWy-6gcUbNos26hsCk.jpg?auto=compress → 403
2026-03-29 02:17:25 +00:00: 2026-03-29 02:17:25,656 - __main__ - WARNING - ⚠️  Download failed: https://img-cdn.hltv.org/gallerypicture/-LrdNWy-6gcUbNos26hsCk.jpg?auto=compress → 403
2026-03-29 02:17:26 +00:00: 2026-03-29 02:17:26,699 - __main__ - WARNING - ⚠️  Download failed: https://img-cdn.hltv.org/gallerypicture/8-yVt_MSHu8PYg4xwLvKrh.jpg?auto=compress → 403
2026-03-29 02:17:27 +00:00: 2026-03-29 02:17:27,736 - __main__ - WARNING - ⚠️  Download failed: https://img-cdn.hltv.org/gallerypicture/HkNxdgLuBfIbbqGBjxDsmK.jpg?auto=compress → 403
2026-03-29 02:17:28 +00:00: 2026-03-29 02:17:28,754 - __main__ - WARNING - ⚠️  Download failed: https://img-cdn.hltv.org/gallerypicture/HkNxdgLuBfIbbqGBjxDsmK.jpg?auto=compress → 403
2026-03-29 02:17:29 +00:00: 2026-03-29 02:17:29,772 - __main__ - WARNING - ⚠️  Download failed: https://img-cdn.hltv.org/gallerypicture/HkNxdgLuBfIbbqGBjxDsmK.jpg?auto=compress → 403
2026-03-29 02:17:30 +00:00: 2026-03-29 02:17:30,882 - __main__ - WARNING - ⚠️  Download failed: https://img-cdn.hltv.org/gallerypicture/0Tts9PGnj3EVi0av3_tPeE.jpg?auto=compress → 403
2026-03-29 02:17:31 +00:00: 2026-03-29 02:17:31,898 - __main__ - WARNING - ⚠️  Download failed: https://img-cdn.hltv.org/gallerypicture/0Tts9PGnj3EVi0av3_tPeE.jpg?auto=compress → 403
2026-03-29 02:17:32 +00:00: 2026-03-29 02:17:32,939 - __main__ - WARNING - ⚠️  Download failed: https://img-cdn.hltv.org/gallerypicture/RvtRPdaFgUWoyxWr3uwlES.jpg?auto=compress → 403
2026-03-29 02:17:34 +00:00: 2026-03-29 02:17:34,000 - __main__ - WARNING - ⚠️  Reddit r/GlobalOffensive: HTTP 403
2026-03-29 02:17:36 +00:00: 2026-03-29 02:17:36,013 - __main__ - WARNING - ⚠️  Reddit r/cs2: HTTP 403
2026-03-29 02:17:38 +00:00: 2026-03-29 02:17:38,025 - __main__ - WARNING - ⚠️  Reddit r/CSMemes: HTTP 403
2026-03-29 02:17:40 +00:00: 2026-03-29 02:17:40,027 - __main__ - INFO - 📊 Media hunt complete: 0 images, 0 videos
2026-03-29 06:17:41 +00:00: 2026-03-29 06:17:41,107 - __main__ - INFO - 📸 HLTV galleries: 15 images found
2026-03-29 06:17:41 +00:00: 2026-03-29 06:17:41,158 - __main__ - WARNING - ⚠️  Download failed: https://img-cdn.hltv.org/gallerypicture/lYIT5Zr3tBZSmQXiRc-tVM.jpg?auto=compress → 403
2026-03-29 06:17:42 +00:00: 2026-03-29 06:17:42,173 - __main__ - WARNING - ⚠️  Download failed: https://img-cdn.hltv.org/gallerypicture/lYIT5Zr3tBZSmQXiRc-tVM.jpg?auto=compress → 403
2026-03-29 06:17:43 +00:00: 2026-03-29 06:17:43,206 - __main__ - WARNING - ⚠️  Download failed: https://img-cdn.hltv.org/gallerypicture/EA5xXeUoFjlgfs-XtTRaiZ.jpg?auto=compress → 403
2026-03-29 06:17:44 +00:00: 2026-03-29 06:17:44,325 - __main__ - WARNING - ⚠️  Download failed: https://img-cdn.hltv.org/gallerypicture/FnYeGoGLjsLuPNNkGNtVn7.jpg?auto=compress → 403
2026-03-29 06:17:45 +00:00: 2026-03-29 06:17:45,341 - __main__ - WARNING - ⚠️  Download failed: https://img-cdn.hltv.org/gallerypicture/FnYeGoGLjsLuPNNkGNtVn7.jpg?auto=compress → 403
2026-03-29 06:17:46 +00:00: 2026-03-29 06:17:46,380 - __main__ - WARNING - ⚠️  Download failed: https://img-cdn.hltv.org/gallerypicture/vHvc1sGVMlFaLIpmBjDXnT.jpg?auto=compress → 403
2026-03-29 06:17:47 +00:00: 2026-03-29 06:17:47,427 - __main__ - WARNING - ⚠️  Download failed: https://img-cdn.hltv.org/gallerypicture/-LrdNWy-6gcUbNos26hsCk.jpg?auto=compress → 403
2026-03-29 06:17:48 +00:00: 2026-03-29 06:17:48,443 - __main__ - WARNING - ⚠️  Download failed: https://img-cdn.hltv.org/gallerypicture/-LrdNWy-6gcUbNos26hsCk.jpg?auto=compress → 403
2026-03-29 06:17:49 +00:00: 2026-03-29 06:17:49,485 - __main__ - WARNING - ⚠️  Download failed: https://img-cdn.hltv.org/gallerypicture/8-yVt_MSHu8PYg4xwLvKrh.jpg?auto=compress → 403
2026-03-29 06:17:50 +00:00: 2026-03-29 06:17:50,522 - __main__ - WARNING - ⚠️  Download failed: https://img-cdn.hltv.org/gallerypicture/HkNxdgLuBfIbbqGBjxDsmK.jpg?auto=compress → 403
2026-03-29 06:17:51 +00:00: 2026-03-29 06:17:51,537 - __main__ - WARNING - ⚠️  Download failed: https://img-cdn.hltv.org/gallerypicture/HkNxdgLuBfIbbqGBjxDsmK.jpg?auto=compress → 403
2026-03-29 06:17:52 +00:00: 2026-03-29 06:17:52,551 - __main__ - WARNING - ⚠️  Download failed: https://img-cdn.hltv.org/gallerypicture/HkNxdgLuBfIbbqGBjxDsmK.jpg?auto=compress → 403
2026-03-29 06:17:53 +00:00: 2026-03-29 06:17:53,589 - __main__ - WARNING - ⚠️  Download failed: https://img-cdn.hltv.org/gallerypicture/0Tts9PGnj3EVi0av3_tPeE.jpg?auto=compress → 403
2026-03-29 06:17:54 +00:00: 2026-03-29 06:17:54,605 - __main__ - WARNING - ⚠️  Download failed: https://img-cdn.hltv.org/gallerypicture/0Tts9PGnj3EVi0av3_tPeE.jpg?auto=compress → 403
2026-03-29 06:17:55 +00:00: 2026-03-29 06:17:55,644 - __main__ - WARNING - ⚠️  Download failed: https://img-cdn.hltv.org/gallerypicture/RvtRPdaFgUWoyxWr3uwlES.jpg?auto=compress → 403
2026-03-29 06:17:56 +00:00: 2026-03-29 06:17:56,738 - __main__ - WARNING - ⚠️  Reddit r/GlobalOffensive: HTTP 403
2026-03-29 06:17:58 +00:00: 2026-03-29 06:17:58,751 - __main__ - WARNING - ⚠️  Reddit r/cs2: HTTP 403
2026-03-29 06:18:00 +00:00: 2026-03-29 06:18:00,762 - __main__ - WARNING - ⚠️  Reddit r/CSMemes: HTTP 403
2026-03-29 06:18:02 +00:00: 2026-03-29 06:18:02,764 - __main__ - INFO - 📊 Media hunt complete: 0 images, 0 videos
2026-03-29 10:18:04 +00:00: 2026-03-29 10:18:04,145 - __main__ - INFO - 📸 HLTV galleries: 15 images found
2026-03-29 10:18:04 +00:00: 2026-03-29 10:18:04,247 - __main__ - WARNING - ⚠️  Download failed: https://img-cdn.hltv.org/gallerypicture/lYIT5Zr3tBZSmQXiRc-tVM.jpg?auto=compress → 403
2026-03-29 10:18:05 +00:00: 2026-03-29 10:18:05,267 - __main__ - WARNING - ⚠️  Download failed: https://img-cdn.hltv.org/gallerypicture/lYIT5Zr3tBZSmQXiRc-tVM.jpg?auto=compress → 403
2026-03-29 10:18:06 +00:00: 2026-03-29 10:18:06,397 - __main__ - WARNING - ⚠️  Download failed: https://img-cdn.hltv.org/gallerypicture/EA5xXeUoFjlgfs-XtTRaiZ.jpg?auto=compress → 403
2026-03-29 10:18:07 +00:00: 2026-03-29 10:18:07,442 - __main__ - WARNING - ⚠️  Download failed: https://img-cdn.hltv.org/gallerypicture/FnYeGoGLjsLuPNNkGNtVn7.jpg?auto=compress → 403
2026-03-29 10:18:08 +00:00: 2026-03-29 10:18:08,460 - __main__ - WARNING - ⚠️  Download failed: https://img-cdn.hltv.org/gallerypicture/FnYeGoGLjsLuPNNkGNtVn7.jpg?auto=compress → 403
2026-03-29 10:18:09 +00:00: 2026-03-29 10:18:09,575 - __main__ - WARNING - ⚠️  Download failed: https://img-cdn.hltv.org/gallerypicture/vHvc1sGVMlFaLIpmBjDXnT.jpg?auto=compress → 403
2026-03-29 10:18:10 +00:00: 2026-03-29 10:18:10,625 - __main__ - WARNING - ⚠️  Download failed: https://img-cdn.hltv.org/gallerypicture/-LrdNWy-6gcUbNos26hsCk.jpg?auto=compress → 403
2026-03-29 10:18:11 +00:00: 2026-03-29 10:18:11,642 - __main__ - WARNING - ⚠️  Download failed: https://img-cdn.hltv.org/gallerypicture/-LrdNWy-6gcUbNos26hsCk.jpg?auto=compress → 403
2026-03-29 10:18:12 +00:00: 2026-03-29 10:18:12,686 - __main__ - WARNING - ⚠️  Download failed: https://img-cdn.hltv.org/gallerypicture/8-yVt_MSHu8PYg4xwLvKrh.jpg?auto=compress → 403
2026-03-29 10:18:13 +00:00: 2026-03-29 10:18:13,732 - __main__ - WARNING - ⚠️  Download failed: https://img-cdn.hltv.org/gallerypicture/HkNxdgLuBfIbbqGBjxDsmK.jpg?auto=compress → 403
2026-03-29 10:18:14 +00:00: 2026-03-29 10:18:14,750 - __main__ - WARNING - ⚠️  Download failed: https://img-cdn.hltv.org/gallerypicture/HkNxdgLuBfIbbqGBjxDsmK.jpg?auto=compress → 403
2026-03-29 10:18:15 +00:00: 2026-03-29 10:18:15,767 - __main__ - WARNING - ⚠️  Download failed: https://img-cdn.hltv.org/gallerypicture/HkNxdgLuBfIbbqGBjxDsmK.jpg?auto=compress → 403
2026-03-29 10:18:16 +00:00: 2026-03-29 10:18:16,825 - __main__ - WARNING - ⚠️  Download failed: https://img-cdn.hltv.org/gallerypicture/0Tts9PGnj3EVi0av3_tPeE.jpg?auto=compress → 403
2026-03-29 10:18:17 +00:00: 2026-03-29 10:18:17,843 - __main__ - WARNING - ⚠️  Download failed: https://img-cdn.hltv.org/gallerypicture/0Tts9PGnj3EVi0av3_tPeE.jpg?auto=compress → 403
2026-03-29 10:18:18 +00:00: 2026-03-29 10:18:18,888 - __main__ - WARNING - ⚠️  Download failed: https://img-cdn.hltv.org/gallerypicture/RvtRPdaFgUWoyxWr3uwlES.jpg?auto=compress → 403
2026-03-29 10:18:19 +00:00: 2026-03-29 10:18:19,994 - __main__ - WARNING - ⚠️  Reddit r/GlobalOffensive: HTTP 403
2026-03-29 10:18:22 +00:00: 2026-03-29 10:18:22,009 - __main__ - WARNING - ⚠️  Reddit r/cs2: HTTP 403
2026-03-29 10:18:24 +00:00: 2026-03-29 10:18:24,022 - __main__ - WARNING - ⚠️  Reddit r/CSMemes: HTTP 403
2026-03-29 10:18:26 +00:00: 2026-03-29 10:18:26,024 - __main__ - INFO - 📊 Media hunt complete: 0 images, 0 videos
2026-03-29 14:18:27 +00:00: 2026-03-29 14:18:27,794 - __main__ - INFO - 📸 HLTV galleries: 15 images found
2026-03-29 14:18:27 +00:00: 2026-03-29 14:18:27,875 - __main__ - WARNING - ⚠️  Download failed: https://img-cdn.hltv.org/gallerypicture/FjpwVKzpeBa58mi3OOBQ9M.jpg?auto=compress → 403
2026-03-29 14:18:28 +00:00: 2026-03-29 14:18:28,899 - __main__ - WARNING - ⚠️  Download failed: https://img-cdn.hltv.org/gallerypicture/FjpwVKzpeBa58mi3OOBQ9M.jpg?auto=compress → 403
2026-03-29 14:18:29 +00:00: 2026-03-29 14:18:29,963 - __main__ - WARNING - ⚠️  Download failed: https://img-cdn.hltv.org/gallerypicture/3hXVAsy9_0IVaoBojms_oe.jpg?auto=compress → 403
2026-03-29 14:18:31 +00:00: 2026-03-29 14:18:31,019 - __main__ - WARNING - ⚠️  Download failed: https://img-cdn.hltv.org/gallerypicture/lYIT5Zr3tBZSmQXiRc-tVM.jpg?auto=compress → 403
2026-03-29 14:18:32 +00:00: 2026-03-29 14:18:32,042 - __main__ - WARNING - ⚠️  Download failed: https://img-cdn.hltv.org/gallerypicture/lYIT5Zr3tBZSmQXiRc-tVM.jpg?auto=compress → 403
2026-03-29 14:18:33 +00:00: 2026-03-29 14:18:33,164 - __main__ - WARNING - ⚠️  Download failed: https://img-cdn.hltv.org/gallerypicture/EA5xXeUoFjlgfs-XtTRaiZ.jpg?auto=compress → 403
2026-03-29 14:18:34 +00:00: 2026-03-29 14:18:34,230 - __main__ - WARNING - ⚠️  Download failed: https://img-cdn.hltv.org/gallerypicture/FnYeGoGLjsLuPNNkGNtVn7.jpg?auto=compress → 403
2026-03-29 14:18:35 +00:00: 2026-03-29 14:18:35,255 - __main__ - WARNING - ⚠️  Download failed: https://img-cdn.hltv.org/gallerypicture/FnYeGoGLjsLuPNNkGNtVn7.jpg?auto=compress → 403
2026-03-29 14:18:36 +00:00: 2026-03-29 14:18:36,296 - __main__ - WARNING - ⚠️  Download failed: https://img-cdn.hltv.org/gallerypicture/vHvc1sGVMlFaLIpmBjDXnT.jpg?auto=compress → 403
2026-03-29 14:18:37 +00:00: 2026-03-29 14:18:37,356 - __main__ - WARNING - ⚠️  Download failed: https://img-cdn.hltv.org/gallerypicture/-LrdNWy-6gcUbNos26hsCk.jpg?auto=compress → 403
2026-03-29 14:18:38 +00:00: 2026-03-29 14:18:38,378 - __main__ - WARNING - ⚠️  Download failed: https://img-cdn.hltv.org/gallerypicture/-LrdNWy-6gcUbNos26hsCk.jpg?auto=compress → 403
2026-03-29 14:18:39 +00:00: 2026-03-29 14:18:39,413 - __main__ - WARNING - ⚠️  Download failed: https://img-cdn.hltv.org/gallerypicture/8-yVt_MSHu8PYg4xwLvKrh.jpg?auto=compress → 403
2026-03-29 14:18:40 +00:00: 2026-03-29 14:18:40,456 - __main__ - WARNING - ⚠️  Download failed: https://img-cdn.hltv.org/gallerypicture/HkNxdgLuBfIbbqGBjxDsmK.jpg?auto=compress → 403
2026-03-29 14:18:41 +00:00: 2026-03-29 14:18:41,478 - __main__ - WARNING - ⚠️  Download failed: https://img-cdn.hltv.org/gallerypicture/HkNxdgLuBfIbbqGBjxDsmK.jpg?auto=compress → 403
2026-03-29 14:18:42 +00:00: 2026-03-29 14:18:42,500 - __main__ - WARNING - ⚠️  Download failed: https://img-cdn.hltv.org/gallerypicture/HkNxdgLuBfIbbqGBjxDsmK.jpg?auto=compress → 403
2026-03-29 14:18:43 +00:00: 2026-03-29 14:18:43,585 - __main__ - WARNING - ⚠️  Reddit r/GlobalOffensive: HTTP 403
2026-03-29 14:18:45 +00:00: 2026-03-29 14:18:45,599 - __main__ - WARNING - ⚠️  Reddit r/cs2: HTTP 403
2026-03-29 14:18:47 +00:00: 2026-03-29 14:18:47,610 - __main__ - WARNING - ⚠️  Reddit r/CSMemes: HTTP 403
2026-03-29 14:18:49 +00:00: 2026-03-29 14:18:49,612 - __main__ - INFO - 📊 Media hunt complete: 0 images, 0 videos
2026-03-29 18:18:50 +00:00: 2026-03-29 18:18:50,438 - __main__ - INFO - 📸 HLTV galleries: 15 images found
2026-03-29 18:18:50 +00:00: 2026-03-29 18:18:50,510 - __main__ - WARNING - ⚠️  Download failed: https://img-cdn.hltv.org/gallerypicture/x7cEMbq052HzHm3omAh8Ab.jpg?auto=compress → 403
2026-03-29 18:18:51 +00:00: 2026-03-29 18:18:51,526 - __main__ - WARNING - ⚠️  Download failed: https://img-cdn.hltv.org/gallerypicture/x7cEMbq052HzHm3omAh8Ab.jpg?auto=compress → 403
2026-03-29 18:18:52 +00:00: 2026-03-29 18:18:52,556 - __main__ - WARNING - ⚠️  Download failed: https://img-cdn.hltv.org/gallerypicture/3hXVAsy9_0IVaoBojms_oe.jpg?auto=compress → 403
2026-03-29 18:18:53 +00:00: 2026-03-29 18:18:53,663 - __main__ - WARNING - ⚠️  Download failed: https://img-cdn.hltv.org/gallerypicture/lYIT5Zr3tBZSmQXiRc-tVM.jpg?auto=compress → 403
2026-03-29 18:18:54 +00:00: 2026-03-29 18:18:54,677 - __main__ - WARNING - ⚠️  Download failed: https://img-cdn.hltv.org/gallerypicture/lYIT5Zr3tBZSmQXiRc-tVM.jpg?auto=compress → 403
2026-03-29 18:18:55 +00:00: 2026-03-29 18:18:55,708 - __main__ - WARNING - ⚠️  Download failed: https://img-cdn.hltv.org/gallerypicture/EA5xXeUoFjlgfs-XtTRaiZ.jpg?auto=compress → 403
2026-03-29 18:18:56 +00:00: 2026-03-29 18:18:56,757 - __main__ - WARNING - ⚠️  Download failed: https://img-cdn.hltv.org/gallerypicture/FnYeGoGLjsLuPNNkGNtVn7.jpg?auto=compress → 403
2026-03-29 18:18:57 +00:00: 2026-03-29 18:18:57,772 - __main__ - WARNING - ⚠️  Download failed: https://img-cdn.hltv.org/gallerypicture/FnYeGoGLjsLuPNNkGNtVn7.jpg?auto=compress → 403
2026-03-29 18:18:58 +00:00: 2026-03-29 18:18:58,811 - __main__ - WARNING - ⚠️  Download failed: https://img-cdn.hltv.org/gallerypicture/vHvc1sGVMlFaLIpmBjDXnT.jpg?auto=compress → 403
2026-03-29 18:18:59 +00:00: 2026-03-29 18:18:59,860 - __main__ - WARNING - ⚠️  Download failed: https://img-cdn.hltv.org/gallerypicture/-LrdNWy-6gcUbNos26hsCk.jpg?auto=compress → 403
2026-03-29 18:19:00 +00:00: 2026-03-29 18:19:00,875 - __main__ - WARNING - ⚠️  Download failed: https://img-cdn.hltv.org/gallerypicture/-LrdNWy-6gcUbNos26hsCk.jpg?auto=compress → 403
2026-03-29 18:19:01 +00:00: 2026-03-29 18:19:01,920 - __main__ - WARNING - ⚠️  Download failed: https://img-cdn.hltv.org/gallerypicture/8-yVt_MSHu8PYg4xwLvKrh.jpg?auto=compress → 403
2026-03-29 18:19:02 +00:00: 2026-03-29 18:19:02,972 - __main__ - WARNING - ⚠️  Download failed: https://img-cdn.hltv.org/gallerypicture/HkNxdgLuBfIbbqGBjxDsmK.jpg?auto=compress → 403
2026-03-29 18:19:03 +00:00: 2026-03-29 18:19:03,988 - __main__ - WARNING - ⚠️  Download failed: https://img-cdn.hltv.org/gallerypicture/HkNxdgLuBfIbbqGBjxDsmK.jpg?auto=compress → 403
2026-03-29 18:19:05 +00:00: 2026-03-29 18:19:05,005 - __main__ - WARNING - ⚠️  Download failed: https://img-cdn.hltv.org/gallerypicture/HkNxdgLuBfIbbqGBjxDsmK.jpg?auto=compress → 403
2026-03-29 18:19:06 +00:00: 2026-03-29 18:19:06,120 - __main__ - WARNING - ⚠️  Reddit r/GlobalOffensive: HTTP 403
2026-03-29 18:19:08 +00:00: 2026-03-29 18:19:08,138 - __main__ - WARNING - ⚠️  Reddit r/cs2: HTTP 403
2026-03-29 18:19:10 +00:00: 2026-03-29 18:19:10,154 - __main__ - WARNING - ⚠️  Reddit r/CSMemes: HTTP 403
2026-03-29 18:19:12 +00:00: 2026-03-29 18:19:12,156 - __main__ - INFO - 📊 Media hunt complete: 0 images, 0 videos
2026-03-29 22:19:13 +00:00: 2026-03-29 22:19:13,129 - __main__ - INFO - 📸 HLTV galleries: 15 images found
2026-03-29 22:19:13 +00:00: 2026-03-29 22:19:13,256 - __main__ - WARNING - ⚠️  Download failed: https://img-cdn.hltv.org/gallerypicture/gXHV2S-Bltnnxmdq6Eq2Y0.jpg?auto=compress → 403
2026-03-29 22:19:14 +00:00: 2026-03-29 22:19:14,273 - __main__ - WARNING - ⚠️  Download failed: https://img-cdn.hltv.org/gallerypicture/gXHV2S-Bltnnxmdq6Eq2Y0.jpg?auto=compress → 403
2026-03-29 22:19:15 +00:00: 2026-03-29 22:19:15,289 - __main__ - WARNING - ⚠️  Download failed: https://img-cdn.hltv.org/gallerypicture/gXHV2S-Bltnnxmdq6Eq2Y0.jpg?auto=compress → 403
2026-03-29 22:19:16 +00:00: 2026-03-29 22:19:16,327 - __main__ - WARNING - ⚠️  Download failed: https://img-cdn.hltv.org/gallerypicture/x7cEMbq052HzHm3omAh8Ab.jpg?auto=compress → 403
2026-03-29 22:19:17 +00:00: 2026-03-29 22:19:17,345 - __main__ - WARNING - ⚠️  Download failed: https://img-cdn.hltv.org/gallerypicture/x7cEMbq052HzHm3omAh8Ab.jpg?auto=compress → 403
2026-03-29 22:19:18 +00:00: 2026-03-29 22:19:18,377 - __main__ - WARNING - ⚠️  Download failed: https://img-cdn.hltv.org/gallerypicture/3hXVAsy9_0IVaoBojms_oe.jpg?auto=compress → 403
2026-03-29 22:19:19 +00:00: 2026-03-29 22:19:19,431 - __main__ - WARNING - ⚠️  Download failed: https://img-cdn.hltv.org/gallerypicture/lYIT5Zr3tBZSmQXiRc-tVM.jpg?auto=compress → 403
2026-03-29 22:19:20 +00:00: 2026-03-29 22:19:20,444 - __main__ - WARNING - ⚠️  Download failed: https://img-cdn.hltv.org/gallerypicture/lYIT5Zr3tBZSmQXiRc-tVM.jpg?auto=compress → 403
2026-03-29 22:19:21 +00:00: 2026-03-29 22:19:21,488 - __main__ - WARNING - ⚠️  Download failed: https://img-cdn.hltv.org/gallerypicture/EA5xXeUoFjlgfs-XtTRaiZ.jpg?auto=compress → 403
2026-03-29 22:19:22 +00:00: 2026-03-29 22:19:22,537 - __main__ - WARNING - ⚠️  Download failed: https://img-cdn.hltv.org/gallerypicture/FnYeGoGLjsLuPNNkGNtVn7.jpg?auto=compress → 403
2026-03-29 22:19:23 +00:00: 2026-03-29 22:19:23,554 - __main__ - WARNING - ⚠️  Download failed: https://img-cdn.hltv.org/gallerypicture/FnYeGoGLjsLuPNNkGNtVn7.jpg?auto=compress → 403
2026-03-29 22:19:24 +00:00: 2026-03-29 22:19:24,633 - __main__ - WARNING - ⚠️  Download failed: https://img-cdn.hltv.org/gallerypicture/vHvc1sGVMlFaLIpmBjDXnT.jpg?auto=compress → 403
2026-03-29 22:19:25 +00:00: 2026-03-29 22:19:25,678 - __main__ - WARNING - ⚠️  Download failed: https://img-cdn.hltv.org/gallerypicture/-LrdNWy-6gcUbNos26hsCk.jpg?auto=compress → 403
2026-03-29 22:19:26 +00:00: 2026-03-29 22:19:26,694 - __main__ - WARNING - ⚠️  Download failed: https://img-cdn.hltv.org/gallerypicture/-LrdNWy-6gcUbNos26hsCk.jpg?auto=compress → 403
2026-03-29 22:19:27 +00:00: 2026-03-29 22:19:27,733 - __main__ - WARNING - ⚠️  Download failed: https://img-cdn.hltv.org/gallerypicture/8-yVt_MSHu8PYg4xwLvKrh.jpg?auto=compress → 403
2026-03-29 22:19:28 +00:00: 2026-03-29 22:19:28,810 - __main__ - WARNING - ⚠️  Reddit r/GlobalOffensive: HTTP 403
2026-03-29 22:19:30 +00:00: 2026-03-29 22:19:30,823 - __main__ - WARNING - ⚠️  Reddit r/cs2: HTTP 403
2026-03-29 22:19:32 +00:00: 2026-03-29 22:19:32,834 - __main__ - WARNING - ⚠️  Reddit r/CSMemes: HTTP 403
2026-03-29 22:19:34 +00:00: 2026-03-29 22:19:34,836 - __main__ - INFO - 📊 Media hunt complete: 0 images, 0 videos
2026-03-30 02:19:35 +00:00: 2026-03-30 02:19:35,827 - __main__ - INFO - 📸 HLTV galleries: 15 images found
2026-03-30 02:19:35 +00:00: 2026-03-30 02:19:35,974 - __main__ - WARNING - ⚠️  Download failed: https://img-cdn.hltv.org/gallerypicture/gXHV2S-Bltnnxmdq6Eq2Y0.jpg?auto=compress → 403
2026-03-30 02:19:36 +00:00: 2026-03-30 02:19:36,991 - __main__ - WARNING - ⚠️  Download failed: https://img-cdn.hltv.org/gallerypicture/gXHV2S-Bltnnxmdq6Eq2Y0.jpg?auto=compress → 403
2026-03-30 02:19:38 +00:00: 2026-03-30 02:19:38,006 - __main__ - WARNING - ⚠️  Download failed: https://img-cdn.hltv.org/gallerypicture/gXHV2S-Bltnnxmdq6Eq2Y0.jpg?auto=compress → 403
2026-03-30 02:19:39 +00:00: 2026-03-30 02:19:39,097 - __main__ - WARNING - ⚠️  Download failed: https://img-cdn.hltv.org/gallerypicture/x7cEMbq052HzHm3omAh8Ab.jpg?auto=compress → 403
2026-03-30 02:19:40 +00:00: 2026-03-30 02:19:40,114 - __main__ - WARNING - ⚠️  Download failed: https://img-cdn.hltv.org/gallerypicture/x7cEMbq052HzHm3omAh8Ab.jpg?auto=compress → 403
2026-03-30 02:19:41 +00:00: 2026-03-30 02:19:41,145 - __main__ - WARNING - ⚠️  Download failed: https://img-cdn.hltv.org/gallerypicture/3hXVAsy9_0IVaoBojms_oe.jpg?auto=compress → 403
2026-03-30 02:19:42 +00:00: 2026-03-30 02:19:42,235 - __main__ - WARNING - ⚠️  Download failed: https://img-cdn.hltv.org/gallerypicture/lYIT5Zr3tBZSmQXiRc-tVM.jpg?auto=compress → 403
2026-03-30 02:19:43 +00:00: 2026-03-30 02:19:43,251 - __main__ - WARNING - ⚠️  Download failed: https://img-cdn.hltv.org/gallerypicture/lYIT5Zr3tBZSmQXiRc-tVM.jpg?auto=compress → 403
2026-03-30 02:19:44 +00:00: 2026-03-30 02:19:44,279 - __main__ - WARNING - ⚠️  Download failed: https://img-cdn.hltv.org/gallerypicture/EA5xXeUoFjlgfs-XtTRaiZ.jpg?auto=compress → 403
2026-03-30 02:19:45 +00:00: 2026-03-30 02:19:45,398 - __main__ - WARNING - ⚠️  Download failed: https://img-cdn.hltv.org/gallerypicture/FnYeGoGLjsLuPNNkGNtVn7.jpg?auto=compress → 403
2026-03-30 02:19:46 +00:00: 2026-03-30 02:19:46,413 - __main__ - WARNING - ⚠️  Download failed: https://img-cdn.hltv.org/gallerypicture/FnYeGoGLjsLuPNNkGNtVn7.jpg?auto=compress → 403
2026-03-30 02:19:47 +00:00: 2026-03-30 02:19:47,516 - __main__ - WARNING - ⚠️  Download failed: https://img-cdn.hltv.org/gallerypicture/vHvc1sGVMlFaLIpmBjDXnT.jpg?auto=compress → 403
2026-03-30 02:19:48 +00:00: 2026-03-30 02:19:48,561 - __main__ - WARNING - ⚠️  Download failed: https://img-cdn.hltv.org/gallerypicture/-LrdNWy-6gcUbNos26hsCk.jpg?auto=compress → 403
2026-03-30 02:19:49 +00:00: 2026-03-30 02:19:49,577 - __main__ - WARNING - ⚠️  Download failed: https://img-cdn.hltv.org/gallerypicture/-LrdNWy-6gcUbNos26hsCk.jpg?auto=compress → 403
2026-03-30 02:19:50 +00:00: 2026-03-30 02:19:50,617 - __main__ - WARNING - ⚠️  Download failed: https://img-cdn.hltv.org/gallerypicture/8-yVt_MSHu8PYg4xwLvKrh.jpg?auto=compress → 403
2026-03-30 02:19:51 +00:00: 2026-03-30 02:19:51,721 - __main__ - WARNING - ⚠️  Reddit r/GlobalOffensive: HTTP 403
2026-03-30 02:19:53 +00:00: 2026-03-30 02:19:53,739 - __main__ - WARNING - ⚠️  Reddit r/cs2: HTTP 403
2026-03-30 02:19:55 +00:00: 2026-03-30 02:19:55,754 - __main__ - WARNING - ⚠️  Reddit r/CSMemes: HTTP 403
2026-03-30 02:19:57 +00:00: 2026-03-30 02:19:57,756 - __main__ - INFO - 📊 Media hunt complete: 0 images, 0 videos
2026-03-30 06:19:58 +00:00: 2026-03-30 06:19:58,782 - __main__ - INFO - 📸 HLTV galleries: 15 images found
2026-03-30 06:19:58 +00:00: 2026-03-30 06:19:58,875 - __main__ - WARNING - ⚠️  Download failed: https://img-cdn.hltv.org/gallerypicture/gXHV2S-Bltnnxmdq6Eq2Y0.jpg?auto=compress → 403
2026-03-30 06:19:59 +00:00: 2026-03-30 06:19:59,891 - __main__ - WARNING - ⚠️  Download failed: https://img-cdn.hltv.org/gallerypicture/gXHV2S-Bltnnxmdq6Eq2Y0.jpg?auto=compress → 403
2026-03-30 06:20:00 +00:00: 2026-03-30 06:20:00,906 - __main__ - WARNING - ⚠️  Download failed: https://img-cdn.hltv.org/gallerypicture/gXHV2S-Bltnnxmdq6Eq2Y0.jpg?auto=compress → 403
2026-03-30 06:20:02 +00:00: 2026-03-30 06:20:02,007 - __main__ - WARNING - ⚠️  Download failed: https://img-cdn.hltv.org/gallerypicture/x7cEMbq052HzHm3omAh8Ab.jpg?auto=compress → 403
2026-03-30 06:20:03 +00:00: 2026-03-30 06:20:03,026 - __main__ - WARNING - ⚠️  Download failed: https://img-cdn.hltv.org/gallerypicture/x7cEMbq052HzHm3omAh8Ab.jpg?auto=compress → 403
2026-03-30 06:20:04 +00:00: 2026-03-30 06:20:04,120 - __main__ - WARNING - ⚠️  Download failed: https://img-cdn.hltv.org/gallerypicture/3hXVAsy9_0IVaoBojms_oe.jpg?auto=compress → 403
2026-03-30 06:20:05 +00:00: 2026-03-30 06:20:05,173 - __main__ - WARNING - ⚠️  Download failed: https://img-cdn.hltv.org/gallerypicture/lYIT5Zr3tBZSmQXiRc-tVM.jpg?auto=compress → 403
2026-03-30 06:20:06 +00:00: 2026-03-30 06:20:06,190 - __main__ - WARNING - ⚠️  Download failed: https://img-cdn.hltv.org/gallerypicture/lYIT5Zr3tBZSmQXiRc-tVM.jpg?auto=compress → 403
2026-03-30 06:20:07 +00:00: 2026-03-30 06:20:07,302 - __main__ - WARNING - ⚠️  Download failed: https://img-cdn.hltv.org/gallerypicture/EA5xXeUoFjlgfs-XtTRaiZ.jpg?auto=compress → 403
2026-03-30 06:20:08 +00:00: 2026-03-30 06:20:08,349 - __main__ - WARNING - ⚠️  Download failed: https://img-cdn.hltv.org/gallerypicture/FnYeGoGLjsLuPNNkGNtVn7.jpg?auto=compress → 403
2026-03-30 06:20:09 +00:00: 2026-03-30 06:20:09,363 - __main__ - WARNING - ⚠️  Download failed: https://img-cdn.hltv.org/gallerypicture/FnYeGoGLjsLuPNNkGNtVn7.jpg?auto=compress → 403
2026-03-30 06:20:10 +00:00: 2026-03-30 06:20:10,404 - __main__ - WARNING - ⚠️  Download failed: https://img-cdn.hltv.org/gallerypicture/vHvc1sGVMlFaLIpmBjDXnT.jpg?auto=compress → 403
2026-03-30 06:20:11 +00:00: 2026-03-30 06:20:11,453 - __main__ - WARNING - ⚠️  Download failed: https://img-cdn.hltv.org/gallerypicture/-LrdNWy-6gcUbNos26hsCk.jpg?auto=compress → 403
2026-03-30 06:20:12 +00:00: 2026-03-30 06:20:12,469 - __main__ - WARNING - ⚠️  Download failed: https://img-cdn.hltv.org/gallerypicture/-LrdNWy-6gcUbNos26hsCk.jpg?auto=compress → 403
2026-03-30 06:20:13 +00:00: 2026-03-30 06:20:13,507 - __main__ - WARNING - ⚠️  Download failed: https://img-cdn.hltv.org/gallerypicture/8-yVt_MSHu8PYg4xwLvKrh.jpg?auto=compress → 403
2026-03-30 06:20:14 +00:00: 2026-03-30 06:20:14,623 - __main__ - WARNING - ⚠️  Reddit r/GlobalOffensive: HTTP 403
2026-03-30 06:20:16 +00:00: 2026-03-30 06:20:16,635 - __main__ - WARNING - ⚠️  Reddit r/cs2: HTTP 403
2026-03-30 06:20:18 +00:00: 2026-03-30 06:20:18,646 - __main__ - WARNING - ⚠️  Reddit r/CSMemes: HTTP 403
2026-03-30 06:20:20 +00:00: 2026-03-30 06:20:20,648 - __main__ - INFO - 📊 Media hunt complete: 0 images, 0 videos
2026-03-30 10:20:21 +00:00: 2026-03-30 10:20:21,543 - __main__ - INFO - 📸 HLTV galleries: 15 images found
2026-03-30 10:20:21 +00:00: 2026-03-30 10:20:21,683 - __main__ - WARNING - ⚠️  Download failed: https://img-cdn.hltv.org/gallerypicture/gXHV2S-Bltnnxmdq6Eq2Y0.jpg?auto=compress → 403
2026-03-30 10:20:22 +00:00: 2026-03-30 10:20:22,701 - __main__ - WARNING - ⚠️  Download failed: https://img-cdn.hltv.org/gallerypicture/gXHV2S-Bltnnxmdq6Eq2Y0.jpg?auto=compress → 403
2026-03-30 10:20:23 +00:00: 2026-03-30 10:20:23,720 - __main__ - WARNING - ⚠️  Download failed: https://img-cdn.hltv.org/gallerypicture/gXHV2S-Bltnnxmdq6Eq2Y0.jpg?auto=compress → 403
2026-03-30 10:20:24 +00:00: 2026-03-30 10:20:24,841 - __main__ - WARNING - ⚠️  Download failed: https://img-cdn.hltv.org/gallerypicture/x7cEMbq052HzHm3omAh8Ab.jpg?auto=compress → 403
2026-03-30 10:20:25 +00:00: 2026-03-30 10:20:25,859 - __main__ - WARNING - ⚠️  Download failed: https://img-cdn.hltv.org/gallerypicture/x7cEMbq052HzHm3omAh8Ab.jpg?auto=compress → 403
2026-03-30 10:20:26 +00:00: 2026-03-30 10:20:26,941 - __main__ - WARNING - ⚠️  Download failed: https://img-cdn.hltv.org/gallerypicture/3hXVAsy9_0IVaoBojms_oe.jpg?auto=compress → 403
2026-03-30 10:20:28 +00:00: 2026-03-30 10:20:28,069 - __main__ - WARNING - ⚠️  Download failed: https://img-cdn.hltv.org/gallerypicture/lYIT5Zr3tBZSmQXiRc-tVM.jpg?auto=compress → 403
2026-03-30 10:20:29 +00:00: 2026-03-30 10:20:29,086 - __main__ - WARNING - ⚠️  Download failed: https://img-cdn.hltv.org/gallerypicture/lYIT5Zr3tBZSmQXiRc-tVM.jpg?auto=compress → 403
2026-03-30 10:20:30 +00:00: 2026-03-30 10:20:30,116 - __main__ - WARNING - ⚠️  Download failed: https://img-cdn.hltv.org/gallerypicture/EA5xXeUoFjlgfs-XtTRaiZ.jpg?auto=compress → 403
2026-03-30 10:20:31 +00:00: 2026-03-30 10:20:31,163 - __main__ - WARNING - ⚠️  Download failed: https://img-cdn.hltv.org/gallerypicture/FnYeGoGLjsLuPNNkGNtVn7.jpg?auto=compress → 403
2026-03-30 10:20:32 +00:00: 2026-03-30 10:20:32,178 - __main__ - WARNING - ⚠️  Download failed: https://img-cdn.hltv.org/gallerypicture/FnYeGoGLjsLuPNNkGNtVn7.jpg?auto=compress → 403
2026-03-30 10:20:33 +00:00: 2026-03-30 10:20:33,224 - __main__ - WARNING - ⚠️  Download failed: https://img-cdn.hltv.org/gallerypicture/vHvc1sGVMlFaLIpmBjDXnT.jpg?auto=compress → 403
2026-03-30 10:20:34 +00:00: 2026-03-30 10:20:34,284 - __main__ - WARNING - ⚠️  Download failed: https://img-cdn.hltv.org/gallerypicture/-LrdNWy-6gcUbNos26hsCk.jpg?auto=compress → 403
2026-03-30 10:20:35 +00:00: 2026-03-30 10:20:35,301 - __main__ - WARNING - ⚠️  Download failed: https://img-cdn.hltv.org/gallerypicture/-LrdNWy-6gcUbNos26hsCk.jpg?auto=compress → 403
2026-03-30 10:20:36 +00:00: 2026-03-30 10:20:36,344 - __main__ - WARNING - ⚠️  Download failed: https://img-cdn.hltv.org/gallerypicture/8-yVt_MSHu8PYg4xwLvKrh.jpg?auto=compress → 403
2026-03-30 10:20:37 +00:00: 2026-03-30 10:20:37,404 - __main__ - WARNING - ⚠️  Reddit r/GlobalOffensive: HTTP 403
2026-03-30 10:20:39 +00:00: 2026-03-30 10:20:39,418 - __main__ - WARNING - ⚠️  Reddit r/cs2: HTTP 403
2026-03-30 10:20:41 +00:00: 2026-03-30 10:20:41,431 - __main__ - WARNING - ⚠️  Reddit r/CSMemes: HTTP 403
2026-03-30 10:20:43 +00:00: 2026-03-30 10:20:43,432 - __main__ - INFO - 📊 Media hunt complete: 0 images, 0 videos
2026-03-30 14:20:44 +00:00: 2026-03-30 14:20:44,455 - __main__ - INFO - 📸 HLTV galleries: 15 images found
2026-03-30 14:20:44 +00:00: 2026-03-30 14:20:44,537 - __main__ - WARNING - ⚠️  Download failed: https://img-cdn.hltv.org/gallerypicture/gXHV2S-Bltnnxmdq6Eq2Y0.jpg?auto=compress → 403
2026-03-30 14:20:45 +00:00: 2026-03-30 14:20:45,554 - __main__ - WARNING - ⚠️  Download failed: https://img-cdn.hltv.org/gallerypicture/gXHV2S-Bltnnxmdq6Eq2Y0.jpg?auto=compress → 403
2026-03-30 14:20:46 +00:00: 2026-03-30 14:20:46,569 - __main__ - WARNING - ⚠️  Download failed: https://img-cdn.hltv.org/gallerypicture/gXHV2S-Bltnnxmdq6Eq2Y0.jpg?auto=compress → 403
2026-03-30 14:20:47 +00:00: 2026-03-30 14:20:47,585 - __main__ - WARNING - ⚠️  Download failed: https://img-cdn.hltv.org/gallerypicture/x7cEMbq052HzHm3omAh8Ab.jpg?auto=compress → 403
2026-03-30 14:20:48 +00:00: 2026-03-30 14:20:48,600 - __main__ - WARNING - ⚠️  Download failed: https://img-cdn.hltv.org/gallerypicture/x7cEMbq052HzHm3omAh8Ab.jpg?auto=compress → 403
2026-03-30 14:20:49 +00:00: 2026-03-30 14:20:49,699 - __main__ - WARNING - ⚠️  Download failed: https://img-cdn.hltv.org/gallerypicture/3hXVAsy9_0IVaoBojms_oe.jpg?auto=compress → 403
2026-03-30 14:20:50 +00:00: 2026-03-30 14:20:50,730 - __main__ - WARNING - ⚠️  Download failed: https://img-cdn.hltv.org/gallerypicture/lYIT5Zr3tBZSmQXiRc-tVM.jpg?auto=compress → 403
2026-03-30 14:20:51 +00:00: 2026-03-30 14:20:51,745 - __main__ - WARNING - ⚠️  Download failed: https://img-cdn.hltv.org/gallerypicture/lYIT5Zr3tBZSmQXiRc-tVM.jpg?auto=compress → 403
2026-03-30 14:20:52 +00:00: 2026-03-30 14:20:52,796 - __main__ - WARNING - ⚠️  Download failed: https://img-cdn.hltv.org/gallerypicture/EA5xXeUoFjlgfs-XtTRaiZ.jpg?auto=compress → 403
2026-03-30 14:20:53 +00:00: 2026-03-30 14:20:53,844 - __main__ - WARNING - ⚠️  Download failed: https://img-cdn.hltv.org/gallerypicture/FnYeGoGLjsLuPNNkGNtVn7.jpg?auto=compress → 403
2026-03-30 14:20:54 +00:00: 2026-03-30 14:20:54,860 - __main__ - WARNING - ⚠️  Download failed: https://img-cdn.hltv.org/gallerypicture/FnYeGoGLjsLuPNNkGNtVn7.jpg?auto=compress → 403
2026-03-30 14:20:55 +00:00: 2026-03-30 14:20:55,969 - __main__ - WARNING - ⚠️  Download failed: https://img-cdn.hltv.org/gallerypicture/vHvc1sGVMlFaLIpmBjDXnT.jpg?auto=compress → 403
2026-03-30 14:20:57 +00:00: 2026-03-30 14:20:57,024 - __main__ - WARNING - ⚠️  Download failed: https://img-cdn.hltv.org/gallerypicture/-LrdNWy-6gcUbNos26hsCk.jpg?auto=compress → 403
2026-03-30 14:20:58 +00:00: 2026-03-30 14:20:58,041 - __main__ - WARNING - ⚠️  Download failed: https://img-cdn.hltv.org/gallerypicture/-LrdNWy-6gcUbNos26hsCk.jpg?auto=compress → 403
2026-03-30 14:20:59 +00:00: 2026-03-30 14:20:59,083 - __main__ - WARNING - ⚠️  Download failed: https://img-cdn.hltv.org/gallerypicture/8-yVt_MSHu8PYg4xwLvKrh.jpg?auto=compress → 403
2026-03-30 14:21:00 +00:00: 2026-03-30 14:21:00,177 - __main__ - WARNING - ⚠️  Reddit r/GlobalOffensive: HTTP 403
2026-03-30 14:21:02 +00:00: 2026-03-30 14:21:02,190 - __main__ - WARNING - ⚠️  Reddit r/cs2: HTTP 403
2026-03-30 14:21:04 +00:00: 2026-03-30 14:21:04,205 - __main__ - WARNING - ⚠️  Reddit r/CSMemes: HTTP 403
2026-03-30 14:21:06 +00:00: 2026-03-30 14:21:06,208 - __main__ - INFO - 📊 Media hunt complete: 0 images, 0 videos
2026-03-30 18:21:07 +00:00: 2026-03-30 18:21:07,171 - __main__ - INFO - 📸 HLTV galleries: 15 images found
2026-03-30 18:21:07 +00:00: 2026-03-30 18:21:07,309 - __main__ - WARNING - ⚠️  Download failed: https://img-cdn.hltv.org/gallerypicture/gXHV2S-Bltnnxmdq6Eq2Y0.jpg?auto=compress → 403
2026-03-30 18:21:08 +00:00: 2026-03-30 18:21:08,324 - __main__ - WARNING - ⚠️  Download failed: https://img-cdn.hltv.org/gallerypicture/gXHV2S-Bltnnxmdq6Eq2Y0.jpg?auto=compress → 403
2026-03-30 18:21:09 +00:00: 2026-03-30 18:21:09,338 - __main__ - WARNING - ⚠️  Download failed: https://img-cdn.hltv.org/gallerypicture/gXHV2S-Bltnnxmdq6Eq2Y0.jpg?auto=compress → 403
2026-03-30 18:21:10 +00:00: 2026-03-30 18:21:10,399 - __main__ - WARNING - ⚠️  Download failed: https://img-cdn.hltv.org/gallerypicture/x7cEMbq052HzHm3omAh8Ab.jpg?auto=compress → 403
2026-03-30 18:21:11 +00:00: 2026-03-30 18:21:11,418 - __main__ - WARNING - ⚠️  Download failed: https://img-cdn.hltv.org/gallerypicture/x7cEMbq052HzHm3omAh8Ab.jpg?auto=compress → 403
2026-03-30 18:21:12 +00:00: 2026-03-30 18:21:12,513 - __main__ - WARNING - ⚠️  Download failed: https://img-cdn.hltv.org/gallerypicture/3hXVAsy9_0IVaoBojms_oe.jpg?auto=compress → 403
2026-03-30 18:21:13 +00:00: 2026-03-30 18:21:13,550 - __main__ - WARNING - ⚠️  Download failed: https://img-cdn.hltv.org/gallerypicture/lYIT5Zr3tBZSmQXiRc-tVM.jpg?auto=compress → 403
2026-03-30 18:21:14 +00:00: 2026-03-30 18:21:14,568 - __main__ - WARNING - ⚠️  Download failed: https://img-cdn.hltv.org/gallerypicture/lYIT5Zr3tBZSmQXiRc-tVM.jpg?auto=compress → 403
2026-03-30 18:21:15 +00:00: 2026-03-30 18:21:15,601 - __main__ - WARNING - ⚠️  Download failed: https://img-cdn.hltv.org/gallerypicture/EA5xXeUoFjlgfs-XtTRaiZ.jpg?auto=compress → 403
2026-03-30 18:21:16 +00:00: 2026-03-30 18:21:16,649 - __main__ - WARNING - ⚠️  Download failed: https://img-cdn.hltv.org/gallerypicture/4VbvsIsCz77x5QtG1sriff.jpg?auto=compress → 403
2026-03-30 18:21:17 +00:00: 2026-03-30 18:21:17,664 - __main__ - WARNING - ⚠️  Download failed: https://img-cdn.hltv.org/gallerypicture/4VbvsIsCz77x5QtG1sriff.jpg?auto=compress → 403
2026-03-30 18:21:18 +00:00: 2026-03-30 18:21:18,783 - __main__ - WARNING - ⚠️  Download failed: https://img-cdn.hltv.org/gallerypicture/vHvc1sGVMlFaLIpmBjDXnT.jpg?auto=compress → 403
2026-03-30 18:21:19 +00:00: 2026-03-30 18:21:19,831 - __main__ - WARNING - ⚠️  Download failed: https://img-cdn.hltv.org/gallerypicture/-LrdNWy-6gcUbNos26hsCk.jpg?auto=compress → 403
2026-03-30 18:21:20 +00:00: 2026-03-30 18:21:20,849 - __main__ - WARNING - ⚠️  Download failed: https://img-cdn.hltv.org/gallerypicture/-LrdNWy-6gcUbNos26hsCk.jpg?auto=compress → 403
2026-03-30 18:21:21 +00:00: 2026-03-30 18:21:21,890 - __main__ - WARNING - ⚠️  Download failed: https://img-cdn.hltv.org/gallerypicture/8-yVt_MSHu8PYg4xwLvKrh.jpg?auto=compress → 403
2026-03-30 18:21:22 +00:00: 2026-03-30 18:21:22,958 - __main__ - WARNING - ⚠️  Reddit r/GlobalOffensive: HTTP 403
2026-03-30 18:21:24 +00:00: 2026-03-30 18:21:24,971 - __main__ - WARNING - ⚠️  Reddit r/cs2: HTTP 403
2026-03-30 18:21:26 +00:00: 2026-03-30 18:21:26,985 - __main__ - WARNING - ⚠️  Reddit r/CSMemes: HTTP 403
2026-03-30 18:21:28 +00:00: 2026-03-30 18:21:28,989 - __main__ - INFO - 📊 Media hunt complete: 0 images, 0 videos
2026-03-30 22:21:29 +00:00: 2026-03-30 22:21:29,910 - __main__ - INFO - 📸 HLTV galleries: 15 images found
2026-03-30 22:21:29 +00:00: 2026-03-30 22:21:29,994 - __main__ - WARNING - ⚠️  Download failed: https://img-cdn.hltv.org/gallerypicture/gXHV2S-Bltnnxmdq6Eq2Y0.jpg?auto=compress → 403
2026-03-30 22:21:31 +00:00: 2026-03-30 22:21:31,013 - __main__ - WARNING - ⚠️  Download failed: https://img-cdn.hltv.org/gallerypicture/gXHV2S-Bltnnxmdq6Eq2Y0.jpg?auto=compress → 403
2026-03-30 22:21:32 +00:00: 2026-03-30 22:21:32,081 - __main__ - WARNING - ⚠️  Download failed: https://img-cdn.hltv.org/gallerypicture/tON3KB9UKcxinm4WfMyhOP.jpg?auto=compress → 403
2026-03-30 22:21:33 +00:00: 2026-03-30 22:21:33,171 - __main__ - WARNING - ⚠️  Download failed: https://img-cdn.hltv.org/gallerypicture/x7cEMbq052HzHm3omAh8Ab.jpg?auto=compress → 403
2026-03-30 22:21:34 +00:00: 2026-03-30 22:21:34,189 - __main__ - WARNING - ⚠️  Download failed: https://img-cdn.hltv.org/gallerypicture/x7cEMbq052HzHm3omAh8Ab.jpg?auto=compress → 403
2026-03-30 22:21:35 +00:00: 2026-03-30 22:21:35,303 - __main__ - WARNING - ⚠️  Download failed: https://img-cdn.hltv.org/gallerypicture/3hXVAsy9_0IVaoBojms_oe.jpg?auto=compress → 403
2026-03-30 22:21:36 +00:00: 2026-03-30 22:21:36,349 - __main__ - WARNING - ⚠️  Download failed: https://img-cdn.hltv.org/gallerypicture/lYIT5Zr3tBZSmQXiRc-tVM.jpg?auto=compress → 403
2026-03-30 22:21:37 +00:00: 2026-03-30 22:21:37,369 - __main__ - WARNING - ⚠️  Download failed: https://img-cdn.hltv.org/gallerypicture/lYIT5Zr3tBZSmQXiRc-tVM.jpg?auto=compress → 403
2026-03-30 22:21:38 +00:00: 2026-03-30 22:21:38,413 - __main__ - WARNING - ⚠️  Download failed: https://img-cdn.hltv.org/gallerypicture/EA5xXeUoFjlgfs-XtTRaiZ.jpg?auto=compress → 403
2026-03-30 22:21:39 +00:00: 2026-03-30 22:21:39,471 - __main__ - WARNING - ⚠️  Download failed: https://img-cdn.hltv.org/gallerypicture/4VbvsIsCz77x5QtG1sriff.jpg?auto=compress → 403
2026-03-30 22:21:40 +00:00: 2026-03-30 22:21:40,493 - __main__ - WARNING - ⚠️  Download failed: https://img-cdn.hltv.org/gallerypicture/4VbvsIsCz77x5QtG1sriff.jpg?auto=compress → 403
2026-03-30 22:21:41 +00:00: 2026-03-30 22:21:41,523 - __main__ - WARNING - ⚠️  Download failed: https://img-cdn.hltv.org/gallerypicture/vHvc1sGVMlFaLIpmBjDXnT.jpg?auto=compress → 403
2026-03-30 22:21:42 +00:00: 2026-03-30 22:21:42,577 - __main__ - WARNING - ⚠️  Download failed: https://img-cdn.hltv.org/gallerypicture/-LrdNWy-6gcUbNos26hsCk.jpg?auto=compress → 403
2026-03-30 22:21:43 +00:00: 2026-03-30 22:21:43,596 - __main__ - WARNING - ⚠️  Download failed: https://img-cdn.hltv.org/gallerypicture/-LrdNWy-6gcUbNos26hsCk.jpg?auto=compress → 403
2026-03-30 22:21:44 +00:00: 2026-03-30 22:21:44,625 - __main__ - WARNING - ⚠️  Download failed: https://img-cdn.hltv.org/gallerypicture/8-yVt_MSHu8PYg4xwLvKrh.jpg?auto=compress → 403
2026-03-30 22:21:45 +00:00: 2026-03-30 22:21:45,779 - __main__ - WARNING - ⚠️  Reddit r/GlobalOffensive: HTTP 403
2026-03-30 22:21:47 +00:00: 2026-03-30 22:21:47,793 - __main__ - WARNING - ⚠️  Reddit r/cs2: HTTP 403
2026-03-30 22:21:49 +00:00: 2026-03-30 22:21:49,806 - __main__ - WARNING - ⚠️  Reddit r/CSMemes: HTTP 403
2026-03-30 22:21:51 +00:00: 2026-03-30 22:21:51,809 - __main__ - INFO - 📊 Media hunt complete: 0 images, 0 videos
2026-03-30 23:57:44 +00:00: Traceback (most recent call last):
2026-03-30 23:57:44 +00:00:   File "/home/ubuntu/openclaw/scripts/ingestion/clip_hunter.py", line 475, in <module>
2026-03-30 23:57:44 +00:00:     asyncio.run(ClipHunter().run_forever())
2026-03-30 23:57:44 +00:00:   File "/usr/lib/python3.10/asyncio/runners.py", line 44, in run
2026-03-30 23:57:44 +00:00:     return loop.run_until_complete(main)
2026-03-30 23:57:44 +00:00:   File "/usr/lib/python3.10/asyncio/base_events.py", line 636, in run_until_complete
2026-03-30 23:57:44 +00:00:     self.run_forever()
2026-03-30 23:57:44 +00:00:   File "/usr/lib/python3.10/asyncio/base_events.py", line 603, in run_forever
2026-03-30 23:57:44 +00:00:     self._run_once()
2026-03-30 23:57:44 +00:00:   File "/usr/lib/python3.10/asyncio/base_events.py", line 1871, in _run_once
2026-03-30 23:57:44 +00:00:     event_list = self._selector.select(timeout)
2026-03-30 23:57:44 +00:00:   File "/usr/lib/python3.10/selectors.py", line 469, in select
2026-03-30 23:57:44 +00:00:     fd_event_list = self._selector.poll(timeout, max_ev)
2026-03-30 23:57:44 +00:00: KeyboardInterrupt
2026-03-30 23:57:44 +00:00: 2026-03-30 23:57:44,985 - __main__ - INFO - 🚀 Clip Hunter started — finding viral CS2 media
2026-03-30 23:57:45 +00:00: 2026-03-30 23:57:45,958 - utils.db_utils - INFO - ✅ Reconnected to PostgreSQL
2026-03-30 23:57:46 +00:00: 2026-03-30 23:57:46,603 - __main__ - INFO - 📸 HLTV galleries: 15 images found
2026-03-30 23:57:46 +00:00: 2026-03-30 23:57:46,687 - __main__ - WARNING - ⚠️  Download failed: https://img-cdn.hltv.org/gallerypicture/gXHV2S-Bltnnxmdq6Eq2Y0.jpg?auto=compress → 403
2026-03-30 23:57:47 +00:00: 2026-03-30 23:57:47,707 - __main__ - WARNING - ⚠️  Download failed: https://img-cdn.hltv.org/gallerypicture/gXHV2S-Bltnnxmdq6Eq2Y0.jpg?auto=compress → 403
2026-03-30 23:57:48 +00:00: 2026-03-30 23:57:48,817 - __main__ - WARNING - ⚠️  Download failed: https://img-cdn.hltv.org/gallerypicture/tON3KB9UKcxinm4WfMyhOP.jpg?auto=compress → 403
2026-03-30 23:57:49 +00:00: 2026-03-30 23:57:49,958 - __main__ - WARNING - ⚠️  Download failed: https://img-cdn.hltv.org/gallerypicture/x7cEMbq052HzHm3omAh8Ab.jpg?auto=compress → 403
2026-03-30 23:57:50 +00:00: 2026-03-30 23:57:50,974 - __main__ - WARNING - ⚠️  Download failed: https://img-cdn.hltv.org/gallerypicture/x7cEMbq052HzHm3omAh8Ab.jpg?auto=compress → 403
2026-03-30 23:57:52 +00:00: 2026-03-30 23:57:52,084 - __main__ - WARNING - ⚠️  Download failed: https://img-cdn.hltv.org/gallerypicture/3hXVAsy9_0IVaoBojms_oe.jpg?auto=compress → 403
2026-03-30 23:57:53 +00:00: 2026-03-30 23:57:53,193 - __main__ - WARNING - ⚠️  Download failed: https://img-cdn.hltv.org/gallerypicture/lYIT5Zr3tBZSmQXiRc-tVM.jpg?auto=compress → 403
2026-03-30 23:57:54 +00:00: 2026-03-30 23:57:54,208 - __main__ - WARNING - ⚠️  Download failed: https://img-cdn.hltv.org/gallerypicture/lYIT5Zr3tBZSmQXiRc-tVM.jpg?auto=compress → 403
2026-03-30 23:57:55 +00:00: 2026-03-30 23:57:55,345 - __main__ - WARNING - ⚠️  Download failed: https://img-cdn.hltv.org/gallerypicture/EA5xXeUoFjlgfs-XtTRaiZ.jpg?auto=compress → 403
2026-03-30 23:57:56 +00:00: 2026-03-30 23:57:56,462 - __main__ - WARNING - ⚠️  Download failed: https://img-cdn.hltv.org/gallerypicture/4VbvsIsCz77x5QtG1sriff.jpg?auto=compress → 403
2026-03-30 23:57:57 +00:00: 2026-03-30 23:57:57,477 - __main__ - WARNING - ⚠️  Download failed: https://img-cdn.hltv.org/gallerypicture/4VbvsIsCz77x5QtG1sriff.jpg?auto=compress → 403
2026-03-30 23:57:58 +00:00: 2026-03-30 23:57:58,573 - __main__ - WARNING - ⚠️  Download failed: https://img-cdn.hltv.org/gallerypicture/vHvc1sGVMlFaLIpmBjDXnT.jpg?auto=compress → 403
2026-03-30 23:57:59 +00:00: 2026-03-30 23:57:59,619 - __main__ - WARNING - ⚠️  Download failed: https://img-cdn.hltv.org/gallerypicture/-LrdNWy-6gcUbNos26hsCk.jpg?auto=compress → 403
2026-03-30 23:58:00 +00:00: 2026-03-30 23:58:00,636 - __main__ - WARNING - ⚠️  Download failed: https://img-cdn.hltv.org/gallerypicture/-LrdNWy-6gcUbNos26hsCk.jpg?auto=compress → 403
2026-03-30 23:58:01 +00:00: 2026-03-30 23:58:01,677 - __main__ - WARNING - ⚠️  Download failed: https://img-cdn.hltv.org/gallerypicture/8-yVt_MSHu8PYg4xwLvKrh.jpg?auto=compress → 403
2026-03-30 23:58:02 +00:00: 2026-03-30 23:58:02,750 - __main__ - WARNING - ⚠️  Reddit r/GlobalOffensive: HTTP 403
2026-03-30 23:58:04 +00:00: 2026-03-30 23:58:04,763 - __main__ - WARNING - ⚠️  Reddit r/cs2: HTTP 403
2026-03-30 23:58:06 +00:00: 2026-03-30 23:58:06,774 - __main__ - WARNING - ⚠️  Reddit r/CSMemes: HTTP 403
2026-03-30 23:58:08 +00:00: 2026-03-30 23:58:08,777 - __main__ - INFO - 📊 Media hunt complete: 0 images, 0 videos
2026-03-31 03:58:10 +00:00: 2026-03-31 03:58:10,007 - __main__ - INFO - 📸 HLTV galleries: 15 images found
2026-03-31 03:58:10 +00:00: 2026-03-31 03:58:10,102 - __main__ - WARNING - ⚠️  Download failed: https://img-cdn.hltv.org/gallerypicture/gXHV2S-Bltnnxmdq6Eq2Y0.jpg?auto=compress → 403
2026-03-31 03:58:11 +00:00: 2026-03-31 03:58:11,120 - __main__ - WARNING - ⚠️  Download failed: https://img-cdn.hltv.org/gallerypicture/gXHV2S-Bltnnxmdq6Eq2Y0.jpg?auto=compress → 403
2026-03-31 03:58:12 +00:00: 2026-03-31 03:58:12,210 - __main__ - WARNING - ⚠️  Download failed: https://img-cdn.hltv.org/gallerypicture/tON3KB9UKcxinm4WfMyhOP.jpg?auto=compress → 403
2026-03-31 03:58:13 +00:00: 2026-03-31 03:58:13,302 - __main__ - WARNING - ⚠️  Download failed: https://img-cdn.hltv.org/gallerypicture/x7cEMbq052HzHm3omAh8Ab.jpg?auto=compress → 403
2026-03-31 03:58:14 +00:00: 2026-03-31 03:58:14,319 - __main__ - WARNING - ⚠️  Download failed: https://img-cdn.hltv.org/gallerypicture/x7cEMbq052HzHm3omAh8Ab.jpg?auto=compress → 403
2026-03-31 03:58:15 +00:00: 2026-03-31 03:58:15,420 - __main__ - WARNING - ⚠️  Download failed: https://img-cdn.hltv.org/gallerypicture/3hXVAsy9_0IVaoBojms_oe.jpg?auto=compress → 403
2026-03-31 03:58:16 +00:00: 2026-03-31 03:58:16,470 - __main__ - WARNING - ⚠️  Download failed: https://img-cdn.hltv.org/gallerypicture/lYIT5Zr3tBZSmQXiRc-tVM.jpg?auto=compress → 403
2026-03-31 03:58:17 +00:00: 2026-03-31 03:58:17,486 - __main__ - WARNING - ⚠️  Download failed: https://img-cdn.hltv.org/gallerypicture/lYIT5Zr3tBZSmQXiRc-tVM.jpg?auto=compress → 403
2026-03-31 03:58:18 +00:00: 2026-03-31 03:58:18,527 - __main__ - WARNING - ⚠️  Download failed: https://img-cdn.hltv.org/gallerypicture/EA5xXeUoFjlgfs-XtTRaiZ.jpg?auto=compress → 403
2026-03-31 03:58:19 +00:00: 2026-03-31 03:58:19,588 - __main__ - WARNING - ⚠️  Download failed: https://img-cdn.hltv.org/gallerypicture/4VbvsIsCz77x5QtG1sriff.jpg?auto=compress → 403
2026-03-31 03:58:20 +00:00: 2026-03-31 03:58:20,604 - __main__ - WARNING - ⚠️  Download failed: https://img-cdn.hltv.org/gallerypicture/4VbvsIsCz77x5QtG1sriff.jpg?auto=compress → 403
2026-03-31 03:58:21 +00:00: 2026-03-31 03:58:21,632 - __main__ - WARNING - ⚠️  Download failed: https://img-cdn.hltv.org/gallerypicture/vHvc1sGVMlFaLIpmBjDXnT.jpg?auto=compress → 403
2026-03-31 03:58:22 +00:00: 2026-03-31 03:58:22,688 - __main__ - WARNING - ⚠️  Download failed: https://img-cdn.hltv.org/gallerypicture/-LrdNWy-6gcUbNos26hsCk.jpg?auto=compress → 403
2026-03-31 03:58:23 +00:00: 2026-03-31 03:58:23,705 - __main__ - WARNING - ⚠️  Download failed: https://img-cdn.hltv.org/gallerypicture/-LrdNWy-6gcUbNos26hsCk.jpg?auto=compress → 403
2026-03-31 03:58:24 +00:00: 2026-03-31 03:58:24,731 - __main__ - WARNING - ⚠️  Download failed: https://img-cdn.hltv.org/gallerypicture/8-yVt_MSHu8PYg4xwLvKrh.jpg?auto=compress → 403
2026-03-31 03:58:25 +00:00: 2026-03-31 03:58:25,829 - __main__ - WARNING - ⚠️  Reddit r/GlobalOffensive: HTTP 403
2026-03-31 03:58:27 +00:00: 2026-03-31 03:58:27,841 - __main__ - WARNING - ⚠️  Reddit r/cs2: HTTP 403
2026-03-31 03:58:29 +00:00: 2026-03-31 03:58:29,853 - __main__ - WARNING - ⚠️  Reddit r/CSMemes: HTTP 403
2026-03-31 03:58:31 +00:00: 2026-03-31 03:58:31,856 - __main__ - INFO - 📊 Media hunt complete: 0 images, 0 videos
2026-03-31 07:58:33 +00:00: 2026-03-31 07:58:33,537 - __main__ - INFO - 📸 HLTV galleries: 15 images found
2026-03-31 07:58:33 +00:00: 2026-03-31 07:58:33,746 - __main__ - WARNING - ⚠️  Download failed: https://img-cdn.hltv.org/gallerypicture/gXHV2S-Bltnnxmdq6Eq2Y0.jpg?auto=compress → 403
2026-03-31 07:58:34 +00:00: 2026-03-31 07:58:34,766 - __main__ - WARNING - ⚠️  Download failed: https://img-cdn.hltv.org/gallerypicture/gXHV2S-Bltnnxmdq6Eq2Y0.jpg?auto=compress → 403
2026-03-31 07:58:35 +00:00: 2026-03-31 07:58:35,872 - __main__ - WARNING - ⚠️  Download failed: https://img-cdn.hltv.org/gallerypicture/tON3KB9UKcxinm4WfMyhOP.jpg?auto=compress → 403
2026-03-31 07:58:36 +00:00: 2026-03-31 07:58:36,977 - __main__ - WARNING - ⚠️  Download failed: https://img-cdn.hltv.org/gallerypicture/x7cEMbq052HzHm3omAh8Ab.jpg?auto=compress → 403
2026-03-31 07:58:37 +00:00: 2026-03-31 07:58:37,992 - __main__ - WARNING - ⚠️  Download failed: https://img-cdn.hltv.org/gallerypicture/x7cEMbq052HzHm3omAh8Ab.jpg?auto=compress → 403
2026-03-31 07:58:39 +00:00: 2026-03-31 07:58:39,052 - __main__ - WARNING - ⚠️  Download failed: https://img-cdn.hltv.org/gallerypicture/3hXVAsy9_0IVaoBojms_oe.jpg?auto=compress → 403
2026-03-31 07:58:40 +00:00: 2026-03-31 07:58:40,081 - __main__ - WARNING - ⚠️  Download failed: https://img-cdn.hltv.org/gallerypicture/lYIT5Zr3tBZSmQXiRc-tVM.jpg?auto=compress → 403
2026-03-31 07:58:41 +00:00: 2026-03-31 07:58:41,096 - __main__ - WARNING - ⚠️  Download failed: https://img-cdn.hltv.org/gallerypicture/lYIT5Zr3tBZSmQXiRc-tVM.jpg?auto=compress → 403
2026-03-31 07:58:42 +00:00: 2026-03-31 07:58:42,273 - __main__ - WARNING - ⚠️  Download failed: https://img-cdn.hltv.org/gallerypicture/EA5xXeUoFjlgfs-XtTRaiZ.jpg?auto=compress → 403
2026-03-31 07:58:43 +00:00: 2026-03-31 07:58:43,321 - __main__ - WARNING - ⚠️  Download failed: https://img-cdn.hltv.org/gallerypicture/4VbvsIsCz77x5QtG1sriff.jpg?auto=compress → 403
2026-03-31 07:58:44 +00:00: 2026-03-31 07:58:44,338 - __main__ - WARNING - ⚠️  Download failed: https://img-cdn.hltv.org/gallerypicture/4VbvsIsCz77x5QtG1sriff.jpg?auto=compress → 403
2026-03-31 07:58:45 +00:00: 2026-03-31 07:58:45,381 - __main__ - WARNING - ⚠️  Download failed: https://img-cdn.hltv.org/gallerypicture/vHvc1sGVMlFaLIpmBjDXnT.jpg?auto=compress → 403
2026-03-31 07:58:46 +00:00: 2026-03-31 07:58:46,423 - __main__ - WARNING - ⚠️  Download failed: https://img-cdn.hltv.org/gallerypicture/-LrdNWy-6gcUbNos26hsCk.jpg?auto=compress → 403
2026-03-31 07:58:47 +00:00: 2026-03-31 07:58:47,439 - __main__ - WARNING - ⚠️  Download failed: https://img-cdn.hltv.org/gallerypicture/-LrdNWy-6gcUbNos26hsCk.jpg?auto=compress → 403
2026-03-31 07:58:48 +00:00: 2026-03-31 07:58:48,523 - __main__ - WARNING - ⚠️  Download failed: https://img-cdn.hltv.org/gallerypicture/8-yVt_MSHu8PYg4xwLvKrh.jpg?auto=compress → 403
2026-03-31 07:58:49 +00:00: 2026-03-31 07:58:49,614 - __main__ - WARNING - ⚠️  Reddit r/GlobalOffensive: HTTP 403
2026-03-31 07:58:51 +00:00: 2026-03-31 07:58:51,626 - __main__ - WARNING - ⚠️  Reddit r/cs2: HTTP 403
2026-03-31 07:58:53 +00:00: 2026-03-31 07:58:53,639 - __main__ - WARNING - ⚠️  Reddit r/CSMemes: HTTP 403
2026-03-31 07:58:55 +00:00: 2026-03-31 07:58:55,641 - __main__ - INFO - 📊 Media hunt complete: 0 images, 0 videos
2026-03-31 11:58:57 +00:00: 2026-03-31 11:58:57,000 - __main__ - INFO - 📸 HLTV galleries: 15 images found
2026-03-31 11:58:57 +00:00: 2026-03-31 11:58:57,085 - __main__ - WARNING - ⚠️  Download failed: https://img-cdn.hltv.org/gallerypicture/gXHV2S-Bltnnxmdq6Eq2Y0.jpg?auto=compress → 403
2026-03-31 11:58:58 +00:00: 2026-03-31 11:58:58,103 - __main__ - WARNING - ⚠️  Download failed: https://img-cdn.hltv.org/gallerypicture/gXHV2S-Bltnnxmdq6Eq2Y0.jpg?auto=compress → 403
2026-03-31 11:58:59 +00:00: 2026-03-31 11:58:59,155 - __main__ - WARNING - ⚠️  Download failed: https://img-cdn.hltv.org/gallerypicture/tON3KB9UKcxinm4WfMyhOP.jpg?auto=compress → 403
2026-03-31 11:59:00 +00:00: 2026-03-31 11:59:00,234 - __main__ - WARNING - ⚠️  Download failed: https://img-cdn.hltv.org/gallerypicture/x7cEMbq052HzHm3omAh8Ab.jpg?auto=compress → 403
2026-03-31 11:59:01 +00:00: 2026-03-31 11:59:01,255 - __main__ - WARNING - ⚠️  Download failed: https://img-cdn.hltv.org/gallerypicture/x7cEMbq052HzHm3omAh8Ab.jpg?auto=compress → 403
2026-03-31 11:59:02 +00:00: 2026-03-31 11:59:02,353 - __main__ - WARNING - ⚠️  Download failed: https://img-cdn.hltv.org/gallerypicture/3hXVAsy9_0IVaoBojms_oe.jpg?auto=compress → 403
2026-03-31 11:59:03 +00:00: 2026-03-31 11:59:03,380 - __main__ - WARNING - ⚠️  Download failed: https://img-cdn.hltv.org/gallerypicture/ZoXyFrcpqMja9ORgP-m3LP.jpg?auto=compress → 403
2026-03-31 11:59:04 +00:00: 2026-03-31 11:59:04,398 - __main__ - WARNING - ⚠️  Download failed: https://img-cdn.hltv.org/gallerypicture/ZoXyFrcpqMja9ORgP-m3LP.jpg?auto=compress → 403
2026-03-31 11:59:05 +00:00: 2026-03-31 11:59:05,447 - __main__ - WARNING - ⚠️  Download failed: https://img-cdn.hltv.org/gallerypicture/EA5xXeUoFjlgfs-XtTRaiZ.jpg?auto=compress → 403
2026-03-31 11:59:06 +00:00: 2026-03-31 11:59:06,514 - __main__ - WARNING - ⚠️  Download failed: https://img-cdn.hltv.org/gallerypicture/4VbvsIsCz77x5QtG1sriff.jpg?auto=compress → 403
2026-03-31 11:59:07 +00:00: 2026-03-31 11:59:07,532 - __main__ - WARNING - ⚠️  Download failed: https://img-cdn.hltv.org/gallerypicture/4VbvsIsCz77x5QtG1sriff.jpg?auto=compress → 403
2026-03-31 11:59:08 +00:00: 2026-03-31 11:59:08,566 - __main__ - WARNING - ⚠️  Download failed: https://img-cdn.hltv.org/gallerypicture/vHvc1sGVMlFaLIpmBjDXnT.jpg?auto=compress → 403
2026-03-31 11:59:09 +00:00: 2026-03-31 11:59:09,620 - __main__ - WARNING - ⚠️  Download failed: https://img-cdn.hltv.org/gallerypicture/-LrdNWy-6gcUbNos26hsCk.jpg?auto=compress → 403
2026-03-31 11:59:10 +00:00: 2026-03-31 11:59:10,637 - __main__ - WARNING - ⚠️  Download failed: https://img-cdn.hltv.org/gallerypicture/-LrdNWy-6gcUbNos26hsCk.jpg?auto=compress → 403
2026-03-31 11:59:11 +00:00: 2026-03-31 11:59:11,669 - __main__ - WARNING - ⚠️  Download failed: https://img-cdn.hltv.org/gallerypicture/8-yVt_MSHu8PYg4xwLvKrh.jpg?auto=compress → 403
2026-03-31 11:59:12 +00:00: 2026-03-31 11:59:12,749 - __main__ - WARNING - ⚠️  Reddit r/GlobalOffensive: HTTP 403
2026-03-31 11:59:14 +00:00: 2026-03-31 11:59:14,763 - __main__ - WARNING - ⚠️  Reddit r/cs2: HTTP 403
2026-03-31 11:59:16 +00:00: 2026-03-31 11:59:16,776 - __main__ - WARNING - ⚠️  Reddit r/CSMemes: HTTP 403
2026-03-31 11:59:18 +00:00: 2026-03-31 11:59:18,779 - __main__ - INFO - 📊 Media hunt complete: 0 images, 0 videos
2026-03-31 15:59:20 +00:00: 2026-03-31 15:59:20,052 - __main__ - INFO - 📸 HLTV galleries: 15 images found
2026-03-31 15:59:20 +00:00: 2026-03-31 15:59:20,157 - __main__ - WARNING - ⚠️  Download failed: https://img-cdn.hltv.org/gallerypicture/xNTU2XTJ4aUEAHA68qhKfe.jpg?auto=compress → 403
2026-03-31 15:59:21 +00:00: 2026-03-31 15:59:21,175 - __main__ - WARNING - ⚠️  Download failed: https://img-cdn.hltv.org/gallerypicture/xNTU2XTJ4aUEAHA68qhKfe.jpg?auto=compress → 403
2026-03-31 15:59:22 +00:00: 2026-03-31 15:59:22,241 - __main__ - WARNING - ⚠️  Download failed: https://img-cdn.hltv.org/gallerypicture/tON3KB9UKcxinm4WfMyhOP.jpg?auto=compress → 403
2026-03-31 15:59:23 +00:00: 2026-03-31 15:59:23,304 - __main__ - WARNING - ⚠️  Download failed: https://img-cdn.hltv.org/gallerypicture/x7cEMbq052HzHm3omAh8Ab.jpg?auto=compress → 403
2026-03-31 15:59:24 +00:00: 2026-03-31 15:59:24,324 - __main__ - WARNING - ⚠️  Download failed: https://img-cdn.hltv.org/gallerypicture/x7cEMbq052HzHm3omAh8Ab.jpg?auto=compress → 403
2026-03-31 15:59:25 +00:00: 2026-03-31 15:59:25,376 - __main__ - WARNING - ⚠️  Download failed: https://img-cdn.hltv.org/gallerypicture/3hXVAsy9_0IVaoBojms_oe.jpg?auto=compress → 403
2026-03-31 15:59:26 +00:00: 2026-03-31 15:59:26,420 - __main__ - WARNING - ⚠️  Download failed: https://img-cdn.hltv.org/gallerypicture/ZoXyFrcpqMja9ORgP-m3LP.jpg?auto=compress → 403
2026-03-31 15:59:27 +00:00: 2026-03-31 15:59:27,439 - __main__ - WARNING - ⚠️  Download failed: https://img-cdn.hltv.org/gallerypicture/ZoXyFrcpqMja9ORgP-m3LP.jpg?auto=compress → 403
2026-03-31 15:59:28 +00:00: 2026-03-31 15:59:28,499 - __main__ - WARNING - ⚠️  Download failed: https://img-cdn.hltv.org/gallerypicture/EA5xXeUoFjlgfs-XtTRaiZ.jpg?auto=compress → 403
2026-03-31 15:59:29 +00:00: 2026-03-31 15:59:29,567 - __main__ - WARNING - ⚠️  Download failed: https://img-cdn.hltv.org/gallerypicture/4VbvsIsCz77x5QtG1sriff.jpg?auto=compress → 403
2026-03-31 15:59:30 +00:00: 2026-03-31 15:59:30,585 - __main__ - WARNING - ⚠️  Download failed: https://img-cdn.hltv.org/gallerypicture/4VbvsIsCz77x5QtG1sriff.jpg?auto=compress → 403
2026-03-31 15:59:31 +00:00: 2026-03-31 15:59:31,617 - __main__ - WARNING - ⚠️  Download failed: https://img-cdn.hltv.org/gallerypicture/vHvc1sGVMlFaLIpmBjDXnT.jpg?auto=compress → 403
2026-03-31 15:59:32 +00:00: 2026-03-31 15:59:32,681 - __main__ - WARNING - ⚠️  Download failed: https://img-cdn.hltv.org/gallerypicture/-LrdNWy-6gcUbNos26hsCk.jpg?auto=compress → 403
2026-03-31 15:59:33 +00:00: 2026-03-31 15:59:33,697 - __main__ - WARNING - ⚠️  Download failed: https://img-cdn.hltv.org/gallerypicture/-LrdNWy-6gcUbNos26hsCk.jpg?auto=compress → 403
2026-03-31 15:59:34 +00:00: 2026-03-31 15:59:34,727 - __main__ - WARNING - ⚠️  Download failed: https://img-cdn.hltv.org/gallerypicture/8-yVt_MSHu8PYg4xwLvKrh.jpg?auto=compress → 403
2026-03-31 15:59:35 +00:00: 2026-03-31 15:59:35,821 - __main__ - WARNING - ⚠️  Reddit r/GlobalOffensive: HTTP 403
2026-03-31 15:59:37 +00:00: 2026-03-31 15:59:37,836 - __main__ - WARNING - ⚠️  Reddit r/cs2: HTTP 403
2026-03-31 15:59:39 +00:00: 2026-03-31 15:59:39,849 - __main__ - WARNING - ⚠️  Reddit r/CSMemes: HTTP 403
2026-03-31 15:59:41 +00:00: 2026-03-31 15:59:41,852 - __main__ - INFO - 📊 Media hunt complete: 0 images, 0 videos
2026-03-31 19:59:43 +00:00: 2026-03-31 19:59:43,159 - __main__ - INFO - 📸 HLTV galleries: 15 images found
2026-03-31 19:59:43 +00:00: 2026-03-31 19:59:43,259 - __main__ - WARNING - ⚠️  Download failed: https://img-cdn.hltv.org/gallerypicture/xNTU2XTJ4aUEAHA68qhKfe.jpg?auto=compress → 403
2026-03-31 19:59:44 +00:00: 2026-03-31 19:59:44,280 - __main__ - WARNING - ⚠️  Download failed: https://img-cdn.hltv.org/gallerypicture/xNTU2XTJ4aUEAHA68qhKfe.jpg?auto=compress → 403
2026-03-31 19:59:45 +00:00: 2026-03-31 19:59:45,343 - __main__ - WARNING - ⚠️  Download failed: https://img-cdn.hltv.org/gallerypicture/tON3KB9UKcxinm4WfMyhOP.jpg?auto=compress → 403
2026-03-31 19:59:46 +00:00: 2026-03-31 19:59:46,400 - __main__ - WARNING - ⚠️  Download failed: https://img-cdn.hltv.org/gallerypicture/x7cEMbq052HzHm3omAh8Ab.jpg?auto=compress → 403
2026-03-31 19:59:47 +00:00: 2026-03-31 19:59:47,420 - __main__ - WARNING - ⚠️  Download failed: https://img-cdn.hltv.org/gallerypicture/x7cEMbq052HzHm3omAh8Ab.jpg?auto=compress → 403
2026-03-31 19:59:48 +00:00: 2026-03-31 19:59:48,486 - __main__ - WARNING - ⚠️  Download failed: https://img-cdn.hltv.org/gallerypicture/3hXVAsy9_0IVaoBojms_oe.jpg?auto=compress → 403
2026-03-31 19:59:49 +00:00: 2026-03-31 19:59:49,538 - __main__ - WARNING - ⚠️  Download failed: https://img-cdn.hltv.org/gallerypicture/lYIT5Zr3tBZSmQXiRc-tVM.jpg?auto=compress → 403
2026-03-31 19:59:50 +00:00: 2026-03-31 19:59:50,559 - __main__ - WARNING - ⚠️  Download failed: https://img-cdn.hltv.org/gallerypicture/lYIT5Zr3tBZSmQXiRc-tVM.jpg?auto=compress → 403
2026-03-31 19:59:51 +00:00: 2026-03-31 19:59:51,623 - __main__ - WARNING - ⚠️  Download failed: https://img-cdn.hltv.org/gallerypicture/EA5xXeUoFjlgfs-XtTRaiZ.jpg?auto=compress → 403
2026-03-31 19:59:52 +00:00: 2026-03-31 19:59:52,686 - __main__ - WARNING - ⚠️  Download failed: https://img-cdn.hltv.org/gallerypicture/4VbvsIsCz77x5QtG1sriff.jpg?auto=compress → 403
2026-03-31 19:59:53 +00:00: 2026-03-31 19:59:53,707 - __main__ - WARNING - ⚠️  Download failed: https://img-cdn.hltv.org/gallerypicture/4VbvsIsCz77x5QtG1sriff.jpg?auto=compress → 403
2026-03-31 19:59:54 +00:00: 2026-03-31 19:59:54,741 - __main__ - WARNING - ⚠️  Download failed: https://img-cdn.hltv.org/gallerypicture/vHvc1sGVMlFaLIpmBjDXnT.jpg?auto=compress → 403
2026-03-31 19:59:55 +00:00: 2026-03-31 19:59:55,811 - __main__ - WARNING - ⚠️  Download failed: https://img-cdn.hltv.org/gallerypicture/-LrdNWy-6gcUbNos26hsCk.jpg?auto=compress → 403
2026-03-31 19:59:56 +00:00: 2026-03-31 19:59:56,832 - __main__ - WARNING - ⚠️  Download failed: https://img-cdn.hltv.org/gallerypicture/-LrdNWy-6gcUbNos26hsCk.jpg?auto=compress → 403
2026-03-31 19:59:57 +00:00: 2026-03-31 19:59:57,872 - __main__ - WARNING - ⚠️  Download failed: https://img-cdn.hltv.org/gallerypicture/8-yVt_MSHu8PYg4xwLvKrh.jpg?auto=compress → 403
2026-03-31 19:59:58 +00:00: 2026-03-31 19:59:58,934 - __main__ - WARNING - ⚠️  Reddit r/GlobalOffensive: HTTP 403
2026-03-31 20:00:00 +00:00: 2026-03-31 20:00:00,950 - __main__ - WARNING - ⚠️  Reddit r/cs2: HTTP 403
2026-03-31 20:00:02 +00:00: 2026-03-31 20:00:02,962 - __main__ - WARNING - ⚠️  Reddit r/CSMemes: HTTP 403
2026-03-31 20:00:04 +00:00: 2026-03-31 20:00:04,965 - __main__ - INFO - 📊 Media hunt complete: 0 images, 0 videos
2026-04-01 00:00:06 +00:00: 2026-04-01 00:00:06,356 - __main__ - INFO - 📸 HLTV galleries: 15 images found
2026-04-01 00:00:06 +00:00: 2026-04-01 00:00:06,467 - __main__ - WARNING - ⚠️  Download failed: https://img-cdn.hltv.org/gallerypicture/xNTU2XTJ4aUEAHA68qhKfe.jpg?auto=compress → 403
2026-04-01 00:00:07 +00:00: 2026-04-01 00:00:07,487 - __main__ - WARNING - ⚠️  Download failed: https://img-cdn.hltv.org/gallerypicture/xNTU2XTJ4aUEAHA68qhKfe.jpg?auto=compress → 403
2026-04-01 00:00:08 +00:00: 2026-04-01 00:00:08,554 - __main__ - WARNING - ⚠️  Download failed: https://img-cdn.hltv.org/gallerypicture/tON3KB9UKcxinm4WfMyhOP.jpg?auto=compress → 403
2026-04-01 00:00:09 +00:00: 2026-04-01 00:00:09,617 - __main__ - WARNING - ⚠️  Download failed: https://img-cdn.hltv.org/gallerypicture/x7cEMbq052HzHm3omAh8Ab.jpg?auto=compress → 403
2026-04-01 00:00:10 +00:00: 2026-04-01 00:00:10,640 - __main__ - WARNING - ⚠️  Download failed: https://img-cdn.hltv.org/gallerypicture/x7cEMbq052HzHm3omAh8Ab.jpg?auto=compress → 403
2026-04-01 00:00:11 +00:00: 2026-04-01 00:00:11,697 - __main__ - WARNING - ⚠️  Download failed: https://img-cdn.hltv.org/gallerypicture/3hXVAsy9_0IVaoBojms_oe.jpg?auto=compress → 403
2026-04-01 00:00:12 +00:00: 2026-04-01 00:00:12,747 - __main__ - WARNING - ⚠️  Download failed: https://img-cdn.hltv.org/gallerypicture/lYIT5Zr3tBZSmQXiRc-tVM.jpg?auto=compress → 403
2026-04-01 00:00:13 +00:00: 2026-04-01 00:00:13,766 - __main__ - WARNING - ⚠️  Download failed: https://img-cdn.hltv.org/gallerypicture/lYIT5Zr3tBZSmQXiRc-tVM.jpg?auto=compress → 403
2026-04-01 00:00:14 +00:00: 2026-04-01 00:00:14,822 - __main__ - WARNING - ⚠️  Download failed: https://img-cdn.hltv.org/gallerypicture/EA5xXeUoFjlgfs-XtTRaiZ.jpg?auto=compress → 403
2026-04-01 00:00:15 +00:00: 2026-04-01 00:00:15,888 - __main__ - WARNING - ⚠️  Download failed: https://img-cdn.hltv.org/gallerypicture/4VbvsIsCz77x5QtG1sriff.jpg?auto=compress → 403
2026-04-01 00:00:16 +00:00: 2026-04-01 00:00:16,909 - __main__ - WARNING - ⚠️  Download failed: https://img-cdn.hltv.org/gallerypicture/4VbvsIsCz77x5QtG1sriff.jpg?auto=compress → 403
2026-04-01 00:00:17 +00:00: 2026-04-01 00:00:17,941 - __main__ - WARNING - ⚠️  Download failed: https://img-cdn.hltv.org/gallerypicture/vHvc1sGVMlFaLIpmBjDXnT.jpg?auto=compress → 403
2026-04-01 00:00:19 +00:00: 2026-04-01 00:00:19,001 - __main__ - WARNING - ⚠️  Download failed: https://img-cdn.hltv.org/gallerypicture/-LrdNWy-6gcUbNos26hsCk.jpg?auto=compress → 403
2026-04-01 00:00:20 +00:00: 2026-04-01 00:00:20,024 - __main__ - WARNING - ⚠️  Download failed: https://img-cdn.hltv.org/gallerypicture/-LrdNWy-6gcUbNos26hsCk.jpg?auto=compress → 403
2026-04-01 00:00:21 +00:00: 2026-04-01 00:00:21,061 - __main__ - WARNING - ⚠️  Download failed: https://img-cdn.hltv.org/gallerypicture/8-yVt_MSHu8PYg4xwLvKrh.jpg?auto=compress → 403
2026-04-01 00:00:22 +00:00: 2026-04-01 00:00:22,164 - __main__ - WARNING - ⚠️  Reddit r/GlobalOffensive: HTTP 403
2026-04-01 00:00:24 +00:00: 2026-04-01 00:00:24,179 - __main__ - WARNING - ⚠️  Reddit r/cs2: HTTP 403
2026-04-01 00:00:26 +00:00: 2026-04-01 00:00:26,190 - __main__ - WARNING - ⚠️  Reddit r/CSMemes: HTTP 403
2026-04-01 00:00:28 +00:00: 2026-04-01 00:00:28,191 - __main__ - INFO - 📊 Media hunt complete: 0 images, 0 videos
2026-04-01 04:00:29 +00:00: 2026-04-01 04:00:29,526 - __main__ - INFO - 📸 HLTV galleries: 15 images found
2026-04-01 04:00:29 +00:00: 2026-04-01 04:00:29,688 - __main__ - WARNING - ⚠️  Download failed: https://img-cdn.hltv.org/gallerypicture/xNTU2XTJ4aUEAHA68qhKfe.jpg?auto=compress → 403
2026-04-01 04:00:30 +00:00: 2026-04-01 04:00:30,703 - __main__ - WARNING - ⚠️  Download failed: https://img-cdn.hltv.org/gallerypicture/xNTU2XTJ4aUEAHA68qhKfe.jpg?auto=compress → 403
2026-04-01 04:00:31 +00:00: 2026-04-01 04:00:31,767 - __main__ - WARNING - ⚠️  Download failed: https://img-cdn.hltv.org/gallerypicture/tON3KB9UKcxinm4WfMyhOP.jpg?auto=compress → 403
2026-04-01 04:00:32 +00:00: 2026-04-01 04:00:32,805 - __main__ - WARNING - ⚠️  Download failed: https://img-cdn.hltv.org/gallerypicture/x7cEMbq052HzHm3omAh8Ab.jpg?auto=compress → 403
2026-04-01 04:00:33 +00:00: 2026-04-01 04:00:33,821 - __main__ - WARNING - ⚠️  Download failed: https://img-cdn.hltv.org/gallerypicture/x7cEMbq052HzHm3omAh8Ab.jpg?auto=compress → 403
2026-04-01 04:00:34 +00:00: 2026-04-01 04:00:34,901 - __main__ - WARNING - ⚠️  Download failed: https://img-cdn.hltv.org/gallerypicture/3hXVAsy9_0IVaoBojms_oe.jpg?auto=compress → 403
2026-04-01 04:00:36 +00:00: 2026-04-01 04:00:36,071 - __main__ - WARNING - ⚠️  Download failed: https://img-cdn.hltv.org/gallerypicture/lYIT5Zr3tBZSmQXiRc-tVM.jpg?auto=compress → 403
2026-04-01 04:00:37 +00:00: 2026-04-01 04:00:37,086 - __main__ - WARNING - ⚠️  Download failed: https://img-cdn.hltv.org/gallerypicture/lYIT5Zr3tBZSmQXiRc-tVM.jpg?auto=compress → 403
2026-04-01 04:00:38 +00:00: 2026-04-01 04:00:38,119 - __main__ - WARNING - ⚠️  Download failed: https://img-cdn.hltv.org/gallerypicture/EA5xXeUoFjlgfs-XtTRaiZ.jpg?auto=compress → 403
2026-04-01 04:00:39 +00:00: 2026-04-01 04:00:39,233 - __main__ - WARNING - ⚠️  Download failed: https://img-cdn.hltv.org/gallerypicture/4VbvsIsCz77x5QtG1sriff.jpg?auto=compress → 403
2026-04-01 04:00:40 +00:00: 2026-04-01 04:00:40,249 - __main__ - WARNING - ⚠️  Download failed: https://img-cdn.hltv.org/gallerypicture/4VbvsIsCz77x5QtG1sriff.jpg?auto=compress → 403
2026-04-01 04:00:41 +00:00: 2026-04-01 04:00:41,379 - __main__ - WARNING - ⚠️  Download failed: https://img-cdn.hltv.org/gallerypicture/vHvc1sGVMlFaLIpmBjDXnT.jpg?auto=compress → 403
2026-04-01 04:00:42 +00:00: 2026-04-01 04:00:42,433 - __main__ - WARNING - ⚠️  Download failed: https://img-cdn.hltv.org/gallerypicture/-LrdNWy-6gcUbNos26hsCk.jpg?auto=compress → 403
2026-04-01 04:00:43 +00:00: 2026-04-01 04:00:43,448 - __main__ - WARNING - ⚠️  Download failed: https://img-cdn.hltv.org/gallerypicture/-LrdNWy-6gcUbNos26hsCk.jpg?auto=compress → 403
2026-04-01 04:00:44 +00:00: 2026-04-01 04:00:44,486 - __main__ - WARNING - ⚠️  Download failed: https://img-cdn.hltv.org/gallerypicture/8-yVt_MSHu8PYg4xwLvKrh.jpg?auto=compress → 403
2026-04-01 04:00:45 +00:00: 2026-04-01 04:00:45,565 - __main__ - WARNING - ⚠️  Reddit r/GlobalOffensive: HTTP 403
2026-04-01 04:00:47 +00:00: 2026-04-01 04:00:47,579 - __main__ - WARNING - ⚠️  Reddit r/cs2: HTTP 403
2026-04-01 04:00:49 +00:00: 2026-04-01 04:00:49,595 - __main__ - WARNING - ⚠️  Reddit r/CSMemes: HTTP 403
2026-04-01 04:00:51 +00:00: 2026-04-01 04:00:51,597 - __main__ - INFO - 📊 Media hunt complete: 0 images, 0 videos
2026-04-01 08:00:52 +00:00: 2026-04-01 08:00:52,834 - __main__ - INFO - 📸 HLTV galleries: 15 images found
2026-04-01 08:00:53 +00:00: 2026-04-01 08:00:53,043 - __main__ - WARNING - ⚠️  Download failed: https://img-cdn.hltv.org/gallerypicture/xNTU2XTJ4aUEAHA68qhKfe.jpg?auto=compress → 403
2026-04-01 08:00:54 +00:00: 2026-04-01 08:00:54,061 - __main__ - WARNING - ⚠️  Download failed: https://img-cdn.hltv.org/gallerypicture/xNTU2XTJ4aUEAHA68qhKfe.jpg?auto=compress → 403
2026-04-01 08:00:55 +00:00: 2026-04-01 08:00:55,116 - __main__ - WARNING - ⚠️  Download failed: https://img-cdn.hltv.org/gallerypicture/tON3KB9UKcxinm4WfMyhOP.jpg?auto=compress → 403
2026-04-01 08:00:56 +00:00: 2026-04-01 08:00:56,239 - __main__ - WARNING - ⚠️  Download failed: https://img-cdn.hltv.org/gallerypicture/x7cEMbq052HzHm3omAh8Ab.jpg?auto=compress → 403
2026-04-01 08:00:57 +00:00: 2026-04-01 08:00:57,256 - __main__ - WARNING - ⚠️  Download failed: https://img-cdn.hltv.org/gallerypicture/x7cEMbq052HzHm3omAh8Ab.jpg?auto=compress → 403
2026-04-01 08:00:58 +00:00: 2026-04-01 08:00:58,423 - __main__ - WARNING - ⚠️  Download failed: https://img-cdn.hltv.org/gallerypicture/3hXVAsy9_0IVaoBojms_oe.jpg?auto=compress → 403
2026-04-01 08:00:59 +00:00: 2026-04-01 08:00:59,600 - __main__ - WARNING - ⚠️  Download failed: https://img-cdn.hltv.org/gallerypicture/lYIT5Zr3tBZSmQXiRc-tVM.jpg?auto=compress → 403
2026-04-01 08:01:00 +00:00: 2026-04-01 08:01:00,616 - __main__ - WARNING - ⚠️  Download failed: https://img-cdn.hltv.org/gallerypicture/lYIT5Zr3tBZSmQXiRc-tVM.jpg?auto=compress → 403
2026-04-01 08:01:01 +00:00: 2026-04-01 08:01:01,723 - __main__ - WARNING - ⚠️  Download failed: https://img-cdn.hltv.org/gallerypicture/EA5xXeUoFjlgfs-XtTRaiZ.jpg?auto=compress → 403
2026-04-01 08:01:02 +00:00: 2026-04-01 08:01:02,865 - __main__ - WARNING - ⚠️  Download failed: https://img-cdn.hltv.org/gallerypicture/4VbvsIsCz77x5QtG1sriff.jpg?auto=compress → 403
2026-04-01 08:01:03 +00:00: 2026-04-01 08:01:03,884 - __main__ - WARNING - ⚠️  Download failed: https://img-cdn.hltv.org/gallerypicture/4VbvsIsCz77x5QtG1sriff.jpg?auto=compress → 403
2026-04-01 08:01:05 +00:00: 2026-04-01 08:01:05,014 - __main__ - WARNING - ⚠️  Download failed: https://img-cdn.hltv.org/gallerypicture/vHvc1sGVMlFaLIpmBjDXnT.jpg?auto=compress → 403
2026-04-01 08:01:06 +00:00: 2026-04-01 08:01:06,071 - __main__ - WARNING - ⚠️  Download failed: https://img-cdn.hltv.org/gallerypicture/-LrdNWy-6gcUbNos26hsCk.jpg?auto=compress → 403
2026-04-01 08:01:07 +00:00: 2026-04-01 08:01:07,090 - __main__ - WARNING - ⚠️  Download failed: https://img-cdn.hltv.org/gallerypicture/-LrdNWy-6gcUbNos26hsCk.jpg?auto=compress → 403
2026-04-01 08:01:08 +00:00: 2026-04-01 08:01:08,136 - __main__ - WARNING - ⚠️  Download failed: https://img-cdn.hltv.org/gallerypicture/8-yVt_MSHu8PYg4xwLvKrh.jpg?auto=compress → 403
2026-04-01 08:01:09 +00:00: 2026-04-01 08:01:09,216 - __main__ - WARNING - ⚠️  Reddit r/GlobalOffensive: HTTP 403
2026-04-01 08:01:11 +00:00: 2026-04-01 08:01:11,231 - __main__ - WARNING - ⚠️  Reddit r/cs2: HTTP 403
2026-04-01 08:01:13 +00:00: 2026-04-01 08:01:13,244 - __main__ - WARNING - ⚠️  Reddit r/CSMemes: HTTP 403
2026-04-01 08:01:15 +00:00: 2026-04-01 08:01:15,244 - __main__ - INFO - 📊 Media hunt complete: 0 images, 0 videos
2026-04-01 12:01:16 +00:00: 2026-04-01 12:01:16,581 - __main__ - INFO - 📸 HLTV galleries: 15 images found
2026-04-01 12:01:16 +00:00: 2026-04-01 12:01:16,749 - __main__ - WARNING - ⚠️  Download failed: https://img-cdn.hltv.org/gallerypicture/xNTU2XTJ4aUEAHA68qhKfe.jpg?auto=compress → 403
2026-04-01 12:01:17 +00:00: 2026-04-01 12:01:17,766 - __main__ - WARNING - ⚠️  Download failed: https://img-cdn.hltv.org/gallerypicture/xNTU2XTJ4aUEAHA68qhKfe.jpg?auto=compress → 403
2026-04-01 12:01:18 +00:00: 2026-04-01 12:01:18,825 - __main__ - WARNING - ⚠️  Download failed: https://img-cdn.hltv.org/gallerypicture/tON3KB9UKcxinm4WfMyhOP.jpg?auto=compress → 403
2026-04-01 12:01:19 +00:00: 2026-04-01 12:01:19,966 - __main__ - WARNING - ⚠️  Download failed: https://img-cdn.hltv.org/gallerypicture/x7cEMbq052HzHm3omAh8Ab.jpg?auto=compress → 403
2026-04-01 12:01:20 +00:00: 2026-04-01 12:01:20,986 - __main__ - WARNING - ⚠️  Download failed: https://img-cdn.hltv.org/gallerypicture/x7cEMbq052HzHm3omAh8Ab.jpg?auto=compress → 403
2026-04-01 12:01:22 +00:00: 2026-04-01 12:01:22,102 - __main__ - WARNING - ⚠️  Download failed: https://img-cdn.hltv.org/gallerypicture/3hXVAsy9_0IVaoBojms_oe.jpg?auto=compress → 403
2026-04-01 12:01:23 +00:00: 2026-04-01 12:01:23,147 - __main__ - WARNING - ⚠️  Download failed: https://img-cdn.hltv.org/gallerypicture/ZoXyFrcpqMja9ORgP-m3LP.jpg?auto=compress → 403
2026-04-01 12:01:24 +00:00: 2026-04-01 12:01:24,163 - __main__ - WARNING - ⚠️  Download failed: https://img-cdn.hltv.org/gallerypicture/ZoXyFrcpqMja9ORgP-m3LP.jpg?auto=compress → 403
2026-04-01 12:01:25 +00:00: 2026-04-01 12:01:25,215 - __main__ - WARNING - ⚠️  Download failed: https://img-cdn.hltv.org/gallerypicture/EA5xXeUoFjlgfs-XtTRaiZ.jpg?auto=compress → 403
2026-04-01 12:01:26 +00:00: 2026-04-01 12:01:26,349 - __main__ - WARNING - ⚠️  Download failed: https://img-cdn.hltv.org/gallerypicture/FnYeGoGLjsLuPNNkGNtVn7.jpg?auto=compress → 403
2026-04-01 12:01:27 +00:00: 2026-04-01 12:01:27,365 - __main__ - WARNING - ⚠️  Download failed: https://img-cdn.hltv.org/gallerypicture/FnYeGoGLjsLuPNNkGNtVn7.jpg?auto=compress → 403
2026-04-01 12:01:28 +00:00: 2026-04-01 12:01:28,470 - __main__ - WARNING - ⚠️  Download failed: https://img-cdn.hltv.org/gallerypicture/vHvc1sGVMlFaLIpmBjDXnT.jpg?auto=compress → 403
2026-04-01 12:01:29 +00:00: 2026-04-01 12:01:29,519 - __main__ - WARNING - ⚠️  Download failed: https://img-cdn.hltv.org/gallerypicture/-LrdNWy-6gcUbNos26hsCk.jpg?auto=compress → 403
2026-04-01 12:01:30 +00:00: 2026-04-01 12:01:30,534 - __main__ - WARNING - ⚠️  Download failed: https://img-cdn.hltv.org/gallerypicture/-LrdNWy-6gcUbNos26hsCk.jpg?auto=compress → 403
2026-04-01 12:01:31 +00:00: 2026-04-01 12:01:31,581 - __main__ - WARNING - ⚠️  Download failed: https://img-cdn.hltv.org/gallerypicture/8-yVt_MSHu8PYg4xwLvKrh.jpg?auto=compress → 403
2026-04-01 12:01:32 +00:00: 2026-04-01 12:01:32,654 - __main__ - WARNING - ⚠️  Reddit r/GlobalOffensive: HTTP 403
2026-04-01 12:01:34 +00:00: 2026-04-01 12:01:34,667 - __main__ - WARNING - ⚠️  Reddit r/cs2: HTTP 403
2026-04-01 12:01:36 +00:00: 2026-04-01 12:01:36,683 - __main__ - WARNING - ⚠️  Reddit r/CSMemes: HTTP 403
2026-04-01 12:01:38 +00:00: 2026-04-01 12:01:38,685 - __main__ - INFO - 📊 Media hunt complete: 0 images, 0 videos
2026-04-01 13:43:57 +00:00: Traceback (most recent call last):
2026-04-01 13:43:57 +00:00:   File "/home/ubuntu/openclaw/scripts/ingestion/clip_hunter.py", line 475, in <module>
2026-04-01 13:43:57 +00:00:     asyncio.run(ClipHunter().run_forever())
2026-04-01 13:43:57 +00:00:   File "/usr/lib/python3.10/asyncio/runners.py", line 44, in run
2026-04-01 13:43:57 +00:00:     return loop.run_until_complete(main)
2026-04-01 13:43:57 +00:00:   File "/usr/lib/python3.10/asyncio/base_events.py", line 636, in run_until_complete
2026-04-01 13:43:57 +00:00:     self.run_forever()
2026-04-01 13:43:57 +00:00:   File "/usr/lib/python3.10/asyncio/base_events.py", line 603, in run_forever
2026-04-01 13:43:57 +00:00:     self._run_once()
2026-04-01 13:43:57 +00:00:   File "/usr/lib/python3.10/asyncio/base_events.py", line 1871, in _run_once
2026-04-01 13:43:57 +00:00:     event_list = self._selector.select(timeout)
2026-04-01 13:43:57 +00:00:   File "/usr/lib/python3.10/selectors.py", line 469, in select
2026-04-01 13:43:57 +00:00:     fd_event_list = self._selector.poll(timeout, max_ev)
2026-04-01 13:43:57 +00:00: KeyboardInterrupt
2026-04-01 13:43:57 +00:00: 2026-04-01 13:43:57,401 - __main__ - INFO - 🚀 Clip Hunter started — finding viral CS2 media
2026-04-01 13:43:58 +00:00: 2026-04-01 13:43:58,315 - utils.db_utils - INFO - ✅ Reconnected to PostgreSQL
2026-04-01 13:43:58 +00:00: 2026-04-01 13:43:58,986 - __main__ - INFO - 📸 HLTV galleries: 15 images found
2026-04-01 13:43:59 +00:00: 2026-04-01 13:43:59,077 - __main__ - WARNING - ⚠️  Download failed: https://img-cdn.hltv.org/gallerypicture/HLeGmAZ-83hwx0RO_uGg4g.jpg?auto=compress → 403
2026-04-01 13:44:00 +00:00: 2026-04-01 13:44:00,097 - __main__ - WARNING - ⚠️  Download failed: https://img-cdn.hltv.org/gallerypicture/HLeGmAZ-83hwx0RO_uGg4g.jpg?auto=compress → 403
2026-04-01 13:44:01 +00:00: 2026-04-01 13:44:01,160 - __main__ - WARNING - ⚠️  Download failed: https://img-cdn.hltv.org/gallerypicture/ueeQNpE9u038Z8QFCluGfm.jpg?auto=compress → 403
2026-04-01 13:44:02 +00:00: 2026-04-01 13:44:02,229 - __main__ - WARNING - ⚠️  Download failed: https://img-cdn.hltv.org/gallerypicture/xNTU2XTJ4aUEAHA68qhKfe.jpg?auto=compress → 403
2026-04-01 13:44:03 +00:00: 2026-04-01 13:44:03,247 - __main__ - WARNING - ⚠️  Download failed: https://img-cdn.hltv.org/gallerypicture/xNTU2XTJ4aUEAHA68qhKfe.jpg?auto=compress → 403
2026-04-01 13:44:04 +00:00: 2026-04-01 13:44:04,299 - __main__ - WARNING - ⚠️  Download failed: https://img-cdn.hltv.org/gallerypicture/tON3KB9UKcxinm4WfMyhOP.jpg?auto=compress → 403
2026-04-01 13:44:05 +00:00: 2026-04-01 13:44:05,404 - __main__ - WARNING - ⚠️  Download failed: https://img-cdn.hltv.org/gallerypicture/x7cEMbq052HzHm3omAh8Ab.jpg?auto=compress → 403
2026-04-01 13:44:06 +00:00: 2026-04-01 13:44:06,422 - __main__ - WARNING - ⚠️  Download failed: https://img-cdn.hltv.org/gallerypicture/x7cEMbq052HzHm3omAh8Ab.jpg?auto=compress → 403
2026-04-01 13:44:07 +00:00: 2026-04-01 13:44:07,471 - __main__ - WARNING - ⚠️  Download failed: https://img-cdn.hltv.org/gallerypicture/3hXVAsy9_0IVaoBojms_oe.jpg?auto=compress → 403
2026-04-01 13:44:08 +00:00: 2026-04-01 13:44:08,517 - __main__ - WARNING - ⚠️  Download failed: https://img-cdn.hltv.org/gallerypicture/lYIT5Zr3tBZSmQXiRc-tVM.jpg?auto=compress → 403
2026-04-01 13:44:09 +00:00: 2026-04-01 13:44:09,534 - __main__ - WARNING - ⚠️  Download failed: https://img-cdn.hltv.org/gallerypicture/lYIT5Zr3tBZSmQXiRc-tVM.jpg?auto=compress → 403
2026-04-01 13:44:10 +00:00: 2026-04-01 13:44:10,602 - __main__ - WARNING - ⚠️  Download failed: https://img-cdn.hltv.org/gallerypicture/EA5xXeUoFjlgfs-XtTRaiZ.jpg?auto=compress → 403
2026-04-01 13:44:11 +00:00: 2026-04-01 13:44:11,663 - __main__ - WARNING - ⚠️  Download failed: https://img-cdn.hltv.org/gallerypicture/FnYeGoGLjsLuPNNkGNtVn7.jpg?auto=compress → 403
2026-04-01 13:44:12 +00:00: 2026-04-01 13:44:12,681 - __main__ - WARNING - ⚠️  Download failed: https://img-cdn.hltv.org/gallerypicture/FnYeGoGLjsLuPNNkGNtVn7.jpg?auto=compress → 403
2026-04-01 13:44:13 +00:00: 2026-04-01 13:44:13,723 - __main__ - WARNING - ⚠️  Download failed: https://img-cdn.hltv.org/gallerypicture/vHvc1sGVMlFaLIpmBjDXnT.jpg?auto=compress → 403
2026-04-01 13:44:14 +00:00: 2026-04-01 13:44:14,834 - __main__ - WARNING - ⚠️  Reddit r/GlobalOffensive: HTTP 403
2026-04-01 13:44:16 +00:00: 2026-04-01 13:44:16,846 - __main__ - WARNING - ⚠️  Reddit r/cs2: HTTP 403
2026-04-01 13:44:18 +00:00: 2026-04-01 13:44:18,857 - __main__ - WARNING - ⚠️  Reddit r/CSMemes: HTTP 403
2026-04-01 13:44:20 +00:00: 2026-04-01 13:44:20,860 - __main__ - INFO - 📊 Media hunt complete: 0 images, 0 videos
2026-04-01 14:13:00 +00:00: Traceback (most recent call last):
2026-04-01 14:13:00 +00:00:   File "/home/ubuntu/openclaw/scripts/ingestion/clip_hunter.py", line 475, in <module>
2026-04-01 14:13:00 +00:00:     asyncio.run(ClipHunter().run_forever())
2026-04-01 14:13:00 +00:00:   File "/usr/lib/python3.10/asyncio/runners.py", line 44, in run
2026-04-01 14:13:00 +00:00:     return loop.run_until_complete(main)
2026-04-01 14:13:00 +00:00:   File "/usr/lib/python3.10/asyncio/base_events.py", line 636, in run_until_complete
2026-04-01 14:13:00 +00:00:     self.run_forever()
2026-04-01 14:13:00 +00:00:   File "/usr/lib/python3.10/asyncio/base_events.py", line 603, in run_forever
2026-04-01 14:13:00 +00:00:     self._run_once()
2026-04-01 14:13:00 +00:00:   File "/usr/lib/python3.10/asyncio/base_events.py", line 1871, in _run_once
2026-04-01 14:13:00 +00:00:     event_list = self._selector.select(timeout)
2026-04-01 14:13:00 +00:00:   File "/usr/lib/python3.10/selectors.py", line 469, in select
2026-04-01 14:13:00 +00:00:     fd_event_list = self._selector.poll(timeout, max_ev)
2026-04-01 14:13:00 +00:00: KeyboardInterrupt
2026-04-01 14:13:01 +00:00: 2026-04-01 14:13:01,277 - __main__ - INFO - 🚀 Clip Hunter started — finding viral CS2 media
2026-04-01 14:13:02 +00:00: 2026-04-01 14:13:02,226 - utils.db_utils - INFO - ✅ Reconnected to PostgreSQL
2026-04-01 14:13:02 +00:00: 2026-04-01 14:13:02,930 - __main__ - INFO - 📸 HLTV galleries: 15 images found
2026-04-01 14:13:03 +00:00: 2026-04-01 14:13:03,016 - __main__ - WARNING - ⚠️  Download failed: https://img-cdn.hltv.org/gallerypicture/Y5x3-wcoHN3a3XyXSxCecL.jpg?auto=compress → 403
2026-04-01 14:13:04 +00:00: 2026-04-01 14:13:04,033 - __main__ - WARNING - ⚠️  Download failed: https://img-cdn.hltv.org/gallerypicture/Y5x3-wcoHN3a3XyXSxCecL.jpg?auto=compress → 403
2026-04-01 14:13:05 +00:00: 2026-04-01 14:13:05,049 - __main__ - WARNING - ⚠️  Download failed: https://img-cdn.hltv.org/gallerypicture/Y5x3-wcoHN3a3XyXSxCecL.jpg?auto=compress → 403
2026-04-01 14:13:06 +00:00: 2026-04-01 14:13:06,092 - __main__ - WARNING - ⚠️  Download failed: https://img-cdn.hltv.org/gallerypicture/HLeGmAZ-83hwx0RO_uGg4g.jpg?auto=compress → 403
2026-04-01 14:13:07 +00:00: 2026-04-01 14:13:07,110 - __main__ - WARNING - ⚠️  Download failed: https://img-cdn.hltv.org/gallerypicture/HLeGmAZ-83hwx0RO_uGg4g.jpg?auto=compress → 403
2026-04-01 14:13:08 +00:00: 2026-04-01 14:13:08,145 - __main__ - WARNING - ⚠️  Download failed: https://img-cdn.hltv.org/gallerypicture/ueeQNpE9u038Z8QFCluGfm.jpg?auto=compress → 403
2026-04-01 14:13:09 +00:00: 2026-04-01 14:13:09,193 - __main__ - WARNING - ⚠️  Download failed: https://img-cdn.hltv.org/gallerypicture/xNTU2XTJ4aUEAHA68qhKfe.jpg?auto=compress → 403
2026-04-01 14:13:10 +00:00: 2026-04-01 14:13:10,209 - __main__ - WARNING - ⚠️  Download failed: https://img-cdn.hltv.org/gallerypicture/xNTU2XTJ4aUEAHA68qhKfe.jpg?auto=compress → 403
2026-04-01 14:13:11 +00:00: 2026-04-01 14:13:11,238 - __main__ - WARNING - ⚠️  Download failed: https://img-cdn.hltv.org/gallerypicture/tON3KB9UKcxinm4WfMyhOP.jpg?auto=compress → 403
2026-04-01 14:13:12 +00:00: 2026-04-01 14:13:12,292 - __main__ - WARNING - ⚠️  Download failed: https://img-cdn.hltv.org/gallerypicture/x7cEMbq052HzHm3omAh8Ab.jpg?auto=compress → 403
2026-04-01 14:13:13 +00:00: 2026-04-01 14:13:13,309 - __main__ - WARNING - ⚠️  Download failed: https://img-cdn.hltv.org/gallerypicture/x7cEMbq052HzHm3omAh8Ab.jpg?auto=compress → 403
2026-04-01 14:13:14 +00:00: 2026-04-01 14:13:14,365 - __main__ - WARNING - ⚠️  Download failed: https://img-cdn.hltv.org/gallerypicture/3hXVAsy9_0IVaoBojms_oe.jpg?auto=compress → 403
2026-04-01 14:13:15 +00:00: 2026-04-01 14:13:15,400 - __main__ - WARNING - ⚠️  Download failed: https://img-cdn.hltv.org/gallerypicture/lYIT5Zr3tBZSmQXiRc-tVM.jpg?auto=compress → 403
2026-04-01 14:13:16 +00:00: 2026-04-01 14:13:16,418 - __main__ - WARNING - ⚠️  Download failed: https://img-cdn.hltv.org/gallerypicture/lYIT5Zr3tBZSmQXiRc-tVM.jpg?auto=compress → 403
2026-04-01 14:13:17 +00:00: 2026-04-01 14:13:17,512 - __main__ - WARNING - ⚠️  Download failed: https://img-cdn.hltv.org/gallerypicture/EA5xXeUoFjlgfs-XtTRaiZ.jpg?auto=compress → 403
2026-04-01 14:13:18 +00:00: 2026-04-01 14:13:18,693 - __main__ - WARNING - ⚠️  Reddit r/GlobalOffensive: HTTP 403
2026-04-01 14:13:21 +00:00: 2026-04-01 14:13:21,545 - __main__ - INFO - 📹 Reddit r/cs2: 11 clips found
2026-04-01 14:13:21 +00:00: 2026-04-01 14:13:21,639 - __main__ - INFO - 📥 Downloaded: cf2e7eab52cd07eeaf22ad40ef1b89b6.png (30KB)
2026-04-01 14:13:21 +00:00: 2026-04-01 14:13:21,733 - __main__ - INFO - 📥 Downloaded: ecd68ebf4405dab97c9fb1b63634f50c.jpeg (61KB)
2026-04-01 14:13:21 +00:00: 2026-04-01 14:13:21,742 - __main__ - INFO - 📥 Downloaded: 4e5b74fd4c42d1dd70936418e116cd14.jpeg (22KB)
2026-04-01 14:13:22 +00:00: 2026-04-01 14:13:22,000 - __main__ - INFO - 📥 Downloaded: 829056fc2653aaf8d79aad4d69068e5e.mp4 (12936KB)
2026-04-01 14:13:22 +00:00: 2026-04-01 14:13:22,013 - __main__ - INFO - 📥 Downloaded: 96bf2b2d21102eaf50b45826c5a674f0.jpeg (4KB)
2026-04-01 14:13:22 +00:00: 2026-04-01 14:13:22,038 - __main__ - INFO - 📥 Downloaded: 0dba3c80ecb4e7d1d3e267627f448192.png (335KB)
2026-04-01 14:13:22 +00:00: 2026-04-01 14:13:22,143 - __main__ - INFO - 📥 Downloaded: 47cc9c239b3a835a6474e3f8e59ba921.jpeg (106KB)
2026-04-01 14:13:22 +00:00: 2026-04-01 14:13:22,172 - __main__ - INFO - 📥 Downloaded: 32ec7a528fb4105d0169f1f6b6e7f497.jpeg (1420KB)
2026-04-01 14:13:22 +00:00: 2026-04-01 14:13:22,420 - __main__ - INFO - 📥 Downloaded: 24878ce8a5ef8d32c3cdd61a42c76a12.mp4 (20418KB)
2026-04-01 14:13:22 +00:00: 2026-04-01 14:13:22,422 - __main__ - WARNING - ⚠️  Video compression failed: [Errno 2] No such file or directory: 'ffmpeg'
2026-04-01 14:13:22 +00:00: 2026-04-01 14:13:22,459 - __main__ - INFO - 📥 Downloaded: c220f71e9b14b73c19022d41b81d21ee.png (2406KB)
2026-04-01 14:13:22 +00:00: 2026-04-01 14:13:22,630 - __main__ - INFO - 📥 Downloaded: 4f21184541717fe2fd856c8188cebe08.mp4 (5116KB)
2026-04-01 14:13:24 +00:00: 2026-04-01 14:13:24,774 - __main__ - WARNING - ⚠️  Reddit r/CSMemes: HTTP 404
2026-04-01 14:13:32 +00:00: 2026-04-01 14:13:32,273 - __main__ - INFO - 💾 Stored 11/11 media items
2026-04-01 14:13:32 +00:00: 2026-04-01 14:13:32,273 - __main__ - INFO - 📊 Media hunt complete: 8 images, 3 videos
2026-04-01 18:13:33 +00:00: 2026-04-01 18:13:33,626 - __main__ - INFO - 📸 HLTV galleries: 15 images found
2026-04-01 18:13:33 +00:00: 2026-04-01 18:13:33,769 - __main__ - WARNING - ⚠️  Download failed: https://img-cdn.hltv.org/gallerypicture/qJQ_cRVxOTEhhLSW9U6mKp.jpg?auto=compress → 403
2026-04-01 18:13:34 +00:00: 2026-04-01 18:13:34,785 - __main__ - WARNING - ⚠️  Download failed: https://img-cdn.hltv.org/gallerypicture/qJQ_cRVxOTEhhLSW9U6mKp.jpg?auto=compress → 403
2026-04-01 18:13:35 +00:00: 2026-04-01 18:13:35,833 - __main__ - WARNING - ⚠️  Download failed: https://img-cdn.hltv.org/gallerypicture/Y5x3-wcoHN3a3XyXSxCecL.jpg?auto=compress → 403
2026-04-01 18:13:36 +00:00: 2026-04-01 18:13:36,974 - __main__ - WARNING - ⚠️  Download failed: https://img-cdn.hltv.org/gallerypicture/HLeGmAZ-83hwx0RO_uGg4g.jpg?auto=compress → 403
2026-04-01 18:13:37 +00:00: 2026-04-01 18:13:37,990 - __main__ - WARNING - ⚠️  Download failed: https://img-cdn.hltv.org/gallerypicture/HLeGmAZ-83hwx0RO_uGg4g.jpg?auto=compress → 403
2026-04-01 18:13:39 +00:00: 2026-04-01 18:13:39,095 - __main__ - WARNING - ⚠️  Download failed: https://img-cdn.hltv.org/gallerypicture/ueeQNpE9u038Z8QFCluGfm.jpg?auto=compress → 403
2026-04-01 18:13:40 +00:00: 2026-04-01 18:13:40,207 - __main__ - WARNING - ⚠️  Download failed: https://img-cdn.hltv.org/gallerypicture/xNTU2XTJ4aUEAHA68qhKfe.jpg?auto=compress → 403
2026-04-01 18:13:41 +00:00: 2026-04-01 18:13:41,224 - __main__ - WARNING - ⚠️  Download failed: https://img-cdn.hltv.org/gallerypicture/xNTU2XTJ4aUEAHA68qhKfe.jpg?auto=compress → 403
2026-04-01 18:13:42 +00:00: 2026-04-01 18:13:42,285 - __main__ - WARNING - ⚠️  Download failed: https://img-cdn.hltv.org/gallerypicture/tON3KB9UKcxinm4WfMyhOP.jpg?auto=compress → 403
2026-04-01 18:13:43 +00:00: 2026-04-01 18:13:43,371 - __main__ - WARNING - ⚠️  Download failed: https://img-cdn.hltv.org/gallerypicture/x7cEMbq052HzHm3omAh8Ab.jpg?auto=compress → 403
2026-04-01 18:13:44 +00:00: 2026-04-01 18:13:44,386 - __main__ - WARNING - ⚠️  Download failed: https://img-cdn.hltv.org/gallerypicture/x7cEMbq052HzHm3omAh8Ab.jpg?auto=compress → 403
2026-04-01 18:13:45 +00:00: 2026-04-01 18:13:45,427 - __main__ - WARNING - ⚠️  Download failed: https://img-cdn.hltv.org/gallerypicture/3hXVAsy9_0IVaoBojms_oe.jpg?auto=compress → 403
2026-04-01 18:13:46 +00:00: 2026-04-01 18:13:46,466 - __main__ - WARNING - ⚠️  Download failed: https://img-cdn.hltv.org/gallerypicture/ZoXyFrcpqMja9ORgP-m3LP.jpg?auto=compress → 403
2026-04-01 18:13:47 +00:00: 2026-04-01 18:13:47,482 - __main__ - WARNING - ⚠️  Download failed: https://img-cdn.hltv.org/gallerypicture/ZoXyFrcpqMja9ORgP-m3LP.jpg?auto=compress → 403
2026-04-01 18:13:48 +00:00: 2026-04-01 18:13:48,535 - __main__ - WARNING - ⚠️  Download failed: https://img-cdn.hltv.org/gallerypicture/EA5xXeUoFjlgfs-XtTRaiZ.jpg?auto=compress → 403
2026-04-01 18:13:49 +00:00: 2026-04-01 18:13:49,619 - __main__ - WARNING - ⚠️  Reddit r/GlobalOffensive: HTTP 403
2026-04-01 18:13:51 +00:00: 2026-04-01 18:13:51,632 - __main__ - WARNING - ⚠️  Reddit r/cs2: HTTP 403
2026-04-01 18:13:53 +00:00: 2026-04-01 18:13:53,644 - __main__ - WARNING - ⚠️  Reddit r/CSMemes: HTTP 403
2026-04-01 18:13:55 +00:00: 2026-04-01 18:13:55,647 - __main__ - INFO - 📊 Media hunt complete: 0 images, 0 videos
2026-04-01 22:13:56 +00:00: 2026-04-01 22:13:56,828 - __main__ - INFO - 📸 HLTV galleries: 15 images found
2026-04-01 22:13:56 +00:00: 2026-04-01 22:13:56,896 - __main__ - WARNING - ⚠️  Download failed: https://img-cdn.hltv.org/gallerypicture/qJQ_cRVxOTEhhLSW9U6mKp.jpg?auto=compress → 403
2026-04-01 22:13:57 +00:00: 2026-04-01 22:13:57,914 - __main__ - WARNING - ⚠️  Download failed: https://img-cdn.hltv.org/gallerypicture/qJQ_cRVxOTEhhLSW9U6mKp.jpg?auto=compress → 403
2026-04-01 22:13:58 +00:00: 2026-04-01 22:13:58,970 - __main__ - WARNING - ⚠️  Download failed: https://img-cdn.hltv.org/gallerypicture/Y5x3-wcoHN3a3XyXSxCecL.jpg?auto=compress → 403
2026-04-01 22:14:00 +00:00: 2026-04-01 22:14:00,026 - __main__ - WARNING - ⚠️  Download failed: https://img-cdn.hltv.org/gallerypicture/HLeGmAZ-83hwx0RO_uGg4g.jpg?auto=compress → 403
2026-04-01 22:14:01 +00:00: 2026-04-01 22:14:01,044 - __main__ - WARNING - ⚠️  Download failed: https://img-cdn.hltv.org/gallerypicture/HLeGmAZ-83hwx0RO_uGg4g.jpg?auto=compress → 403
2026-04-01 22:14:02 +00:00: 2026-04-01 22:14:02,149 - __main__ - WARNING - ⚠️  Download failed: https://img-cdn.hltv.org/gallerypicture/ueeQNpE9u038Z8QFCluGfm.jpg?auto=compress → 403
2026-04-01 22:14:03 +00:00: 2026-04-01 22:14:03,212 - __main__ - WARNING - ⚠️  Download failed: https://img-cdn.hltv.org/gallerypicture/xNTU2XTJ4aUEAHA68qhKfe.jpg?auto=compress → 403
2026-04-01 22:14:04 +00:00: 2026-04-01 22:14:04,228 - __main__ - WARNING - ⚠️  Download failed: https://img-cdn.hltv.org/gallerypicture/xNTU2XTJ4aUEAHA68qhKfe.jpg?auto=compress → 403
2026-04-01 22:14:05 +00:00: 2026-04-01 22:14:05,280 - __main__ - WARNING - ⚠️  Download failed: https://img-cdn.hltv.org/gallerypicture/tON3KB9UKcxinm4WfMyhOP.jpg?auto=compress → 403
2026-04-01 22:14:06 +00:00: 2026-04-01 22:14:06,399 - __main__ - WARNING - ⚠️  Download failed: https://img-cdn.hltv.org/gallerypicture/x7cEMbq052HzHm3omAh8Ab.jpg?auto=compress → 403
2026-04-01 22:14:07 +00:00: 2026-04-01 22:14:07,416 - __main__ - WARNING - ⚠️  Download failed: https://img-cdn.hltv.org/gallerypicture/x7cEMbq052HzHm3omAh8Ab.jpg?auto=compress → 403
2026-04-01 22:14:08 +00:00: 2026-04-01 22:14:08,466 - __main__ - WARNING - ⚠️  Download failed: https://img-cdn.hltv.org/gallerypicture/3hXVAsy9_0IVaoBojms_oe.jpg?auto=compress → 403
2026-04-01 22:14:09 +00:00: 2026-04-01 22:14:09,499 - __main__ - WARNING - ⚠️  Download failed: https://img-cdn.hltv.org/gallerypicture/ZoXyFrcpqMja9ORgP-m3LP.jpg?auto=compress → 403
2026-04-01 22:14:10 +00:00: 2026-04-01 22:14:10,530 - __main__ - WARNING - ⚠️  Download failed: https://img-cdn.hltv.org/gallerypicture/ZoXyFrcpqMja9ORgP-m3LP.jpg?auto=compress → 403
2026-04-01 22:14:11 +00:00: 2026-04-01 22:14:11,583 - __main__ - WARNING - ⚠️  Download failed: https://img-cdn.hltv.org/gallerypicture/EA5xXeUoFjlgfs-XtTRaiZ.jpg?auto=compress → 403
2026-04-01 22:14:12 +00:00: 2026-04-01 22:14:12,663 - __main__ - WARNING - ⚠️  Reddit r/GlobalOffensive: HTTP 403
2026-04-01 22:14:14 +00:00: 2026-04-01 22:14:14,675 - __main__ - WARNING - ⚠️  Reddit r/cs2: HTTP 403
2026-04-01 22:14:16 +00:00: 2026-04-01 22:14:16,685 - __main__ - WARNING - ⚠️  Reddit r/CSMemes: HTTP 403
2026-04-01 22:14:18 +00:00: 2026-04-01 22:14:18,687 - __main__ - INFO - 📊 Media hunt complete: 0 images, 0 videos
2026-04-02 02:14:19 +00:00: 2026-04-02 02:14:19,885 - __main__ - INFO - 📸 HLTV galleries: 15 images found
2026-04-02 02:14:20 +00:00: 2026-04-02 02:14:20,011 - __main__ - WARNING - ⚠️  Download failed: https://img-cdn.hltv.org/gallerypicture/qJQ_cRVxOTEhhLSW9U6mKp.jpg?auto=compress → 403
2026-04-02 02:14:21 +00:00: 2026-04-02 02:14:21,028 - __main__ - WARNING - ⚠️  Download failed: https://img-cdn.hltv.org/gallerypicture/qJQ_cRVxOTEhhLSW9U6mKp.jpg?auto=compress → 403
2026-04-02 02:14:22 +00:00: 2026-04-02 02:14:22,105 - __main__ - WARNING - ⚠️  Download failed: https://img-cdn.hltv.org/gallerypicture/Y5x3-wcoHN3a3XyXSxCecL.jpg?auto=compress → 403
2026-04-02 02:14:23 +00:00: 2026-04-02 02:14:23,164 - __main__ - WARNING - ⚠️  Download failed: https://img-cdn.hltv.org/gallerypicture/HLeGmAZ-83hwx0RO_uGg4g.jpg?auto=compress → 403
2026-04-02 02:14:24 +00:00: 2026-04-02 02:14:24,179 - __main__ - WARNING - ⚠️  Download failed: https://img-cdn.hltv.org/gallerypicture/HLeGmAZ-83hwx0RO_uGg4g.jpg?auto=compress → 403
2026-04-02 02:14:25 +00:00: 2026-04-02 02:14:25,231 - __main__ - WARNING - ⚠️  Download failed: https://img-cdn.hltv.org/gallerypicture/ueeQNpE9u038Z8QFCluGfm.jpg?auto=compress → 403
2026-04-02 02:14:26 +00:00: 2026-04-02 02:14:26,292 - __main__ - WARNING - ⚠️  Download failed: https://img-cdn.hltv.org/gallerypicture/xNTU2XTJ4aUEAHA68qhKfe.jpg?auto=compress → 403
2026-04-02 02:14:27 +00:00: 2026-04-02 02:14:27,311 - __main__ - WARNING - ⚠️  Download failed: https://img-cdn.hltv.org/gallerypicture/xNTU2XTJ4aUEAHA68qhKfe.jpg?auto=compress → 403
2026-04-02 02:14:28 +00:00: 2026-04-02 02:14:28,370 - __main__ - WARNING - ⚠️  Download failed: https://img-cdn.hltv.org/gallerypicture/tON3KB9UKcxinm4WfMyhOP.jpg?auto=compress → 403
2026-04-02 02:14:29 +00:00: 2026-04-02 02:14:29,460 - __main__ - WARNING - ⚠️  Download failed: https://img-cdn.hltv.org/gallerypicture/x7cEMbq052HzHm3omAh8Ab.jpg?auto=compress → 403
2026-04-02 02:14:30 +00:00: 2026-04-02 02:14:30,478 - __main__ - WARNING - ⚠️  Download failed: https://img-cdn.hltv.org/gallerypicture/x7cEMbq052HzHm3omAh8Ab.jpg?auto=compress → 403
2026-04-02 02:14:31 +00:00: 2026-04-02 02:14:31,592 - __main__ - WARNING - ⚠️  Download failed: https://img-cdn.hltv.org/gallerypicture/3hXVAsy9_0IVaoBojms_oe.jpg?auto=compress → 403
2026-04-02 02:14:32 +00:00: 2026-04-02 02:14:32,622 - __main__ - WARNING - ⚠️  Download failed: https://img-cdn.hltv.org/gallerypicture/ZoXyFrcpqMja9ORgP-m3LP.jpg?auto=compress → 403
2026-04-02 02:14:33 +00:00: 2026-04-02 02:14:33,639 - __main__ - WARNING - ⚠️  Download failed: https://img-cdn.hltv.org/gallerypicture/ZoXyFrcpqMja9ORgP-m3LP.jpg?auto=compress → 403
2026-04-02 02:14:34 +00:00: 2026-04-02 02:14:34,681 - __main__ - WARNING - ⚠️  Download failed: https://img-cdn.hltv.org/gallerypicture/EA5xXeUoFjlgfs-XtTRaiZ.jpg?auto=compress → 403
2026-04-02 02:14:35 +00:00: 2026-04-02 02:14:35,766 - __main__ - WARNING - ⚠️  Reddit r/GlobalOffensive: HTTP 403
2026-04-02 02:14:37 +00:00: 2026-04-02 02:14:37,778 - __main__ - WARNING - ⚠️  Reddit r/cs2: HTTP 403
2026-04-02 02:14:39 +00:00: 2026-04-02 02:14:39,789 - __main__ - WARNING - ⚠️  Reddit r/CSMemes: HTTP 403
2026-04-02 02:14:41 +00:00: 2026-04-02 02:14:41,793 - __main__ - INFO - 📊 Media hunt complete: 0 images, 0 videos
2026-04-02 06:14:43 +00:00: 2026-04-02 06:14:43,183 - __main__ - INFO - 📸 HLTV galleries: 15 images found
2026-04-02 06:14:43 +00:00: 2026-04-02 06:14:43,299 - __main__ - WARNING - ⚠️  Download failed: https://img-cdn.hltv.org/gallerypicture/qJQ_cRVxOTEhhLSW9U6mKp.jpg?auto=compress → 403
2026-04-02 06:14:44 +00:00: 2026-04-02 06:14:44,313 - __main__ - WARNING - ⚠️  Download failed: https://img-cdn.hltv.org/gallerypicture/qJQ_cRVxOTEhhLSW9U6mKp.jpg?auto=compress → 403
2026-04-02 06:14:45 +00:00: 2026-04-02 06:14:45,351 - __main__ - WARNING - ⚠️  Download failed: https://img-cdn.hltv.org/gallerypicture/Y5x3-wcoHN3a3XyXSxCecL.jpg?auto=compress → 403
2026-04-02 06:14:46 +00:00: 2026-04-02 06:14:46,446 - __main__ - WARNING - ⚠️  Download failed: https://img-cdn.hltv.org/gallerypicture/HLeGmAZ-83hwx0RO_uGg4g.jpg?auto=compress → 403
2026-04-02 06:14:47 +00:00: 2026-04-02 06:14:47,462 - __main__ - WARNING - ⚠️  Download failed: https://img-cdn.hltv.org/gallerypicture/HLeGmAZ-83hwx0RO_uGg4g.jpg?auto=compress → 403
2026-04-02 06:14:48 +00:00: 2026-04-02 06:14:48,569 - __main__ - WARNING - ⚠️  Download failed: https://img-cdn.hltv.org/gallerypicture/ueeQNpE9u038Z8QFCluGfm.jpg?auto=compress → 403
2026-04-02 06:14:49 +00:00: 2026-04-02 06:14:49,693 - __main__ - WARNING - ⚠️  Download failed: https://img-cdn.hltv.org/gallerypicture/xNTU2XTJ4aUEAHA68qhKfe.jpg?auto=compress → 403
2026-04-02 06:14:50 +00:00: 2026-04-02 06:14:50,710 - __main__ - WARNING - ⚠️  Download failed: https://img-cdn.hltv.org/gallerypicture/xNTU2XTJ4aUEAHA68qhKfe.jpg?auto=compress → 403
2026-04-02 06:14:51 +00:00: 2026-04-02 06:14:51,798 - __main__ - WARNING - ⚠️  Download failed: https://img-cdn.hltv.org/gallerypicture/tON3KB9UKcxinm4WfMyhOP.jpg?auto=compress → 403
2026-04-02 06:14:52 +00:00: 2026-04-02 06:14:52,990 - __main__ - WARNING - ⚠️  Download failed: https://img-cdn.hltv.org/gallerypicture/x7cEMbq052HzHm3omAh8Ab.jpg?auto=compress → 403
2026-04-02 06:14:54 +00:00: 2026-04-02 06:14:54,005 - __main__ - WARNING - ⚠️  Download failed: https://img-cdn.hltv.org/gallerypicture/x7cEMbq052HzHm3omAh8Ab.jpg?auto=compress → 403
2026-04-02 06:14:55 +00:00: 2026-04-02 06:14:55,105 - __main__ - WARNING - ⚠️  Download failed: https://img-cdn.hltv.org/gallerypicture/3hXVAsy9_0IVaoBojms_oe.jpg?auto=compress → 403
2026-04-02 06:14:56 +00:00: 2026-04-02 06:14:56,210 - __main__ - WARNING - ⚠️  Download failed: https://img-cdn.hltv.org/gallerypicture/ZoXyFrcpqMja9ORgP-m3LP.jpg?auto=compress → 403
2026-04-02 06:14:57 +00:00: 2026-04-02 06:14:57,228 - __main__ - WARNING - ⚠️  Download failed: https://img-cdn.hltv.org/gallerypicture/ZoXyFrcpqMja9ORgP-m3LP.jpg?auto=compress → 403
2026-04-02 06:14:58 +00:00: 2026-04-02 06:14:58,361 - __main__ - WARNING - ⚠️  Download failed: https://img-cdn.hltv.org/gallerypicture/EA5xXeUoFjlgfs-XtTRaiZ.jpg?auto=compress → 403
2026-04-02 06:14:59 +00:00: 2026-04-02 06:14:59,443 - __main__ - WARNING - ⚠️  Reddit r/GlobalOffensive: HTTP 403
2026-04-02 06:15:01 +00:00: 2026-04-02 06:15:01,454 - __main__ - WARNING - ⚠️  Reddit r/cs2: HTTP 403
2026-04-02 06:15:03 +00:00: 2026-04-02 06:15:03,465 - __main__ - WARNING - ⚠️  Reddit r/CSMemes: HTTP 403
2026-04-02 06:15:05 +00:00: 2026-04-02 06:15:05,467 - __main__ - INFO - 📊 Media hunt complete: 0 images, 0 videos
2026-04-02 10:15:06 +00:00: 2026-04-02 10:15:06,896 - __main__ - INFO - 📸 HLTV galleries: 15 images found
2026-04-02 10:15:06 +00:00: 2026-04-02 10:15:06,961 - __main__ - WARNING - ⚠️  Download failed: https://img-cdn.hltv.org/gallerypicture/56JYv9voa11ce-0qVaSZXL.jpg?auto=compress → 403
2026-04-02 10:15:07 +00:00: 2026-04-02 10:15:07,977 - __main__ - WARNING - ⚠️  Download failed: https://img-cdn.hltv.org/gallerypicture/56JYv9voa11ce-0qVaSZXL.jpg?auto=compress → 403
2026-04-02 10:15:08 +00:00: 2026-04-02 10:15:08,994 - __main__ - WARNING - ⚠️  Download failed: https://img-cdn.hltv.org/gallerypicture/56JYv9voa11ce-0qVaSZXL.jpg?auto=compress → 403
2026-04-02 10:15:10 +00:00: 2026-04-02 10:15:10,103 - __main__ - WARNING - ⚠️  Download failed: https://img-cdn.hltv.org/gallerypicture/qJQ_cRVxOTEhhLSW9U6mKp.jpg?auto=compress → 403
2026-04-02 10:15:11 +00:00: 2026-04-02 10:15:11,120 - __main__ - WARNING - ⚠️  Download failed: https://img-cdn.hltv.org/gallerypicture/qJQ_cRVxOTEhhLSW9U6mKp.jpg?auto=compress → 403
2026-04-02 10:15:12 +00:00: 2026-04-02 10:15:12,150 - __main__ - WARNING - ⚠️  Download failed: https://img-cdn.hltv.org/gallerypicture/Y5x3-wcoHN3a3XyXSxCecL.jpg?auto=compress → 403
2026-04-02 10:15:13 +00:00: 2026-04-02 10:15:13,251 - __main__ - WARNING - ⚠️  Download failed: https://img-cdn.hltv.org/gallerypicture/HLeGmAZ-83hwx0RO_uGg4g.jpg?auto=compress → 403
2026-04-02 10:15:14 +00:00: 2026-04-02 10:15:14,268 - __main__ - WARNING - ⚠️  Download failed: https://img-cdn.hltv.org/gallerypicture/HLeGmAZ-83hwx0RO_uGg4g.jpg?auto=compress → 403
2026-04-02 10:15:15 +00:00: 2026-04-02 10:15:15,300 - __main__ - WARNING - ⚠️  Download failed: https://img-cdn.hltv.org/gallerypicture/ueeQNpE9u038Z8QFCluGfm.jpg?auto=compress → 403
2026-04-02 10:15:16 +00:00: 2026-04-02 10:15:16,414 - __main__ - WARNING - ⚠️  Download failed: https://img-cdn.hltv.org/gallerypicture/xNTU2XTJ4aUEAHA68qhKfe.jpg?auto=compress → 403
2026-04-02 10:15:17 +00:00: 2026-04-02 10:15:17,430 - __main__ - WARNING - ⚠️  Download failed: https://img-cdn.hltv.org/gallerypicture/xNTU2XTJ4aUEAHA68qhKfe.jpg?auto=compress → 403
2026-04-02 10:15:18 +00:00: 2026-04-02 10:15:18,464 - __main__ - WARNING - ⚠️  Download failed: https://img-cdn.hltv.org/gallerypicture/tON3KB9UKcxinm4WfMyhOP.jpg?auto=compress → 403
2026-04-02 10:15:19 +00:00: 2026-04-02 10:15:19,546 - __main__ - WARNING - ⚠️  Download failed: https://img-cdn.hltv.org/gallerypicture/x7cEMbq052HzHm3omAh8Ab.jpg?auto=compress → 403
2026-04-02 10:15:20 +00:00: 2026-04-02 10:15:20,562 - __main__ - WARNING - ⚠️  Download failed: https://img-cdn.hltv.org/gallerypicture/x7cEMbq052HzHm3omAh8Ab.jpg?auto=compress → 403
2026-04-02 10:15:21 +00:00: 2026-04-02 10:15:21,598 - __main__ - WARNING - ⚠️  Download failed: https://img-cdn.hltv.org/gallerypicture/3hXVAsy9_0IVaoBojms_oe.jpg?auto=compress → 403
2026-04-02 10:15:22 +00:00: 2026-04-02 10:15:22,673 - __main__ - WARNING - ⚠️  Reddit r/GlobalOffensive: HTTP 403
2026-04-02 10:15:24 +00:00: 2026-04-02 10:15:24,684 - __main__ - WARNING - ⚠️  Reddit r/cs2: HTTP 403
2026-04-02 10:15:26 +00:00: 2026-04-02 10:15:26,694 - __main__ - WARNING - ⚠️  Reddit r/CSMemes: HTTP 403
2026-04-02 10:15:28 +00:00: 2026-04-02 10:15:28,696 - __main__ - INFO - 📊 Media hunt complete: 0 images, 0 videos
2026-04-02 14:15:30 +00:00: 2026-04-02 14:15:30,038 - __main__ - INFO - 📸 HLTV galleries: 15 images found
2026-04-02 14:15:30 +00:00: 2026-04-02 14:15:30,146 - __main__ - WARNING - ⚠️  Download failed: https://img-cdn.hltv.org/gallerypicture/2jswvbIrpTJJCx7_hNfHY_.jpg?auto=compress → 403
2026-04-02 14:15:31 +00:00: 2026-04-02 14:15:31,164 - __main__ - WARNING - ⚠️  Download failed: https://img-cdn.hltv.org/gallerypicture/2jswvbIrpTJJCx7_hNfHY_.jpg?auto=compress → 403
2026-04-02 14:15:32 +00:00: 2026-04-02 14:15:32,188 - __main__ - WARNING - ⚠️  Download failed: https://img-cdn.hltv.org/gallerypicture/6A3Df-O-I9bHoPWm_lZ4gR.jpg?auto=compress → 403
2026-04-02 14:15:33 +00:00: 2026-04-02 14:15:33,214 - __main__ - WARNING - ⚠️  Download failed: https://img-cdn.hltv.org/gallerypicture/uyCXcFuJl2ccDcibNzW3ME.jpg?auto=compress → 403
2026-04-02 14:15:34 +00:00: 2026-04-02 14:15:34,234 - __main__ - WARNING - ⚠️  Download failed: https://img-cdn.hltv.org/gallerypicture/uyCXcFuJl2ccDcibNzW3ME.jpg?auto=compress → 403
2026-04-02 14:15:35 +00:00: 2026-04-02 14:15:35,285 - __main__ - WARNING - ⚠️  Download failed: https://img-cdn.hltv.org/gallerypicture/56JYv9voa11ce-0qVaSZXL.jpg?auto=compress → 403
2026-04-02 14:15:36 +00:00: 2026-04-02 14:15:36,343 - __main__ - WARNING - ⚠️  Download failed: https://img-cdn.hltv.org/gallerypicture/qJQ_cRVxOTEhhLSW9U6mKp.jpg?auto=compress → 403
2026-04-02 14:15:37 +00:00: 2026-04-02 14:15:37,363 - __main__ - WARNING - ⚠️  Download failed: https://img-cdn.hltv.org/gallerypicture/qJQ_cRVxOTEhhLSW9U6mKp.jpg?auto=compress → 403
2026-04-02 14:15:38 +00:00: 2026-04-02 14:15:38,417 - __main__ - WARNING - ⚠️  Download failed: https://img-cdn.hltv.org/gallerypicture/Y5x3-wcoHN3a3XyXSxCecL.jpg?auto=compress → 403
2026-04-02 14:15:39 +00:00: 2026-04-02 14:15:39,486 - __main__ - WARNING - ⚠️  Download failed: https://img-cdn.hltv.org/gallerypicture/HLeGmAZ-83hwx0RO_uGg4g.jpg?auto=compress → 403
2026-04-02 14:15:40 +00:00: 2026-04-02 14:15:40,507 - __main__ - WARNING - ⚠️  Download failed: https://img-cdn.hltv.org/gallerypicture/HLeGmAZ-83hwx0RO_uGg4g.jpg?auto=compress → 403
2026-04-02 14:15:41 +00:00: 2026-04-02 14:15:41,562 - __main__ - WARNING - ⚠️  Download failed: https://img-cdn.hltv.org/gallerypicture/ueeQNpE9u038Z8QFCluGfm.jpg?auto=compress → 403
2026-04-02 14:15:42 +00:00: 2026-04-02 14:15:42,622 - __main__ - WARNING - ⚠️  Download failed: https://img-cdn.hltv.org/gallerypicture/xNTU2XTJ4aUEAHA68qhKfe.jpg?auto=compress → 403
2026-04-02 14:15:43 +00:00: 2026-04-02 14:15:43,643 - __main__ - WARNING - ⚠️  Download failed: https://img-cdn.hltv.org/gallerypicture/xNTU2XTJ4aUEAHA68qhKfe.jpg?auto=compress → 403
2026-04-02 14:15:44 +00:00: 2026-04-02 14:15:44,696 - __main__ - WARNING - ⚠️  Download failed: https://img-cdn.hltv.org/gallerypicture/tON3KB9UKcxinm4WfMyhOP.jpg?auto=compress → 403
2026-04-02 14:15:45 +00:00: 2026-04-02 14:15:45,754 - __main__ - WARNING - ⚠️  Reddit r/GlobalOffensive: HTTP 403
2026-04-02 14:15:47 +00:00: 2026-04-02 14:15:47,765 - __main__ - WARNING - ⚠️  Reddit r/cs2: HTTP 403
2026-04-02 14:15:49 +00:00: 2026-04-02 14:15:49,777 - __main__ - WARNING - ⚠️  Reddit r/CSMemes: HTTP 403
2026-04-02 14:15:51 +00:00: 2026-04-02 14:15:51,780 - __main__ - INFO - 📊 Media hunt complete: 0 images, 0 videos
2026-04-02 15:14:23 +00:00: Traceback (most recent call last):
2026-04-02 15:14:23 +00:00:   File "/home/ubuntu/openclaw/scripts/ingestion/clip_hunter.py", line 475, in <module>
2026-04-02 15:14:23 +00:00:     if _clip_hunter is None:
2026-04-02 15:14:23 +00:00:   File "/usr/lib/python3.10/asyncio/runners.py", line 44, in run
2026-04-02 15:14:23 +00:00:     return loop.run_until_complete(main)
2026-04-02 15:14:23 +00:00:   File "/usr/lib/python3.10/asyncio/base_events.py", line 636, in run_until_complete
2026-04-02 15:14:23 +00:00:     self.run_forever()
2026-04-02 15:14:23 +00:00:   File "/usr/lib/python3.10/asyncio/base_events.py", line 603, in run_forever
2026-04-02 15:14:23 +00:00:     self._run_once()
2026-04-02 15:14:23 +00:00:   File "/usr/lib/python3.10/asyncio/base_events.py", line 1871, in _run_once
2026-04-02 15:14:23 +00:00:     event_list = self._selector.select(timeout)
2026-04-02 15:14:23 +00:00:   File "/usr/lib/python3.10/selectors.py", line 469, in select
2026-04-02 15:14:23 +00:00:     fd_event_list = self._selector.poll(timeout, max_ev)
2026-04-02 15:14:23 +00:00: KeyboardInterrupt
2026-04-02 15:14:24 +00:00: 2026-04-02 15:14:24,474 - __main__ - INFO - 🚀 Clip Hunter started — finding viral CS2 media
2026-04-02 15:14:25 +00:00: 2026-04-02 15:14:25,392 - utils.db_utils - INFO - ✅ Reconnected to PostgreSQL
2026-04-02 15:14:26 +00:00: 2026-04-02 15:14:26,342 - __main__ - INFO - 📸 HLTV galleries: 15 images found
2026-04-02 15:14:26 +00:00: 2026-04-02 15:14:26,419 - __main__ - WARNING - ⚠️  Download failed: https://img-cdn.hltv.org/gallerypicture/2jswvbIrpTJJCx7_hNfHY_.jpg?auto=compress → 403
2026-04-02 15:14:27 +00:00: 2026-04-02 15:14:27,437 - __main__ - WARNING - ⚠️  Download failed: https://img-cdn.hltv.org/gallerypicture/2jswvbIrpTJJCx7_hNfHY_.jpg?auto=compress → 403
2026-04-02 15:14:28 +00:00: 2026-04-02 15:14:28,482 - __main__ - WARNING - ⚠️  Download failed: https://img-cdn.hltv.org/gallerypicture/6A3Df-O-I9bHoPWm_lZ4gR.jpg?auto=compress → 403
2026-04-02 15:14:29 +00:00: 2026-04-02 15:14:29,524 - __main__ - WARNING - ⚠️  Download failed: https://img-cdn.hltv.org/gallerypicture/bPSMyGho2hsPBCsxhMWerL.jpg?auto=compress → 403
2026-04-02 15:14:30 +00:00: 2026-04-02 15:14:30,541 - __main__ - WARNING - ⚠️  Download failed: https://img-cdn.hltv.org/gallerypicture/bPSMyGho2hsPBCsxhMWerL.jpg?auto=compress → 403
2026-04-02 15:14:31 +00:00: 2026-04-02 15:14:31,572 - __main__ - WARNING - ⚠️  Download failed: https://img-cdn.hltv.org/gallerypicture/56JYv9voa11ce-0qVaSZXL.jpg?auto=compress → 403
2026-04-02 15:14:32 +00:00: 2026-04-02 15:14:32,661 - __main__ - WARNING - ⚠️  Download failed: https://img-cdn.hltv.org/gallerypicture/qJQ_cRVxOTEhhLSW9U6mKp.jpg?auto=compress → 403
2026-04-02 15:14:33 +00:00: 2026-04-02 15:14:33,677 - __main__ - WARNING - ⚠️  Download failed: https://img-cdn.hltv.org/gallerypicture/qJQ_cRVxOTEhhLSW9U6mKp.jpg?auto=compress → 403
2026-04-02 15:14:34 +00:00: 2026-04-02 15:14:34,708 - __main__ - WARNING - ⚠️  Download failed: https://img-cdn.hltv.org/gallerypicture/Y5x3-wcoHN3a3XyXSxCecL.jpg?auto=compress → 403
2026-04-02 15:14:35 +00:00: 2026-04-02 15:14:35,821 - __main__ - WARNING - ⚠️  Download failed: https://img-cdn.hltv.org/gallerypicture/HLeGmAZ-83hwx0RO_uGg4g.jpg?auto=compress → 403
2026-04-02 15:14:36 +00:00: 2026-04-02 15:14:36,837 - __main__ - WARNING - ⚠️  Download failed: https://img-cdn.hltv.org/gallerypicture/HLeGmAZ-83hwx0RO_uGg4g.jpg?auto=compress → 403
2026-04-02 15:14:37 +00:00: 2026-04-02 15:14:37,977 - __main__ - WARNING - ⚠️  Download failed: https://img-cdn.hltv.org/gallerypicture/ueeQNpE9u038Z8QFCluGfm.jpg?auto=compress → 403
2026-04-02 15:14:39 +00:00: 2026-04-02 15:14:39,026 - __main__ - WARNING - ⚠️  Download failed: https://img-cdn.hltv.org/gallerypicture/xNTU2XTJ4aUEAHA68qhKfe.jpg?auto=compress → 403
2026-04-02 15:14:40 +00:00: 2026-04-02 15:14:40,043 - __main__ - WARNING - ⚠️  Download failed: https://img-cdn.hltv.org/gallerypicture/xNTU2XTJ4aUEAHA68qhKfe.jpg?auto=compress → 403
2026-04-02 15:14:41 +00:00: 2026-04-02 15:14:41,078 - __main__ - WARNING - ⚠️  Download failed: https://img-cdn.hltv.org/gallerypicture/tON3KB9UKcxinm4WfMyhOP.jpg?auto=compress → 403
2026-04-02 15:14:42 +00:00: 2026-04-02 15:14:42,160 - __main__ - WARNING - ⚠️  Reddit r/GlobalOffensive: HTTP 403
2026-04-02 15:14:44 +00:00: 2026-04-02 15:14:44,173 - __main__ - WARNING - ⚠️  Reddit r/cs2: HTTP 403
2026-04-02 15:14:46 +00:00: 2026-04-02 15:14:46,184 - __main__ - WARNING - ⚠️  Reddit r/CSMemes: HTTP 403
2026-04-02 15:14:48 +00:00: 2026-04-02 15:14:48,187 - __main__ - INFO - 📊 Media hunt complete: 0 images, 0 videos
2026-04-02 15:19:11 +00:00: Traceback (most recent call last):
2026-04-02 15:19:11 +00:00:   File "/home/ubuntu/openclaw/scripts/ingestion/clip_hunter.py", line 481, in <module>
2026-04-02 15:19:11 +00:00:     asyncio.run(ClipHunter().run_forever())
2026-04-02 15:19:11 +00:00:   File "/usr/lib/python3.10/asyncio/runners.py", line 44, in run
2026-04-02 15:19:11 +00:00:     return loop.run_until_complete(main)
2026-04-02 15:19:11 +00:00:   File "/usr/lib/python3.10/asyncio/base_events.py", line 636, in run_until_complete
2026-04-02 15:19:11 +00:00:     self.run_forever()
2026-04-02 15:19:11 +00:00:   File "/usr/lib/python3.10/asyncio/base_events.py", line 603, in run_forever
2026-04-02 15:19:11 +00:00:     self._run_once()
2026-04-02 15:19:11 +00:00:   File "/usr/lib/python3.10/asyncio/base_events.py", line 1871, in _run_once
2026-04-02 15:19:11 +00:00:     event_list = self._selector.select(timeout)
2026-04-02 15:19:11 +00:00:   File "/usr/lib/python3.10/selectors.py", line 469, in select
2026-04-02 15:19:11 +00:00:     fd_event_list = self._selector.poll(timeout, max_ev)
2026-04-02 15:19:11 +00:00: KeyboardInterrupt
2026-04-02 15:19:12 +00:00: 2026-04-02 15:19:12,465 - __main__ - INFO - 🚀 Clip Hunter started — finding viral CS2 media
2026-04-02 15:19:13 +00:00: 2026-04-02 15:19:13,375 - utils.db_utils - INFO - ✅ Reconnected to PostgreSQL
2026-04-02 15:19:13 +00:00: 2026-04-02 15:19:13,849 - __main__ - INFO - 📸 HLTV galleries: 15 images found
2026-04-02 15:19:13 +00:00: 2026-04-02 15:19:13,911 - __main__ - WARNING - ⚠️  Download failed: https://img-cdn.hltv.org/gallerypicture/2jswvbIrpTJJCx7_hNfHY_.jpg?auto=compress → 403
2026-04-02 15:19:14 +00:00: 2026-04-02 15:19:14,930 - __main__ - WARNING - ⚠️  Download failed: https://img-cdn.hltv.org/gallerypicture/2jswvbIrpTJJCx7_hNfHY_.jpg?auto=compress → 403
2026-04-02 15:19:15 +00:00: 2026-04-02 15:19:15,966 - __main__ - WARNING - ⚠️  Download failed: https://img-cdn.hltv.org/gallerypicture/6A3Df-O-I9bHoPWm_lZ4gR.jpg?auto=compress → 403
2026-04-02 15:19:17 +00:00: 2026-04-02 15:19:17,008 - __main__ - WARNING - ⚠️  Download failed: https://img-cdn.hltv.org/gallerypicture/bPSMyGho2hsPBCsxhMWerL.jpg?auto=compress → 403
2026-04-02 15:19:18 +00:00: 2026-04-02 15:19:18,026 - __main__ - WARNING - ⚠️  Download failed: https://img-cdn.hltv.org/gallerypicture/bPSMyGho2hsPBCsxhMWerL.jpg?auto=compress → 403
2026-04-02 15:19:19 +00:00: 2026-04-02 15:19:19,056 - __main__ - WARNING - ⚠️  Download failed: https://img-cdn.hltv.org/gallerypicture/56JYv9voa11ce-0qVaSZXL.jpg?auto=compress → 403
2026-04-02 15:19:20 +00:00: 2026-04-02 15:19:20,095 - __main__ - WARNING - ⚠️  Download failed: https://img-cdn.hltv.org/gallerypicture/qJQ_cRVxOTEhhLSW9U6mKp.jpg?auto=compress → 403
2026-04-02 15:19:21 +00:00: 2026-04-02 15:19:21,112 - __main__ - WARNING - ⚠️  Download failed: https://img-cdn.hltv.org/gallerypicture/qJQ_cRVxOTEhhLSW9U6mKp.jpg?auto=compress → 403
2026-04-02 15:19:22 +00:00: 2026-04-02 15:19:22,144 - __main__ - WARNING - ⚠️  Download failed: https://img-cdn.hltv.org/gallerypicture/Y5x3-wcoHN3a3XyXSxCecL.jpg?auto=compress → 403
2026-04-02 15:19:23 +00:00: 2026-04-02 15:19:23,254 - __main__ - WARNING - ⚠️  Download failed: https://img-cdn.hltv.org/gallerypicture/HLeGmAZ-83hwx0RO_uGg4g.jpg?auto=compress → 403
2026-04-02 15:19:24 +00:00: 2026-04-02 15:19:24,274 - __main__ - WARNING - ⚠️  Download failed: https://img-cdn.hltv.org/gallerypicture/HLeGmAZ-83hwx0RO_uGg4g.jpg?auto=compress → 403
2026-04-02 15:19:25 +00:00: 2026-04-02 15:19:25,309 - __main__ - WARNING - ⚠️  Download failed: https://img-cdn.hltv.org/gallerypicture/ueeQNpE9u038Z8QFCluGfm.jpg?auto=compress → 403
2026-04-02 15:19:26 +00:00: 2026-04-02 15:19:26,409 - __main__ - WARNING - ⚠️  Download failed: https://img-cdn.hltv.org/gallerypicture/xNTU2XTJ4aUEAHA68qhKfe.jpg?auto=compress → 403
2026-04-02 15:19:27 +00:00: 2026-04-02 15:19:27,425 - __main__ - WARNING - ⚠️  Download failed: https://img-cdn.hltv.org/gallerypicture/xNTU2XTJ4aUEAHA68qhKfe.jpg?auto=compress → 403
2026-04-02 15:19:28 +00:00: 2026-04-02 15:19:28,460 - __main__ - WARNING - ⚠️  Download failed: https://img-cdn.hltv.org/gallerypicture/tON3KB9UKcxinm4WfMyhOP.jpg?auto=compress → 403
2026-04-02 15:19:29 +00:00: 2026-04-02 15:19:29,534 - __main__ - WARNING - ⚠️  Reddit r/GlobalOffensive: HTTP 403
2026-04-02 15:19:31 +00:00: 2026-04-02 15:19:31,546 - __main__ - WARNING - ⚠️  Reddit r/cs2: HTTP 403
2026-04-02 15:19:33 +00:00: 2026-04-02 15:19:33,559 - __main__ - WARNING - ⚠️  Reddit r/CSMemes: HTTP 403
2026-04-02 15:19:35 +00:00: 2026-04-02 15:19:35,560 - __main__ - INFO - 📊 Media hunt complete: 0 images, 0 videos
2026-04-02 19:19:36 +00:00: 2026-04-02 19:19:36,540 - __main__ - INFO - 📸 HLTV galleries: 15 images found
2026-04-02 19:19:36 +00:00: 2026-04-02 19:19:36,674 - __main__ - WARNING - ⚠️  Download failed: https://img-cdn.hltv.org/gallerypicture/2jswvbIrpTJJCx7_hNfHY_.jpg?auto=compress → 403
2026-04-02 19:19:37 +00:00: 2026-04-02 19:19:37,692 - __main__ - WARNING - ⚠️  Download failed: https://img-cdn.hltv.org/gallerypicture/2jswvbIrpTJJCx7_hNfHY_.jpg?auto=compress → 403
2026-04-02 19:19:38 +00:00: 2026-04-02 19:19:38,810 - __main__ - WARNING - ⚠️  Download failed: https://img-cdn.hltv.org/gallerypicture/6A3Df-O-I9bHoPWm_lZ4gR.jpg?auto=compress → 403
2026-04-02 19:19:39 +00:00: 2026-04-02 19:19:39,856 - __main__ - WARNING - ⚠️  Download failed: https://img-cdn.hltv.org/gallerypicture/bPSMyGho2hsPBCsxhMWerL.jpg?auto=compress → 403
2026-04-02 19:19:40 +00:00: 2026-04-02 19:19:40,874 - __main__ - WARNING - ⚠️  Download failed: https://img-cdn.hltv.org/gallerypicture/bPSMyGho2hsPBCsxhMWerL.jpg?auto=compress → 403
2026-04-02 19:19:41 +00:00: 2026-04-02 19:19:41,932 - __main__ - WARNING - ⚠️  Download failed: https://img-cdn.hltv.org/gallerypicture/56JYv9voa11ce-0qVaSZXL.jpg?auto=compress → 403
2026-04-02 19:19:43 +00:00: 2026-04-02 19:19:43,032 - __main__ - WARNING - ⚠️  Download failed: https://img-cdn.hltv.org/gallerypicture/qJQ_cRVxOTEhhLSW9U6mKp.jpg?auto=compress → 403
2026-04-02 19:19:44 +00:00: 2026-04-02 19:19:44,049 - __main__ - WARNING - ⚠️  Download failed: https://img-cdn.hltv.org/gallerypicture/qJQ_cRVxOTEhhLSW9U6mKp.jpg?auto=compress → 403
2026-04-02 19:19:45 +00:00: 2026-04-02 19:19:45,143 - __main__ - WARNING - ⚠️  Download failed: https://img-cdn.hltv.org/gallerypicture/Y5x3-wcoHN3a3XyXSxCecL.jpg?auto=compress → 403
2026-04-02 19:19:46 +00:00: 2026-04-02 19:19:46,200 - __main__ - WARNING - ⚠️  Download failed: https://img-cdn.hltv.org/gallerypicture/HLeGmAZ-83hwx0RO_uGg4g.jpg?auto=compress → 403
2026-04-02 19:19:47 +00:00: 2026-04-02 19:19:47,222 - __main__ - WARNING - ⚠️  Download failed: https://img-cdn.hltv.org/gallerypicture/HLeGmAZ-83hwx0RO_uGg4g.jpg?auto=compress → 403
2026-04-02 19:19:48 +00:00: 2026-04-02 19:19:48,323 - __main__ - WARNING - ⚠️  Download failed: https://img-cdn.hltv.org/gallerypicture/ueeQNpE9u038Z8QFCluGfm.jpg?auto=compress → 403
2026-04-02 19:19:49 +00:00: 2026-04-02 19:19:49,418 - __main__ - WARNING - ⚠️  Download failed: https://img-cdn.hltv.org/gallerypicture/xNTU2XTJ4aUEAHA68qhKfe.jpg?auto=compress → 403
2026-04-02 19:19:50 +00:00: 2026-04-02 19:19:50,440 - __main__ - WARNING - ⚠️  Download failed: https://img-cdn.hltv.org/gallerypicture/xNTU2XTJ4aUEAHA68qhKfe.jpg?auto=compress → 403
2026-04-02 19:19:51 +00:00: 2026-04-02 19:19:51,477 - __main__ - WARNING - ⚠️  Download failed: https://img-cdn.hltv.org/gallerypicture/tON3KB9UKcxinm4WfMyhOP.jpg?auto=compress → 403
2026-04-02 19:19:52 +00:00: 2026-04-02 19:19:52,601 - __main__ - WARNING - ⚠️  Reddit r/GlobalOffensive: HTTP 403
2026-04-02 19:19:54 +00:00: 2026-04-02 19:19:54,615 - __main__ - WARNING - ⚠️  Reddit r/cs2: HTTP 403
2026-04-02 19:19:56 +00:00: 2026-04-02 19:19:56,629 - __main__ - WARNING - ⚠️  Reddit r/CSMemes: HTTP 403
2026-04-02 19:19:58 +00:00: 2026-04-02 19:19:58,631 - __main__ - INFO - 📊 Media hunt complete: 0 images, 0 videos
2026-04-02 23:19:59 +00:00: 2026-04-02 23:19:59,954 - __main__ - INFO - 📸 HLTV galleries: 15 images found
2026-04-02 23:20:00 +00:00: 2026-04-02 23:20:00,055 - __main__ - WARNING - ⚠️  Download failed: https://img-cdn.hltv.org/gallerypicture/2jswvbIrpTJJCx7_hNfHY_.jpg?auto=compress → 403
2026-04-02 23:20:01 +00:00: 2026-04-02 23:20:01,071 - __main__ - WARNING - ⚠️  Download failed: https://img-cdn.hltv.org/gallerypicture/2jswvbIrpTJJCx7_hNfHY_.jpg?auto=compress → 403
2026-04-02 23:20:02 +00:00: 2026-04-02 23:20:02,112 - __main__ - WARNING - ⚠️  Download failed: https://img-cdn.hltv.org/gallerypicture/6A3Df-O-I9bHoPWm_lZ4gR.jpg?auto=compress → 403
2026-04-02 23:20:03 +00:00: 2026-04-02 23:20:03,146 - __main__ - WARNING - ⚠️  Download failed: https://img-cdn.hltv.org/gallerypicture/wskI6oDJ-hd1BjLUoYlwJ9.jpg?auto=compress → 403
2026-04-02 23:20:04 +00:00: 2026-04-02 23:20:04,161 - __main__ - WARNING - ⚠️  Download failed: https://img-cdn.hltv.org/gallerypicture/wskI6oDJ-hd1BjLUoYlwJ9.jpg?auto=compress → 403
2026-04-02 23:20:05 +00:00: 2026-04-02 23:20:05,238 - __main__ - WARNING - ⚠️  Download failed: https://img-cdn.hltv.org/gallerypicture/56JYv9voa11ce-0qVaSZXL.jpg?auto=compress → 403
2026-04-02 23:20:06 +00:00: 2026-04-02 23:20:06,343 - __main__ - WARNING - ⚠️  Download failed: https://img-cdn.hltv.org/gallerypicture/qJQ_cRVxOTEhhLSW9U6mKp.jpg?auto=compress → 403
2026-04-02 23:20:07 +00:00: 2026-04-02 23:20:07,356 - __main__ - WARNING - ⚠️  Download failed: https://img-cdn.hltv.org/gallerypicture/qJQ_cRVxOTEhhLSW9U6mKp.jpg?auto=compress → 403
2026-04-02 23:20:08 +00:00: 2026-04-02 23:20:08,387 - __main__ - WARNING - ⚠️  Download failed: https://img-cdn.hltv.org/gallerypicture/Y5x3-wcoHN3a3XyXSxCecL.jpg?auto=compress → 403
2026-04-02 23:20:09 +00:00: 2026-04-02 23:20:09,490 - __main__ - WARNING - ⚠️  Download failed: https://img-cdn.hltv.org/gallerypicture/HLeGmAZ-83hwx0RO_uGg4g.jpg?auto=compress → 403
2026-04-02 23:20:10 +00:00: 2026-04-02 23:20:10,505 - __main__ - WARNING - ⚠️  Download failed: https://img-cdn.hltv.org/gallerypicture/HLeGmAZ-83hwx0RO_uGg4g.jpg?auto=compress → 403
2026-04-02 23:20:11 +00:00: 2026-04-02 23:20:11,582 - __main__ - WARNING - ⚠️  Download failed: https://img-cdn.hltv.org/gallerypicture/ueeQNpE9u038Z8QFCluGfm.jpg?auto=compress → 403
2026-04-02 23:20:12 +00:00: 2026-04-02 23:20:12,625 - __main__ - WARNING - ⚠️  Download failed: https://img-cdn.hltv.org/gallerypicture/xNTU2XTJ4aUEAHA68qhKfe.jpg?auto=compress → 403
2026-04-02 23:20:13 +00:00: 2026-04-02 23:20:13,639 - __main__ - WARNING - ⚠️  Download failed: https://img-cdn.hltv.org/gallerypicture/xNTU2XTJ4aUEAHA68qhKfe.jpg?auto=compress → 403
2026-04-02 23:20:14 +00:00: 2026-04-02 23:20:14,672 - __main__ - WARNING - ⚠️  Download failed: https://img-cdn.hltv.org/gallerypicture/tON3KB9UKcxinm4WfMyhOP.jpg?auto=compress → 403
2026-04-02 23:20:15 +00:00: 2026-04-02 23:20:15,740 - __main__ - WARNING - ⚠️  Reddit r/GlobalOffensive: HTTP 403
2026-04-02 23:20:17 +00:00: 2026-04-02 23:20:17,751 - __main__ - WARNING - ⚠️  Reddit r/cs2: HTTP 403
2026-04-02 23:20:19 +00:00: 2026-04-02 23:20:19,761 - __main__ - WARNING - ⚠️  Reddit r/CSMemes: HTTP 403
2026-04-02 23:20:21 +00:00: 2026-04-02 23:20:21,764 - __main__ - INFO - 📊 Media hunt complete: 0 images, 0 videos
2026-04-03 03:20:22 +00:00: 2026-04-03 03:20:22,881 - __main__ - INFO - 📸 HLTV galleries: 15 images found
2026-04-03 03:20:22 +00:00: 2026-04-03 03:20:22,958 - __main__ - WARNING - ⚠️  Download failed: https://img-cdn.hltv.org/gallerypicture/2jswvbIrpTJJCx7_hNfHY_.jpg?auto=compress → 403
2026-04-03 03:20:23 +00:00: 2026-04-03 03:20:23,979 - __main__ - WARNING - ⚠️  Download failed: https://img-cdn.hltv.org/gallerypicture/2jswvbIrpTJJCx7_hNfHY_.jpg?auto=compress → 403
2026-04-03 03:20:25 +00:00: 2026-04-03 03:20:25,014 - __main__ - WARNING - ⚠️  Download failed: https://img-cdn.hltv.org/gallerypicture/6A3Df-O-I9bHoPWm_lZ4gR.jpg?auto=compress → 403
2026-04-03 03:20:26 +00:00: 2026-04-03 03:20:26,046 - __main__ - WARNING - ⚠️  Download failed: https://img-cdn.hltv.org/gallerypicture/wskI6oDJ-hd1BjLUoYlwJ9.jpg?auto=compress → 403
2026-04-03 03:20:27 +00:00: 2026-04-03 03:20:27,066 - __main__ - WARNING - ⚠️  Download failed: https://img-cdn.hltv.org/gallerypicture/wskI6oDJ-hd1BjLUoYlwJ9.jpg?auto=compress → 403
2026-04-03 03:20:28 +00:00: 2026-04-03 03:20:28,118 - __main__ - WARNING - ⚠️  Download failed: https://img-cdn.hltv.org/gallerypicture/56JYv9voa11ce-0qVaSZXL.jpg?auto=compress → 403
2026-04-03 03:20:29 +00:00: 2026-04-03 03:20:29,168 - __main__ - WARNING - ⚠️  Download failed: https://img-cdn.hltv.org/gallerypicture/qJQ_cRVxOTEhhLSW9U6mKp.jpg?auto=compress → 403
2026-04-03 03:20:30 +00:00: 2026-04-03 03:20:30,187 - __main__ - WARNING - ⚠️  Download failed: https://img-cdn.hltv.org/gallerypicture/qJQ_cRVxOTEhhLSW9U6mKp.jpg?auto=compress → 403
2026-04-03 03:20:31 +00:00: 2026-04-03 03:20:31,290 - __main__ - WARNING - ⚠️  Download failed: https://img-cdn.hltv.org/gallerypicture/Y5x3-wcoHN3a3XyXSxCecL.jpg?auto=compress → 403
2026-04-03 03:20:32 +00:00: 2026-04-03 03:20:32,342 - __main__ - WARNING - ⚠️  Download failed: https://img-cdn.hltv.org/gallerypicture/HLeGmAZ-83hwx0RO_uGg4g.jpg?auto=compress → 403
2026-04-03 03:20:33 +00:00: 2026-04-03 03:20:33,362 - __main__ - WARNING - ⚠️  Download failed: https://img-cdn.hltv.org/gallerypicture/HLeGmAZ-83hwx0RO_uGg4g.jpg?auto=compress → 403
2026-04-03 03:20:34 +00:00: 2026-04-03 03:20:34,431 - __main__ - WARNING - ⚠️  Download failed: https://img-cdn.hltv.org/gallerypicture/ueeQNpE9u038Z8QFCluGfm.jpg?auto=compress → 403
2026-04-03 03:20:35 +00:00: 2026-04-03 03:20:35,493 - __main__ - WARNING - ⚠️  Download failed: https://img-cdn.hltv.org/gallerypicture/xNTU2XTJ4aUEAHA68qhKfe.jpg?auto=compress → 403
2026-04-03 03:20:36 +00:00: 2026-04-03 03:20:36,512 - __main__ - WARNING - ⚠️  Download failed: https://img-cdn.hltv.org/gallerypicture/xNTU2XTJ4aUEAHA68qhKfe.jpg?auto=compress → 403
2026-04-03 03:20:37 +00:00: 2026-04-03 03:20:37,570 - __main__ - WARNING - ⚠️  Download failed: https://img-cdn.hltv.org/gallerypicture/tON3KB9UKcxinm4WfMyhOP.jpg?auto=compress → 403
2026-04-03 03:20:38 +00:00: 2026-04-03 03:20:38,642 - __main__ - WARNING - ⚠️  Reddit r/GlobalOffensive: HTTP 403
2026-04-03 03:20:40 +00:00: 2026-04-03 03:20:40,655 - __main__ - WARNING - ⚠️  Reddit r/cs2: HTTP 403
2026-04-03 03:20:42 +00:00: 2026-04-03 03:20:42,668 - __main__ - WARNING - ⚠️  Reddit r/CSMemes: HTTP 403
2026-04-03 03:20:44 +00:00: 2026-04-03 03:20:44,671 - __main__ - INFO - 📊 Media hunt complete: 0 images, 0 videos
2026-04-03 07:20:45 +00:00: 2026-04-03 07:20:45,880 - __main__ - INFO - 📸 HLTV galleries: 15 images found
2026-04-03 07:20:46 +00:00: 2026-04-03 07:20:46,004 - __main__ - WARNING - ⚠️  Download failed: https://img-cdn.hltv.org/gallerypicture/2jswvbIrpTJJCx7_hNfHY_.jpg?auto=compress → 403
2026-04-03 07:20:47 +00:00: 2026-04-03 07:20:47,021 - __main__ - WARNING - ⚠️  Download failed: https://img-cdn.hltv.org/gallerypicture/2jswvbIrpTJJCx7_hNfHY_.jpg?auto=compress → 403
2026-04-03 07:20:48 +00:00: 2026-04-03 07:20:48,065 - __main__ - WARNING - ⚠️  Download failed: https://img-cdn.hltv.org/gallerypicture/6A3Df-O-I9bHoPWm_lZ4gR.jpg?auto=compress → 403
2026-04-03 07:20:49 +00:00: 2026-04-03 07:20:49,102 - __main__ - WARNING - ⚠️  Download failed: https://img-cdn.hltv.org/gallerypicture/wskI6oDJ-hd1BjLUoYlwJ9.jpg?auto=compress → 403
2026-04-03 07:20:50 +00:00: 2026-04-03 07:20:50,120 - __main__ - WARNING - ⚠️  Download failed: https://img-cdn.hltv.org/gallerypicture/wskI6oDJ-hd1BjLUoYlwJ9.jpg?auto=compress → 403
2026-04-03 07:20:51 +00:00: 2026-04-03 07:20:51,197 - __main__ - WARNING - ⚠️  Download failed: https://img-cdn.hltv.org/gallerypicture/56JYv9voa11ce-0qVaSZXL.jpg?auto=compress → 403
2026-04-03 07:20:52 +00:00: 2026-04-03 07:20:52,300 - __main__ - WARNING - ⚠️  Download failed: https://img-cdn.hltv.org/gallerypicture/qJQ_cRVxOTEhhLSW9U6mKp.jpg?auto=compress → 403
2026-04-03 07:20:53 +00:00: 2026-04-03 07:20:53,318 - __main__ - WARNING - ⚠️  Download failed: https://img-cdn.hltv.org/gallerypicture/qJQ_cRVxOTEhhLSW9U6mKp.jpg?auto=compress → 403
2026-04-03 07:20:54 +00:00: 2026-04-03 07:20:54,351 - __main__ - WARNING - ⚠️  Download failed: https://img-cdn.hltv.org/gallerypicture/Y5x3-wcoHN3a3XyXSxCecL.jpg?auto=compress → 403
2026-04-03 07:20:55 +00:00: 2026-04-03 07:20:55,450 - __main__ - WARNING - ⚠️  Download failed: https://img-cdn.hltv.org/gallerypicture/HLeGmAZ-83hwx0RO_uGg4g.jpg?auto=compress → 403
2026-04-03 07:20:56 +00:00: 2026-04-03 07:20:56,465 - __main__ - WARNING - ⚠️  Download failed: https://img-cdn.hltv.org/gallerypicture/HLeGmAZ-83hwx0RO_uGg4g.jpg?auto=compress → 403
2026-04-03 07:20:57 +00:00: 2026-04-03 07:20:57,539 - __main__ - WARNING - ⚠️  Download failed: https://img-cdn.hltv.org/gallerypicture/ueeQNpE9u038Z8QFCluGfm.jpg?auto=compress → 403
2026-04-03 07:20:58 +00:00: 2026-04-03 07:20:58,587 - __main__ - WARNING - ⚠️  Download failed: https://img-cdn.hltv.org/gallerypicture/xNTU2XTJ4aUEAHA68qhKfe.jpg?auto=compress → 403
2026-04-03 07:20:59 +00:00: 2026-04-03 07:20:59,604 - __main__ - WARNING - ⚠️  Download failed: https://img-cdn.hltv.org/gallerypicture/xNTU2XTJ4aUEAHA68qhKfe.jpg?auto=compress → 403
2026-04-03 07:21:00 +00:00: 2026-04-03 07:21:00,679 - __main__ - WARNING - ⚠️  Download failed: https://img-cdn.hltv.org/gallerypicture/tON3KB9UKcxinm4WfMyhOP.jpg?auto=compress → 403
2026-04-03 07:21:01 +00:00: 2026-04-03 07:21:01,747 - __main__ - WARNING - ⚠️  Reddit r/GlobalOffensive: HTTP 403
2026-04-03 07:21:03 +00:00: 2026-04-03 07:21:03,759 - __main__ - WARNING - ⚠️  Reddit r/cs2: HTTP 403
2026-04-03 07:21:05 +00:00: 2026-04-03 07:21:05,769 - __main__ - WARNING - ⚠️  Reddit r/CSMemes: HTTP 403
2026-04-03 07:21:07 +00:00: 2026-04-03 07:21:07,772 - __main__ - INFO - 📊 Media hunt complete: 0 images, 0 videos
2026-04-03 11:21:08 +00:00: 2026-04-03 11:21:08,963 - __main__ - INFO - 📸 HLTV galleries: 15 images found
2026-04-03 11:21:09 +00:00: 2026-04-03 11:21:09,079 - __main__ - WARNING - ⚠️  Download failed: https://img-cdn.hltv.org/gallerypicture/2jswvbIrpTJJCx7_hNfHY_.jpg?auto=compress → 403
2026-04-03 11:21:10 +00:00: 2026-04-03 11:21:10,100 - __main__ - WARNING - ⚠️  Download failed: https://img-cdn.hltv.org/gallerypicture/2jswvbIrpTJJCx7_hNfHY_.jpg?auto=compress → 403
2026-04-03 11:21:11 +00:00: 2026-04-03 11:21:11,136 - __main__ - WARNING - ⚠️  Download failed: https://img-cdn.hltv.org/gallerypicture/6A3Df-O-I9bHoPWm_lZ4gR.jpg?auto=compress → 403
2026-04-03 11:21:12 +00:00: 2026-04-03 11:21:12,168 - __main__ - WARNING - ⚠️  Download failed: https://img-cdn.hltv.org/gallerypicture/wskI6oDJ-hd1BjLUoYlwJ9.jpg?auto=compress → 403
2026-04-03 11:21:13 +00:00: 2026-04-03 11:21:13,190 - __main__ - WARNING - ⚠️  Download failed: https://img-cdn.hltv.org/gallerypicture/wskI6oDJ-hd1BjLUoYlwJ9.jpg?auto=compress → 403
2026-04-03 11:21:14 +00:00: 2026-04-03 11:21:14,244 - __main__ - WARNING - ⚠️  Download failed: https://img-cdn.hltv.org/gallerypicture/56JYv9voa11ce-0qVaSZXL.jpg?auto=compress → 403
2026-04-03 11:21:15 +00:00: 2026-04-03 11:21:15,300 - __main__ - WARNING - ⚠️  Download failed: https://img-cdn.hltv.org/gallerypicture/qJQ_cRVxOTEhhLSW9U6mKp.jpg?auto=compress → 403
2026-04-03 11:21:16 +00:00: 2026-04-03 11:21:16,322 - __main__ - WARNING - ⚠️  Download failed: https://img-cdn.hltv.org/gallerypicture/qJQ_cRVxOTEhhLSW9U6mKp.jpg?auto=compress → 403
2026-04-03 11:21:17 +00:00: 2026-04-03 11:21:17,376 - __main__ - WARNING - ⚠️  Download failed: https://img-cdn.hltv.org/gallerypicture/Y5x3-wcoHN3a3XyXSxCecL.jpg?auto=compress → 403
2026-04-03 11:21:18 +00:00: 2026-04-03 11:21:18,427 - __main__ - WARNING - ⚠️  Download failed: https://img-cdn.hltv.org/gallerypicture/HLeGmAZ-83hwx0RO_uGg4g.jpg?auto=compress → 403
2026-04-03 11:21:19 +00:00: 2026-04-03 11:21:19,449 - __main__ - WARNING - ⚠️  Download failed: https://img-cdn.hltv.org/gallerypicture/HLeGmAZ-83hwx0RO_uGg4g.jpg?auto=compress → 403
2026-04-03 11:21:20 +00:00: 2026-04-03 11:21:20,525 - __main__ - WARNING - ⚠️  Download failed: https://img-cdn.hltv.org/gallerypicture/ueeQNpE9u038Z8QFCluGfm.jpg?auto=compress → 403
2026-04-03 11:21:21 +00:00: 2026-04-03 11:21:21,587 - __main__ - WARNING - ⚠️  Download failed: https://img-cdn.hltv.org/gallerypicture/xNTU2XTJ4aUEAHA68qhKfe.jpg?auto=compress → 403
2026-04-03 11:21:22 +00:00: 2026-04-03 11:21:22,611 - __main__ - WARNING - ⚠️  Download failed: https://img-cdn.hltv.org/gallerypicture/xNTU2XTJ4aUEAHA68qhKfe.jpg?auto=compress → 403
2026-04-03 11:21:23 +00:00: 2026-04-03 11:21:23,669 - __main__ - WARNING - ⚠️  Download failed: https://img-cdn.hltv.org/gallerypicture/tON3KB9UKcxinm4WfMyhOP.jpg?auto=compress → 403
2026-04-03 11:21:24 +00:00: 2026-04-03 11:21:24,748 - __main__ - WARNING - ⚠️  Reddit r/GlobalOffensive: HTTP 403
2026-04-03 11:21:26 +00:00: 2026-04-03 11:21:26,758 - __main__ - WARNING - ⚠️  Reddit r/cs2: HTTP 403
2026-04-03 11:21:28 +00:00: 2026-04-03 11:21:28,769 - __main__ - WARNING - ⚠️  Reddit r/CSMemes: HTTP 403
2026-04-03 11:21:30 +00:00: 2026-04-03 11:21:30,772 - __main__ - INFO - 📊 Media hunt complete: 0 images, 0 videos
2026-04-03 15:21:32 +00:00: 2026-04-03 15:21:32,087 - __main__ - INFO - 📸 HLTV galleries: 15 images found
2026-04-03 15:21:32 +00:00: 2026-04-03 15:21:32,151 - __main__ - WARNING - ⚠️  Download failed: https://img-cdn.hltv.org/gallerypicture/RlQN_7-Dg0gFwdyJ0tonz3.jpg?auto=compress → 403
2026-04-03 15:21:33 +00:00: 2026-04-03 15:21:33,173 - __main__ - WARNING - ⚠️  Download failed: https://img-cdn.hltv.org/gallerypicture/RlQN_7-Dg0gFwdyJ0tonz3.jpg?auto=compress → 403
2026-04-03 15:21:34 +00:00: 2026-04-03 15:21:34,217 - __main__ - WARNING - ⚠️  Download failed: https://img-cdn.hltv.org/gallerypicture/2nnyKxN0RUh3AMZ-NGhdrg.jpg?auto=compress → 403
2026-04-03 15:21:35 +00:00: 2026-04-03 15:21:35,281 - __main__ - WARNING - ⚠️  Download failed: https://img-cdn.hltv.org/gallerypicture/2jswvbIrpTJJCx7_hNfHY_.jpg?auto=compress → 403
2026-04-03 15:21:36 +00:00: 2026-04-03 15:21:36,304 - __main__ - WARNING - ⚠️  Download failed: https://img-cdn.hltv.org/gallerypicture/2jswvbIrpTJJCx7_hNfHY_.jpg?auto=compress → 403
2026-04-03 15:21:37 +00:00: 2026-04-03 15:21:37,342 - __main__ - WARNING - ⚠️  Download failed: https://img-cdn.hltv.org/gallerypicture/6A3Df-O-I9bHoPWm_lZ4gR.jpg?auto=compress → 403
2026-04-03 15:21:38 +00:00: 2026-04-03 15:21:38,385 - __main__ - WARNING - ⚠️  Download failed: https://img-cdn.hltv.org/gallerypicture/wskI6oDJ-hd1BjLUoYlwJ9.jpg?auto=compress → 403
2026-04-03 15:21:39 +00:00: 2026-04-03 15:21:39,406 - __main__ - WARNING - ⚠️  Download failed: https://img-cdn.hltv.org/gallerypicture/wskI6oDJ-hd1BjLUoYlwJ9.jpg?auto=compress → 403
2026-04-03 15:21:40 +00:00: 2026-04-03 15:21:40,465 - __main__ - WARNING - ⚠️  Download failed: https://img-cdn.hltv.org/gallerypicture/56JYv9voa11ce-0qVaSZXL.jpg?auto=compress → 403
2026-04-03 15:21:41 +00:00: 2026-04-03 15:21:41,531 - __main__ - WARNING - ⚠️  Download failed: https://img-cdn.hltv.org/gallerypicture/qJQ_cRVxOTEhhLSW9U6mKp.jpg?auto=compress → 403
2026-04-03 15:21:42 +00:00: 2026-04-03 15:21:42,552 - __main__ - WARNING - ⚠️  Download failed: https://img-cdn.hltv.org/gallerypicture/qJQ_cRVxOTEhhLSW9U6mKp.jpg?auto=compress → 403
2026-04-03 15:21:43 +00:00: 2026-04-03 15:21:43,609 - __main__ - WARNING - ⚠️  Download failed: https://img-cdn.hltv.org/gallerypicture/Y5x3-wcoHN3a3XyXSxCecL.jpg?auto=compress → 403
2026-04-03 15:21:44 +00:00: 2026-04-03 15:21:44,673 - __main__ - WARNING - ⚠️  Download failed: https://img-cdn.hltv.org/gallerypicture/HLeGmAZ-83hwx0RO_uGg4g.jpg?auto=compress → 403
2026-04-03 15:21:45 +00:00: 2026-04-03 15:21:45,697 - __main__ - WARNING - ⚠️  Download failed: https://img-cdn.hltv.org/gallerypicture/HLeGmAZ-83hwx0RO_uGg4g.jpg?auto=compress → 403
2026-04-03 15:21:46 +00:00: 2026-04-03 15:21:46,780 - __main__ - WARNING - ⚠️  Download failed: https://img-cdn.hltv.org/gallerypicture/ueeQNpE9u038Z8QFCluGfm.jpg?auto=compress → 403
2026-04-03 15:21:47 +00:00: 2026-04-03 15:21:47,898 - __main__ - WARNING - ⚠️  Reddit r/GlobalOffensive: HTTP 403
2026-04-03 15:21:49 +00:00: 2026-04-03 15:21:49,916 - __main__ - WARNING - ⚠️  Reddit r/cs2: HTTP 403
2026-04-03 15:21:51 +00:00: 2026-04-03 15:21:51,935 - __main__ - WARNING - ⚠️  Reddit r/CSMemes: HTTP 403
2026-04-03 15:21:53 +00:00: 2026-04-03 15:21:53,937 - __main__ - INFO - 📊 Media hunt complete: 0 images, 0 videos
2026-04-03 19:21:55 +00:00: 2026-04-03 19:21:55,204 - __main__ - INFO - 📸 HLTV galleries: 15 images found
2026-04-03 19:21:55 +00:00: 2026-04-03 19:21:55,343 - __main__ - WARNING - ⚠️  Download failed: https://img-cdn.hltv.org/gallerypicture/Sbn99rMxakHlAr19Dc4cMu.jpg?auto=compress → 403
2026-04-03 19:21:56 +00:00: 2026-04-03 19:21:56,358 - __main__ - WARNING - ⚠️  Download failed: https://img-cdn.hltv.org/gallerypicture/Sbn99rMxakHlAr19Dc4cMu.jpg?auto=compress → 403
2026-04-03 19:21:57 +00:00: 2026-04-03 19:21:57,373 - __main__ - WARNING - ⚠️  Download failed: https://img-cdn.hltv.org/gallerypicture/Sbn99rMxakHlAr19Dc4cMu.jpg?auto=compress → 403
2026-04-03 19:21:58 +00:00: 2026-04-03 19:21:58,460 - __main__ - WARNING - ⚠️  Download failed: https://img-cdn.hltv.org/gallerypicture/RlQN_7-Dg0gFwdyJ0tonz3.jpg?auto=compress → 403
2026-04-03 19:21:59 +00:00: 2026-04-03 19:21:59,475 - __main__ - WARNING - ⚠️  Download failed: https://img-cdn.hltv.org/gallerypicture/RlQN_7-Dg0gFwdyJ0tonz3.jpg?auto=compress → 403
2026-04-03 19:22:00 +00:00: 2026-04-03 19:22:00,573 - __main__ - WARNING - ⚠️  Download failed: https://img-cdn.hltv.org/gallerypicture/2nnyKxN0RUh3AMZ-NGhdrg.jpg?auto=compress → 403
2026-04-03 19:22:01 +00:00: 2026-04-03 19:22:01,640 - __main__ - WARNING - ⚠️  Download failed: https://img-cdn.hltv.org/gallerypicture/2jswvbIrpTJJCx7_hNfHY_.jpg?auto=compress → 403
2026-04-03 19:22:02 +00:00: 2026-04-03 19:22:02,657 - __main__ - WARNING - ⚠️  Download failed: https://img-cdn.hltv.org/gallerypicture/2jswvbIrpTJJCx7_hNfHY_.jpg?auto=compress → 403
2026-04-03 19:22:03 +00:00: 2026-04-03 19:22:03,782 - __main__ - WARNING - ⚠️  Download failed: https://img-cdn.hltv.org/gallerypicture/6A3Df-O-I9bHoPWm_lZ4gR.jpg?auto=compress → 403
2026-04-03 19:22:04 +00:00: 2026-04-03 19:22:04,824 - __main__ - WARNING - ⚠️  Download failed: https://img-cdn.hltv.org/gallerypicture/bPSMyGho2hsPBCsxhMWerL.jpg?auto=compress → 403
2026-04-03 19:22:05 +00:00: 2026-04-03 19:22:05,839 - __main__ - WARNING - ⚠️  Download failed: https://img-cdn.hltv.org/gallerypicture/bPSMyGho2hsPBCsxhMWerL.jpg?auto=compress → 403
2026-04-03 19:22:06 +00:00: 2026-04-03 19:22:06,876 - __main__ - WARNING - ⚠️  Download failed: https://img-cdn.hltv.org/gallerypicture/56JYv9voa11ce-0qVaSZXL.jpg?auto=compress → 403
2026-04-03 19:22:07 +00:00: 2026-04-03 19:22:07,985 - __main__ - WARNING - ⚠️  Download failed: https://img-cdn.hltv.org/gallerypicture/qJQ_cRVxOTEhhLSW9U6mKp.jpg?auto=compress → 403
2026-04-03 19:22:09 +00:00: 2026-04-03 19:22:09,001 - __main__ - WARNING - ⚠️  Download failed: https://img-cdn.hltv.org/gallerypicture/qJQ_cRVxOTEhhLSW9U6mKp.jpg?auto=compress → 403
2026-04-03 19:22:10 +00:00: 2026-04-03 19:22:10,045 - __main__ - WARNING - ⚠️  Download failed: https://img-cdn.hltv.org/gallerypicture/Y5x3-wcoHN3a3XyXSxCecL.jpg?auto=compress → 403
2026-04-03 19:22:11 +00:00: 2026-04-03 19:22:11,139 - __main__ - WARNING - ⚠️  Reddit r/GlobalOffensive: HTTP 403
2026-04-03 19:22:13 +00:00: 2026-04-03 19:22:13,156 - __main__ - WARNING - ⚠️  Reddit r/cs2: HTTP 403
2026-04-03 19:22:15 +00:00: 2026-04-03 19:22:15,172 - __main__ - WARNING - ⚠️  Reddit r/CSMemes: HTTP 403
2026-04-03 19:22:17 +00:00: 2026-04-03 19:22:17,174 - __main__ - INFO - 📊 Media hunt complete: 0 images, 0 videos
2026-04-03 23:22:18 +00:00: 2026-04-03 23:22:18,317 - __main__ - INFO - 📸 HLTV galleries: 15 images found
2026-04-03 23:22:18 +00:00: 2026-04-03 23:22:18,434 - __main__ - WARNING - ⚠️  Download failed: https://img-cdn.hltv.org/gallerypicture/Sbn99rMxakHlAr19Dc4cMu.jpg?auto=compress → 403
2026-04-03 23:22:19 +00:00: 2026-04-03 23:22:19,455 - __main__ - WARNING - ⚠️  Download failed: https://img-cdn.hltv.org/gallerypicture/Sbn99rMxakHlAr19Dc4cMu.jpg?auto=compress → 403
2026-04-03 23:22:20 +00:00: 2026-04-03 23:22:20,477 - __main__ - WARNING - ⚠️  Download failed: https://img-cdn.hltv.org/gallerypicture/Sbn99rMxakHlAr19Dc4cMu.jpg?auto=compress → 403
2026-04-03 23:22:21 +00:00: 2026-04-03 23:22:21,514 - __main__ - WARNING - ⚠️  Download failed: https://img-cdn.hltv.org/gallerypicture/RlQN_7-Dg0gFwdyJ0tonz3.jpg?auto=compress → 403
2026-04-03 23:22:22 +00:00: 2026-04-03 23:22:22,535 - __main__ - WARNING - ⚠️  Download failed: https://img-cdn.hltv.org/gallerypicture/RlQN_7-Dg0gFwdyJ0tonz3.jpg?auto=compress → 403
2026-04-03 23:22:23 +00:00: 2026-04-03 23:22:23,570 - __main__ - WARNING - ⚠️  Download failed: https://img-cdn.hltv.org/gallerypicture/2nnyKxN0RUh3AMZ-NGhdrg.jpg?auto=compress → 403
2026-04-03 23:22:24 +00:00: 2026-04-03 23:22:24,634 - __main__ - WARNING - ⚠️  Download failed: https://img-cdn.hltv.org/gallerypicture/2jswvbIrpTJJCx7_hNfHY_.jpg?auto=compress → 403
2026-04-03 23:22:25 +00:00: 2026-04-03 23:22:25,657 - __main__ - WARNING - ⚠️  Download failed: https://img-cdn.hltv.org/gallerypicture/2jswvbIrpTJJCx7_hNfHY_.jpg?auto=compress → 403
2026-04-03 23:22:26 +00:00: 2026-04-03 23:22:26,695 - __main__ - WARNING - ⚠️  Download failed: https://img-cdn.hltv.org/gallerypicture/6A3Df-O-I9bHoPWm_lZ4gR.jpg?auto=compress → 403
2026-04-03 23:22:27 +00:00: 2026-04-03 23:22:27,730 - __main__ - WARNING - ⚠️  Download failed: https://img-cdn.hltv.org/gallerypicture/bPSMyGho2hsPBCsxhMWerL.jpg?auto=compress → 403
2026-04-03 23:22:28 +00:00: 2026-04-03 23:22:28,752 - __main__ - WARNING - ⚠️  Download failed: https://img-cdn.hltv.org/gallerypicture/bPSMyGho2hsPBCsxhMWerL.jpg?auto=compress → 403
2026-04-03 23:22:29 +00:00: 2026-04-03 23:22:29,814 - __main__ - WARNING - ⚠️  Download failed: https://img-cdn.hltv.org/gallerypicture/56JYv9voa11ce-0qVaSZXL.jpg?auto=compress → 403
2026-04-03 23:22:30 +00:00: 2026-04-03 23:22:30,879 - __main__ - WARNING - ⚠️  Download failed: https://img-cdn.hltv.org/gallerypicture/qJQ_cRVxOTEhhLSW9U6mKp.jpg?auto=compress → 403
2026-04-03 23:22:31 +00:00: 2026-04-03 23:22:31,900 - __main__ - WARNING - ⚠️  Download failed: https://img-cdn.hltv.org/gallerypicture/qJQ_cRVxOTEhhLSW9U6mKp.jpg?auto=compress → 403
2026-04-03 23:22:32 +00:00: 2026-04-03 23:22:32,957 - __main__ - WARNING - ⚠️  Download failed: https://img-cdn.hltv.org/gallerypicture/Y5x3-wcoHN3a3XyXSxCecL.jpg?auto=compress → 403
2026-04-03 23:22:35 +00:00: 2026-04-03 23:22:35,998 - __main__ - WARNING - ⚠️  Reddit r/GlobalOffensive: HTTP 403
2026-04-03 23:22:38 +00:00: 2026-04-03 23:22:38,014 - __main__ - WARNING - ⚠️  Reddit r/cs2: HTTP 403
2026-04-03 23:22:40 +00:00: 2026-04-03 23:22:40,028 - __main__ - WARNING - ⚠️  Reddit r/CSMemes: HTTP 403
2026-04-03 23:22:42 +00:00: 2026-04-03 23:22:42,031 - __main__ - INFO - 📊 Media hunt complete: 0 images, 0 videos
2026-04-04 03:22:43 +00:00: 2026-04-04 03:22:43,335 - __main__ - INFO - 📸 HLTV galleries: 15 images found
2026-04-04 03:22:43 +00:00: 2026-04-04 03:22:43,463 - __main__ - WARNING - ⚠️  Download failed: https://img-cdn.hltv.org/gallerypicture/Sbn99rMxakHlAr19Dc4cMu.jpg?auto=compress → 403
2026-04-04 03:22:44 +00:00: 2026-04-04 03:22:44,484 - __main__ - WARNING - ⚠️  Download failed: https://img-cdn.hltv.org/gallerypicture/Sbn99rMxakHlAr19Dc4cMu.jpg?auto=compress → 403
2026-04-04 03:22:45 +00:00: 2026-04-04 03:22:45,505 - __main__ - WARNING - ⚠️  Download failed: https://img-cdn.hltv.org/gallerypicture/Sbn99rMxakHlAr19Dc4cMu.jpg?auto=compress → 403
2026-04-04 03:22:46 +00:00: 2026-04-04 03:22:46,538 - __main__ - WARNING - ⚠️  Download failed: https://img-cdn.hltv.org/gallerypicture/RlQN_7-Dg0gFwdyJ0tonz3.jpg?auto=compress → 403
2026-04-04 03:22:47 +00:00: 2026-04-04 03:22:47,559 - __main__ - WARNING - ⚠️  Download failed: https://img-cdn.hltv.org/gallerypicture/RlQN_7-Dg0gFwdyJ0tonz3.jpg?auto=compress → 403
2026-04-04 03:22:48 +00:00: 2026-04-04 03:22:48,595 - __main__ - WARNING - ⚠️  Download failed: https://img-cdn.hltv.org/gallerypicture/2nnyKxN0RUh3AMZ-NGhdrg.jpg?auto=compress → 403
2026-04-04 03:22:49 +00:00: 2026-04-04 03:22:49,657 - __main__ - WARNING - ⚠️  Download failed: https://img-cdn.hltv.org/gallerypicture/2jswvbIrpTJJCx7_hNfHY_.jpg?auto=compress → 403
2026-04-04 03:22:50 +00:00: 2026-04-04 03:22:50,677 - __main__ - WARNING - ⚠️  Download failed: https://img-cdn.hltv.org/gallerypicture/2jswvbIrpTJJCx7_hNfHY_.jpg?auto=compress → 403
2026-04-04 03:22:51 +00:00: 2026-04-04 03:22:51,718 - __main__ - WARNING - ⚠️  Download failed: https://img-cdn.hltv.org/gallerypicture/6A3Df-O-I9bHoPWm_lZ4gR.jpg?auto=compress → 403
2026-04-04 03:22:52 +00:00: 2026-04-04 03:22:52,755 - __main__ - WARNING - ⚠️  Download failed: https://img-cdn.hltv.org/gallerypicture/bPSMyGho2hsPBCsxhMWerL.jpg?auto=compress → 403
2026-04-04 03:22:53 +00:00: 2026-04-04 03:22:53,777 - __main__ - WARNING - ⚠️  Download failed: https://img-cdn.hltv.org/gallerypicture/bPSMyGho2hsPBCsxhMWerL.jpg?auto=compress → 403
2026-04-04 03:22:54 +00:00: 2026-04-04 03:22:54,829 - __main__ - WARNING - ⚠️  Download failed: https://img-cdn.hltv.org/gallerypicture/56JYv9voa11ce-0qVaSZXL.jpg?auto=compress → 403
2026-04-04 03:22:55 +00:00: 2026-04-04 03:22:55,880 - __main__ - WARNING - ⚠️  Download failed: https://img-cdn.hltv.org/gallerypicture/qJQ_cRVxOTEhhLSW9U6mKp.jpg?auto=compress → 403
2026-04-04 03:22:56 +00:00: 2026-04-04 03:22:56,902 - __main__ - WARNING - ⚠️  Download failed: https://img-cdn.hltv.org/gallerypicture/qJQ_cRVxOTEhhLSW9U6mKp.jpg?auto=compress → 403
2026-04-04 03:22:57 +00:00: 2026-04-04 03:22:57,989 - __main__ - WARNING - ⚠️  Download failed: https://img-cdn.hltv.org/gallerypicture/Y5x3-wcoHN3a3XyXSxCecL.jpg?auto=compress → 403
2026-04-04 03:22:59 +00:00: 2026-04-04 03:22:59,760 - __main__ - INFO - 📹 Reddit r/GlobalOffensive: 9 clips found
2026-04-04 03:22:59 +00:00: 2026-04-04 03:22:59,974 - __main__ - INFO - 📥 Downloaded: 7aaf3757abe3e8ea64f58eab4d92062c.png (2907KB)
2026-04-04 03:23:00 +00:00: 2026-04-04 03:23:00,101 - __main__ - INFO - 📥 Downloaded: c74ad777e16ad1903e8ad81254510d2e.jpeg (176KB)
2026-04-04 03:23:00 +00:00: 2026-04-04 03:23:00,135 - __main__ - INFO - 📥 Downloaded: 60c77edb5858e6904a961ecb547ce7a1.png (1771KB)
2026-04-04 03:23:00 +00:00: 2026-04-04 03:23:00,152 - __main__ - INFO - 📥 Downloaded: 628b7c6a66eb57a30154aeaa009a884b.png (59KB)
2026-04-04 03:23:00 +00:00: 2026-04-04 03:23:00,170 - __main__ - INFO - 📥 Downloaded: 9b9b9e6ec91390153d737a3a26cb3774.jpeg (88KB)
2026-04-04 03:23:00 +00:00: 2026-04-04 03:23:00,726 - __main__ - INFO - 📥 Downloaded: ca1e9a46685f5ada26e06a61c7605617.mp4 (33385KB)
2026-04-04 03:23:00 +00:00: 2026-04-04 03:23:00,732 - __main__ - WARNING - ⚠️  Video compression failed: [Errno 2] No such file or directory: 'ffmpeg'
2026-04-04 03:23:01 +00:00: 2026-04-04 03:23:01,069 - __main__ - INFO - 📥 Downloaded: 92329653ab070a890ba6202739afd6f5.jpeg (10KB)
2026-04-04 03:23:01 +00:00: 2026-04-04 03:23:01,084 - __main__ - INFO - 📥 Downloaded: 29ce388b0c630420a3010a9ef06d56e1.png (204KB)
2026-04-04 03:23:03 +00:00: 2026-04-04 03:23:03,912 - __main__ - INFO - 📹 Reddit r/cs2: 11 clips found
2026-04-04 03:23:03 +00:00: 2026-04-04 03:23:03,967 - __main__ - INFO - 📥 Downloaded: 44cccc27a0b18e9b9257079b7fc74749.mp4 (5121KB)
2026-04-04 03:23:04 +00:00: 2026-04-04 03:23:04,088 - __main__ - INFO - 📥 Downloaded: 1d9107a00a0ad5e4cf948d3d95f390f5.mp4 (11945KB)
2026-04-04 03:23:04 +00:00: 2026-04-04 03:23:04,105 - __main__ - INFO - 📥 Downloaded: 94370b31ca665609f3e67fec863e92e6.jpeg (85KB)
2026-04-04 03:23:04 +00:00: 2026-04-04 03:23:04,534 - __main__ - INFO - 📥 Downloaded: 217e15e52affaf2e06b0effb380f79ea.mp4 (42191KB)
2026-04-04 03:23:04 +00:00: 2026-04-04 03:23:04,538 - __main__ - WARNING - ⚠️  Video compression failed: [Errno 2] No such file or directory: 'ffmpeg'
2026-04-04 03:23:04 +00:00: 2026-04-04 03:23:04,583 - __main__ - INFO - 📥 Downloaded: a9b7b17e5341229b1a7c1fe43f94efbf.png (3563KB)
2026-04-04 03:23:04 +00:00: 2026-04-04 03:23:04,673 - __main__ - INFO - 📥 Downloaded: b6cf27ab9d0bd7045ea9677333ddbe28.mp4 (8145KB)
2026-04-04 03:23:04 +00:00: 2026-04-04 03:23:04,698 - __main__ - INFO - 📥 Downloaded: f3b9b3857d8717a00377be6335589452.png (1772KB)
2026-04-04 03:23:04 +00:00: 2026-04-04 03:23:04,950 - __main__ - INFO - 📥 Downloaded: d052d07d5ed6ea2f96b1277cdee1274a.mp4 (24028KB)
2026-04-04 03:23:04 +00:00: 2026-04-04 03:23:04,953 - __main__ - WARNING - ⚠️  Video compression failed: [Errno 2] No such file or directory: 'ffmpeg'
2026-04-04 03:23:05 +00:00: 2026-04-04 03:23:05,192 - __main__ - INFO - 📥 Downloaded: 5eed8bff619758336d056665a8bea7d9.mp4 (24832KB)
2026-04-04 03:23:05 +00:00: 2026-04-04 03:23:05,194 - __main__ - WARNING - ⚠️  Video compression failed: [Errno 2] No such file or directory: 'ffmpeg'
2026-04-04 03:23:05 +00:00: 2026-04-04 03:23:05,355 - __main__ - INFO - 📥 Downloaded: 66c2719f1331830f31eb61a87a731a83.mp4 (15768KB)
2026-04-04 03:23:05 +00:00: 2026-04-04 03:23:05,356 - __main__ - WARNING - ⚠️  Video compression failed: [Errno 2] No such file or directory: 'ffmpeg'
2026-04-04 03:23:05 +00:00: 2026-04-04 03:23:05,376 - __main__ - INFO - 📥 Downloaded: 2d42bdda66830820233bccaca59794d3.jpeg (157KB)
2026-04-04 03:23:07 +00:00: 2026-04-04 03:23:07,536 - __main__ - WARNING - ⚠️  Reddit r/CSMemes: HTTP 404
2026-04-04 03:23:18 +00:00: 2026-04-04 03:23:18,484 - __main__ - INFO - 💾 Stored 19/19 media items
2026-04-04 03:23:18 +00:00: 2026-04-04 03:23:18,485 - __main__ - INFO - 📊 Media hunt complete: 11 images, 8 videos
2026-04-04 07:23:19 +00:00: 2026-04-04 07:23:19,748 - __main__ - INFO - 📸 HLTV galleries: 15 images found
2026-04-04 07:23:19 +00:00: 2026-04-04 07:23:19,832 - __main__ - WARNING - ⚠️  Download failed: https://img-cdn.hltv.org/gallerypicture/Sbn99rMxakHlAr19Dc4cMu.jpg?auto=compress → 403
2026-04-04 07:23:20 +00:00: 2026-04-04 07:23:20,855 - __main__ - WARNING - ⚠️  Download failed: https://img-cdn.hltv.org/gallerypicture/Sbn99rMxakHlAr19Dc4cMu.jpg?auto=compress → 403
2026-04-04 07:23:21 +00:00: 2026-04-04 07:23:21,876 - __main__ - WARNING - ⚠️  Download failed: https://img-cdn.hltv.org/gallerypicture/Sbn99rMxakHlAr19Dc4cMu.jpg?auto=compress → 403
2026-04-04 07:23:22 +00:00: 2026-04-04 07:23:22,922 - __main__ - WARNING - ⚠️  Download failed: https://img-cdn.hltv.org/gallerypicture/RlQN_7-Dg0gFwdyJ0tonz3.jpg?auto=compress → 403
2026-04-04 07:23:23 +00:00: 2026-04-04 07:23:23,951 - __main__ - WARNING - ⚠️  Download failed: https://img-cdn.hltv.org/gallerypicture/RlQN_7-Dg0gFwdyJ0tonz3.jpg?auto=compress → 403
2026-04-04 07:23:24 +00:00: 2026-04-04 07:23:24,994 - __main__ - WARNING - ⚠️  Download failed: https://img-cdn.hltv.org/gallerypicture/2nnyKxN0RUh3AMZ-NGhdrg.jpg?auto=compress → 403
2026-04-04 07:23:26 +00:00: 2026-04-04 07:23:26,057 - __main__ - WARNING - ⚠️  Download failed: https://img-cdn.hltv.org/gallerypicture/2jswvbIrpTJJCx7_hNfHY_.jpg?auto=compress → 403
2026-04-04 07:23:27 +00:00: 2026-04-04 07:23:27,078 - __main__ - WARNING - ⚠️  Download failed: https://img-cdn.hltv.org/gallerypicture/2jswvbIrpTJJCx7_hNfHY_.jpg?auto=compress → 403
2026-04-04 07:23:28 +00:00: 2026-04-04 07:23:28,111 - __main__ - WARNING - ⚠️  Download failed: https://img-cdn.hltv.org/gallerypicture/6A3Df-O-I9bHoPWm_lZ4gR.jpg?auto=compress → 403
2026-04-04 07:23:29 +00:00: 2026-04-04 07:23:29,163 - __main__ - WARNING - ⚠️  Download failed: https://img-cdn.hltv.org/gallerypicture/bPSMyGho2hsPBCsxhMWerL.jpg?auto=compress → 403
2026-04-04 07:23:30 +00:00: 2026-04-04 07:23:30,184 - __main__ - WARNING - ⚠️  Download failed: https://img-cdn.hltv.org/gallerypicture/bPSMyGho2hsPBCsxhMWerL.jpg?auto=compress → 403
2026-04-04 07:23:31 +00:00: 2026-04-04 07:23:31,237 - __main__ - WARNING - ⚠️  Download failed: https://img-cdn.hltv.org/gallerypicture/56JYv9voa11ce-0qVaSZXL.jpg?auto=compress → 403
2026-04-04 07:23:32 +00:00: 2026-04-04 07:23:32,301 - __main__ - WARNING - ⚠️  Download failed: https://img-cdn.hltv.org/gallerypicture/qJQ_cRVxOTEhhLSW9U6mKp.jpg?auto=compress → 403
2026-04-04 07:23:33 +00:00: 2026-04-04 07:23:33,321 - __main__ - WARNING - ⚠️  Download failed: https://img-cdn.hltv.org/gallerypicture/qJQ_cRVxOTEhhLSW9U6mKp.jpg?auto=compress → 403
2026-04-04 07:23:34 +00:00: 2026-04-04 07:23:34,377 - __main__ - WARNING - ⚠️  Download failed: https://img-cdn.hltv.org/gallerypicture/Y5x3-wcoHN3a3XyXSxCecL.jpg?auto=compress → 403
2026-04-04 07:23:35 +00:00: 2026-04-04 07:23:35,492 - __main__ - WARNING - ⚠️  Reddit r/GlobalOffensive: HTTP 403
2026-04-04 07:23:37 +00:00: 2026-04-04 07:23:37,501 - __main__ - WARNING - ⚠️  Reddit r/cs2: HTTP 403
2026-04-04 07:23:39 +00:00: 2026-04-04 07:23:39,513 - __main__ - WARNING - ⚠️  Reddit r/CSMemes: HTTP 403
2026-04-04 07:23:41 +00:00: 2026-04-04 07:23:41,517 - __main__ - INFO - 📊 Media hunt complete: 0 images, 0 videos
2026-04-04 11:23:42 +00:00: 2026-04-04 11:23:42,796 - __main__ - INFO - 📸 HLTV galleries: 15 images found
2026-04-04 11:23:42 +00:00: 2026-04-04 11:23:42,879 - __main__ - WARNING - ⚠️  Download failed: https://img-cdn.hltv.org/gallerypicture/jCxSakEF-_3cCqmCj_y0Oh.jpg?auto=compress → 403
2026-04-04 11:23:43 +00:00: 2026-04-04 11:23:43,902 - __main__ - WARNING - ⚠️  Download failed: https://img-cdn.hltv.org/gallerypicture/jCxSakEF-_3cCqmCj_y0Oh.jpg?auto=compress → 403
2026-04-04 11:23:44 +00:00: 2026-04-04 11:23:44,970 - __main__ - WARNING - ⚠️  Download failed: https://img-cdn.hltv.org/gallerypicture/cAcddKsKQOsSJOH4YjqtJ5.jpg?auto=compress → 403
2026-04-04 11:23:46 +00:00: 2026-04-04 11:23:46,031 - __main__ - WARNING - ⚠️  Download failed: https://img-cdn.hltv.org/gallerypicture/Sbn99rMxakHlAr19Dc4cMu.jpg?auto=compress → 403
2026-04-04 11:23:47 +00:00: 2026-04-04 11:23:47,056 - __main__ - WARNING - ⚠️  Download failed: https://img-cdn.hltv.org/gallerypicture/Sbn99rMxakHlAr19Dc4cMu.jpg?auto=compress → 403
2026-04-04 11:23:48 +00:00: 2026-04-04 11:23:48,082 - __main__ - WARNING - ⚠️  Download failed: https://img-cdn.hltv.org/gallerypicture/Sbn99rMxakHlAr19Dc4cMu.jpg?auto=compress → 403
2026-04-04 11:23:49 +00:00: 2026-04-04 11:23:49,123 - __main__ - WARNING - ⚠️  Download failed: https://img-cdn.hltv.org/gallerypicture/RlQN_7-Dg0gFwdyJ0tonz3.jpg?auto=compress → 403
2026-04-04 11:23:50 +00:00: 2026-04-04 11:23:50,147 - __main__ - WARNING - ⚠️  Download failed: https://img-cdn.hltv.org/gallerypicture/RlQN_7-Dg0gFwdyJ0tonz3.jpg?auto=compress → 403
2026-04-04 11:23:51 +00:00: 2026-04-04 11:23:51,191 - __main__ - WARNING - ⚠️  Download failed: https://img-cdn.hltv.org/gallerypicture/2nnyKxN0RUh3AMZ-NGhdrg.jpg?auto=compress → 403
2026-04-04 11:23:52 +00:00: 2026-04-04 11:23:52,248 - __main__ - WARNING - ⚠️  Download failed: https://img-cdn.hltv.org/gallerypicture/2jswvbIrpTJJCx7_hNfHY_.jpg?auto=compress → 403
2026-04-04 11:23:53 +00:00: 2026-04-04 11:23:53,274 - __main__ - WARNING - ⚠️  Download failed: https://img-cdn.hltv.org/gallerypicture/2jswvbIrpTJJCx7_hNfHY_.jpg?auto=compress → 403
2026-04-04 11:23:54 +00:00: 2026-04-04 11:23:54,309 - __main__ - WARNING - ⚠️  Download failed: https://img-cdn.hltv.org/gallerypicture/6A3Df-O-I9bHoPWm_lZ4gR.jpg?auto=compress → 403
2026-04-04 11:23:55 +00:00: 2026-04-04 11:23:55,344 - __main__ - WARNING - ⚠️  Download failed: https://img-cdn.hltv.org/gallerypicture/bPSMyGho2hsPBCsxhMWerL.jpg?auto=compress → 403
2026-04-04 11:23:56 +00:00: 2026-04-04 11:23:56,368 - __main__ - WARNING - ⚠️  Download failed: https://img-cdn.hltv.org/gallerypicture/bPSMyGho2hsPBCsxhMWerL.jpg?auto=compress → 403
2026-04-04 11:23:57 +00:00: 2026-04-04 11:23:57,425 - __main__ - WARNING - ⚠️  Download failed: https://img-cdn.hltv.org/gallerypicture/56JYv9voa11ce-0qVaSZXL.jpg?auto=compress → 403
2026-04-04 11:23:58 +00:00: 2026-04-04 11:23:58,518 - __main__ - WARNING - ⚠️  Reddit r/GlobalOffensive: HTTP 403
2026-04-04 11:24:00 +00:00: 2026-04-04 11:24:00,527 - __main__ - WARNING - ⚠️  Reddit r/cs2: HTTP 403
2026-04-04 11:24:02 +00:00: 2026-04-04 11:24:02,536 - __main__ - WARNING - ⚠️  Reddit r/CSMemes: HTTP 403
2026-04-04 11:24:04 +00:00: 2026-04-04 11:24:04,539 - __main__ - INFO - 📊 Media hunt complete: 0 images, 0 videos
2026-04-04 15:24:05 +00:00: 2026-04-04 15:24:05,831 - __main__ - INFO - 📸 HLTV galleries: 15 images found
2026-04-04 15:24:05 +00:00: 2026-04-04 15:24:05,955 - __main__ - WARNING - ⚠️  Download failed: https://img-cdn.hltv.org/gallerypicture/OByIHu859ul4qRUKk0rCoW.jpg?auto=compress → 403
2026-04-04 15:24:06 +00:00: 2026-04-04 15:24:06,980 - __main__ - WARNING - ⚠️  Download failed: https://img-cdn.hltv.org/gallerypicture/OByIHu859ul4qRUKk0rCoW.jpg?auto=compress → 403
2026-04-04 15:24:08 +00:00: 2026-04-04 15:24:08,063 - __main__ - WARNING - ⚠️  Download failed: https://img-cdn.hltv.org/gallerypicture/PDNAOn6Iy6HIC7ta3LYpTU.jpg?auto=compress → 403
2026-04-04 15:24:09 +00:00: 2026-04-04 15:24:09,098 - __main__ - WARNING - ⚠️  Download failed: https://img-cdn.hltv.org/gallerypicture/jCxSakEF-_3cCqmCj_y0Oh.jpg?auto=compress → 403
2026-04-04 15:24:10 +00:00: 2026-04-04 15:24:10,122 - __main__ - WARNING - ⚠️  Download failed: https://img-cdn.hltv.org/gallerypicture/jCxSakEF-_3cCqmCj_y0Oh.jpg?auto=compress → 403
2026-04-04 15:24:11 +00:00: 2026-04-04 15:24:11,180 - __main__ - WARNING - ⚠️  Download failed: https://img-cdn.hltv.org/gallerypicture/cAcddKsKQOsSJOH4YjqtJ5.jpg?auto=compress → 403
2026-04-04 15:24:12 +00:00: 2026-04-04 15:24:12,249 - __main__ - WARNING - ⚠️  Download failed: https://img-cdn.hltv.org/gallerypicture/Sbn99rMxakHlAr19Dc4cMu.jpg?auto=compress → 403
2026-04-04 15:24:13 +00:00: 2026-04-04 15:24:13,275 - __main__ - WARNING - ⚠️  Download failed: https://img-cdn.hltv.org/gallerypicture/Sbn99rMxakHlAr19Dc4cMu.jpg?auto=compress → 403
2026-04-04 15:24:14 +00:00: 2026-04-04 15:24:14,300 - __main__ - WARNING - ⚠️  Download failed: https://img-cdn.hltv.org/gallerypicture/Sbn99rMxakHlAr19Dc4cMu.jpg?auto=compress → 403
2026-04-04 15:24:15 +00:00: 2026-04-04 15:24:15,341 - __main__ - WARNING - ⚠️  Download failed: https://img-cdn.hltv.org/gallerypicture/RlQN_7-Dg0gFwdyJ0tonz3.jpg?auto=compress → 403
2026-04-04 15:24:16 +00:00: 2026-04-04 15:24:16,368 - __main__ - WARNING - ⚠️  Download failed: https://img-cdn.hltv.org/gallerypicture/RlQN_7-Dg0gFwdyJ0tonz3.jpg?auto=compress → 403
2026-04-04 15:24:18 +00:00: 2026-04-04 15:24:18,417 - __main__ - WARNING - ⚠️  Download failed: https://img-cdn.hltv.org/gallerypicture/2nnyKxN0RUh3AMZ-NGhdrg.jpg?auto=compress → 403
2026-04-04 15:24:19 +00:00: 2026-04-04 15:24:19,478 - __main__ - WARNING - ⚠️  Download failed: https://img-cdn.hltv.org/gallerypicture/2jswvbIrpTJJCx7_hNfHY_.jpg?auto=compress → 403
2026-04-04 15:24:20 +00:00: 2026-04-04 15:24:20,500 - __main__ - WARNING - ⚠️  Download failed: https://img-cdn.hltv.org/gallerypicture/2jswvbIrpTJJCx7_hNfHY_.jpg?auto=compress → 403
2026-04-04 15:24:21 +00:00: 2026-04-04 15:24:21,539 - __main__ - WARNING - ⚠️  Download failed: https://img-cdn.hltv.org/gallerypicture/6A3Df-O-I9bHoPWm_lZ4gR.jpg?auto=compress → 403
2026-04-04 15:24:22 +00:00: 2026-04-04 15:24:22,645 - __main__ - WARNING - ⚠️  Reddit r/GlobalOffensive: HTTP 403
2026-04-04 15:24:24 +00:00: 2026-04-04 15:24:24,655 - __main__ - WARNING - ⚠️  Reddit r/cs2: HTTP 403
2026-04-04 15:24:26 +00:00: 2026-04-04 15:24:26,666 - __main__ - WARNING - ⚠️  Reddit r/CSMemes: HTTP 403
2026-04-04 15:24:28 +00:00: 2026-04-04 15:24:28,668 - __main__ - INFO - 📊 Media hunt complete: 0 images, 0 videos
2026-04-04 19:24:29 +00:00: 2026-04-04 19:24:29,292 - __main__ - WARNING - ⚠️  HLTV galleries: HTTP 403
2026-04-04 19:24:29 +00:00: 2026-04-04 19:24:29,403 - __main__ - WARNING - ⚠️  Reddit r/GlobalOffensive: HTTP 403
2026-04-04 19:24:31 +00:00: 2026-04-04 19:24:31,418 - __main__ - WARNING - ⚠️  Reddit r/cs2: HTTP 403
2026-04-04 19:24:33 +00:00: 2026-04-04 19:24:33,436 - __main__ - WARNING - ⚠️  Reddit r/CSMemes: HTTP 403
2026-04-04 19:24:35 +00:00: 2026-04-04 19:24:35,439 - __main__ - INFO - 📊 Media hunt complete: 0 images, 0 videos
2026-04-04 23:24:36 +00:00: 2026-04-04 23:24:36,063 - __main__ - WARNING - ⚠️  HLTV galleries: HTTP 403
2026-04-04 23:24:36 +00:00: 2026-04-04 23:24:36,141 - __main__ - WARNING - ⚠️  Reddit r/GlobalOffensive: HTTP 403
2026-04-04 23:24:38 +00:00: 2026-04-04 23:24:38,151 - __main__ - WARNING - ⚠️  Reddit r/cs2: HTTP 403
2026-04-04 23:24:40 +00:00: 2026-04-04 23:24:40,160 - __main__ - WARNING - ⚠️  Reddit r/CSMemes: HTTP 403
2026-04-04 23:24:42 +00:00: 2026-04-04 23:24:42,160 - __main__ - INFO - 📊 Media hunt complete: 0 images, 0 videos
2026-04-05 03:24:42 +00:00: 2026-04-05 03:24:42,786 - __main__ - WARNING - ⚠️  HLTV galleries: HTTP 403
2026-04-05 03:24:42 +00:00: 2026-04-05 03:24:42,892 - __main__ - WARNING - ⚠️  Reddit r/GlobalOffensive: HTTP 403
2026-04-05 03:24:44 +00:00: 2026-04-05 03:24:44,906 - __main__ - WARNING - ⚠️  Reddit r/cs2: HTTP 403
2026-04-05 03:24:46 +00:00: 2026-04-05 03:24:46,921 - __main__ - WARNING - ⚠️  Reddit r/CSMemes: HTTP 403
2026-04-05 03:24:48 +00:00: 2026-04-05 03:24:48,923 - __main__ - INFO - 📊 Media hunt complete: 0 images, 0 videos
2026-04-05 07:24:49 +00:00: 2026-04-05 07:24:49,468 - __main__ - WARNING - ⚠️  HLTV galleries: HTTP 403
2026-04-05 07:24:49 +00:00: 2026-04-05 07:24:49,568 - __main__ - WARNING - ⚠️  Reddit r/GlobalOffensive: HTTP 403
2026-04-05 07:24:51 +00:00: 2026-04-05 07:24:51,578 - __main__ - WARNING - ⚠️  Reddit r/cs2: HTTP 403
2026-04-05 07:24:53 +00:00: 2026-04-05 07:24:53,588 - __main__ - WARNING - ⚠️  Reddit r/CSMemes: HTTP 403
2026-04-05 07:24:55 +00:00: 2026-04-05 07:24:55,591 - __main__ - INFO - 📊 Media hunt complete: 0 images, 0 videos
2026-04-05 11:24:56 +00:00: 2026-04-05 11:24:56,215 - __main__ - WARNING - ⚠️  HLTV galleries: HTTP 403
2026-04-05 11:24:56 +00:00: 2026-04-05 11:24:56,320 - __main__ - WARNING - ⚠️  Reddit r/GlobalOffensive: HTTP 403
2026-04-05 11:24:58 +00:00: 2026-04-05 11:24:58,336 - __main__ - WARNING - ⚠️  Reddit r/cs2: HTTP 403
2026-04-05 11:25:00 +00:00: 2026-04-05 11:25:00,351 - __main__ - WARNING - ⚠️  Reddit r/CSMemes: HTTP 403
2026-04-05 11:25:02 +00:00: 2026-04-05 11:25:02,354 - __main__ - INFO - 📊 Media hunt complete: 0 images, 0 videos
2026-04-05 15:25:02 +00:00: 2026-04-05 15:25:02,974 - __main__ - WARNING - ⚠️  HLTV galleries: HTTP 403
2026-04-05 15:25:03 +00:00: 2026-04-05 15:25:03,061 - __main__ - WARNING - ⚠️  Reddit r/GlobalOffensive: HTTP 403
2026-04-05 15:25:05 +00:00: 2026-04-05 15:25:05,073 - __main__ - WARNING - ⚠️  Reddit r/cs2: HTTP 403
2026-04-05 15:25:07 +00:00: 2026-04-05 15:25:07,087 - __main__ - WARNING - ⚠️  Reddit r/CSMemes: HTTP 403
2026-04-05 15:25:09 +00:00: 2026-04-05 15:25:09,089 - __main__ - INFO - 📊 Media hunt complete: 0 images, 0 videos
2026-04-05 19:25:09 +00:00: 2026-04-05 19:25:09,651 - __main__ - WARNING - ⚠️  HLTV galleries: HTTP 403
2026-04-05 19:25:09 +00:00: 2026-04-05 19:25:09,750 - __main__ - WARNING - ⚠️  Reddit r/GlobalOffensive: HTTP 403
2026-04-05 19:25:11 +00:00: 2026-04-05 19:25:11,765 - __main__ - WARNING - ⚠️  Reddit r/cs2: HTTP 403
2026-04-05 19:25:13 +00:00: 2026-04-05 19:25:13,777 - __main__ - WARNING - ⚠️  Reddit r/CSMemes: HTTP 403
2026-04-05 19:25:15 +00:00: 2026-04-05 19:25:15,779 - __main__ - INFO - 📊 Media hunt complete: 0 images, 0 videos
2026-04-05 23:25:16 +00:00: 2026-04-05 23:25:16,339 - __main__ - WARNING - ⚠️  HLTV galleries: HTTP 403
2026-04-05 23:25:16 +00:00: 2026-04-05 23:25:16,458 - __main__ - WARNING - ⚠️  Reddit r/GlobalOffensive: HTTP 403
2026-04-05 23:25:18 +00:00: 2026-04-05 23:25:18,474 - __main__ - WARNING - ⚠️  Reddit r/cs2: HTTP 403
2026-04-05 23:25:20 +00:00: 2026-04-05 23:25:20,489 - __main__ - WARNING - ⚠️  Reddit r/CSMemes: HTTP 403
2026-04-05 23:25:22 +00:00: 2026-04-05 23:25:22,492 - __main__ - INFO - 📊 Media hunt complete: 0 images, 0 videos
2026-04-06 03:25:23 +00:00: 2026-04-06 03:25:23,141 - __main__ - WARNING - ⚠️  HLTV galleries: HTTP 403
2026-04-06 03:25:23 +00:00: 2026-04-06 03:25:23,251 - __main__ - WARNING - ⚠️  Reddit r/GlobalOffensive: HTTP 403
2026-04-06 03:25:25 +00:00: 2026-04-06 03:25:25,260 - __main__ - WARNING - ⚠️  Reddit r/cs2: HTTP 403
2026-04-06 03:25:27 +00:00: 2026-04-06 03:25:27,270 - __main__ - WARNING - ⚠️  Reddit r/CSMemes: HTTP 403
2026-04-06 03:25:29 +00:00: 2026-04-06 03:25:29,272 - __main__ - INFO - 📊 Media hunt complete: 0 images, 0 videos
2026-04-06 07:25:29 +00:00: 2026-04-06 07:25:29,828 - __main__ - WARNING - ⚠️  HLTV galleries: HTTP 403
2026-04-06 07:25:29 +00:00: 2026-04-06 07:25:29,932 - __main__ - WARNING - ⚠️  Reddit r/GlobalOffensive: HTTP 403
2026-04-06 07:25:31 +00:00: 2026-04-06 07:25:31,949 - __main__ - WARNING - ⚠️  Reddit r/cs2: HTTP 403
2026-04-06 07:25:33 +00:00: 2026-04-06 07:25:33,964 - __main__ - WARNING - ⚠️  Reddit r/CSMemes: HTTP 403
2026-04-06 07:25:35 +00:00: 2026-04-06 07:25:35,967 - __main__ - INFO - 📊 Media hunt complete: 0 images, 0 videos
2026-04-06 11:25:36 +00:00: 2026-04-06 11:25:36,604 - __main__ - WARNING - ⚠️  HLTV galleries: HTTP 403
2026-04-06 11:25:38 +00:00: 2026-04-06 11:25:38,628 - __main__ - WARNING - ⚠️  Reddit r/GlobalOffensive: HTTP 403
2026-04-06 11:25:40 +00:00: 2026-04-06 11:25:40,638 - __main__ - WARNING - ⚠️  Reddit r/cs2: HTTP 403
2026-04-06 11:25:42 +00:00: 2026-04-06 11:25:42,649 - __main__ - WARNING - ⚠️  Reddit r/CSMemes: HTTP 403
2026-04-06 11:25:44 +00:00: 2026-04-06 11:25:44,651 - __main__ - INFO - 📊 Media hunt complete: 0 images, 0 videos
2026-04-06 15:25:45 +00:00: 2026-04-06 15:25:45,256 - __main__ - WARNING - ⚠️  HLTV galleries: HTTP 403
2026-04-06 15:25:45 +00:00: 2026-04-06 15:25:45,365 - __main__ - WARNING - ⚠️  Reddit r/GlobalOffensive: HTTP 403
2026-04-06 15:25:47 +00:00: 2026-04-06 15:25:47,380 - __main__ - WARNING - ⚠️  Reddit r/cs2: HTTP 403
2026-04-06 15:25:49 +00:00: 2026-04-06 15:25:49,398 - __main__ - WARNING - ⚠️  Reddit r/CSMemes: HTTP 403
2026-04-06 15:25:51 +00:00: 2026-04-06 15:25:51,401 - __main__ - INFO - 📊 Media hunt complete: 0 images, 0 videos
2026-04-06 19:25:52 +00:00: 2026-04-06 19:25:52,011 - __main__ - WARNING - ⚠️  HLTV galleries: HTTP 403
2026-04-06 19:25:52 +00:00: 2026-04-06 19:25:52,092 - __main__ - WARNING - ⚠️  Reddit r/GlobalOffensive: HTTP 403
2026-04-06 19:25:54 +00:00: 2026-04-06 19:25:54,103 - __main__ - WARNING - ⚠️  Reddit r/cs2: HTTP 403
2026-04-06 19:25:56 +00:00: 2026-04-06 19:25:56,114 - __main__ - WARNING - ⚠️  Reddit r/CSMemes: HTTP 403
2026-04-06 19:25:58 +00:00: 2026-04-06 19:25:58,116 - __main__ - INFO - 📊 Media hunt complete: 0 images, 0 videos
2026-04-06 23:25:58 +00:00: 2026-04-06 23:25:58,689 - __main__ - WARNING - ⚠️  HLTV galleries: HTTP 403
2026-04-06 23:25:58 +00:00: 2026-04-06 23:25:58,767 - __main__ - WARNING - ⚠️  Reddit r/GlobalOffensive: HTTP 403
2026-04-06 23:26:00 +00:00: 2026-04-06 23:26:00,785 - __main__ - WARNING - ⚠️  Reddit r/cs2: HTTP 403
2026-04-06 23:26:02 +00:00: 2026-04-06 23:26:02,801 - __main__ - WARNING - ⚠️  Reddit r/CSMemes: HTTP 403
2026-04-06 23:26:04 +00:00: 2026-04-06 23:26:04,804 - __main__ - INFO - 📊 Media hunt complete: 0 images, 0 videos
2026-04-07 03:26:05 +00:00: 2026-04-07 03:26:05,382 - __main__ - WARNING - ⚠️  HLTV galleries: HTTP 403
2026-04-07 03:26:05 +00:00: 2026-04-07 03:26:05,466 - __main__ - WARNING - ⚠️  Reddit r/GlobalOffensive: HTTP 403
2026-04-07 03:26:07 +00:00: 2026-04-07 03:26:07,476 - __main__ - WARNING - ⚠️  Reddit r/cs2: HTTP 403
2026-04-07 03:26:09 +00:00: 2026-04-07 03:26:09,484 - __main__ - WARNING - ⚠️  Reddit r/CSMemes: HTTP 403
2026-04-07 03:26:11 +00:00: 2026-04-07 03:26:11,487 - __main__ - INFO - 📊 Media hunt complete: 0 images, 0 videos
2026-04-07 07:26:12 +00:00: 2026-04-07 07:26:12,079 - __main__ - WARNING - ⚠️  HLTV galleries: HTTP 403
2026-04-07 07:26:12 +00:00: 2026-04-07 07:26:12,196 - __main__ - WARNING - ⚠️  Reddit r/GlobalOffensive: HTTP 403
2026-04-07 07:26:14 +00:00: 2026-04-07 07:26:14,210 - __main__ - WARNING - ⚠️  Reddit r/cs2: HTTP 403
2026-04-07 07:26:16 +00:00: 2026-04-07 07:26:16,226 - __main__ - WARNING - ⚠️  Reddit r/CSMemes: HTTP 403
2026-04-07 07:26:18 +00:00: 2026-04-07 07:26:18,228 - __main__ - INFO - 📊 Media hunt complete: 0 images, 0 videos
2026-04-07 11:26:18 +00:00: 2026-04-07 11:26:18,844 - __main__ - WARNING - ⚠️  HLTV galleries: HTTP 403
2026-04-07 11:26:18 +00:00: 2026-04-07 11:26:18,944 - __main__ - WARNING - ⚠️  Reddit r/GlobalOffensive: HTTP 403
2026-04-07 11:26:20 +00:00: 2026-04-07 11:26:20,954 - __main__ - WARNING - ⚠️  Reddit r/cs2: HTTP 403
2026-04-07 11:26:22 +00:00: 2026-04-07 11:26:22,963 - __main__ - WARNING - ⚠️  Reddit r/CSMemes: HTTP 403
2026-04-07 11:26:24 +00:00: 2026-04-07 11:26:24,966 - __main__ - INFO - 📊 Media hunt complete: 0 images, 0 videos
2026-04-07 15:26:25 +00:00: 2026-04-07 15:26:25,580 - __main__ - WARNING - ⚠️  HLTV galleries: HTTP 403
2026-04-07 15:26:25 +00:00: 2026-04-07 15:26:25,691 - __main__ - WARNING - ⚠️  Reddit r/GlobalOffensive: HTTP 403
2026-04-07 15:26:27 +00:00: 2026-04-07 15:26:27,705 - __main__ - WARNING - ⚠️  Reddit r/cs2: HTTP 403
2026-04-07 15:26:29 +00:00: 2026-04-07 15:26:29,721 - __main__ - WARNING - ⚠️  Reddit r/CSMemes: HTTP 403
2026-04-07 15:26:31 +00:00: 2026-04-07 15:26:31,723 - __main__ - INFO - 📊 Media hunt complete: 0 images, 0 videos
2026-04-07 19:26:32 +00:00: 2026-04-07 19:26:32,330 - __main__ - WARNING - ⚠️  HLTV galleries: HTTP 403
2026-04-07 19:26:32 +00:00: 2026-04-07 19:26:32,441 - __main__ - WARNING - ⚠️  Reddit r/GlobalOffensive: HTTP 403
2026-04-07 19:26:34 +00:00: 2026-04-07 19:26:34,457 - __main__ - WARNING - ⚠️  Reddit r/cs2: HTTP 403
2026-04-07 19:26:36 +00:00: 2026-04-07 19:26:36,473 - __main__ - WARNING - ⚠️  Reddit r/CSMemes: HTTP 403
2026-04-07 19:26:38 +00:00: 2026-04-07 19:26:38,476 - __main__ - INFO - 📊 Media hunt complete: 0 images, 0 videos
2026-04-07 23:26:39 +00:00: 2026-04-07 23:26:39,051 - __main__ - WARNING - ⚠️  HLTV galleries: HTTP 403
2026-04-07 23:26:39 +00:00: 2026-04-07 23:26:39,159 - __main__ - WARNING - ⚠️  Reddit r/GlobalOffensive: HTTP 403
2026-04-07 23:26:41 +00:00: 2026-04-07 23:26:41,175 - __main__ - WARNING - ⚠️  Reddit r/cs2: HTTP 403
2026-04-07 23:26:43 +00:00: 2026-04-07 23:26:43,190 - __main__ - WARNING - ⚠️  Reddit r/CSMemes: HTTP 403
2026-04-07 23:26:45 +00:00: 2026-04-07 23:26:45,192 - __main__ - INFO - 📊 Media hunt complete: 0 images, 0 videos
2026-04-08 03:26:45 +00:00: 2026-04-08 03:26:45,809 - __main__ - WARNING - ⚠️  HLTV galleries: HTTP 403
2026-04-08 03:26:45 +00:00: 2026-04-08 03:26:45,890 - __main__ - WARNING - ⚠️  Reddit r/GlobalOffensive: HTTP 403
2026-04-08 03:26:47 +00:00: 2026-04-08 03:26:47,905 - __main__ - WARNING - ⚠️  Reddit r/cs2: HTTP 403
2026-04-08 03:26:49 +00:00: 2026-04-08 03:26:49,921 - __main__ - WARNING - ⚠️  Reddit r/CSMemes: HTTP 403
2026-04-08 03:26:51 +00:00: 2026-04-08 03:26:51,923 - __main__ - INFO - 📊 Media hunt complete: 0 images, 0 videos
2026-04-08 07:26:52 +00:00: 2026-04-08 07:26:52,444 - __main__ - WARNING - ⚠️  HLTV galleries: HTTP 403
2026-04-08 07:26:52 +00:00: 2026-04-08 07:26:52,552 - __main__ - WARNING - ⚠️  Reddit r/GlobalOffensive: HTTP 403
2026-04-08 07:26:54 +00:00: 2026-04-08 07:26:54,568 - __main__ - WARNING - ⚠️  Reddit r/cs2: HTTP 403
2026-04-08 07:26:56 +00:00: 2026-04-08 07:26:56,584 - __main__ - WARNING - ⚠️  Reddit r/CSMemes: HTTP 403
2026-04-08 07:26:58 +00:00: 2026-04-08 07:26:58,586 - __main__ - INFO - 📊 Media hunt complete: 0 images, 0 videos
2026-04-08 11:26:59 +00:00: 2026-04-08 11:26:59,134 - __main__ - WARNING - ⚠️  HLTV galleries: HTTP 403
2026-04-08 11:26:59 +00:00: 2026-04-08 11:26:59,212 - __main__ - WARNING - ⚠️  Reddit r/GlobalOffensive: HTTP 403
2026-04-08 11:27:01 +00:00: 2026-04-08 11:27:01,223 - __main__ - WARNING - ⚠️  Reddit r/cs2: HTTP 403
2026-04-08 11:27:03 +00:00: 2026-04-08 11:27:03,232 - __main__ - WARNING - ⚠️  Reddit r/CSMemes: HTTP 403
2026-04-08 11:27:05 +00:00: 2026-04-08 11:27:05,234 - __main__ - INFO - 📊 Media hunt complete: 0 images, 0 videos
2026-04-08 15:27:05 +00:00: 2026-04-08 15:27:05,750 - __main__ - WARNING - ⚠️  HLTV galleries: HTTP 403
2026-04-08 15:27:05 +00:00: 2026-04-08 15:27:05,820 - __main__ - WARNING - ⚠️  Reddit r/GlobalOffensive: HTTP 403
2026-04-08 15:27:07 +00:00: 2026-04-08 15:27:07,831 - __main__ - WARNING - ⚠️  Reddit r/cs2: HTTP 403
2026-04-08 15:27:09 +00:00: 2026-04-08 15:27:09,843 - __main__ - WARNING - ⚠️  Reddit r/CSMemes: HTTP 403
2026-04-08 15:27:11 +00:00: 2026-04-08 15:27:11,845 - __main__ - INFO - 📊 Media hunt complete: 0 images, 0 videos
2026-04-08 19:27:12 +00:00: 2026-04-08 19:27:12,354 - __main__ - WARNING - ⚠️  HLTV galleries: HTTP 403
2026-04-08 19:27:12 +00:00: 2026-04-08 19:27:12,438 - __main__ - WARNING - ⚠️  Reddit r/GlobalOffensive: HTTP 403
2026-04-08 19:27:14 +00:00: 2026-04-08 19:27:14,453 - __main__ - WARNING - ⚠️  Reddit r/cs2: HTTP 403
2026-04-08 19:27:16 +00:00: 2026-04-08 19:27:16,465 - __main__ - WARNING - ⚠️  Reddit r/CSMemes: HTTP 403
2026-04-08 19:27:18 +00:00: 2026-04-08 19:27:18,468 - __main__ - INFO - 📊 Media hunt complete: 0 images, 0 videos
2026-04-08 23:27:19 +00:00: 2026-04-08 23:27:19,009 - __main__ - WARNING - ⚠️  HLTV galleries: HTTP 403
2026-04-08 23:27:19 +00:00: 2026-04-08 23:27:19,081 - __main__ - WARNING - ⚠️  Reddit r/GlobalOffensive: HTTP 403
2026-04-08 23:27:21 +00:00: 2026-04-08 23:27:21,092 - __main__ - WARNING - ⚠️  Reddit r/cs2: HTTP 403
2026-04-08 23:27:23 +00:00: 2026-04-08 23:27:23,102 - __main__ - WARNING - ⚠️  Reddit r/CSMemes: HTTP 403
2026-04-08 23:27:25 +00:00: 2026-04-08 23:27:25,105 - __main__ - INFO - 📊 Media hunt complete: 0 images, 0 videos
2026-04-09 03:27:25 +00:00: 2026-04-09 03:27:25,698 - __main__ - WARNING - ⚠️  HLTV galleries: HTTP 403
2026-04-09 03:27:25 +00:00: 2026-04-09 03:27:25,776 - __main__ - WARNING - ⚠️  Reddit r/GlobalOffensive: HTTP 403
2026-04-09 03:27:27 +00:00: 2026-04-09 03:27:27,787 - __main__ - WARNING - ⚠️  Reddit r/cs2: HTTP 403
2026-04-09 03:27:29 +00:00: 2026-04-09 03:27:29,800 - __main__ - WARNING - ⚠️  Reddit r/CSMemes: HTTP 403
2026-04-09 03:27:31 +00:00: 2026-04-09 03:27:31,803 - __main__ - INFO - 📊 Media hunt complete: 0 images, 0 videos
2026-04-09 07:27:32 +00:00: 2026-04-09 07:27:32,319 - __main__ - WARNING - ⚠️  HLTV galleries: HTTP 403
2026-04-09 07:27:32 +00:00: 2026-04-09 07:27:32,394 - __main__ - WARNING - ⚠️  Reddit r/GlobalOffensive: HTTP 403
2026-04-09 07:27:34 +00:00: 2026-04-09 07:27:34,405 - __main__ - WARNING - ⚠️  Reddit r/cs2: HTTP 403
2026-04-09 07:27:36 +00:00: 2026-04-09 07:27:36,416 - __main__ - WARNING - ⚠️  Reddit r/CSMemes: HTTP 403
2026-04-09 07:27:38 +00:00: 2026-04-09 07:27:38,419 - __main__ - INFO - 📊 Media hunt complete: 0 images, 0 videos
2026-04-09 11:27:38 +00:00: 2026-04-09 11:27:38,926 - __main__ - WARNING - ⚠️  HLTV galleries: HTTP 403
2026-04-09 11:27:39 +00:00: 2026-04-09 11:27:39,014 - __main__ - WARNING - ⚠️  Reddit r/GlobalOffensive: HTTP 403
2026-04-09 11:27:41 +00:00: 2026-04-09 11:27:41,026 - __main__ - WARNING - ⚠️  Reddit r/cs2: HTTP 403
2026-04-09 11:27:43 +00:00: 2026-04-09 11:27:43,038 - __main__ - WARNING - ⚠️  Reddit r/CSMemes: HTTP 403
2026-04-09 11:27:45 +00:00: 2026-04-09 11:27:45,041 - __main__ - INFO - 📊 Media hunt complete: 0 images, 0 videos
2026-04-09 15:27:45 +00:00: 2026-04-09 15:27:45,649 - __main__ - WARNING - ⚠️  HLTV galleries: HTTP 403
2026-04-09 15:27:45 +00:00: 2026-04-09 15:27:45,757 - __main__ - WARNING - ⚠️  Reddit r/GlobalOffensive: HTTP 403
2026-04-09 15:27:47 +00:00: 2026-04-09 15:27:47,772 - __main__ - WARNING - ⚠️  Reddit r/cs2: HTTP 403
2026-04-09 15:27:49 +00:00: 2026-04-09 15:27:49,789 - __main__ - WARNING - ⚠️  Reddit r/CSMemes: HTTP 403
2026-04-09 15:27:51 +00:00: 2026-04-09 15:27:51,791 - __main__ - INFO - 📊 Media hunt complete: 0 images, 0 videos
2026-04-09 19:27:52 +00:00: 2026-04-09 19:27:52,401 - __main__ - WARNING - ⚠️  HLTV galleries: HTTP 403
2026-04-09 19:27:52 +00:00: 2026-04-09 19:27:52,499 - __main__ - WARNING - ⚠️  Reddit r/GlobalOffensive: HTTP 403
2026-04-09 19:27:54 +00:00: 2026-04-09 19:27:54,514 - __main__ - WARNING - ⚠️  Reddit r/cs2: HTTP 403
2026-04-09 19:27:56 +00:00: 2026-04-09 19:27:56,531 - __main__ - WARNING - ⚠️  Reddit r/CSMemes: HTTP 403
2026-04-09 19:27:58 +00:00: 2026-04-09 19:27:58,533 - __main__ - INFO - 📊 Media hunt complete: 0 images, 0 videos
2026-04-09 23:27:59 +00:00: 2026-04-09 23:27:59,157 - __main__ - WARNING - ⚠️  HLTV galleries: HTTP 403
2026-04-09 23:27:59 +00:00: 2026-04-09 23:27:59,254 - __main__ - WARNING - ⚠️  Reddit r/GlobalOffensive: HTTP 403
2026-04-09 23:28:01 +00:00: 2026-04-09 23:28:01,270 - __main__ - WARNING - ⚠️  Reddit r/cs2: HTTP 403
2026-04-09 23:28:03 +00:00: 2026-04-09 23:28:03,285 - __main__ - WARNING - ⚠️  Reddit r/CSMemes: HTTP 403
2026-04-09 23:28:05 +00:00: 2026-04-09 23:28:05,287 - __main__ - INFO - 📊 Media hunt complete: 0 images, 0 videos
2026-04-10 03:28:05 +00:00: 2026-04-10 03:28:05,903 - __main__ - WARNING - ⚠️  HLTV galleries: HTTP 403
2026-04-10 03:28:06 +00:00: 2026-04-10 03:28:06,015 - __main__ - WARNING - ⚠️  Reddit r/GlobalOffensive: HTTP 403
2026-04-10 03:28:08 +00:00: 2026-04-10 03:28:08,031 - __main__ - WARNING - ⚠️  Reddit r/cs2: HTTP 403
2026-04-10 03:28:10 +00:00: 2026-04-10 03:28:10,047 - __main__ - WARNING - ⚠️  Reddit r/CSMemes: HTTP 403
2026-04-10 03:28:12 +00:00: 2026-04-10 03:28:12,050 - __main__ - INFO - 📊 Media hunt complete: 0 images, 0 videos
2026-04-10 07:28:12 +00:00: 2026-04-10 07:28:12,614 - __main__ - WARNING - ⚠️  HLTV galleries: HTTP 403
2026-04-10 07:28:12 +00:00: 2026-04-10 07:28:12,719 - __main__ - WARNING - ⚠️  Reddit r/GlobalOffensive: HTTP 403
2026-04-10 07:28:14 +00:00: 2026-04-10 07:28:14,735 - __main__ - WARNING - ⚠️  Reddit r/cs2: HTTP 403
2026-04-10 07:28:16 +00:00: 2026-04-10 07:28:16,750 - __main__ - WARNING - ⚠️  Reddit r/CSMemes: HTTP 403
2026-04-10 07:28:18 +00:00: 2026-04-10 07:28:18,752 - __main__ - INFO - 📊 Media hunt complete: 0 images, 0 videos
2026-04-10 11:28:19 +00:00: 2026-04-10 11:28:19,404 - __main__ - WARNING - ⚠️  HLTV galleries: HTTP 403
2026-04-10 11:28:19 +00:00: 2026-04-10 11:28:19,507 - __main__ - WARNING - ⚠️  Reddit r/GlobalOffensive: HTTP 403
2026-04-10 11:28:21 +00:00: 2026-04-10 11:28:21,521 - __main__ - WARNING - ⚠️  Reddit r/cs2: HTTP 403
2026-04-10 11:28:23 +00:00: 2026-04-10 11:28:23,537 - __main__ - WARNING - ⚠️  Reddit r/CSMemes: HTTP 403
2026-04-10 11:28:25 +00:00: 2026-04-10 11:28:25,540 - __main__ - INFO - 📊 Media hunt complete: 0 images, 0 videos
2026-04-10 15:28:26 +00:00: 2026-04-10 15:28:26,153 - __main__ - WARNING - ⚠️  HLTV galleries: HTTP 403
2026-04-10 15:28:28 +00:00: 2026-04-10 15:28:28,193 - __main__ - WARNING - ⚠️  Reddit r/GlobalOffensive: HTTP 403
2026-04-10 15:28:30 +00:00: 2026-04-10 15:28:30,209 - __main__ - WARNING - ⚠️  Reddit r/cs2: HTTP 403
2026-04-10 15:28:32 +00:00: 2026-04-10 15:28:32,227 - __main__ - WARNING - ⚠️  Reddit r/CSMemes: HTTP 403
2026-04-10 15:28:34 +00:00: 2026-04-10 15:28:34,229 - __main__ - INFO - 📊 Media hunt complete: 0 images, 0 videos
2026-04-10 19:28:34 +00:00: 2026-04-10 19:28:34,870 - __main__ - WARNING - ⚠️  HLTV galleries: HTTP 403
2026-04-10 19:28:35 +00:00: 2026-04-10 19:28:35,008 - __main__ - WARNING - ⚠️  Reddit r/GlobalOffensive: HTTP 403
2026-04-10 19:28:37 +00:00: 2026-04-10 19:28:37,020 - __main__ - WARNING - ⚠️  Reddit r/cs2: HTTP 403
2026-04-10 19:28:39 +00:00: 2026-04-10 19:28:39,032 - __main__ - WARNING - ⚠️  Reddit r/CSMemes: HTTP 403
2026-04-10 19:28:41 +00:00: 2026-04-10 19:28:41,035 - __main__ - INFO - 📊 Media hunt complete: 0 images, 0 videos
2026-04-10 23:28:41 +00:00: 2026-04-10 23:28:41,595 - __main__ - WARNING - ⚠️  HLTV galleries: HTTP 403
2026-04-10 23:28:42 +00:00: 2026-04-10 23:28:42,298 - __main__ - INFO - 📹 Reddit r/GlobalOffensive: 11 clips found
2026-04-10 23:28:42 +00:00: 2026-04-10 23:28:42,415 - __main__ - INFO - 📥 Downloaded: 255639e6087c7b1f2ae1680af6147511.png (5KB)
2026-04-10 23:28:42 +00:00: 2026-04-10 23:28:42,717 - __main__ - INFO - 📥 Downloaded: b21c3779a1c2305752bb69b10d08df00.mp4 (8464KB)
2026-04-10 23:28:42 +00:00: 2026-04-10 23:28:42,866 - __main__ - INFO - 📥 Downloaded: ff71c48c50bce25aa332e85eea4d546c.png (430KB)
2026-04-10 23:28:42 +00:00: 2026-04-10 23:28:42,882 - __main__ - INFO - 📥 Downloaded: f2dfa59bc8cfae1c2119b9ed6487ebd8.png (141KB)
2026-04-10 23:28:42 +00:00: 2026-04-10 23:28:42,921 - __main__ - INFO - 📥 Downloaded: 81d8ff3817ddb29eda03b26f07ad7186.mp4 (3187KB)
2026-04-10 23:28:42 +00:00: 2026-04-10 23:28:42,949 - __main__ - INFO - 📥 Downloaded: fc8203afd7e6ce990e8721ff6dd4d167.mp4 (2030KB)
2026-04-10 23:28:42 +00:00: 2026-04-10 23:28:42,963 - __main__ - INFO - 📥 Downloaded: 9ead78ac2434e559c75c65fdbf752189.jpeg (30KB)
2026-04-10 23:28:42 +00:00: 2026-04-10 23:28:42,977 - __main__ - INFO - 📥 Downloaded: 44ea2f0e55dbbcbd1a88e64ac6b3407f.png (47KB)
2026-04-10 23:28:42 +00:00: 2026-04-10 23:28:42,986 - __main__ - INFO - 📥 Downloaded: cfbf713695966ac1e58395507fcf6450.jpeg (34KB)
2026-04-10 23:28:43 +00:00: 2026-04-10 23:28:43,522 - __main__ - INFO - 📥 Downloaded: c79b3abc3de404d1ee7ce4f461b1cc5d.mp4 (52171KB)
2026-04-10 23:28:43 +00:00: 2026-04-10 23:28:43,526 - __main__ - WARNING - ⚠️  Video compression failed: [Errno 2] No such file or directory: 'ffmpeg'
2026-04-10 23:28:46 +00:00: 2026-04-10 23:28:46,279 - __main__ - INFO - 📹 Reddit r/cs2: 4 clips found
2026-04-10 23:28:46 +00:00: 2026-04-10 23:28:46,368 - __main__ - INFO - 📥 Downloaded: 61b67f74e6f96afb7ed6a2db0c30770b.mp4 (8632KB)
2026-04-10 23:28:46 +00:00: 2026-04-10 23:28:46,493 - __main__ - INFO - 📥 Downloaded: a8cca31d65fd38ae1f71c66d409bfe31.jpeg (59KB)
2026-04-10 23:28:46 +00:00: 2026-04-10 23:28:46,572 - __main__ - INFO - 📥 Downloaded: 13f71f6d8b49fa7bb8713e6c3f894ad1.mp4 (8021KB)
2026-04-10 23:28:48 +00:00: 2026-04-10 23:28:48,713 - __main__ - WARNING - ⚠️  Reddit r/CSMemes: HTTP 404
2026-04-10 23:28:58 +00:00: 2026-04-10 23:28:58,321 - __main__ - INFO - 💾 Stored 15/15 media items
2026-04-10 23:28:58 +00:00: 2026-04-10 23:28:58,322 - __main__ - INFO - 📊 Media hunt complete: 9 images, 6 videos
2026-04-11 03:28:58 +00:00: 2026-04-11 03:28:58,824 - __main__ - WARNING - ⚠️  HLTV galleries: HTTP 403
2026-04-11 03:28:58 +00:00: 2026-04-11 03:28:58,916 - __main__ - WARNING - ⚠️  Reddit r/GlobalOffensive: HTTP 403
2026-04-11 03:29:00 +00:00: 2026-04-11 03:29:00,926 - __main__ - WARNING - ⚠️  Reddit r/cs2: HTTP 403
2026-04-11 03:29:02 +00:00: 2026-04-11 03:29:02,936 - __main__ - WARNING - ⚠️  Reddit r/CSMemes: HTTP 403
2026-04-11 03:29:04 +00:00: 2026-04-11 03:29:04,939 - __main__ - INFO - 📊 Media hunt complete: 0 images, 0 videos
2026-04-11 07:29:05 +00:00: 2026-04-11 07:29:05,590 - __main__ - WARNING - ⚠️  HLTV galleries: HTTP 403
2026-04-11 07:29:05 +00:00: 2026-04-11 07:29:05,676 - __main__ - WARNING - ⚠️  Reddit r/GlobalOffensive: HTTP 403
2026-04-11 07:29:07 +00:00: 2026-04-11 07:29:07,687 - __main__ - WARNING - ⚠️  Reddit r/cs2: HTTP 403
2026-04-11 07:29:09 +00:00: 2026-04-11 07:29:09,698 - __main__ - WARNING - ⚠️  Reddit r/CSMemes: HTTP 403
2026-04-11 07:29:11 +00:00: 2026-04-11 07:29:11,700 - __main__ - INFO - 📊 Media hunt complete: 0 images, 0 videos
2026-04-11 11:29:12 +00:00: 2026-04-11 11:29:12,314 - __main__ - WARNING - ⚠️  HLTV galleries: HTTP 403
2026-04-11 11:29:12 +00:00: 2026-04-11 11:29:12,435 - __main__ - WARNING - ⚠️  Reddit r/GlobalOffensive: HTTP 403
2026-04-11 11:29:14 +00:00: 2026-04-11 11:29:14,451 - __main__ - WARNING - ⚠️  Reddit r/cs2: HTTP 403
2026-04-11 11:29:16 +00:00: 2026-04-11 11:29:16,468 - __main__ - WARNING - ⚠️  Reddit r/CSMemes: HTTP 403
2026-04-11 11:29:18 +00:00: 2026-04-11 11:29:18,471 - __main__ - INFO - 📊 Media hunt complete: 0 images, 0 videos
2026-04-11 15:29:19 +00:00: 2026-04-11 15:29:19,111 - __main__ - WARNING - ⚠️  HLTV galleries: HTTP 403
2026-04-11 15:29:19 +00:00: 2026-04-11 15:29:19,214 - __main__ - WARNING - ⚠️  Reddit r/GlobalOffensive: HTTP 403
2026-04-11 15:29:21 +00:00: 2026-04-11 15:29:21,229 - __main__ - WARNING - ⚠️  Reddit r/cs2: HTTP 403
2026-04-11 15:29:23 +00:00: 2026-04-11 15:29:23,245 - __main__ - WARNING - ⚠️  Reddit r/CSMemes: HTTP 403
2026-04-11 15:29:25 +00:00: 2026-04-11 15:29:25,247 - __main__ - INFO - 📊 Media hunt complete: 0 images, 0 videos
2026-04-11 19:29:25 +00:00: 2026-04-11 19:29:25,833 - __main__ - WARNING - ⚠️  HLTV galleries: HTTP 403
2026-04-11 19:29:25 +00:00: 2026-04-11 19:29:25,946 - __main__ - WARNING - ⚠️  Reddit r/GlobalOffensive: HTTP 403
2026-04-11 19:29:27 +00:00: 2026-04-11 19:29:27,963 - __main__ - WARNING - ⚠️  Reddit r/cs2: HTTP 403
2026-04-11 19:29:29 +00:00: 2026-04-11 19:29:29,984 - __main__ - WARNING - ⚠️  Reddit r/CSMemes: HTTP 403
2026-04-11 19:29:31 +00:00: 2026-04-11 19:29:31,987 - __main__ - INFO - 📊 Media hunt complete: 0 images, 0 videos
2026-04-11 23:29:32 +00:00: 2026-04-11 23:29:32,625 - __main__ - WARNING - ⚠️  HLTV galleries: HTTP 403
2026-04-11 23:29:32 +00:00: 2026-04-11 23:29:32,717 - __main__ - WARNING - ⚠️  Reddit r/GlobalOffensive: HTTP 403
2026-04-11 23:29:34 +00:00: 2026-04-11 23:29:34,728 - __main__ - WARNING - ⚠️  Reddit r/cs2: HTTP 403
2026-04-11 23:29:36 +00:00: 2026-04-11 23:29:36,738 - __main__ - WARNING - ⚠️  Reddit r/CSMemes: HTTP 403
2026-04-11 23:29:38 +00:00: 2026-04-11 23:29:38,740 - __main__ - INFO - 📊 Media hunt complete: 0 images, 0 videos
2026-04-12 03:29:39 +00:00: 2026-04-12 03:29:39,305 - __main__ - WARNING - ⚠️  HLTV galleries: HTTP 403
2026-04-12 03:29:39 +00:00: 2026-04-12 03:29:39,423 - __main__ - WARNING - ⚠️  Reddit r/GlobalOffensive: HTTP 403
2026-04-12 03:29:41 +00:00: 2026-04-12 03:29:41,438 - __main__ - WARNING - ⚠️  Reddit r/cs2: HTTP 403
2026-04-12 03:29:43 +00:00: 2026-04-12 03:29:43,453 - __main__ - WARNING - ⚠️  Reddit r/CSMemes: HTTP 403
2026-04-12 03:29:45 +00:00: 2026-04-12 03:29:45,456 - __main__ - INFO - 📊 Media hunt complete: 0 images, 0 videos
2026-04-12 07:29:46 +00:00: 2026-04-12 07:29:46,000 - __main__ - WARNING - ⚠️  HLTV galleries: HTTP 403
2026-04-12 07:29:46 +00:00: 2026-04-12 07:29:46,104 - __main__ - WARNING - ⚠️  Reddit r/GlobalOffensive: HTTP 403
2026-04-12 07:29:48 +00:00: 2026-04-12 07:29:48,120 - __main__ - WARNING - ⚠️  Reddit r/cs2: HTTP 403
2026-04-12 07:29:50 +00:00: 2026-04-12 07:29:50,133 - __main__ - WARNING - ⚠️  Reddit r/CSMemes: HTTP 403
2026-04-12 07:29:52 +00:00: 2026-04-12 07:29:52,135 - __main__ - INFO - 📊 Media hunt complete: 0 images, 0 videos
2026-04-12 11:29:52 +00:00: 2026-04-12 11:29:52,670 - __main__ - WARNING - ⚠️  HLTV galleries: HTTP 403
2026-04-12 11:29:52 +00:00: 2026-04-12 11:29:52,761 - __main__ - WARNING - ⚠️  Reddit r/GlobalOffensive: HTTP 403
2026-04-12 11:29:54 +00:00: 2026-04-12 11:29:54,772 - __main__ - WARNING - ⚠️  Reddit r/cs2: HTTP 403
2026-04-12 11:29:56 +00:00: 2026-04-12 11:29:56,783 - __main__ - WARNING - ⚠️  Reddit r/CSMemes: HTTP 403
2026-04-12 11:29:58 +00:00: 2026-04-12 11:29:58,785 - __main__ - INFO - 📊 Media hunt complete: 0 images, 0 videos
2026-04-12 15:29:59 +00:00: 2026-04-12 15:29:59,394 - __main__ - WARNING - ⚠️  HLTV galleries: HTTP 403
2026-04-12 15:29:59 +00:00: 2026-04-12 15:29:59,493 - __main__ - WARNING - ⚠️  Reddit r/GlobalOffensive: HTTP 403
2026-04-12 15:30:01 +00:00: 2026-04-12 15:30:01,507 - __main__ - WARNING - ⚠️  Reddit r/cs2: HTTP 403
2026-04-12 15:30:03 +00:00: 2026-04-12 15:30:03,518 - __main__ - WARNING - ⚠️  Reddit r/CSMemes: HTTP 403
2026-04-12 15:30:05 +00:00: 2026-04-12 15:30:05,520 - __main__ - INFO - 📊 Media hunt complete: 0 images, 0 videos
2026-04-12 19:30:06 +00:00: 2026-04-12 19:30:06,155 - __main__ - WARNING - ⚠️  HLTV galleries: HTTP 403
2026-04-12 19:30:06 +00:00: 2026-04-12 19:30:06,272 - __main__ - WARNING - ⚠️  Reddit r/GlobalOffensive: HTTP 403
2026-04-12 19:30:08 +00:00: 2026-04-12 19:30:08,288 - __main__ - WARNING - ⚠️  Reddit r/cs2: HTTP 403
2026-04-12 19:30:10 +00:00: 2026-04-12 19:30:10,306 - __main__ - WARNING - ⚠️  Reddit r/CSMemes: HTTP 403
2026-04-12 19:30:12 +00:00: 2026-04-12 19:30:12,308 - __main__ - INFO - 📊 Media hunt complete: 0 images, 0 videos
2026-04-12 23:30:12 +00:00: 2026-04-12 23:30:12,911 - __main__ - WARNING - ⚠️  HLTV galleries: HTTP 403
2026-04-12 23:30:13 +00:00: 2026-04-12 23:30:13,013 - __main__ - WARNING - ⚠️  Reddit r/GlobalOffensive: HTTP 403
2026-04-12 23:30:15 +00:00: 2026-04-12 23:30:15,029 - __main__ - WARNING - ⚠️  Reddit r/cs2: HTTP 403
2026-04-12 23:30:17 +00:00: 2026-04-12 23:30:17,044 - __main__ - WARNING - ⚠️  Reddit r/CSMemes: HTTP 403
2026-04-12 23:30:19 +00:00: 2026-04-12 23:30:19,046 - __main__ - INFO - 📊 Media hunt complete: 0 images, 0 videos
2026-04-13 03:30:19 +00:00: 2026-04-13 03:30:19,692 - __main__ - WARNING - ⚠️  HLTV galleries: HTTP 403
2026-04-13 03:30:19 +00:00: 2026-04-13 03:30:19,875 - __main__ - WARNING - ⚠️  Reddit r/GlobalOffensive: HTTP 403
2026-04-13 03:30:21 +00:00: 2026-04-13 03:30:21,890 - __main__ - WARNING - ⚠️  Reddit r/cs2: HTTP 403
2026-04-13 03:30:23 +00:00: 2026-04-13 03:30:23,906 - __main__ - WARNING - ⚠️  Reddit r/CSMemes: HTTP 403
2026-04-13 03:30:25 +00:00: 2026-04-13 03:30:25,908 - __main__ - INFO - 📊 Media hunt complete: 0 images, 0 videos
2026-04-13 07:30:26 +00:00: 2026-04-13 07:30:26,474 - __main__ - WARNING - ⚠️  HLTV galleries: HTTP 403
2026-04-13 07:30:26 +00:00: 2026-04-13 07:30:26,554 - __main__ - WARNING - ⚠️  Reddit r/GlobalOffensive: HTTP 403
2026-04-13 07:30:28 +00:00: 2026-04-13 07:30:28,569 - __main__ - WARNING - ⚠️  Reddit r/cs2: HTTP 403
2026-04-13 07:30:30 +00:00: 2026-04-13 07:30:30,586 - __main__ - WARNING - ⚠️  Reddit r/CSMemes: HTTP 403
2026-04-13 07:30:32 +00:00: 2026-04-13 07:30:32,588 - __main__ - INFO - 📊 Media hunt complete: 0 images, 0 videos
2026-04-13 11:30:33 +00:00: 2026-04-13 11:30:33,143 - __main__ - WARNING - ⚠️  HLTV galleries: HTTP 403
2026-04-13 11:30:33 +00:00: 2026-04-13 11:30:33,238 - __main__ - WARNING - ⚠️  Reddit r/GlobalOffensive: HTTP 403
2026-04-13 11:30:35 +00:00: 2026-04-13 11:30:35,253 - __main__ - WARNING - ⚠️  Reddit r/cs2: HTTP 403
2026-04-13 11:30:37 +00:00: 2026-04-13 11:30:37,268 - __main__ - WARNING - ⚠️  Reddit r/CSMemes: HTTP 403
2026-04-13 11:30:39 +00:00: 2026-04-13 11:30:39,271 - __main__ - INFO - 📊 Media hunt complete: 0 images, 0 videos
2026-04-13 15:30:39 +00:00: 2026-04-13 15:30:39,843 - __main__ - WARNING - ⚠️  HLTV galleries: HTTP 403
2026-04-13 15:30:39 +00:00: 2026-04-13 15:30:39,934 - __main__ - WARNING - ⚠️  Reddit r/GlobalOffensive: HTTP 403
2026-04-13 15:30:41 +00:00: 2026-04-13 15:30:41,949 - __main__ - WARNING - ⚠️  Reddit r/cs2: HTTP 403
2026-04-13 15:30:43 +00:00: 2026-04-13 15:30:43,964 - __main__ - WARNING - ⚠️  Reddit r/CSMemes: HTTP 403
2026-04-13 15:30:45 +00:00: 2026-04-13 15:30:45,966 - __main__ - INFO - 📊 Media hunt complete: 0 images, 0 videos
2026-04-13 19:30:46 +00:00: 2026-04-13 19:30:46,512 - __main__ - WARNING - ⚠️  HLTV galleries: HTTP 403
2026-04-13 19:30:46 +00:00: 2026-04-13 19:30:46,609 - __main__ - WARNING - ⚠️  Reddit r/GlobalOffensive: HTTP 403
2026-04-13 19:30:48 +00:00: 2026-04-13 19:30:48,626 - __main__ - WARNING - ⚠️  Reddit r/cs2: HTTP 403
2026-04-13 19:30:50 +00:00: 2026-04-13 19:30:50,643 - __main__ - WARNING - ⚠️  Reddit r/CSMemes: HTTP 403
2026-04-13 19:30:52 +00:00: 2026-04-13 19:30:52,646 - __main__ - INFO - 📊 Media hunt complete: 0 images, 0 videos
2026-04-13 23:30:53 +00:00: 2026-04-13 23:30:53,204 - __main__ - WARNING - ⚠️  HLTV galleries: HTTP 403
2026-04-13 23:30:55 +00:00: 2026-04-13 23:30:55,228 - __main__ - WARNING - ⚠️  Reddit r/GlobalOffensive: HTTP 403
2026-04-13 23:30:57 +00:00: 2026-04-13 23:30:57,238 - __main__ - WARNING - ⚠️  Reddit r/cs2: HTTP 403
2026-04-13 23:30:59 +00:00: 2026-04-13 23:30:59,248 - __main__ - WARNING - ⚠️  Reddit r/CSMemes: HTTP 403
2026-04-13 23:31:01 +00:00: 2026-04-13 23:31:01,250 - __main__ - INFO - 📊 Media hunt complete: 0 images, 0 videos
2026-04-14 03:31:01 +00:00: 2026-04-14 03:31:01,804 - __main__ - WARNING - ⚠️  HLTV galleries: HTTP 403
2026-04-14 03:31:01 +00:00: 2026-04-14 03:31:01,911 - __main__ - WARNING - ⚠️  Reddit r/GlobalOffensive: HTTP 403
2026-04-14 03:31:03 +00:00: 2026-04-14 03:31:03,925 - __main__ - WARNING - ⚠️  Reddit r/cs2: HTTP 403
2026-04-14 03:31:05 +00:00: 2026-04-14 03:31:05,940 - __main__ - WARNING - ⚠️  Reddit r/CSMemes: HTTP 403
2026-04-14 03:31:07 +00:00: 2026-04-14 03:31:07,944 - __main__ - INFO - 📊 Media hunt complete: 0 images, 0 videos
2026-04-14 07:31:08 +00:00: 2026-04-14 07:31:08,483 - __main__ - WARNING - ⚠️  HLTV galleries: HTTP 403
2026-04-14 07:31:08 +00:00: 2026-04-14 07:31:08,570 - __main__ - WARNING - ⚠️  Reddit r/GlobalOffensive: HTTP 403
2026-04-14 07:31:10 +00:00: 2026-04-14 07:31:10,581 - __main__ - WARNING - ⚠️  Reddit r/cs2: HTTP 403
2026-04-14 07:31:12 +00:00: 2026-04-14 07:31:12,591 - __main__ - WARNING - ⚠️  Reddit r/CSMemes: HTTP 403
2026-04-14 07:31:14 +00:00: 2026-04-14 07:31:14,593 - __main__ - INFO - 📊 Media hunt complete: 0 images, 0 videos
2026-04-14 11:31:15 +00:00: 2026-04-14 11:31:15,200 - __main__ - WARNING - ⚠️  HLTV galleries: HTTP 403
2026-04-14 11:31:15 +00:00: 2026-04-14 11:31:15,315 - __main__ - WARNING - ⚠️  Reddit r/GlobalOffensive: HTTP 403
2026-04-14 11:31:17 +00:00: 2026-04-14 11:31:17,331 - __main__ - WARNING - ⚠️  Reddit r/cs2: HTTP 403
2026-04-14 11:31:19 +00:00: 2026-04-14 11:31:19,347 - __main__ - WARNING - ⚠️  Reddit r/CSMemes: HTTP 403
2026-04-14 11:31:21 +00:00: 2026-04-14 11:31:21,350 - __main__ - INFO - 📊 Media hunt complete: 0 images, 0 videos
2026-04-14 15:31:21 +00:00: 2026-04-14 15:31:21,888 - __main__ - WARNING - ⚠️  HLTV galleries: HTTP 403
2026-04-14 15:31:21 +00:00: 2026-04-14 15:31:21,984 - __main__ - WARNING - ⚠️  Reddit r/GlobalOffensive: HTTP 403
2026-04-14 15:31:24 +00:00: 2026-04-14 15:31:24,000 - __main__ - WARNING - ⚠️  Reddit r/cs2: HTTP 403
2026-04-14 15:31:26 +00:00: 2026-04-14 15:31:26,016 - __main__ - WARNING - ⚠️  Reddit r/CSMemes: HTTP 403
2026-04-14 15:31:28 +00:00: 2026-04-14 15:31:28,018 - __main__ - INFO - 📊 Media hunt complete: 0 images, 0 videos
2026-04-14 19:31:28 +00:00: 2026-04-14 19:31:28,592 - __main__ - WARNING - ⚠️  HLTV galleries: HTTP 403
2026-04-14 19:31:28 +00:00: 2026-04-14 19:31:28,717 - __main__ - WARNING - ⚠️  Reddit r/GlobalOffensive: HTTP 403
2026-04-14 19:31:30 +00:00: 2026-04-14 19:31:30,749 - __main__ - WARNING - ⚠️  Reddit r/cs2: HTTP 403
2026-04-14 19:31:32 +00:00: 2026-04-14 19:31:32,765 - __main__ - WARNING - ⚠️  Reddit r/CSMemes: HTTP 403
2026-04-14 19:31:34 +00:00: 2026-04-14 19:31:34,767 - __main__ - INFO - 📊 Media hunt complete: 0 images, 0 videos
2026-04-14 23:31:35 +00:00: 2026-04-14 23:31:35,393 - __main__ - WARNING - ⚠️  HLTV galleries: HTTP 403
2026-04-14 23:31:35 +00:00: 2026-04-14 23:31:35,492 - __main__ - WARNING - ⚠️  Reddit r/GlobalOffensive: HTTP 403
2026-04-14 23:31:37 +00:00: 2026-04-14 23:31:37,506 - __main__ - WARNING - ⚠️  Reddit r/cs2: HTTP 403
2026-04-14 23:31:39 +00:00: 2026-04-14 23:31:39,522 - __main__ - WARNING - ⚠️  Reddit r/CSMemes: HTTP 403
2026-04-14 23:31:41 +00:00: 2026-04-14 23:31:41,524 - __main__ - INFO - 📊 Media hunt complete: 0 images, 0 videos
2026-04-15 03:31:42 +00:00: 2026-04-15 03:31:42,115 - __main__ - WARNING - ⚠️  HLTV galleries: HTTP 403
2026-04-15 03:31:42 +00:00: 2026-04-15 03:31:42,211 - __main__ - WARNING - ⚠️  Reddit r/GlobalOffensive: HTTP 403
2026-04-15 03:31:44 +00:00: 2026-04-15 03:31:44,222 - __main__ - WARNING - ⚠️  Reddit r/cs2: HTTP 403
2026-04-15 03:31:46 +00:00: 2026-04-15 03:31:46,232 - __main__ - WARNING - ⚠️  Reddit r/CSMemes: HTTP 403
2026-04-15 03:31:48 +00:00: 2026-04-15 03:31:48,234 - __main__ - INFO - 📊 Media hunt complete: 0 images, 0 videos
2026-04-15 07:31:48 +00:00: 2026-04-15 07:31:48,793 - __main__ - WARNING - ⚠️  HLTV galleries: HTTP 403
2026-04-15 07:31:48 +00:00: 2026-04-15 07:31:48,862 - __main__ - WARNING - ⚠️  Reddit r/GlobalOffensive: HTTP 403
2026-04-15 07:31:50 +00:00: 2026-04-15 07:31:50,873 - __main__ - WARNING - ⚠️  Reddit r/cs2: HTTP 403
2026-04-15 07:31:52 +00:00: 2026-04-15 07:31:52,883 - __main__ - WARNING - ⚠️  Reddit r/CSMemes: HTTP 403
2026-04-15 07:31:54 +00:00: 2026-04-15 07:31:54,886 - __main__ - INFO - 📊 Media hunt complete: 0 images, 0 videos
2026-04-15 11:31:55 +00:00: 2026-04-15 11:31:55,510 - __main__ - WARNING - ⚠️  HLTV galleries: HTTP 403
2026-04-15 11:31:55 +00:00: 2026-04-15 11:31:55,620 - __main__ - WARNING - ⚠️  Reddit r/GlobalOffensive: HTTP 403
2026-04-15 11:31:57 +00:00: 2026-04-15 11:31:57,636 - __main__ - WARNING - ⚠️  Reddit r/cs2: HTTP 403
2026-04-15 11:31:59 +00:00: 2026-04-15 11:31:59,653 - __main__ - WARNING - ⚠️  Reddit r/CSMemes: HTTP 403
2026-04-15 11:32:01 +00:00: 2026-04-15 11:32:01,656 - __main__ - INFO - 📊 Media hunt complete: 0 images, 0 videos
2026-04-15 15:32:02 +00:00: 2026-04-15 15:32:02,291 - __main__ - WARNING - ⚠️  HLTV galleries: HTTP 403
2026-04-15 15:32:02 +00:00: 2026-04-15 15:32:02,378 - __main__ - WARNING - ⚠️  Reddit r/GlobalOffensive: HTTP 403
2026-04-15 15:32:04 +00:00: 2026-04-15 15:32:04,397 - __main__ - WARNING - ⚠️  Reddit r/cs2: HTTP 403
2026-04-15 15:32:06 +00:00: 2026-04-15 15:32:06,413 - __main__ - WARNING - ⚠️  Reddit r/CSMemes: HTTP 403
2026-04-15 15:32:08 +00:00: 2026-04-15 15:32:08,415 - __main__ - INFO - 📊 Media hunt complete: 0 images, 0 videos
2026-04-15 19:32:09 +00:00: 2026-04-15 19:32:09,060 - __main__ - WARNING - ⚠️  HLTV galleries: HTTP 403
2026-04-15 19:32:09 +00:00: 2026-04-15 19:32:09,144 - __main__ - WARNING - ⚠️  Reddit r/GlobalOffensive: HTTP 403
2026-04-15 19:32:11 +00:00: 2026-04-15 19:32:11,158 - __main__ - WARNING - ⚠️  Reddit r/cs2: HTTP 403
2026-04-15 19:32:13 +00:00: 2026-04-15 19:32:13,170 - __main__ - WARNING - ⚠️  Reddit r/CSMemes: HTTP 403
2026-04-15 19:32:15 +00:00: 2026-04-15 19:32:15,173 - __main__ - INFO - 📊 Media hunt complete: 0 images, 0 videos
2026-04-15 23:32:15 +00:00: 2026-04-15 23:32:15,807 - __main__ - WARNING - ⚠️  HLTV galleries: HTTP 403
2026-04-15 23:32:15 +00:00: 2026-04-15 23:32:15,900 - __main__ - WARNING - ⚠️  Reddit r/GlobalOffensive: HTTP 403
2026-04-15 23:32:17 +00:00: 2026-04-15 23:32:17,910 - __main__ - WARNING - ⚠️  Reddit r/cs2: HTTP 403
2026-04-15 23:32:19 +00:00: 2026-04-15 23:32:19,921 - __main__ - WARNING - ⚠️  Reddit r/CSMemes: HTTP 403
2026-04-15 23:32:21 +00:00: 2026-04-15 23:32:21,923 - __main__ - INFO - 📊 Media hunt complete: 0 images, 0 videos
2026-04-16 03:32:22 +00:00: 2026-04-16 03:32:22,481 - __main__ - WARNING - ⚠️  HLTV galleries: HTTP 403
2026-04-16 03:32:22 +00:00: 2026-04-16 03:32:22,566 - __main__ - WARNING - ⚠️  Reddit r/GlobalOffensive: HTTP 403
2026-04-16 03:32:24 +00:00: 2026-04-16 03:32:24,582 - __main__ - WARNING - ⚠️  Reddit r/cs2: HTTP 403
2026-04-16 03:32:26 +00:00: 2026-04-16 03:32:26,597 - __main__ - WARNING - ⚠️  Reddit r/CSMemes: HTTP 403
2026-04-16 03:32:28 +00:00: 2026-04-16 03:32:28,600 - __main__ - INFO - 📊 Media hunt complete: 0 images, 0 videos
2026-04-16 07:32:29 +00:00: 2026-04-16 07:32:29,162 - __main__ - WARNING - ⚠️  HLTV galleries: HTTP 403
2026-04-16 07:32:29 +00:00: 2026-04-16 07:32:29,257 - __main__ - WARNING - ⚠️  Reddit r/GlobalOffensive: HTTP 403
2026-04-16 07:32:31 +00:00: 2026-04-16 07:32:31,268 - __main__ - WARNING - ⚠️  Reddit r/cs2: HTTP 403
2026-04-16 07:32:33 +00:00: 2026-04-16 07:32:33,278 - __main__ - WARNING - ⚠️  Reddit r/CSMemes: HTTP 403
2026-04-16 07:32:35 +00:00: 2026-04-16 07:32:35,281 - __main__ - INFO - 📊 Media hunt complete: 0 images, 0 videos
2026-04-16 11:32:35 +00:00: 2026-04-16 11:32:35,904 - __main__ - WARNING - ⚠️  HLTV galleries: HTTP 403
2026-04-16 11:32:36 +00:00: 2026-04-16 11:32:36,000 - __main__ - WARNING - ⚠️  Reddit r/GlobalOffensive: HTTP 403
2026-04-16 11:32:38 +00:00: 2026-04-16 11:32:38,011 - __main__ - WARNING - ⚠️  Reddit r/cs2: HTTP 403
2026-04-16 11:32:40 +00:00: 2026-04-16 11:32:40,023 - __main__ - WARNING - ⚠️  Reddit r/CSMemes: HTTP 403
2026-04-16 11:32:42 +00:00: 2026-04-16 11:32:42,026 - __main__ - INFO - 📊 Media hunt complete: 0 images, 0 videos
2026-04-16 15:32:42 +00:00: 2026-04-16 15:32:42,647 - __main__ - WARNING - ⚠️  HLTV galleries: HTTP 403
2026-04-16 15:32:42 +00:00: 2026-04-16 15:32:42,746 - __main__ - WARNING - ⚠️  Reddit r/GlobalOffensive: HTTP 403
2026-04-16 15:32:44 +00:00: 2026-04-16 15:32:44,763 - __main__ - WARNING - ⚠️  Reddit r/cs2: HTTP 403
2026-04-16 15:32:46 +00:00: 2026-04-16 15:32:46,778 - __main__ - WARNING - ⚠️  Reddit r/CSMemes: HTTP 403
2026-04-16 15:32:48 +00:00: 2026-04-16 15:32:48,781 - __main__ - INFO - 📊 Media hunt complete: 0 images, 0 videos
2026-04-16 19:32:49 +00:00: 2026-04-16 19:32:49,392 - __main__ - WARNING - ⚠️  HLTV galleries: HTTP 403
2026-04-16 19:32:49 +00:00: 2026-04-16 19:32:49,493 - __main__ - WARNING - ⚠️  Reddit r/GlobalOffensive: HTTP 403
2026-04-16 19:32:51 +00:00: 2026-04-16 19:32:51,505 - __main__ - WARNING - ⚠️  Reddit r/cs2: HTTP 403
2026-04-16 19:32:53 +00:00: 2026-04-16 19:32:53,515 - __main__ - WARNING - ⚠️  Reddit r/CSMemes: HTTP 403
2026-04-16 19:32:55 +00:00: 2026-04-16 19:32:55,516 - __main__ - INFO - 📊 Media hunt complete: 0 images, 0 videos
2026-04-16 23:32:56 +00:00: 2026-04-16 23:32:56,113 - __main__ - WARNING - ⚠️  HLTV galleries: HTTP 403
2026-04-16 23:32:56 +00:00: 2026-04-16 23:32:56,198 - __main__ - WARNING - ⚠️  Reddit r/GlobalOffensive: HTTP 403
2026-04-16 23:32:58 +00:00: 2026-04-16 23:32:58,213 - __main__ - WARNING - ⚠️  Reddit r/cs2: HTTP 403
2026-04-16 23:33:00 +00:00: 2026-04-16 23:33:00,229 - __main__ - WARNING - ⚠️  Reddit r/CSMemes: HTTP 403
2026-04-16 23:33:02 +00:00: 2026-04-16 23:33:02,231 - __main__ - INFO - 📊 Media hunt complete: 0 images, 0 videos
2026-04-17 03:33:02 +00:00: 2026-04-17 03:33:02,760 - __main__ - WARNING - ⚠️  HLTV galleries: HTTP 403
2026-04-17 03:33:02 +00:00: 2026-04-17 03:33:02,869 - __main__ - WARNING - ⚠️  Reddit r/GlobalOffensive: HTTP 403
2026-04-17 03:33:04 +00:00: 2026-04-17 03:33:04,884 - __main__ - WARNING - ⚠️  Reddit r/cs2: HTTP 403
2026-04-17 03:33:06 +00:00: 2026-04-17 03:33:06,900 - __main__ - WARNING - ⚠️  Reddit r/CSMemes: HTTP 403
2026-04-17 03:33:08 +00:00: 2026-04-17 03:33:08,904 - __main__ - INFO - 📊 Media hunt complete: 0 images, 0 videos
2026-04-17 07:33:09 +00:00: 2026-04-17 07:33:09,528 - __main__ - WARNING - ⚠️  HLTV galleries: HTTP 403
2026-04-17 07:33:09 +00:00: 2026-04-17 07:33:09,622 - __main__ - WARNING - ⚠️  Reddit r/GlobalOffensive: HTTP 403
2026-04-17 07:33:11 +00:00: 2026-04-17 07:33:11,632 - __main__ - WARNING - ⚠️  Reddit r/cs2: HTTP 403
2026-04-17 07:33:13 +00:00: 2026-04-17 07:33:13,643 - __main__ - WARNING - ⚠️  Reddit r/CSMemes: HTTP 403
2026-04-17 07:33:15 +00:00: 2026-04-17 07:33:15,646 - __main__ - INFO - 📊 Media hunt complete: 0 images, 0 videos
2026-04-17 11:33:16 +00:00: 2026-04-17 11:33:16,211 - __main__ - WARNING - ⚠️  HLTV galleries: HTTP 403
2026-04-17 11:33:16 +00:00: 2026-04-17 11:33:16,315 - __main__ - WARNING - ⚠️  Reddit r/GlobalOffensive: HTTP 403
2026-04-17 11:33:18 +00:00: 2026-04-17 11:33:18,326 - __main__ - WARNING - ⚠️  Reddit r/cs2: HTTP 403
2026-04-17 11:33:20 +00:00: 2026-04-17 11:33:20,336 - __main__ - WARNING - ⚠️  Reddit r/CSMemes: HTTP 403
2026-04-17 11:33:22 +00:00: 2026-04-17 11:33:22,339 - __main__ - INFO - 📊 Media hunt complete: 0 images, 0 videos
2026-04-17 15:33:22 +00:00: 2026-04-17 15:33:22,893 - __main__ - WARNING - ⚠️  HLTV galleries: HTTP 403
2026-04-17 15:33:22 +00:00: 2026-04-17 15:33:22,993 - __main__ - WARNING - ⚠️  Reddit r/GlobalOffensive: HTTP 403
2026-04-17 15:33:25 +00:00: 2026-04-17 15:33:25,004 - __main__ - WARNING - ⚠️  Reddit r/cs2: HTTP 403
2026-04-17 15:33:27 +00:00: 2026-04-17 15:33:27,016 - __main__ - WARNING - ⚠️  Reddit r/CSMemes: HTTP 403
2026-04-17 15:33:29 +00:00: 2026-04-17 15:33:29,018 - __main__ - INFO - 📊 Media hunt complete: 0 images, 0 videos
2026-04-17 19:33:29 +00:00: 2026-04-17 19:33:29,655 - __main__ - WARNING - ⚠️  HLTV galleries: HTTP 403
2026-04-17 19:33:29 +00:00: 2026-04-17 19:33:29,747 - __main__ - WARNING - ⚠️  Reddit r/GlobalOffensive: HTTP 403
2026-04-17 19:33:31 +00:00: 2026-04-17 19:33:31,764 - __main__ - WARNING - ⚠️  Reddit r/cs2: HTTP 403
2026-04-17 19:33:33 +00:00: 2026-04-17 19:33:33,782 - __main__ - WARNING - ⚠️  Reddit r/CSMemes: HTTP 403
2026-04-17 19:33:35 +00:00: 2026-04-17 19:33:35,785 - __main__ - INFO - 📊 Media hunt complete: 0 images, 0 videos
2026-04-17 23:33:36 +00:00: 2026-04-17 23:33:36,333 - __main__ - WARNING - ⚠️  HLTV galleries: HTTP 403
2026-04-17 23:33:36 +00:00: 2026-04-17 23:33:36,411 - __main__ - WARNING - ⚠️  Reddit r/GlobalOffensive: HTTP 403
2026-04-17 23:33:38 +00:00: 2026-04-17 23:33:38,420 - __main__ - WARNING - ⚠️  Reddit r/cs2: HTTP 403
2026-04-17 23:33:40 +00:00: 2026-04-17 23:33:40,431 - __main__ - WARNING - ⚠️  Reddit r/CSMemes: HTTP 403
2026-04-17 23:33:42 +00:00: 2026-04-17 23:33:42,434 - __main__ - INFO - 📊 Media hunt complete: 0 images, 0 videos
2026-04-18 03:33:43 +00:00: 2026-04-18 03:33:43,024 - __main__ - WARNING - ⚠️  HLTV galleries: HTTP 403
2026-04-18 03:33:43 +00:00: 2026-04-18 03:33:43,131 - __main__ - WARNING - ⚠️  Reddit r/GlobalOffensive: HTTP 403
2026-04-18 03:33:45 +00:00: 2026-04-18 03:33:45,146 - __main__ - WARNING - ⚠️  Reddit r/cs2: HTTP 403
2026-04-18 03:33:47 +00:00: 2026-04-18 03:33:47,161 - __main__ - WARNING - ⚠️  Reddit r/CSMemes: HTTP 403
2026-04-18 03:33:49 +00:00: 2026-04-18 03:33:49,163 - __main__ - INFO - 📊 Media hunt complete: 0 images, 0 videos
2026-04-18 07:33:49 +00:00: 2026-04-18 07:33:49,696 - __main__ - WARNING - ⚠️  HLTV galleries: HTTP 403
2026-04-18 07:33:49 +00:00: 2026-04-18 07:33:49,805 - __main__ - WARNING - ⚠️  Reddit r/GlobalOffensive: HTTP 403
2026-04-18 07:33:51 +00:00: 2026-04-18 07:33:51,820 - __main__ - WARNING - ⚠️  Reddit r/cs2: HTTP 403
2026-04-18 07:33:53 +00:00: 2026-04-18 07:33:53,835 - __main__ - WARNING - ⚠️  Reddit r/CSMemes: HTTP 403
2026-04-18 07:33:55 +00:00: 2026-04-18 07:33:55,838 - __main__ - INFO - 📊 Media hunt complete: 0 images, 0 videos
2026-04-18 11:33:56 +00:00: 2026-04-18 11:33:56,453 - __main__ - WARNING - ⚠️  HLTV galleries: HTTP 403
2026-04-18 11:33:57 +00:00: 2026-04-18 11:33:57,276 - __main__ - INFO - 📹 Reddit r/GlobalOffensive: 13 clips found
2026-04-18 11:33:57 +00:00: 2026-04-18 11:33:57,448 - __main__ - INFO - 📥 Downloaded: 496803c32f7b5389dbce02c9b744da35.jpeg (42KB)
2026-04-18 11:33:57 +00:00: 2026-04-18 11:33:57,567 - __main__ - INFO - 📥 Downloaded: 943699dce4902d9a8453a4ee35a60fa5.jpeg (230KB)
2026-04-18 11:33:57 +00:00: 2026-04-18 11:33:57,580 - __main__ - INFO - 📥 Downloaded: 7e184d19b2d1a6d09481684d261c0033.jpeg (42KB)
2026-04-18 11:33:57 +00:00: 2026-04-18 11:33:57,717 - __main__ - INFO - 📥 Downloaded: a0201fd298a8f687e1646e46898029f5.mp4 (2284KB)
2026-04-18 11:33:57 +00:00: 2026-04-18 11:33:57,736 - __main__ - INFO - 📥 Downloaded: e13bdde8e2efae4e8e3e766f5b8016f7.jpeg (91KB)
2026-04-18 11:33:57 +00:00: 2026-04-18 11:33:57,846 - __main__ - INFO - 📥 Downloaded: fa269b92b23570365a732cb307f62d6f.jpeg (77KB)
2026-04-18 11:33:57 +00:00: 2026-04-18 11:33:57,862 - __main__ - INFO - 📥 Downloaded: c398a9536318c6b06fdb8fdc1efdb99a.jpeg (59KB)
2026-04-18 11:33:57 +00:00: 2026-04-18 11:33:57,877 - __main__ - INFO - 📥 Downloaded: 96572ca4a09e9981d278f1e9de4f46ef.jpeg (26KB)
2026-04-18 11:33:58 +00:00: 2026-04-18 11:33:58,647 - __main__ - INFO - 📥 Downloaded: a2d0919ee1364d39056b6bd9bdb52940.jpeg (125KB)
2026-04-18 11:33:58 +00:00: 2026-04-18 11:33:58,768 - __main__ - INFO - 📥 Downloaded: 1c0de5787b96c2a527895a8be9e750be.png (957KB)
2026-04-18 11:34:01 +00:00: 2026-04-18 11:34:01,466 - __main__ - INFO - 📹 Reddit r/cs2: 11 clips found
2026-04-18 11:34:01 +00:00: 2026-04-18 11:34:01,728 - __main__ - INFO - 📥 Downloaded: 958642fdd61b578dac71bbc1c04d11ce.mp4 (27884KB)
2026-04-18 11:34:01 +00:00: 2026-04-18 11:34:01,730 - __main__ - WARNING - ⚠️  Video compression failed: [Errno 2] No such file or directory: 'ffmpeg'
2026-04-18 11:34:01 +00:00: 2026-04-18 11:34:01,874 - __main__ - INFO - 📥 Downloaded: 40bc3ec9277597166f6024d9599a2ecb.mp4 (15119KB)
2026-04-18 11:34:01 +00:00: 2026-04-18 11:34:01,887 - __main__ - INFO - 📥 Downloaded: 4887b15e701915d01d0572fc2f0beb0e.png (200KB)
2026-04-18 11:34:01 +00:00: 2026-04-18 11:34:01,905 - __main__ - INFO - 📥 Downloaded: 02f06d0d218bb5c1951935f5f48bef3c.jpeg (205KB)
2026-04-18 11:34:01 +00:00: 2026-04-18 11:34:01,919 - __main__ - INFO - 📥 Downloaded: 610fd1084a3be9cfea2113214d73e839.png (797KB)
2026-04-18 11:34:02 +00:00: 2026-04-18 11:34:02,285 - __main__ - INFO - 📥 Downloaded: 1c42bafaa20ab8c17667b2a4de963600.mp4 (36689KB)
2026-04-18 11:34:02 +00:00: 2026-04-18 11:34:02,286 - __main__ - WARNING - ⚠️  Video compression failed: [Errno 2] No such file or directory: 'ffmpeg'
2026-04-18 11:34:02 +00:00: 2026-04-18 11:34:02,493 - __main__ - INFO - 📥 Downloaded: 6c681ca3e35f3f6855ad0d012d52919b.mp4 (21654KB)
2026-04-18 11:34:02 +00:00: 2026-04-18 11:34:02,494 - __main__ - WARNING - ⚠️  Video compression failed: [Errno 2] No such file or directory: 'ffmpeg'
2026-04-18 11:34:02 +00:00: 2026-04-18 11:34:02,576 - __main__ - INFO - 📥 Downloaded: fdb3a86622ac0d648bdf1e7903cda5fa.mp4 (8184KB)
2026-04-18 11:34:02 +00:00: 2026-04-18 11:34:02,788 - __main__ - INFO - 📥 Downloaded: 8bb4b79ab15e7f27efef7fc312548f81.mp4 (22331KB)
2026-04-18 11:34:02 +00:00: 2026-04-18 11:34:02,790 - __main__ - WARNING - ⚠️  Video compression failed: [Errno 2] No such file or directory: 'ffmpeg'
2026-04-18 11:34:02 +00:00: 2026-04-18 11:34:02,805 - __main__ - INFO - 📥 Downloaded: f3f6a4fb1549f0813abc6804995acec7.jpeg (47KB)
2026-04-18 11:34:04 +00:00: 2026-04-18 11:34:04,950 - __main__ - WARNING - ⚠️  Reddit r/CSMemes: HTTP 404
2026-04-18 11:34:17 +00:00: 2026-04-18 11:34:17,250 - __main__ - INFO - 💾 Stored 22/22 media items
2026-04-18 11:34:17 +00:00: 2026-04-18 11:34:17,250 - __main__ - INFO - 📊 Media hunt complete: 15 images, 7 videos
2026-04-18 15:34:17 +00:00: 2026-04-18 15:34:17,709 - __main__ - WARNING - ⚠️  HLTV galleries: HTTP 403
2026-04-18 15:34:19 +00:00: 2026-04-18 15:34:19,759 - __main__ - WARNING - ⚠️  Reddit r/GlobalOffensive: HTTP 403
2026-04-18 15:34:21 +00:00: 2026-04-18 15:34:21,775 - __main__ - WARNING - ⚠️  Reddit r/cs2: HTTP 403
2026-04-18 15:34:23 +00:00: 2026-04-18 15:34:23,791 - __main__ - WARNING - ⚠️  Reddit r/CSMemes: HTTP 403
2026-04-18 15:34:25 +00:00: 2026-04-18 15:34:25,794 - __main__ - INFO - 📊 Media hunt complete: 0 images, 0 videos
2026-04-18 19:34:26 +00:00: 2026-04-18 19:34:26,302 - __main__ - WARNING - ⚠️  HLTV galleries: HTTP 403
2026-04-18 19:34:26 +00:00: 2026-04-18 19:34:26,395 - __main__ - WARNING - ⚠️  Reddit r/GlobalOffensive: HTTP 403
2026-04-18 19:34:28 +00:00: 2026-04-18 19:34:28,408 - __main__ - WARNING - ⚠️  Reddit r/cs2: HTTP 403
2026-04-18 19:34:30 +00:00: 2026-04-18 19:34:30,420 - __main__ - WARNING - ⚠️  Reddit r/CSMemes: HTTP 403
2026-04-18 19:34:32 +00:00: 2026-04-18 19:34:32,422 - __main__ - INFO - 📊 Media hunt complete: 0 images, 0 videos
2026-04-18 23:34:33 +00:00: 2026-04-18 23:34:33,049 - __main__ - WARNING - ⚠️  HLTV galleries: HTTP 403
2026-04-18 23:34:33 +00:00: 2026-04-18 23:34:33,161 - __main__ - WARNING - ⚠️  Reddit r/GlobalOffensive: HTTP 403
2026-04-18 23:34:35 +00:00: 2026-04-18 23:34:35,177 - __main__ - WARNING - ⚠️  Reddit r/cs2: HTTP 403
2026-04-18 23:34:37 +00:00: 2026-04-18 23:34:37,193 - __main__ - WARNING - ⚠️  Reddit r/CSMemes: HTTP 403
2026-04-18 23:34:39 +00:00: 2026-04-18 23:34:39,196 - __main__ - INFO - 📊 Media hunt complete: 0 images, 0 videos
2026-04-19 03:34:39 +00:00: 2026-04-19 03:34:39,802 - __main__ - WARNING - ⚠️  HLTV galleries: HTTP 403
2026-04-19 03:34:39 +00:00: 2026-04-19 03:34:39,913 - __main__ - WARNING - ⚠️  Reddit r/GlobalOffensive: HTTP 403
2026-04-19 03:34:41 +00:00: 2026-04-19 03:34:41,930 - __main__ - WARNING - ⚠️  Reddit r/cs2: HTTP 403
2026-04-19 03:34:43 +00:00: 2026-04-19 03:34:43,946 - __main__ - WARNING - ⚠️  Reddit r/CSMemes: HTTP 403
2026-04-19 03:34:45 +00:00: 2026-04-19 03:34:45,949 - __main__ - INFO - 📊 Media hunt complete: 0 images, 0 videos
2026-04-19 07:34:46 +00:00: 2026-04-19 07:34:46,566 - __main__ - WARNING - ⚠️  HLTV galleries: HTTP 403
2026-04-19 07:34:46 +00:00: 2026-04-19 07:34:46,678 - __main__ - WARNING - ⚠️  Reddit r/GlobalOffensive: HTTP 403
2026-04-19 07:34:48 +00:00: 2026-04-19 07:34:48,694 - __main__ - WARNING - ⚠️  Reddit r/cs2: HTTP 403
2026-04-19 07:34:50 +00:00: 2026-04-19 07:34:50,710 - __main__ - WARNING - ⚠️  Reddit r/CSMemes: HTTP 403
2026-04-19 07:34:52 +00:00: 2026-04-19 07:34:52,713 - __main__ - INFO - 📊 Media hunt complete: 0 images, 0 videos
2026-04-19 11:34:53 +00:00: 2026-04-19 11:34:53,254 - __main__ - WARNING - ⚠️  HLTV galleries: HTTP 403
2026-04-19 11:34:53 +00:00: 2026-04-19 11:34:53,338 - __main__ - WARNING - ⚠️  Reddit r/GlobalOffensive: HTTP 403
2026-04-19 11:34:55 +00:00: 2026-04-19 11:34:55,350 - __main__ - WARNING - ⚠️  Reddit r/cs2: HTTP 403
2026-04-19 11:34:57 +00:00: 2026-04-19 11:34:57,362 - __main__ - WARNING - ⚠️  Reddit r/CSMemes: HTTP 403
2026-04-19 11:34:59 +00:00: 2026-04-19 11:34:59,364 - __main__ - INFO - 📊 Media hunt complete: 0 images, 0 videos
2026-04-19 15:34:59 +00:00: 2026-04-19 15:34:59,996 - __main__ - WARNING - ⚠️  HLTV galleries: HTTP 403
2026-04-19 15:35:00 +00:00: 2026-04-19 15:35:00,116 - __main__ - WARNING - ⚠️  Reddit r/GlobalOffensive: HTTP 403
2026-04-19 15:35:02 +00:00: 2026-04-19 15:35:02,133 - __main__ - WARNING - ⚠️  Reddit r/cs2: HTTP 403
2026-04-19 15:35:04 +00:00: 2026-04-19 15:35:04,150 - __main__ - WARNING - ⚠️  Reddit r/CSMemes: HTTP 403
2026-04-19 15:35:06 +00:00: 2026-04-19 15:35:06,152 - __main__ - INFO - 📊 Media hunt complete: 0 images, 0 videos
2026-04-19 19:35:06 +00:00: 2026-04-19 19:35:06,773 - __main__ - WARNING - ⚠️  HLTV galleries: HTTP 403
2026-04-19 19:35:06 +00:00: 2026-04-19 19:35:06,932 - __main__ - WARNING - ⚠️  Reddit r/GlobalOffensive: HTTP 403
2026-04-19 19:35:08 +00:00: 2026-04-19 19:35:08,950 - __main__ - WARNING - ⚠️  Reddit r/cs2: HTTP 403
2026-04-19 19:35:10 +00:00: 2026-04-19 19:35:10,965 - __main__ - WARNING - ⚠️  Reddit r/CSMemes: HTTP 403
2026-04-19 19:35:12 +00:00: 2026-04-19 19:35:12,968 - __main__ - INFO - 📊 Media hunt complete: 0 images, 0 videos
2026-04-19 23:35:13 +00:00: 2026-04-19 23:35:13,528 - __main__ - WARNING - ⚠️  HLTV galleries: HTTP 403
2026-04-19 23:35:13 +00:00: 2026-04-19 23:35:13,635 - __main__ - WARNING - ⚠️  Reddit r/GlobalOffensive: HTTP 403
2026-04-19 23:35:15 +00:00: 2026-04-19 23:35:15,650 - __main__ - WARNING - ⚠️  Reddit r/cs2: HTTP 403
2026-04-19 23:35:17 +00:00: 2026-04-19 23:35:17,664 - __main__ - WARNING - ⚠️  Reddit r/CSMemes: HTTP 403
2026-04-19 23:35:19 +00:00: 2026-04-19 23:35:19,667 - __main__ - INFO - 📊 Media hunt complete: 0 images, 0 videos
2026-04-20 03:35:20 +00:00: 2026-04-20 03:35:20,288 - __main__ - WARNING - ⚠️  HLTV galleries: HTTP 403
2026-04-20 03:35:20 +00:00: 2026-04-20 03:35:20,395 - __main__ - WARNING - ⚠️  Reddit r/GlobalOffensive: HTTP 403
2026-04-20 03:35:22 +00:00: 2026-04-20 03:35:22,411 - __main__ - WARNING - ⚠️  Reddit r/cs2: HTTP 403
2026-04-20 03:35:24 +00:00: 2026-04-20 03:35:24,427 - __main__ - WARNING - ⚠️  Reddit r/CSMemes: HTTP 403
2026-04-20 03:35:26 +00:00: 2026-04-20 03:35:26,429 - __main__ - INFO - 📊 Media hunt complete: 0 images, 0 videos
2026-04-20 07:35:26 +00:00: 2026-04-20 07:35:26,981 - __main__ - WARNING - ⚠️  HLTV galleries: HTTP 403
2026-04-20 07:35:27 +00:00: 2026-04-20 07:35:27,101 - __main__ - WARNING - ⚠️  Reddit r/GlobalOffensive: HTTP 403
2026-04-20 07:35:29 +00:00: 2026-04-20 07:35:29,117 - __main__ - WARNING - ⚠️  Reddit r/cs2: HTTP 403
2026-04-20 07:35:31 +00:00: 2026-04-20 07:35:31,137 - __main__ - WARNING - ⚠️  Reddit r/CSMemes: HTTP 403
2026-04-20 07:35:33 +00:00: 2026-04-20 07:35:33,140 - __main__ - INFO - 📊 Media hunt complete: 0 images, 0 videos
2026-04-20 11:35:33 +00:00: 2026-04-20 11:35:33,755 - __main__ - WARNING - ⚠️  HLTV galleries: HTTP 403
2026-04-20 11:35:33 +00:00: 2026-04-20 11:35:33,850 - __main__ - WARNING - ⚠️  Reddit r/GlobalOffensive: HTTP 403
2026-04-20 11:35:35 +00:00: 2026-04-20 11:35:35,860 - __main__ - WARNING - ⚠️  Reddit r/cs2: HTTP 403
2026-04-20 11:35:37 +00:00: 2026-04-20 11:35:37,871 - __main__ - WARNING - ⚠️  Reddit r/CSMemes: HTTP 403
2026-04-20 11:35:39 +00:00: 2026-04-20 11:35:39,874 - __main__ - INFO - 📊 Media hunt complete: 0 images, 0 videos
2026-04-20 15:35:40 +00:00: 2026-04-20 15:35:40,518 - __main__ - WARNING - ⚠️  HLTV galleries: HTTP 403
2026-04-20 15:35:40 +00:00: 2026-04-20 15:35:40,607 - __main__ - WARNING - ⚠️  Reddit r/GlobalOffensive: HTTP 403
2026-04-20 15:35:42 +00:00: 2026-04-20 15:35:42,623 - __main__ - WARNING - ⚠️  Reddit r/cs2: HTTP 403
2026-04-20 15:35:44 +00:00: 2026-04-20 15:35:44,640 - __main__ - WARNING - ⚠️  Reddit r/CSMemes: HTTP 403
2026-04-20 15:35:46 +00:00: 2026-04-20 15:35:46,642 - __main__ - INFO - 📊 Media hunt complete: 0 images, 0 videos
2026-04-20 19:35:47 +00:00: 2026-04-20 19:35:47,222 - __main__ - WARNING - ⚠️  HLTV galleries: HTTP 403
2026-04-20 19:35:47 +00:00: 2026-04-20 19:35:47,319 - __main__ - WARNING - ⚠️  Reddit r/GlobalOffensive: HTTP 403
2026-04-20 19:35:49 +00:00: 2026-04-20 19:35:49,334 - __main__ - WARNING - ⚠️  Reddit r/cs2: HTTP 403
2026-04-20 19:35:51 +00:00: 2026-04-20 19:35:51,350 - __main__ - WARNING - ⚠️  Reddit r/CSMemes: HTTP 403
2026-04-20 19:35:53 +00:00: 2026-04-20 19:35:53,353 - __main__ - INFO - 📊 Media hunt complete: 0 images, 0 videos
2026-04-20 23:35:53 +00:00: 2026-04-20 23:35:53,979 - __main__ - WARNING - ⚠️  HLTV galleries: HTTP 403
2026-04-20 23:35:54 +00:00: 2026-04-20 23:35:54,077 - __main__ - WARNING - ⚠️  Reddit r/GlobalOffensive: HTTP 403
2026-04-20 23:35:56 +00:00: 2026-04-20 23:35:56,092 - __main__ - WARNING - ⚠️  Reddit r/cs2: HTTP 403
2026-04-20 23:35:58 +00:00: 2026-04-20 23:35:58,107 - __main__ - WARNING - ⚠️  Reddit r/CSMemes: HTTP 403
2026-04-20 23:36:00 +00:00: 2026-04-20 23:36:00,109 - __main__ - INFO - 📊 Media hunt complete: 0 images, 0 videos
2026-04-21 03:36:00 +00:00: 2026-04-21 03:36:00,757 - __main__ - WARNING - ⚠️  HLTV galleries: HTTP 403
2026-04-21 03:36:00 +00:00: 2026-04-21 03:36:00,839 - __main__ - WARNING - ⚠️  Reddit r/GlobalOffensive: HTTP 403
2026-04-21 03:36:02 +00:00: 2026-04-21 03:36:02,850 - __main__ - WARNING - ⚠️  Reddit r/cs2: HTTP 403
2026-04-21 03:36:04 +00:00: 2026-04-21 03:36:04,862 - __main__ - WARNING - ⚠️  Reddit r/CSMemes: HTTP 403
2026-04-21 03:36:06 +00:00: 2026-04-21 03:36:06,865 - __main__ - INFO - 📊 Media hunt complete: 0 images, 0 videos
2026-04-21 07:36:07 +00:00: 2026-04-21 07:36:07,490 - __main__ - WARNING - ⚠️  HLTV galleries: HTTP 403
2026-04-21 07:36:07 +00:00: 2026-04-21 07:36:07,609 - __main__ - WARNING - ⚠️  Reddit r/GlobalOffensive: HTTP 403
2026-04-21 07:36:09 +00:00: 2026-04-21 07:36:09,624 - __main__ - WARNING - ⚠️  Reddit r/cs2: HTTP 403
2026-04-21 07:36:11 +00:00: 2026-04-21 07:36:11,639 - __main__ - WARNING - ⚠️  Reddit r/CSMemes: HTTP 403
2026-04-21 07:36:13 +00:00: 2026-04-21 07:36:13,642 - __main__ - INFO - 📊 Media hunt complete: 0 images, 0 videos
2026-04-21 11:36:14 +00:00: 2026-04-21 11:36:14,478 - __main__ - WARNING - ⚠️  HLTV galleries: HTTP 403
2026-04-21 11:36:14 +00:00: 2026-04-21 11:36:14,660 - __main__ - WARNING - ⚠️  Reddit r/GlobalOffensive: HTTP 403
2026-04-21 11:36:16 +00:00: 2026-04-21 11:36:16,676 - __main__ - WARNING - ⚠️  Reddit r/cs2: HTTP 403
2026-04-21 11:36:18 +00:00: 2026-04-21 11:36:18,708 - __main__ - WARNING - ⚠️  Reddit r/CSMemes: HTTP 403
2026-04-21 11:36:20 +00:00: 2026-04-21 11:36:20,710 - __main__ - INFO - 📊 Media hunt complete: 0 images, 0 videos
2026-04-21 15:36:21 +00:00: 2026-04-21 15:36:21,303 - __main__ - WARNING - ⚠️  HLTV galleries: HTTP 403
2026-04-21 15:36:21 +00:00: 2026-04-21 15:36:21,383 - __main__ - WARNING - ⚠️  Reddit r/GlobalOffensive: HTTP 403
2026-04-21 15:36:23 +00:00: 2026-04-21 15:36:23,399 - __main__ - WARNING - ⚠️  Reddit r/cs2: HTTP 403
2026-04-21 15:36:25 +00:00: 2026-04-21 15:36:25,414 - __main__ - WARNING - ⚠️  Reddit r/CSMemes: HTTP 403
2026-04-21 15:36:27 +00:00: 2026-04-21 15:36:27,416 - __main__ - INFO - 📊 Media hunt complete: 0 images, 0 videos
2026-04-21 19:36:27 +00:00: 2026-04-21 19:36:27,982 - __main__ - WARNING - ⚠️  HLTV galleries: HTTP 403
2026-04-21 19:36:28 +00:00: 2026-04-21 19:36:28,086 - __main__ - WARNING - ⚠️  Reddit r/GlobalOffensive: HTTP 403
2026-04-21 19:36:30 +00:00: 2026-04-21 19:36:30,105 - __main__ - WARNING - ⚠️  Reddit r/cs2: HTTP 403
2026-04-21 19:36:32 +00:00: 2026-04-21 19:36:32,122 - __main__ - WARNING - ⚠️  Reddit r/CSMemes: HTTP 403
2026-04-21 19:36:34 +00:00: 2026-04-21 19:36:34,125 - __main__ - INFO - 📊 Media hunt complete: 0 images, 0 videos
2026-04-21 23:36:34 +00:00: 2026-04-21 23:36:34,663 - __main__ - WARNING - ⚠️  HLTV galleries: HTTP 403
2026-04-21 23:36:34 +00:00: 2026-04-21 23:36:34,866 - __main__ - WARNING - ⚠️  Reddit r/GlobalOffensive: HTTP 403
2026-04-21 23:36:36 +00:00: 2026-04-21 23:36:36,881 - __main__ - WARNING - ⚠️  Reddit r/cs2: HTTP 403
2026-04-21 23:36:38 +00:00: 2026-04-21 23:36:38,897 - __main__ - WARNING - ⚠️  Reddit r/CSMemes: HTTP 403
2026-04-21 23:36:40 +00:00: 2026-04-21 23:36:40,900 - __main__ - INFO - 📊 Media hunt complete: 0 images, 0 videos
2026-04-22 03:36:41 +00:00: 2026-04-22 03:36:41,560 - __main__ - WARNING - ⚠️  HLTV galleries: HTTP 403
2026-04-22 03:36:41 +00:00: 2026-04-22 03:36:41,689 - __main__ - WARNING - ⚠️  Reddit r/GlobalOffensive: HTTP 403
2026-04-22 03:36:43 +00:00: 2026-04-22 03:36:43,705 - __main__ - WARNING - ⚠️  Reddit r/cs2: HTTP 403
2026-04-22 03:36:45 +00:00: 2026-04-22 03:36:45,721 - __main__ - WARNING - ⚠️  Reddit r/CSMemes: HTTP 403
2026-04-22 03:36:47 +00:00: 2026-04-22 03:36:47,723 - __main__ - INFO - 📊 Media hunt complete: 0 images, 0 videos
2026-04-22 07:36:48 +00:00: 2026-04-22 07:36:48,313 - __main__ - WARNING - ⚠️  HLTV galleries: HTTP 403
2026-04-22 07:36:48 +00:00: 2026-04-22 07:36:48,406 - __main__ - WARNING - ⚠️  Reddit r/GlobalOffensive: HTTP 403
2026-04-22 07:36:50 +00:00: 2026-04-22 07:36:50,420 - __main__ - WARNING - ⚠️  Reddit r/cs2: HTTP 403
2026-04-22 07:36:52 +00:00: 2026-04-22 07:36:52,435 - __main__ - WARNING - ⚠️  Reddit r/CSMemes: HTTP 403
2026-04-22 07:36:54 +00:00: 2026-04-22 07:36:54,438 - __main__ - INFO - 📊 Media hunt complete: 0 images, 0 videos
2026-04-22 11:36:54 +00:00: 2026-04-22 11:36:54,995 - __main__ - WARNING - ⚠️  HLTV galleries: HTTP 403
2026-04-22 11:36:55 +00:00: 2026-04-22 11:36:55,132 - __main__ - WARNING - ⚠️  Reddit r/GlobalOffensive: HTTP 403
2026-04-22 11:36:57 +00:00: 2026-04-22 11:36:57,149 - __main__ - WARNING - ⚠️  Reddit r/cs2: HTTP 403
2026-04-22 11:36:59 +00:00: 2026-04-22 11:36:59,164 - __main__ - WARNING - ⚠️  Reddit r/CSMemes: HTTP 403
2026-04-22 11:37:01 +00:00: 2026-04-22 11:37:01,167 - __main__ - INFO - 📊 Media hunt complete: 0 images, 0 videos
2026-04-22 15:37:01 +00:00: 2026-04-22 15:37:01,740 - __main__ - WARNING - ⚠️  HLTV galleries: HTTP 403
2026-04-22 15:37:01 +00:00: 2026-04-22 15:37:01,902 - __main__ - WARNING - ⚠️  Reddit r/GlobalOffensive: HTTP 403
2026-04-22 15:37:03 +00:00: 2026-04-22 15:37:03,918 - __main__ - WARNING - ⚠️  Reddit r/cs2: HTTP 403
2026-04-22 15:37:05 +00:00: 2026-04-22 15:37:05,935 - __main__ - WARNING - ⚠️  Reddit r/CSMemes: HTTP 403
2026-04-22 15:37:07 +00:00: 2026-04-22 15:37:07,938 - __main__ - INFO - 📊 Media hunt complete: 0 images, 0 videos
2026-04-22 19:37:08 +00:00: 2026-04-22 19:37:08,540 - __main__ - WARNING - ⚠️  HLTV galleries: HTTP 403
2026-04-22 19:37:08 +00:00: 2026-04-22 19:37:08,639 - __main__ - WARNING - ⚠️  Reddit r/GlobalOffensive: HTTP 403
2026-04-22 19:37:10 +00:00: 2026-04-22 19:37:10,654 - __main__ - WARNING - ⚠️  Reddit r/cs2: HTTP 403
2026-04-22 19:37:12 +00:00: 2026-04-22 19:37:12,666 - __main__ - WARNING - ⚠️  Reddit r/CSMemes: HTTP 403
2026-04-22 19:37:14 +00:00: 2026-04-22 19:37:14,669 - __main__ - INFO - 📊 Media hunt complete: 0 images, 0 videos
2026-04-22 23:37:15 +00:00: 2026-04-22 23:37:15,330 - __main__ - WARNING - ⚠️  HLTV galleries: HTTP 403
2026-04-22 23:37:15 +00:00: 2026-04-22 23:37:15,427 - __main__ - WARNING - ⚠️  Reddit r/GlobalOffensive: HTTP 403
2026-04-22 23:37:17 +00:00: 2026-04-22 23:37:17,443 - __main__ - WARNING - ⚠️  Reddit r/cs2: HTTP 403
2026-04-22 23:37:19 +00:00: 2026-04-22 23:37:19,458 - __main__ - WARNING - ⚠️  Reddit r/CSMemes: HTTP 403
2026-04-22 23:37:21 +00:00: 2026-04-22 23:37:21,460 - __main__ - INFO - 📊 Media hunt complete: 0 images, 0 videos
2026-04-23 03:37:22 +00:00: 2026-04-23 03:37:22,018 - __main__ - WARNING - ⚠️  HLTV galleries: HTTP 403
2026-04-23 03:37:22 +00:00: 2026-04-23 03:37:22,090 - __main__ - WARNING - ⚠️  Reddit r/GlobalOffensive: HTTP 403
2026-04-23 03:37:24 +00:00: 2026-04-23 03:37:24,101 - __main__ - WARNING - ⚠️  Reddit r/cs2: HTTP 403
2026-04-23 03:37:26 +00:00: 2026-04-23 03:37:26,112 - __main__ - WARNING - ⚠️  Reddit r/CSMemes: HTTP 403
2026-04-23 03:37:28 +00:00: 2026-04-23 03:37:28,115 - __main__ - INFO - 📊 Media hunt complete: 0 images, 0 videos
2026-04-23 07:37:28 +00:00: 2026-04-23 07:37:28,692 - __main__ - WARNING - ⚠️  HLTV galleries: HTTP 403
2026-04-23 07:37:28 +00:00: 2026-04-23 07:37:28,804 - __main__ - WARNING - ⚠️  Reddit r/GlobalOffensive: HTTP 403
2026-04-23 07:37:30 +00:00: 2026-04-23 07:37:30,821 - __main__ - WARNING - ⚠️  Reddit r/cs2: HTTP 403
2026-04-23 07:37:32 +00:00: 2026-04-23 07:37:32,837 - __main__ - WARNING - ⚠️  Reddit r/CSMemes: HTTP 403
2026-04-23 07:37:34 +00:00: 2026-04-23 07:37:34,840 - __main__ - INFO - 📊 Media hunt complete: 0 images, 0 videos
2026-04-23 11:37:35 +00:00: 2026-04-23 11:37:35,408 - __main__ - WARNING - ⚠️  HLTV galleries: HTTP 403
2026-04-23 11:37:35 +00:00: 2026-04-23 11:37:35,531 - __main__ - WARNING - ⚠️  Reddit r/GlobalOffensive: HTTP 403
2026-04-23 11:37:37 +00:00: 2026-04-23 11:37:37,547 - __main__ - WARNING - ⚠️  Reddit r/cs2: HTTP 403
2026-04-23 11:37:39 +00:00: 2026-04-23 11:37:39,563 - __main__ - WARNING - ⚠️  Reddit r/CSMemes: HTTP 403
2026-04-23 11:37:41 +00:00: 2026-04-23 11:37:41,565 - __main__ - INFO - 📊 Media hunt complete: 0 images, 0 videos
2026-04-23 15:37:42 +00:00: 2026-04-23 15:37:42,232 - __main__ - WARNING - ⚠️  HLTV galleries: HTTP 403
2026-04-23 15:37:42 +00:00: 2026-04-23 15:37:42,322 - __main__ - WARNING - ⚠️  Reddit r/GlobalOffensive: HTTP 403
2026-04-23 15:37:44 +00:00: 2026-04-23 15:37:44,340 - __main__ - WARNING - ⚠️  Reddit r/cs2: HTTP 403
2026-04-23 15:37:46 +00:00: 2026-04-23 15:37:46,357 - __main__ - WARNING - ⚠️  Reddit r/CSMemes: HTTP 403
2026-04-23 15:37:48 +00:00: 2026-04-23 15:37:48,359 - __main__ - INFO - 📊 Media hunt complete: 0 images, 0 videos
2026-04-23 19:37:48 +00:00: 2026-04-23 19:37:48,999 - __main__ - WARNING - ⚠️  HLTV galleries: HTTP 403
2026-04-23 19:37:49 +00:00: 2026-04-23 19:37:49,095 - __main__ - WARNING - ⚠️  Reddit r/GlobalOffensive: HTTP 403
2026-04-23 19:37:51 +00:00: 2026-04-23 19:37:51,110 - __main__ - WARNING - ⚠️  Reddit r/cs2: HTTP 403
2026-04-23 19:37:53 +00:00: 2026-04-23 19:37:53,128 - __main__ - WARNING - ⚠️  Reddit r/CSMemes: HTTP 403
2026-04-23 19:37:55 +00:00: 2026-04-23 19:37:55,131 - __main__ - INFO - 📊 Media hunt complete: 0 images, 0 videos
2026-04-23 23:37:55 +00:00: 2026-04-23 23:37:55,693 - __main__ - WARNING - ⚠️  HLTV galleries: HTTP 403
2026-04-23 23:37:55 +00:00: 2026-04-23 23:37:55,797 - __main__ - WARNING - ⚠️  Reddit r/GlobalOffensive: HTTP 403
2026-04-23 23:37:57 +00:00: 2026-04-23 23:37:57,808 - __main__ - WARNING - ⚠️  Reddit r/cs2: HTTP 403
2026-04-23 23:37:59 +00:00: 2026-04-23 23:37:59,820 - __main__ - WARNING - ⚠️  Reddit r/CSMemes: HTTP 403
2026-04-23 23:38:01 +00:00: 2026-04-23 23:38:01,823 - __main__ - INFO - 📊 Media hunt complete: 0 images, 0 videos
2026-04-24 03:38:02 +00:00: 2026-04-24 03:38:02,436 - __main__ - WARNING - ⚠️  HLTV galleries: HTTP 403
2026-04-24 03:38:02 +00:00: 2026-04-24 03:38:02,642 - __main__ - WARNING - ⚠️  Reddit r/GlobalOffensive: HTTP 403
2026-04-24 03:38:04 +00:00: 2026-04-24 03:38:04,655 - __main__ - WARNING - ⚠️  Reddit r/cs2: HTTP 403
2026-04-24 03:38:06 +00:00: 2026-04-24 03:38:06,666 - __main__ - WARNING - ⚠️  Reddit r/CSMemes: HTTP 403
2026-04-24 03:38:08 +00:00: 2026-04-24 03:38:08,669 - __main__ - INFO - 📊 Media hunt complete: 0 images, 0 videos
2026-04-24 07:38:09 +00:00: 2026-04-24 07:38:09,290 - __main__ - WARNING - ⚠️  HLTV galleries: HTTP 403
2026-04-24 07:38:09 +00:00: 2026-04-24 07:38:09,459 - __main__ - WARNING - ⚠️  Reddit r/GlobalOffensive: HTTP 403
2026-04-24 07:38:11 +00:00: 2026-04-24 07:38:11,475 - __main__ - WARNING - ⚠️  Reddit r/cs2: HTTP 403
2026-04-24 07:38:13 +00:00: 2026-04-24 07:38:13,490 - __main__ - WARNING - ⚠️  Reddit r/CSMemes: HTTP 403
2026-04-24 07:38:15 +00:00: 2026-04-24 07:38:15,493 - __main__ - INFO - 📊 Media hunt complete: 0 images, 0 videos
2026-04-24 11:38:16 +00:00: 2026-04-24 11:38:16,073 - __main__ - WARNING - ⚠️  HLTV galleries: HTTP 403
2026-04-24 11:38:16 +00:00: 2026-04-24 11:38:16,184 - __main__ - WARNING - ⚠️  Reddit r/GlobalOffensive: HTTP 403
2026-04-24 11:38:18 +00:00: 2026-04-24 11:38:18,201 - __main__ - WARNING - ⚠️  Reddit r/cs2: HTTP 403
2026-04-24 11:38:20 +00:00: 2026-04-24 11:38:20,216 - __main__ - WARNING - ⚠️  Reddit r/CSMemes: HTTP 403
2026-04-24 11:38:22 +00:00: 2026-04-24 11:38:22,219 - __main__ - INFO - 📊 Media hunt complete: 0 images, 0 videos
2026-04-24 15:38:22 +00:00: 2026-04-24 15:38:22,848 - __main__ - WARNING - ⚠️  HLTV galleries: HTTP 403
2026-04-24 15:38:23 +00:00: 2026-04-24 15:38:23,057 - __main__ - WARNING - ⚠️  Reddit r/GlobalOffensive: HTTP 403
2026-04-24 15:38:25 +00:00: 2026-04-24 15:38:25,075 - __main__ - WARNING - ⚠️  Reddit r/cs2: HTTP 403
2026-04-24 15:38:27 +00:00: 2026-04-24 15:38:27,090 - __main__ - WARNING - ⚠️  Reddit r/CSMemes: HTTP 403
2026-04-24 15:38:29 +00:00: 2026-04-24 15:38:29,093 - __main__ - INFO - 📊 Media hunt complete: 0 images, 0 videos
2026-04-24 19:38:29 +00:00: 2026-04-24 19:38:29,749 - __main__ - WARNING - ⚠️  HLTV galleries: HTTP 403
2026-04-24 19:38:29 +00:00: 2026-04-24 19:38:29,907 - __main__ - WARNING - ⚠️  Reddit r/GlobalOffensive: HTTP 403
2026-04-24 19:38:31 +00:00: 2026-04-24 19:38:31,923 - __main__ - WARNING - ⚠️  Reddit r/cs2: HTTP 403
2026-04-24 19:38:33 +00:00: 2026-04-24 19:38:33,938 - __main__ - WARNING - ⚠️  Reddit r/CSMemes: HTTP 403
2026-04-24 19:38:35 +00:00: 2026-04-24 19:38:35,941 - __main__ - INFO - 📊 Media hunt complete: 0 images, 0 videos
2026-04-24 23:38:36 +00:00: 2026-04-24 23:38:36,530 - __main__ - WARNING - ⚠️  HLTV galleries: HTTP 403
2026-04-24 23:38:36 +00:00: 2026-04-24 23:38:36,640 - __main__ - WARNING - ⚠️  Reddit r/GlobalOffensive: HTTP 403
2026-04-24 23:38:38 +00:00: 2026-04-24 23:38:38,656 - __main__ - WARNING - ⚠️  Reddit r/cs2: HTTP 403
2026-04-24 23:38:40 +00:00: 2026-04-24 23:38:40,672 - __main__ - WARNING - ⚠️  Reddit r/CSMemes: HTTP 403
2026-04-24 23:38:42 +00:00: 2026-04-24 23:38:42,675 - __main__ - INFO - 📊 Media hunt complete: 0 images, 0 videos
2026-04-25 03:38:43 +00:00: 2026-04-25 03:38:43,316 - __main__ - WARNING - ⚠️  HLTV galleries: HTTP 403
2026-04-25 03:38:43 +00:00: 2026-04-25 03:38:43,464 - __main__ - WARNING - ⚠️  Reddit r/GlobalOffensive: HTTP 403
2026-04-25 03:38:45 +00:00: 2026-04-25 03:38:45,479 - __main__ - WARNING - ⚠️  Reddit r/cs2: HTTP 403
2026-04-25 03:38:47 +00:00: 2026-04-25 03:38:47,494 - __main__ - WARNING - ⚠️  Reddit r/CSMemes: HTTP 403
2026-04-25 03:38:49 +00:00: 2026-04-25 03:38:49,496 - __main__ - INFO - 📊 Media hunt complete: 0 images, 0 videos
2026-04-25 07:38:50 +00:00: 2026-04-25 07:38:50,048 - __main__ - WARNING - ⚠️  HLTV galleries: HTTP 403
2026-04-25 07:38:50 +00:00: 2026-04-25 07:38:50,179 - __main__ - WARNING - ⚠️  Reddit r/GlobalOffensive: HTTP 403
2026-04-25 07:38:52 +00:00: 2026-04-25 07:38:52,194 - __main__ - WARNING - ⚠️  Reddit r/cs2: HTTP 403
2026-04-25 07:38:54 +00:00: 2026-04-25 07:38:54,213 - __main__ - WARNING - ⚠️  Reddit r/CSMemes: HTTP 403
2026-04-25 07:38:56 +00:00: 2026-04-25 07:38:56,215 - __main__ - INFO - 📊 Media hunt complete: 0 images, 0 videos
2026-04-25 11:38:56 +00:00: 2026-04-25 11:38:56,870 - __main__ - WARNING - ⚠️  HLTV galleries: HTTP 403
2026-04-25 11:38:57 +00:00: 2026-04-25 11:38:57,038 - __main__ - WARNING - ⚠️  Reddit r/GlobalOffensive: HTTP 403
2026-04-25 11:38:59 +00:00: 2026-04-25 11:38:59,055 - __main__ - WARNING - ⚠️  Reddit r/cs2: HTTP 403
2026-04-25 11:39:01 +00:00: 2026-04-25 11:39:01,070 - __main__ - WARNING - ⚠️  Reddit r/CSMemes: HTTP 403
2026-04-25 11:39:03 +00:00: 2026-04-25 11:39:03,071 - __main__ - INFO - 📊 Media hunt complete: 0 images, 0 videos
2026-04-25 15:39:03 +00:00: 2026-04-25 15:39:03,674 - __main__ - WARNING - ⚠️  HLTV galleries: HTTP 403
2026-04-25 15:39:03 +00:00: 2026-04-25 15:39:03,744 - __main__ - WARNING - ⚠️  Reddit r/GlobalOffensive: HTTP 403
2026-04-25 15:39:05 +00:00: 2026-04-25 15:39:05,756 - __main__ - WARNING - ⚠️  Reddit r/cs2: HTTP 403
2026-04-25 15:39:07 +00:00: 2026-04-25 15:39:07,767 - __main__ - WARNING - ⚠️  Reddit r/CSMemes: HTTP 403
2026-04-25 15:39:09 +00:00: 2026-04-25 15:39:09,770 - __main__ - INFO - 📊 Media hunt complete: 0 images, 0 videos
2026-04-25 19:39:10 +00:00: 2026-04-25 19:39:10,365 - __main__ - WARNING - ⚠️  HLTV galleries: HTTP 403
2026-04-25 19:39:10 +00:00: 2026-04-25 19:39:10,536 - __main__ - WARNING - ⚠️  Reddit r/GlobalOffensive: HTTP 403
2026-04-25 19:39:12 +00:00: 2026-04-25 19:39:12,553 - __main__ - WARNING - ⚠️  Reddit r/cs2: HTTP 403
2026-04-25 19:39:14 +00:00: 2026-04-25 19:39:14,568 - __main__ - WARNING - ⚠️  Reddit r/CSMemes: HTTP 403
2026-04-25 19:39:16 +00:00: 2026-04-25 19:39:16,570 - __main__ - INFO - 📊 Media hunt complete: 0 images, 0 videos
2026-04-25 23:39:17 +00:00: 2026-04-25 23:39:17,171 - __main__ - WARNING - ⚠️  HLTV galleries: HTTP 403
2026-04-25 23:39:17 +00:00: 2026-04-25 23:39:17,274 - __main__ - WARNING - ⚠️  Reddit r/GlobalOffensive: HTTP 403
2026-04-25 23:39:19 +00:00: 2026-04-25 23:39:19,284 - __main__ - WARNING - ⚠️  Reddit r/cs2: HTTP 403
2026-04-25 23:39:21 +00:00: 2026-04-25 23:39:21,295 - __main__ - WARNING - ⚠️  Reddit r/CSMemes: HTTP 403
2026-04-25 23:39:23 +00:00: 2026-04-25 23:39:23,297 - __main__ - INFO - 📊 Media hunt complete: 0 images, 0 videos
2026-04-26 03:39:23 +00:00: 2026-04-26 03:39:23,926 - __main__ - WARNING - ⚠️  HLTV galleries: HTTP 403
2026-04-26 03:39:24 +00:00: 2026-04-26 03:39:24,000 - __main__ - WARNING - ⚠️  Reddit r/GlobalOffensive: HTTP 403
2026-04-26 03:39:26 +00:00: 2026-04-26 03:39:26,011 - __main__ - WARNING - ⚠️  Reddit r/cs2: HTTP 403
2026-04-26 03:39:28 +00:00: 2026-04-26 03:39:28,020 - __main__ - WARNING - ⚠️  Reddit r/CSMemes: HTTP 403
2026-04-26 03:39:30 +00:00: 2026-04-26 03:39:30,022 - __main__ - INFO - 📊 Media hunt complete: 0 images, 0 videos
2026-04-26 07:39:30 +00:00: 2026-04-26 07:39:30,618 - __main__ - WARNING - ⚠️  HLTV galleries: HTTP 403
2026-04-26 07:39:30 +00:00: 2026-04-26 07:39:30,718 - __main__ - WARNING - ⚠️  Reddit r/GlobalOffensive: HTTP 403
2026-04-26 07:39:32 +00:00: 2026-04-26 07:39:32,734 - __main__ - WARNING - ⚠️  Reddit r/cs2: HTTP 403
2026-04-26 07:39:34 +00:00: 2026-04-26 07:39:34,750 - __main__ - WARNING - ⚠️  Reddit r/CSMemes: HTTP 403
2026-04-26 07:39:36 +00:00: 2026-04-26 07:39:36,752 - __main__ - INFO - 📊 Media hunt complete: 0 images, 0 videos
2026-04-26 09:28:22 +00:00: Traceback (most recent call last):
2026-04-26 09:28:22 +00:00:   File "/home/ubuntu/openclaw/scripts/ingestion/clip_hunter.py", line 481, in <module>
2026-04-26 09:28:22 +00:00:     
2026-04-26 09:28:22 +00:00:   File "/usr/lib/python3.10/asyncio/runners.py", line 44, in run
2026-04-26 09:28:22 +00:00:     return loop.run_until_complete(main)
2026-04-26 09:28:22 +00:00:   File "/usr/lib/python3.10/asyncio/base_events.py", line 636, in run_until_complete
2026-04-26 09:28:22 +00:00:     self.run_forever()
2026-04-26 09:28:22 +00:00:   File "/usr/lib/python3.10/asyncio/base_events.py", line 603, in run_forever
2026-04-26 09:28:22 +00:00:     self._run_once()
2026-04-26 09:28:22 +00:00:   File "/usr/lib/python3.10/asyncio/base_events.py", line 1871, in _run_once
2026-04-26 09:28:22 +00:00:     event_list = self._selector.select(timeout)
2026-04-26 09:28:22 +00:00:   File "/usr/lib/python3.10/selectors.py", line 469, in select
2026-04-26 09:28:22 +00:00:     fd_event_list = self._selector.poll(timeout, max_ev)
2026-04-26 09:28:22 +00:00: KeyboardInterrupt
