2026-03-31 02:32:31 +00:00: 2026-03-31 02:32:31,719 - __main__ - INFO - ✅ Twitter client initialized — user ID: 1874477801182793728
2026-03-31 02:32:32 +00:00: 2026-03-31 02:32:32,662 - utils.db_utils - INFO - ✅ Reconnected to PostgreSQL
2026-03-31 02:32:32 +00:00: 2026-03-31 02:32:32,663 - __main__ - INFO - 🚀 Community Liker started — building relationships
2026-03-31 02:32:33 +00:00: 2026-03-31 02:32:33,422 - __main__ - INFO - 💫 Like cycle starting — 0/200 today, budget: 40
2026-03-31 02:32:34 +00:00: 2026-03-31 02:32:34,151 - __main__ - WARNING - ⚠️  Search not available: 401 Unauthorized
2026-03-31 02:32:34 +00:00: Unauthorized
2026-03-31 02:32:34 +00:00: 2026-03-31 02:32:34,875 - __main__ - WARNING - ⚠️  Timeline not available for @CounterStrike: 401 Unauthorized
2026-03-31 02:32:34 +00:00: Unauthorized
2026-03-31 02:32:34 +00:00: 2026-03-31 02:32:34,993 - __main__ - WARNING - ⚠️  Timeline not available for @hltv: 401 Unauthorized
2026-03-31 02:32:34 +00:00: Unauthorized
2026-03-31 02:32:35 +00:00: 2026-03-31 02:32:35,113 - __main__ - WARNING - ⚠️  Timeline not available for @EsportsInsider: 401 Unauthorized
2026-03-31 02:32:35 +00:00: Unauthorized
2026-03-31 02:32:35 +00:00: 2026-03-31 02:32:35,230 - __main__ - WARNING - ⚠️  Timeline not available for @Slasher: 401 Unauthorized
2026-03-31 02:32:35 +00:00: Unauthorized
2026-03-31 02:32:35 +00:00: 2026-03-31 02:32:35,348 - __main__ - WARNING - ⚠️  Timeline not available for @BlastPremier: 401 Unauthorized
2026-03-31 02:32:35 +00:00: Unauthorized
2026-03-31 02:32:35 +00:00: 2026-03-31 02:32:35,464 - __main__ - WARNING - ⚠️  Timeline not available for @Dust2us: 401 Unauthorized
2026-03-31 02:32:35 +00:00: Unauthorized
2026-03-31 02:32:35 +00:00: 2026-03-31 02:32:35,582 - __main__ - WARNING - ⚠️  Timeline not available for @ABORCS: 401 Unauthorized
2026-03-31 02:32:35 +00:00: Unauthorized
2026-03-31 02:32:35 +00:00: 2026-03-31 02:32:35,700 - __main__ - WARNING - ⚠️  Timeline not available for @RichardLewisTV: 401 Unauthorized
2026-03-31 02:32:35 +00:00: Unauthorized
2026-03-31 02:32:35 +00:00: 2026-03-31 02:32:35,820 - __main__ - WARNING - ⚠️  Timeline not available for @CS2News_EN: 401 Unauthorized
2026-03-31 02:32:35 +00:00: Unauthorized
2026-03-31 02:32:35 +00:00: 2026-03-31 02:32:35,938 - __main__ - WARNING - ⚠️  Timeline not available for @Nors3: 401 Unauthorized
2026-03-31 02:32:35 +00:00: Unauthorized
2026-03-31 02:32:36 +00:00: 2026-03-31 02:32:36,057 - __main__ - WARNING - ⚠️  Timeline not available for @DonHaci: 401 Unauthorized
2026-03-31 02:32:36 +00:00: Unauthorized
2026-03-31 02:32:36 +00:00: 2026-03-31 02:32:36,178 - __main__ - WARNING - ⚠️  Timeline not available for @LiquipediaCS: 401 Unauthorized
2026-03-31 02:32:36 +00:00: Unauthorized
2026-03-31 02:32:36 +00:00: 2026-03-31 02:32:36,398 - __main__ - WARNING - ⚠️  Timeline not available for @RazedEsport: 401 Unauthorized
2026-03-31 02:32:36 +00:00: Unauthorized
2026-03-31 02:32:36 +00:00: 2026-03-31 02:32:36,516 - __main__ - WARNING - ⚠️  Timeline not available for @ThourCS2: 401 Unauthorized
2026-03-31 02:32:36 +00:00: Unauthorized
2026-03-31 02:32:36 +00:00: 2026-03-31 02:32:36,634 - __main__ - WARNING - ⚠️  Timeline not available for @TitanHoloCS: 401 Unauthorized
2026-03-31 02:32:36 +00:00: Unauthorized
2026-03-31 02:32:36 +00:00: 2026-03-31 02:32:36,751 - __main__ - WARNING - ⚠️  Search not available: 401 Unauthorized
2026-03-31 02:32:36 +00:00: Unauthorized
2026-03-31 02:32:36 +00:00: 2026-03-31 02:32:36,752 - __main__ - INFO - ✅ Like cycle complete — liked 0 tweets (0/200 today)
2026-03-31 02:34:14 +00:00: Traceback (most recent call last):
2026-03-31 02:34:14 +00:00:   File "/home/ubuntu/openclaw/scripts/output/community_liker.py", line 473, in <module>
2026-03-31 02:34:14 +00:00:     await self.run_cycle()
2026-03-31 02:34:14 +00:00:   File "/usr/lib/python3.10/asyncio/runners.py", line 44, in run
2026-03-31 02:34:14 +00:00:     return loop.run_until_complete(main)
2026-03-31 02:34:14 +00:00:   File "/usr/lib/python3.10/asyncio/base_events.py", line 636, in run_until_complete
2026-03-31 02:34:14 +00:00:     self.run_forever()
2026-03-31 02:34:14 +00:00:   File "/usr/lib/python3.10/asyncio/base_events.py", line 603, in run_forever
2026-03-31 02:34:14 +00:00:     self._run_once()
2026-03-31 02:34:14 +00:00:   File "/usr/lib/python3.10/asyncio/base_events.py", line 1871, in _run_once
2026-03-31 02:34:14 +00:00:     event_list = self._selector.select(timeout)
2026-03-31 02:34:14 +00:00:   File "/usr/lib/python3.10/selectors.py", line 469, in select
2026-03-31 02:34:14 +00:00:     fd_event_list = self._selector.poll(timeout, max_ev)
2026-03-31 02:34:14 +00:00: KeyboardInterrupt
2026-03-31 02:34:15 +00:00: 2026-03-31 02:34:15,179 - __main__ - INFO - ✅ Twitter client initialized — user ID: 1874477801182793728
2026-03-31 02:34:16 +00:00: 2026-03-31 02:34:16,391 - utils.db_utils - INFO - ✅ Reconnected to PostgreSQL
2026-03-31 02:34:16 +00:00: 2026-03-31 02:34:16,391 - __main__ - INFO - 🚀 Community Liker started — building relationships
2026-03-31 02:34:17 +00:00: 2026-03-31 02:34:17,191 - __main__ - INFO - 💫 Like cycle starting — 0/200 today, budget: 40
2026-03-31 02:34:20 +00:00: 2026-03-31 02:34:20,207 - __main__ - INFO - ❤️  Liked tweet 203827750073711... by @BlastPremier (vip_from_events)
2026-03-31 02:34:29 +00:00: 2026-03-31 02:34:29,014 - __main__ - INFO - ❤️  Liked tweet 203822404128726... by @BlastPremier (vip_from_events)
2026-03-31 02:34:34 +00:00: 2026-03-31 02:34:34,103 - __main__ - INFO - ❤️  Liked tweet 203822370121317... by @BlastPremier (vip_from_events)
2026-03-31 02:34:42 +00:00: 2026-03-31 02:34:42,520 - __main__ - INFO - ❤️  Liked tweet 203823595606345... by @BlastPremier (vip_replied_to)
2026-03-31 02:34:49 +00:00: 2026-03-31 02:34:49,024 - __main__ - INFO - ❤️  Liked tweet 203824066199284... by @BlastPremier (vip_from_events)
2026-03-31 02:34:57 +00:00: 2026-03-31 02:34:57,657 - __main__ - INFO - ❤️  Liked tweet 203824387198601... by @BlastPremier (vip_from_events)
2026-03-31 02:35:06 +00:00: 2026-03-31 02:35:06,407 - __main__ - INFO - ❤️  Liked tweet 203854944033247... by @BlastPremier (vip_replied_to)
2026-03-31 02:35:12 +00:00: 2026-03-31 02:35:12,779 - __main__ - INFO - ❤️  Liked tweet 203825403024626... by @BlastPremier (vip_from_events)
2026-03-31 02:35:22 +00:00: 2026-03-31 02:35:22,222 - __main__ - INFO - ❤️  Liked tweet 203825001925021... by @BlastPremier (vip_replied_to)
2026-03-31 02:35:30 +00:00: 2026-03-31 02:35:30,454 - __main__ - INFO - ❤️  Liked tweet 203823056526715... by @BlastPremier (vip_from_events)
2026-03-31 02:35:36 +00:00: 2026-03-31 02:35:36,834 - __main__ - INFO - ❤️  Liked tweet 203822859312215... by @BlastPremier (vip_from_events)
2026-03-31 02:35:43 +00:00: 2026-03-31 02:35:43,533 - __main__ - INFO - ❤️  Liked tweet 203822633905286... by @BlastPremier (vip_from_events)
2026-03-31 02:35:49 +00:00: 2026-03-31 02:35:49,170 - __main__ - INFO - ❤️  Liked tweet 203863235005850... by @BlastPremier (vip_from_events)
2026-03-31 02:35:58 +00:00: 2026-03-31 02:35:58,203 - __main__ - INFO - ❤️  Liked tweet 203857195050805... by @BlastPremier (vip_from_events)
2026-03-31 02:36:06 +00:00: 2026-03-31 02:36:06,512 - __main__ - INFO - ❤️  Liked tweet 203824086067700... by @BlastPremier (vip_from_events)
2026-03-31 02:36:13 +00:00: 2026-03-31 02:36:13,873 - __main__ - INFO - ❤️  Liked tweet 203823501777246... by @BlastPremier (vip_from_events)
2026-03-31 02:36:19 +00:00: 2026-03-31 02:36:19,552 - __main__ - INFO - ❤️  Liked tweet 203822773097041... by @BlastPremier (vip_from_events)
2026-03-31 02:36:24 +00:00: 2026-03-31 02:36:24,356 - __main__ - INFO - ❤️  Liked tweet 203822065773801... by @BlastPremier (vip_from_events)
2026-03-31 02:36:32 +00:00: 2026-03-31 02:36:32,572 - __main__ - INFO - ❤️  Liked tweet 203864744358829... by @BlastPremier (vip_replied_to)
2026-03-31 02:36:39 +00:00: 2026-03-31 02:36:39,804 - __main__ - INFO - ❤️  Liked tweet 203824564573615... by @BlastPremier (vip_from_events)
2026-03-31 02:36:46 +00:00: 2026-03-31 02:36:46,641 - __main__ - INFO - ❤️  Liked tweet 203826015445857... by @BlastPremier (vip_from_events)
2026-03-31 02:36:53 +00:00: 2026-03-31 02:36:53,859 - __main__ - INFO - ❤️  Liked tweet 203830015481046... by @BlastPremier (vip_from_events)
2026-03-31 02:36:59 +00:00: 2026-03-31 02:36:59,949 - __main__ - INFO - ❤️  Liked tweet 203821930571668... by @BlastPremier (vip_replied_to)
2026-03-31 02:37:07 +00:00: 2026-03-31 02:37:07,442 - __main__ - INFO - ❤️  Liked tweet 203825744656559... by @BlastPremier (vip_from_events)
2026-03-31 02:37:14 +00:00: 2026-03-31 02:37:14,603 - __main__ - INFO - ❤️  Liked tweet 203823127351309... by @BlastPremier (vip_from_events)
2026-03-31 02:37:20 +00:00: 2026-03-31 02:37:20,925 - __main__ - INFO - ❤️  Liked tweet 203823975904730... by @BlastPremier (vip_from_events)
2026-03-31 02:37:30 +00:00: 2026-03-31 02:37:30,684 - __main__ - INFO - ❤️  Liked tweet 203826503043353... by @BlastPremier (vip_from_events)
2026-03-31 02:37:38 +00:00: 2026-03-31 02:37:38,259 - __main__ - INFO - ❤️  Liked tweet 203826702887671... by @BlastPremier (vip_from_events)
2026-03-31 02:37:47 +00:00: 2026-03-31 02:37:47,752 - __main__ - INFO - ❤️  Liked tweet 203828505355871... by @BlastPremier (vip_replied_to)
2026-03-31 02:37:53 +00:00: 2026-03-31 02:37:53,021 - __main__ - INFO - ❤️  Liked tweet 203827449279589... by @BlastPremier (vip_from_events)
2026-03-31 02:37:58 +00:00: 2026-03-31 02:37:58,418 - __main__ - INFO - ❤️  Liked tweet 203825426560129... by @BlastPremier (vip_from_events)
2026-03-31 02:38:05 +00:00: 2026-03-31 02:38:05,837 - __main__ - INFO - ✅ Like cycle complete — liked 31 tweets (31/200 today)
2026-03-31 04:08:06 +00:00: 2026-03-31 04:08:06,796 - __main__ - INFO - 💫 Like cycle starting — 31/200 today, budget: 40
2026-03-31 04:08:16 +00:00: 2026-03-31 04:08:16,334 - __main__ - INFO - ✅ Like cycle complete — liked 0 tweets (31/200 today)
2026-03-31 05:38:17 +00:00: 2026-03-31 05:38:17,365 - __main__ - INFO - 💫 Like cycle starting — 31/200 today, budget: 40
2026-03-31 05:38:26 +00:00: 2026-03-31 05:38:26,860 - __main__ - INFO - ✅ Like cycle complete — liked 0 tweets (31/200 today)
2026-03-31 07:08:27 +00:00: 2026-03-31 07:08:27,824 - __main__ - INFO - 💫 Like cycle starting — 31/200 today, budget: 40
2026-03-31 07:08:37 +00:00: 2026-03-31 07:08:37,335 - __main__ - INFO - ✅ Like cycle complete — liked 0 tweets (31/200 today)
2026-03-31 08:38:38 +00:00: 2026-03-31 08:38:38,270 - __main__ - INFO - 💫 Like cycle starting — 31/200 today, budget: 40
2026-03-31 08:38:47 +00:00: 2026-03-31 08:38:47,780 - __main__ - INFO - ✅ Like cycle complete — liked 0 tweets (31/200 today)
2026-03-31 10:08:48 +00:00: 2026-03-31 10:08:48,810 - __main__ - INFO - 💫 Like cycle starting — 31/200 today, budget: 40
2026-03-31 10:08:58 +00:00: 2026-03-31 10:08:58,361 - __main__ - INFO - ✅ Like cycle complete — liked 0 tweets (31/200 today)
2026-03-31 11:38:59 +00:00: 2026-03-31 11:38:59,388 - __main__ - INFO - 💫 Like cycle starting — 31/200 today, budget: 40
2026-03-31 11:39:09 +00:00: 2026-03-31 11:39:09,037 - __main__ - INFO - ✅ Like cycle complete — liked 0 tweets (31/200 today)
2026-03-31 13:09:10 +00:00: 2026-03-31 13:09:10,045 - __main__ - INFO - 💫 Like cycle starting — 31/200 today, budget: 40
2026-03-31 13:09:19 +00:00: 2026-03-31 13:09:19,540 - __main__ - INFO - ✅ Like cycle complete — liked 0 tweets (31/200 today)
2026-03-31 14:39:20 +00:00: 2026-03-31 14:39:20,575 - __main__ - INFO - 💫 Like cycle starting — 31/200 today, budget: 40
2026-03-31 14:39:26 +00:00: 2026-03-31 14:39:26,620 - __main__ - INFO - ❤️  Liked tweet 203897963264990... by @BlastPremier (vip_replied_to)
2026-03-31 14:39:39 +00:00: 2026-03-31 14:39:39,706 - __main__ - INFO - ✅ Like cycle complete — liked 1 tweets (32/200 today)
2026-03-31 15:24:40 +00:00: 2026-03-31 15:24:40,714 - __main__ - INFO - 💫 Like cycle starting — 32/200 today, budget: 40
2026-03-31 15:24:49 +00:00: 2026-03-31 15:24:49,545 - __main__ - INFO - ❤️  Liked tweet 203899472792062... by @BlastPremier (vip_from_events)
2026-03-31 15:24:55 +00:00: 2026-03-31 15:24:55,598 - __main__ - INFO - ✅ Like cycle complete — liked 1 tweets (33/200 today)
2026-03-31 16:09:56 +00:00: 2026-03-31 16:09:56,627 - __main__ - INFO - 💫 Like cycle starting — 33/200 today, budget: 40
2026-03-31 16:10:06 +00:00: 2026-03-31 16:10:06,188 - __main__ - INFO - ✅ Like cycle complete — liked 0 tweets (33/200 today)
2026-03-31 16:55:07 +00:00: 2026-03-31 16:55:07,159 - __main__ - INFO - 💫 Like cycle starting — 33/200 today, budget: 40
2026-03-31 16:55:16 +00:00: 2026-03-31 16:55:16,697 - __main__ - INFO - ✅ Like cycle complete — liked 0 tweets (33/200 today)
2026-03-31 17:40:17 +00:00: 2026-03-31 17:40:17,678 - __main__ - INFO - 💫 Like cycle starting — 33/200 today, budget: 40
2026-03-31 17:40:27 +00:00: 2026-03-31 17:40:27,164 - __main__ - INFO - ✅ Like cycle complete — liked 0 tweets (33/200 today)
2026-03-31 18:25:28 +00:00: 2026-03-31 18:25:28,199 - __main__ - INFO - 💫 Like cycle starting — 33/200 today, budget: 40
2026-03-31 18:25:37 +00:00: 2026-03-31 18:25:37,664 - __main__ - INFO - ✅ Like cycle complete — liked 0 tweets (33/200 today)
2026-03-31 19:10:38 +00:00: 2026-03-31 19:10:38,697 - __main__ - INFO - 💫 Like cycle starting — 33/200 today, budget: 40
2026-03-31 19:10:48 +00:00: 2026-03-31 19:10:48,163 - __main__ - INFO - ✅ Like cycle complete — liked 0 tweets (33/200 today)
2026-03-31 19:55:49 +00:00: 2026-03-31 19:55:49,192 - __main__ - INFO - 💫 Like cycle starting — 33/200 today, budget: 40
2026-03-31 19:55:58 +00:00: 2026-03-31 19:55:58,694 - __main__ - INFO - ✅ Like cycle complete — liked 0 tweets (33/200 today)
2026-03-31 20:40:59 +00:00: 2026-03-31 20:40:59,709 - __main__ - INFO - 💫 Like cycle starting — 33/200 today, budget: 40
2026-03-31 20:41:09 +00:00: 2026-03-31 20:41:09,230 - __main__ - INFO - ✅ Like cycle complete — liked 0 tweets (33/200 today)
2026-03-31 21:26:10 +00:00: 2026-03-31 21:26:10,261 - __main__ - INFO - 💫 Like cycle starting — 33/200 today, budget: 40
2026-03-31 21:26:19 +00:00: 2026-03-31 21:26:19,762 - __main__ - INFO - ✅ Like cycle complete — liked 0 tweets (33/200 today)
2026-03-31 22:11:20 +00:00: 2026-03-31 22:11:20,795 - __main__ - INFO - 💫 Like cycle starting — 33/200 today, budget: 40
2026-03-31 22:11:30 +00:00: 2026-03-31 22:11:30,315 - __main__ - INFO - ✅ Like cycle complete — liked 0 tweets (33/200 today)
2026-03-31 22:56:31 +00:00: 2026-03-31 22:56:31,260 - __main__ - INFO - 💫 Like cycle starting — 33/200 today, budget: 40
2026-03-31 22:56:40 +00:00: 2026-03-31 22:56:40,847 - __main__ - INFO - ✅ Like cycle complete — liked 0 tweets (33/200 today)
2026-03-31 23:41:41 +00:00: 2026-03-31 23:41:41,882 - __main__ - INFO - 💫 Like cycle starting — 33/200 today, budget: 40
2026-03-31 23:41:51 +00:00: 2026-03-31 23:41:51,391 - __main__ - INFO - ✅ Like cycle complete — liked 0 tweets (33/200 today)
2026-04-01 00:26:52 +00:00: 2026-04-01 00:26:52,425 - __main__ - INFO - 💫 Like cycle starting — 0/200 today, budget: 40
2026-04-01 00:27:01 +00:00: 2026-04-01 00:27:01,912 - __main__ - INFO - ✅ Like cycle complete — liked 0 tweets (0/200 today)
2026-04-01 01:57:02 +00:00: 2026-04-01 01:57:02,950 - __main__ - INFO - 💫 Like cycle starting — 0/200 today, budget: 40
2026-04-01 01:57:12 +00:00: 2026-04-01 01:57:12,495 - __main__ - INFO - ✅ Like cycle complete — liked 0 tweets (0/200 today)
2026-04-01 03:27:13 +00:00: 2026-04-01 03:27:13,461 - __main__ - INFO - 💫 Like cycle starting — 0/200 today, budget: 40
2026-04-01 03:27:22 +00:00: 2026-04-01 03:27:22,975 - __main__ - INFO - ✅ Like cycle complete — liked 0 tweets (0/200 today)
2026-04-01 04:57:23 +00:00: 2026-04-01 04:57:23,992 - __main__ - INFO - 💫 Like cycle starting — 0/200 today, budget: 40
2026-04-01 04:57:33 +00:00: 2026-04-01 04:57:33,475 - __main__ - INFO - ✅ Like cycle complete — liked 0 tweets (0/200 today)
2026-04-01 06:27:34 +00:00: 2026-04-01 06:27:34,413 - __main__ - INFO - 💫 Like cycle starting — 0/200 today, budget: 40
2026-04-01 06:27:43 +00:00: 2026-04-01 06:27:43,920 - __main__ - INFO - ✅ Like cycle complete — liked 0 tweets (0/200 today)
2026-04-01 07:57:44 +00:00: 2026-04-01 07:57:44,952 - __main__ - INFO - 💫 Like cycle starting — 0/200 today, budget: 40
2026-04-01 07:57:54 +00:00: 2026-04-01 07:57:54,466 - __main__ - INFO - ✅ Like cycle complete — liked 0 tweets (0/200 today)
2026-04-01 09:27:55 +00:00: 2026-04-01 09:27:55,412 - __main__ - INFO - 💫 Like cycle starting — 0/200 today, budget: 40
2026-04-01 09:28:04 +00:00: 2026-04-01 09:28:04,942 - __main__ - INFO - ✅ Like cycle complete — liked 0 tweets (0/200 today)
2026-04-01 10:58:05 +00:00: 2026-04-01 10:58:05,881 - __main__ - INFO - 💫 Like cycle starting — 0/200 today, budget: 40
2026-04-01 10:58:15 +00:00: 2026-04-01 10:58:15,480 - __main__ - INFO - ✅ Like cycle complete — liked 0 tweets (0/200 today)
2026-04-01 12:28:16 +00:00: 2026-04-01 12:28:16,516 - __main__ - INFO - 💫 Like cycle starting — 0/200 today, budget: 40
2026-04-01 12:28:22 +00:00: 2026-04-01 12:28:22,441 - __main__ - INFO - ❤️  Liked tweet 203931198629129... by @BlastPremier (vip_from_events)
2026-04-01 12:28:33 +00:00: 2026-04-01 12:28:33,427 - __main__ - INFO - ✅ Like cycle complete — liked 1 tweets (1/200 today)
2026-04-01 13:43:57 +00:00: Traceback (most recent call last):
2026-04-01 13:43:57 +00:00:   File "/home/ubuntu/openclaw/scripts/output/community_liker.py", line 492, in <module>
2026-04-01 13:43:57 +00:00:     asyncio.run(CommunityLiker().run_forever())
2026-04-01 13:43:57 +00:00:   File "/usr/lib/python3.10/asyncio/runners.py", line 44, in run
2026-04-01 13:43:57 +00:00:     return loop.run_until_complete(main)
2026-04-01 13:43:57 +00:00:   File "/usr/lib/python3.10/asyncio/base_events.py", line 636, in run_until_complete
2026-04-01 13:43:57 +00:00:     self.run_forever()
2026-04-01 13:43:57 +00:00:   File "/usr/lib/python3.10/asyncio/base_events.py", line 603, in run_forever
2026-04-01 13:43:57 +00:00:     self._run_once()
2026-04-01 13:43:57 +00:00:   File "/usr/lib/python3.10/asyncio/base_events.py", line 1871, in _run_once
2026-04-01 13:43:57 +00:00:     event_list = self._selector.select(timeout)
2026-04-01 13:43:57 +00:00:   File "/usr/lib/python3.10/selectors.py", line 469, in select
2026-04-01 13:43:57 +00:00:     fd_event_list = self._selector.poll(timeout, max_ev)
2026-04-01 13:43:57 +00:00: KeyboardInterrupt
2026-04-01 13:43:57 +00:00: 2026-04-01 13:43:57,957 - __main__ - INFO - ✅ Twitter client initialized — user ID: 1874477801182793728
2026-04-01 13:43:58 +00:00: 2026-04-01 13:43:58,879 - utils.db_utils - INFO - ✅ Reconnected to PostgreSQL
2026-04-01 13:43:58 +00:00: 2026-04-01 13:43:58,879 - __main__ - INFO - 🚀 Community Liker started — building relationships
2026-04-01 13:43:59 +00:00: 2026-04-01 13:43:59,623 - __main__ - INFO - 💫 Like cycle starting — 1/200 today, budget: 40
2026-04-01 13:44:06 +00:00: 2026-04-01 13:44:06,852 - __main__ - INFO - ✅ Like cycle complete — liked 0 tweets (1/200 today)
2026-04-01 14:13:01 +00:00: Traceback (most recent call last):
2026-04-01 14:13:01 +00:00:   File "/home/ubuntu/openclaw/scripts/output/community_liker.py", line 492, in <module>
2026-04-01 14:13:01 +00:00:     asyncio.run(CommunityLiker().run_forever())
2026-04-01 14:13:01 +00:00:   File "/usr/lib/python3.10/asyncio/runners.py", line 44, in run
2026-04-01 14:13:01 +00:00:     return loop.run_until_complete(main)
2026-04-01 14:13:01 +00:00:   File "/usr/lib/python3.10/asyncio/base_events.py", line 636, in run_until_complete
2026-04-01 14:13:01 +00:00:     self.run_forever()
2026-04-01 14:13:01 +00:00:   File "/usr/lib/python3.10/asyncio/base_events.py", line 603, in run_forever
2026-04-01 14:13:01 +00:00:     self._run_once()
2026-04-01 14:13:01 +00:00:   File "/usr/lib/python3.10/asyncio/base_events.py", line 1871, in _run_once
2026-04-01 14:13:01 +00:00:     event_list = self._selector.select(timeout)
2026-04-01 14:13:01 +00:00:   File "/usr/lib/python3.10/selectors.py", line 469, in select
2026-04-01 14:13:01 +00:00:     fd_event_list = self._selector.poll(timeout, max_ev)
2026-04-01 14:13:01 +00:00: KeyboardInterrupt
2026-04-01 14:13:01 +00:00: 2026-04-01 14:13:01,806 - __main__ - INFO - ✅ Twitter client initialized — user ID: 1874477801182793728
2026-04-01 14:13:02 +00:00: 2026-04-01 14:13:02,803 - utils.db_utils - INFO - ✅ Reconnected to PostgreSQL
2026-04-01 14:13:02 +00:00: 2026-04-01 14:13:02,804 - __main__ - INFO - 🚀 Community Liker started — building relationships
2026-04-01 14:13:03 +00:00: 2026-04-01 14:13:03,609 - __main__ - INFO - 💫 Like cycle starting — 1/200 today, budget: 40
2026-04-01 14:13:11 +00:00: 2026-04-01 14:13:11,296 - __main__ - INFO - ✅ Like cycle complete — liked 0 tweets (1/200 today)
2026-04-01 14:58:12 +00:00: 2026-04-01 14:58:12,356 - __main__ - INFO - 💫 Like cycle starting — 1/200 today, budget: 40
2026-04-01 14:58:19 +00:00: 2026-04-01 14:58:19,866 - __main__ - INFO - ❤️  Liked tweet 203934064364268... by @BlastPremier (vip_from_events)
2026-04-01 14:58:25 +00:00: 2026-04-01 14:58:25,941 - __main__ - INFO - ✅ Like cycle complete — liked 1 tweets (2/200 today)
2026-04-01 15:43:26 +00:00: 2026-04-01 15:43:26,980 - __main__ - INFO - 💫 Like cycle starting — 2/200 today, budget: 40
2026-04-01 15:43:31 +00:00: 2026-04-01 15:43:31,585 - __main__ - INFO - ❤️  Liked tweet 203936199222649... by @BlastPremier (vip_from_events)
2026-04-01 15:43:42 +00:00: 2026-04-01 15:43:42,251 - __main__ - INFO - ✅ Like cycle complete — liked 1 tweets (3/200 today)
2026-04-01 16:28:43 +00:00: 2026-04-01 16:28:43,319 - __main__ - INFO - 💫 Like cycle starting — 3/200 today, budget: 40
2026-04-01 16:28:49 +00:00: 2026-04-01 16:28:49,959 - __main__ - INFO - ✅ Like cycle complete — liked 0 tweets (3/200 today)
2026-04-01 17:13:51 +00:00: 2026-04-01 17:13:51,022 - __main__ - INFO - 💫 Like cycle starting — 3/200 today, budget: 40
2026-04-01 17:13:57 +00:00: 2026-04-01 17:13:57,656 - __main__ - INFO - ✅ Like cycle complete — liked 0 tweets (3/200 today)
2026-04-01 17:58:58 +00:00: 2026-04-01 17:58:58,654 - __main__ - INFO - 💫 Like cycle starting — 3/200 today, budget: 40
2026-04-01 17:59:05 +00:00: 2026-04-01 17:59:05,178 - __main__ - INFO - ✅ Like cycle complete — liked 0 tweets (3/200 today)
2026-04-01 18:44:06 +00:00: 2026-04-01 18:44:06,257 - __main__ - INFO - 💫 Like cycle starting — 3/200 today, budget: 40
2026-04-01 18:44:12 +00:00: 2026-04-01 18:44:12,770 - __main__ - INFO - ✅ Like cycle complete — liked 0 tweets (3/200 today)
2026-04-01 19:29:13 +00:00: 2026-04-01 19:29:13,867 - __main__ - INFO - 💫 Like cycle starting — 3/200 today, budget: 40
2026-04-01 19:29:20 +00:00: 2026-04-01 19:29:20,494 - __main__ - INFO - ✅ Like cycle complete — liked 0 tweets (3/200 today)
2026-04-01 20:14:21 +00:00: 2026-04-01 20:14:21,590 - __main__ - INFO - 💫 Like cycle starting — 3/200 today, budget: 40
2026-04-01 20:14:28 +00:00: 2026-04-01 20:14:28,146 - __main__ - INFO - ✅ Like cycle complete — liked 0 tweets (3/200 today)
2026-04-01 20:59:29 +00:00: 2026-04-01 20:59:29,227 - __main__ - INFO - 💫 Like cycle starting — 3/200 today, budget: 40
2026-04-01 20:59:35 +00:00: 2026-04-01 20:59:35,826 - __main__ - INFO - ✅ Like cycle complete — liked 0 tweets (3/200 today)
2026-04-01 21:44:36 +00:00: 2026-04-01 21:44:36,837 - __main__ - INFO - 💫 Like cycle starting — 3/200 today, budget: 40
2026-04-01 21:44:43 +00:00: 2026-04-01 21:44:43,298 - __main__ - INFO - ✅ Like cycle complete — liked 0 tweets (3/200 today)
2026-04-01 22:29:44 +00:00: 2026-04-01 22:29:44,361 - __main__ - INFO - 💫 Like cycle starting — 3/200 today, budget: 40
2026-04-01 23:12:49 +00:00: 2026-04-01 23:12:49,920 - __main__ - INFO - ✅ Twitter client initialized — user ID: 1874477801182793728
2026-04-01 23:12:50 +00:00: 2026-04-01 23:12:50,840 - utils.db_utils - INFO - ✅ Reconnected to PostgreSQL
2026-04-01 23:12:50 +00:00: 2026-04-01 23:12:50,840 - __main__ - INFO - 🚀 Community Liker started — building relationships
2026-04-01 23:12:51 +00:00: 2026-04-01 23:12:51,574 - __main__ - INFO - 💫 Like cycle starting — 3/200 today, budget: 40
2026-04-01 23:20:03 +00:00: 2026-04-01 23:20:03,436 - __main__ - INFO - ✅ Twitter client initialized — user ID: 1874477801182793728
2026-04-01 23:20:04 +00:00: 2026-04-01 23:20:04,513 - utils.db_utils - INFO - ✅ Reconnected to PostgreSQL
2026-04-01 23:20:04 +00:00: 2026-04-01 23:20:04,513 - __main__ - INFO - 🚀 Community Liker started — building relationships
2026-04-01 23:20:05 +00:00: 2026-04-01 23:20:05,259 - __main__ - INFO - 💫 Like cycle starting — 3/200 today, budget: 40
2026-04-01 23:35:21 +00:00: 2026-04-01 23:35:21,219 - __main__ - INFO - ✅ Twitter client initialized — user ID: 1874477801182793728
2026-04-01 23:35:22 +00:00: 2026-04-01 23:35:22,123 - utils.db_utils - INFO - ✅ Reconnected to PostgreSQL
2026-04-01 23:35:22 +00:00: 2026-04-01 23:35:22,123 - __main__ - INFO - 🚀 Community Liker started — building relationships
2026-04-01 23:35:22 +00:00: 2026-04-01 23:35:22,857 - __main__ - INFO - 💫 Like cycle starting — 3/200 today, budget: 40
2026-04-02 00:10:05 +00:00: 2026-04-02 00:10:05,644 - __main__ - INFO - ✅ Twitter client initialized — user ID: 1874477801182793728
2026-04-02 00:10:06 +00:00: 2026-04-02 00:10:06,644 - utils.db_utils - INFO - ✅ Reconnected to PostgreSQL
2026-04-02 00:10:06 +00:00: 2026-04-02 00:10:06,644 - __main__ - INFO - 🚀 Community Liker started — building relationships
2026-04-02 00:10:07 +00:00: 2026-04-02 00:10:07,402 - __main__ - INFO - 💫 Like cycle starting — 0/200 today, budget: 40
2026-04-02 00:46:02 +00:00: 2026-04-02 00:46:02,741 - __main__ - INFO - ✅ Twitter client initialized — user ID: 1874477801182793728
2026-04-02 00:46:03 +00:00: 2026-04-02 00:46:03,663 - utils.db_utils - INFO - ✅ Reconnected to PostgreSQL
2026-04-02 00:46:03 +00:00: 2026-04-02 00:46:03,663 - __main__ - INFO - 🚀 Community Liker started — building relationships
2026-04-02 00:46:04 +00:00: 2026-04-02 00:46:04,403 - __main__ - INFO - 💫 Like cycle starting — 0/200 today, budget: 40
2026-04-02 00:51:49 +00:00: 2026-04-02 00:51:49,547 - __main__ - INFO - ✅ Twitter client initialized — user ID: 1874477801182793728
2026-04-02 00:51:50 +00:00: 2026-04-02 00:51:50,513 - utils.db_utils - INFO - ✅ Reconnected to PostgreSQL
2026-04-02 00:51:50 +00:00: 2026-04-02 00:51:50,513 - __main__ - INFO - 🚀 Community Liker started — building relationships
2026-04-02 00:51:51 +00:00: 2026-04-02 00:51:51,268 - __main__ - INFO - 💫 Like cycle starting — 0/200 today, budget: 40
2026-04-02 00:52:00 +00:00: 2026-04-02 00:52:00,025 - __main__ - ERROR - ❌ Reply fetch failed: canceling statement due to statement timeout
2026-04-02 00:52:00 +00:00: 
2026-04-02 00:52:00 +00:00: 2026-04-02 00:52:00,176 - __main__ - INFO - 📬 Reply strategy: 0 candidates
2026-04-02 00:52:08 +00:00: 2026-04-02 00:52:08,931 - __main__ - ERROR - ❌ VIP tweet fetch failed: canceling statement due to statement timeout
2026-04-02 00:52:08 +00:00: 
2026-04-02 00:52:09 +00:00: 2026-04-02 00:52:09,082 - __main__ - INFO - 📊 VIP strategy: 9 total candidates
2026-04-02 00:52:19 +00:00: 2026-04-02 00:52:19,355 - __main__ - ERROR - ❌ Recent engagement target fetch failed: canceling statement due to statement timeout
2026-04-02 00:52:19 +00:00: 
2026-04-02 00:52:19 +00:00: 2026-04-02 00:52:19,507 - __main__ - INFO - 🎯 Engagement target strategy: 0 candidates
2026-04-02 00:52:19 +00:00: 2026-04-02 00:52:19,682 - __main__ - INFO - 🔑 Guest token refreshed
2026-04-02 00:52:19 +00:00: 2026-04-02 00:52:19,829 - __main__ - INFO - ✅ Like cycle complete — liked 0 tweets (0/200 today)
2026-04-02 00:57:06 +00:00: Traceback (most recent call last):
2026-04-02 00:57:06 +00:00:   File "/home/ubuntu/openclaw/scripts/output/community_liker.py", line 725, in <module>
2026-04-02 00:57:06 +00:00:     
2026-04-02 00:57:06 +00:00:   File "/usr/lib/python3.10/asyncio/runners.py", line 44, in run
2026-04-02 00:57:06 +00:00:     return loop.run_until_complete(main)
2026-04-02 00:57:06 +00:00:   File "/usr/lib/python3.10/asyncio/base_events.py", line 636, in run_until_complete
2026-04-02 00:57:06 +00:00:     self.run_forever()
2026-04-02 00:57:06 +00:00:   File "/usr/lib/python3.10/asyncio/base_events.py", line 603, in run_forever
2026-04-02 00:57:06 +00:00:     self._run_once()
2026-04-02 00:57:06 +00:00:   File "/usr/lib/python3.10/asyncio/base_events.py", line 1871, in _run_once
2026-04-02 00:57:06 +00:00:     event_list = self._selector.select(timeout)
2026-04-02 00:57:06 +00:00:   File "/usr/lib/python3.10/selectors.py", line 469, in select
2026-04-02 00:57:06 +00:00:     fd_event_list = self._selector.poll(timeout, max_ev)
2026-04-02 00:57:06 +00:00: KeyboardInterrupt
2026-04-02 00:57:07 +00:00: 2026-04-02 00:57:07,347 - __main__ - INFO - ✅ Twitter client initialized — user ID: 1874477801182793728
2026-04-02 00:57:08 +00:00: 2026-04-02 00:57:08,302 - utils.db_utils - INFO - ✅ Reconnected to PostgreSQL
2026-04-02 00:57:08 +00:00: 2026-04-02 00:57:08,302 - __main__ - INFO - 🚀 Community Liker started — building relationships
2026-04-02 00:57:09 +00:00: 2026-04-02 00:57:09,036 - __main__ - INFO - 💫 Like cycle starting — 0/200 today, budget: 40
2026-04-02 00:57:24 +00:00: 2026-04-02 00:57:24,769 - __main__ - ERROR - ❌ Reply fetch failed: canceling statement due to statement timeout
2026-04-02 00:57:24 +00:00: 
2026-04-02 00:57:24 +00:00: 2026-04-02 00:57:24,916 - __main__ - INFO - 📬 Reply strategy: 0 candidates
2026-04-02 00:57:40 +00:00: 2026-04-02 00:57:40,804 - __main__ - ERROR - ❌ VIP tweet fetch failed: canceling statement due to statement timeout
2026-04-02 00:57:40 +00:00: 
2026-04-02 00:57:40 +00:00: 2026-04-02 00:57:40,952 - __main__ - INFO - 📊 VIP strategy: 9 total candidates
2026-04-02 00:57:58 +00:00: 2026-04-02 00:57:58,164 - __main__ - ERROR - ❌ Recent engagement target fetch failed: canceling statement due to statement timeout
2026-04-02 00:57:58 +00:00: 
2026-04-02 00:57:58 +00:00: 2026-04-02 00:57:58,311 - __main__ - INFO - 🎯 Engagement target strategy: 0 candidates
2026-04-02 00:57:58 +00:00: 2026-04-02 00:57:58,461 - __main__ - INFO - 🔑 Guest token refreshed
2026-04-02 00:57:58 +00:00: 2026-04-02 00:57:58,612 - __main__ - INFO - GraphQL search unexpected status: 404
2026-04-02 00:57:58 +00:00: 2026-04-02 00:57:58,613 - __main__ - INFO - ✅ Like cycle complete — liked 0 tweets (0/200 today)
2026-04-02 01:01:39 +00:00: Traceback (most recent call last):
2026-04-02 01:01:39 +00:00:   File "/home/ubuntu/openclaw/scripts/output/community_liker.py", line 734, in <module>
2026-04-02 01:01:39 +00:00:     if __name__ == '__main__':
2026-04-02 01:01:39 +00:00:   File "/usr/lib/python3.10/asyncio/runners.py", line 44, in run
2026-04-02 01:01:39 +00:00:     return loop.run_until_complete(main)
2026-04-02 01:01:39 +00:00:   File "/usr/lib/python3.10/asyncio/base_events.py", line 636, in run_until_complete
2026-04-02 01:01:39 +00:00:     self.run_forever()
2026-04-02 01:01:39 +00:00:   File "/usr/lib/python3.10/asyncio/base_events.py", line 603, in run_forever
2026-04-02 01:01:39 +00:00:     self._run_once()
2026-04-02 01:01:39 +00:00:   File "/usr/lib/python3.10/asyncio/base_events.py", line 1871, in _run_once
2026-04-02 01:01:39 +00:00:     event_list = self._selector.select(timeout)
2026-04-02 01:01:39 +00:00:   File "/usr/lib/python3.10/selectors.py", line 469, in select
2026-04-02 01:01:39 +00:00:     fd_event_list = self._selector.poll(timeout, max_ev)
2026-04-02 01:01:39 +00:00: KeyboardInterrupt
2026-04-02 01:01:39 +00:00: 2026-04-02 01:01:39,886 - __main__ - INFO - ✅ Twitter client initialized — user ID: 1874477801182793728
2026-04-02 01:01:40 +00:00: 2026-04-02 01:01:40,804 - utils.db_utils - INFO - ✅ Reconnected to PostgreSQL
2026-04-02 01:01:40 +00:00: 2026-04-02 01:01:40,805 - __main__ - INFO - 🚀 Community Liker started — building relationships
2026-04-02 01:01:41 +00:00: 2026-04-02 01:01:41,556 - __main__ - INFO - 💫 Like cycle starting — 0/200 today, budget: 40
2026-04-02 01:01:57 +00:00: 2026-04-02 01:01:57,309 - __main__ - ERROR - ❌ Reply fetch failed: canceling statement due to statement timeout
2026-04-02 01:01:57 +00:00: 
2026-04-02 01:01:57 +00:00: 2026-04-02 01:01:57,464 - __main__ - INFO - 📬 Reply strategy: 0 candidates
2026-04-02 01:02:13 +00:00: 2026-04-02 01:02:13,520 - __main__ - INFO - VIP replies query failed: canceling statement due to statement timeout
2026-04-02 01:02:13 +00:00: 
2026-04-02 01:02:13 +00:00: 2026-04-02 01:02:13,670 - __main__ - INFO - 📊 VIP DB: 9 candidates from events
2026-04-02 01:02:13 +00:00: 2026-04-02 01:02:13,670 - __main__ - INFO - 📡 VIP GraphQL fallback triggered — 9 DB candidates < 10
2026-04-02 01:02:14 +00:00: 2026-04-02 01:02:14,173 - __main__ - INFO - 🔑 Guest token refreshed
2026-04-02 01:02:15 +00:00: 2026-04-02 01:02:15,162 - __main__ - INFO - 📡 GraphQL timeline @LiquipediaCS: 20 tweets, status=200
2026-04-02 01:02:15 +00:00: 2026-04-02 01:02:15,162 - __main__ - INFO - 📡 @LiquipediaCS: 20 tweets via GraphQL
2026-04-02 01:02:17 +00:00: 2026-04-02 01:02:17,316 - __main__ - INFO - Could not resolve @DonHaci: 200
2026-04-02 01:02:20 +00:00: 2026-04-02 01:02:20,300 - __main__ - INFO - 📡 GraphQL timeline @CounterStrike: 20 tweets, status=200
2026-04-02 01:02:20 +00:00: 2026-04-02 01:02:20,301 - __main__ - INFO - 📡 @CounterStrike: 20 tweets via GraphQL
2026-04-02 01:02:22 +00:00: 2026-04-02 01:02:22,669 - __main__ - INFO - 📡 GraphQL timeline @hltv: 0 tweets, status=200
2026-04-02 01:02:24 +00:00: 2026-04-02 01:02:24,671 - __main__ - INFO - 📊 VIP strategy: 19 total candidates
2026-04-02 01:02:26 +00:00: 2026-04-02 01:02:26,306 - __main__ - INFO - ❤️  Liked tweet 170713301634533... by @CounterStrike (vip_timeline)
2026-04-02 01:02:35 +00:00: 2026-04-02 01:02:35,440 - __main__ - INFO - ❤️  Liked tweet 147809381128491... by @LiquipediaCS (vip_timeline)
2026-04-02 01:02:41 +00:00: 2026-04-02 01:02:41,603 - __main__ - INFO - ❤️  Liked tweet 163937690432216... by @CounterStrike (vip_timeline)
2026-04-02 01:02:49 +00:00: 2026-04-02 01:02:49,075 - __main__ - INFO - ❤️  Liked tweet 145183177627242... by @LiquipediaCS (vip_timeline)
2026-04-02 01:02:56 +00:00: 2026-04-02 01:02:56,852 - __main__ - INFO - ❤️  Liked tweet 163858209464032... by @CounterStrike (vip_timeline)
2026-04-02 01:03:04 +00:00: 2026-04-02 01:03:04,231 - __main__ - INFO - ❤️  Liked tweet 127403652697276... by @CounterStrike (vip_timeline)
2026-04-02 01:03:10 +00:00: 2026-04-02 01:03:10,632 - __main__ - INFO - ❤️  Liked tweet 134974037838836... by @LiquipediaCS (vip_timeline)
2026-04-02 01:03:16 +00:00: 2026-04-02 01:03:16,110 - __main__ - INFO - ❤️  Liked tweet 163858007412665... by @CounterStrike (vip_timeline)
2026-04-02 01:03:21 +00:00: 2026-04-02 01:03:21,890 - __main__ - INFO - ❤️  Liked tweet 177453901406366... by @LiquipediaCS (vip_timeline)
2026-04-02 01:03:29 +00:00: 2026-04-02 01:03:29,794 - __main__ - INFO - ❤️  Liked tweet 161253729687556... by @LiquipediaCS (vip_timeline)
2026-04-02 01:03:48 +00:00: 2026-04-02 01:03:48,673 - __main__ - ERROR - ❌ Recent engagement target fetch failed: canceling statement due to statement timeout
2026-04-02 01:03:48 +00:00: 
2026-04-02 01:03:48 +00:00: 2026-04-02 01:03:48,823 - __main__ - INFO - 🎯 Engagement target strategy: 0 candidates
2026-04-02 01:03:48 +00:00: 2026-04-02 01:03:48,947 - __main__ - INFO - Search unexpected status: 404
2026-04-02 01:03:48 +00:00: 2026-04-02 01:03:48,947 - __main__ - INFO - ✅ Like cycle complete — liked 10 tweets (10/200 today)
2026-04-02 01:07:13 +00:00: Traceback (most recent call last):
2026-04-02 01:07:13 +00:00:   File "/home/ubuntu/openclaw/scripts/output/community_liker.py", line 735, in <module>
2026-04-02 01:07:13 +00:00:     
2026-04-02 01:07:13 +00:00:   File "/usr/lib/python3.10/asyncio/runners.py", line 44, in run
2026-04-02 01:07:13 +00:00:     return loop.run_until_complete(main)
2026-04-02 01:07:13 +00:00:   File "/usr/lib/python3.10/asyncio/base_events.py", line 636, in run_until_complete
2026-04-02 01:07:13 +00:00:     self.run_forever()
2026-04-02 01:07:13 +00:00:   File "/usr/lib/python3.10/asyncio/base_events.py", line 603, in run_forever
2026-04-02 01:07:13 +00:00:     self._run_once()
2026-04-02 01:07:13 +00:00:   File "/usr/lib/python3.10/asyncio/base_events.py", line 1871, in _run_once
2026-04-02 01:07:13 +00:00:     event_list = self._selector.select(timeout)
2026-04-02 01:07:13 +00:00:   File "/usr/lib/python3.10/selectors.py", line 469, in select
2026-04-02 01:07:13 +00:00:     fd_event_list = self._selector.poll(timeout, max_ev)
2026-04-02 01:07:13 +00:00: KeyboardInterrupt
2026-04-02 01:07:14 +00:00: 2026-04-02 01:07:14,516 - __main__ - INFO - ✅ Twitter client initialized — user ID: 1874477801182793728
2026-04-02 01:07:15 +00:00: 2026-04-02 01:07:15,463 - utils.db_utils - INFO - ✅ Reconnected to PostgreSQL
2026-04-02 01:07:15 +00:00: 2026-04-02 01:07:15,463 - __main__ - INFO - 🚀 Community Liker started — building relationships
2026-04-02 01:07:16 +00:00: 2026-04-02 01:07:16,231 - __main__ - INFO - 💫 Like cycle starting — 10/200 today, budget: 40
2026-04-02 01:07:32 +00:00: 2026-04-02 01:07:32,000 - __main__ - ERROR - ❌ Reply fetch failed: canceling statement due to statement timeout
2026-04-02 01:07:32 +00:00: 
2026-04-02 01:07:32 +00:00: 2026-04-02 01:07:32,153 - __main__ - INFO - 📬 Reply strategy: 0 candidates
2026-04-02 01:07:48 +00:00: 2026-04-02 01:07:48,229 - __main__ - INFO - VIP replies query failed: canceling statement due to statement timeout
2026-04-02 01:07:48 +00:00: 
2026-04-02 01:07:48 +00:00: 2026-04-02 01:07:48,383 - __main__ - INFO - 📊 VIP DB: 9 candidates from events
2026-04-02 01:07:48 +00:00: 2026-04-02 01:07:48,384 - __main__ - INFO - 📡 VIP GraphQL fallback triggered — 9 DB candidates < 10
2026-04-02 01:07:48 +00:00: 2026-04-02 01:07:48,883 - __main__ - INFO - 🔑 Guest token refreshed
2026-04-02 01:07:49 +00:00: 2026-04-02 01:07:49,054 - __main__ - INFO - Could not resolve @DonHaci: 200
2026-04-02 01:07:51 +00:00: 2026-04-02 01:07:51,385 - __main__ - INFO - 📡 GraphQL timeline @hltv: 0 tweets, status=200
2026-04-02 01:07:54 +00:00: 2026-04-02 01:07:54,389 - __main__ - INFO - 📡 GraphQL timeline @LiquipediaCS: 20 tweets, status=200
2026-04-02 01:07:54 +00:00: 2026-04-02 01:07:54,389 - __main__ - INFO - 📡 @LiquipediaCS: 20 tweets via GraphQL
2026-04-02 01:07:57 +00:00: 2026-04-02 01:07:57,274 - __main__ - INFO - 📡 GraphQL timeline @EsportsInsider: 20 tweets, status=200
2026-04-02 01:07:57 +00:00: 2026-04-02 01:07:57,274 - __main__ - INFO - 📡 @EsportsInsider: 20 tweets via GraphQL
2026-04-02 01:08:00 +00:00: 2026-04-02 01:08:00,353 - __main__ - INFO - 📡 GraphQL timeline @RazedEsport: 20 tweets, status=200
2026-04-02 01:08:00 +00:00: 2026-04-02 01:08:00,353 - __main__ - INFO - 📡 @RazedEsport: 20 tweets via GraphQL
2026-04-02 01:08:03 +00:00: 2026-04-02 01:08:03,323 - __main__ - INFO - 📡 GraphQL timeline @CounterStrike: 20 tweets, status=200
2026-04-02 01:08:03 +00:00: 2026-04-02 01:08:03,324 - __main__ - INFO - 📡 @CounterStrike: 20 tweets via GraphQL
2026-04-02 01:08:05 +00:00: 2026-04-02 01:08:05,328 - __main__ - INFO - 📊 VIP strategy: 29 total candidates
2026-04-02 01:08:08 +00:00: 2026-04-02 01:08:08,070 - __main__ - INFO - ❤️  Liked tweet 198714202640056... by @RazedEsport (vip_timeline)
2026-04-02 01:08:13 +00:00: 2026-04-02 01:08:13,663 - __main__ - INFO - ❤️  Liked tweet 134748364156431... by @esportsinsider (vip_timeline)
2026-04-02 01:08:19 +00:00: 2026-04-02 01:08:19,889 - __main__ - INFO - ❤️  Liked tweet 144389723851896... by @esportsinsider (vip_timeline)
2026-04-02 01:08:29 +00:00: 2026-04-02 01:08:29,375 - __main__ - INFO - ❤️  Liked tweet 198642772921907... by @RazedEsport (vip_timeline)
2026-04-02 01:08:38 +00:00: 2026-04-02 01:08:38,624 - __main__ - INFO - ❤️  Liked tweet 198616509565993... by @RazedEsport (vip_timeline)
2026-04-02 01:08:46 +00:00: 2026-04-02 01:08:46,195 - __main__ - INFO - ❤️  Liked tweet 130326668576441... by @esportsinsider (vip_timeline)
2026-04-02 01:08:54 +00:00: 2026-04-02 01:08:54,120 - __main__ - INFO - ❤️  Liked tweet 198896554604668... by @RazedEsport (vip_timeline)
2026-04-02 01:09:03 +00:00: 2026-04-02 01:09:03,587 - __main__ - INFO - ❤️  Liked tweet 132512840236222... by @esportsinsider (vip_timeline)
2026-04-02 01:09:09 +00:00: 2026-04-02 01:09:09,842 - __main__ - INFO - ❤️  Liked tweet 199004742469041... by @RazedEsport (vip_timeline)
2026-04-02 01:09:15 +00:00: 2026-04-02 01:09:15,032 - __main__ - INFO - ❤️  Liked tweet 161385929451605... by @esportsinsider (vip_timeline)
2026-04-02 01:09:38 +00:00: 2026-04-02 01:09:38,745 - __main__ - ERROR - ❌ Recent engagement target fetch failed: canceling statement due to statement timeout
2026-04-02 01:09:38 +00:00: 
2026-04-02 01:09:38 +00:00: 2026-04-02 01:09:38,898 - __main__ - INFO - 🎯 Engagement target strategy: 0 candidates
2026-04-02 01:09:39 +00:00: 2026-04-02 01:09:39,846 - __main__ - INFO - 📡 GraphQL timeline @BIGCLANgg: 13 tweets, status=200
2026-04-02 01:09:39 +00:00: 2026-04-02 01:09:39,847 - __main__ - INFO - 🌐 @BIGCLANgg: 13 tweets via timeline scrape
2026-04-02 01:09:42 +00:00: 2026-04-02 01:09:42,946 - __main__ - INFO - 📡 GraphQL timeline @EliGE: 20 tweets, status=200
2026-04-02 01:09:42 +00:00: 2026-04-02 01:09:42,947 - __main__ - INFO - 🌐 @EliGE: 20 tweets via timeline scrape
2026-04-02 01:09:45 +00:00: 2026-04-02 01:09:45,083 - __main__ - INFO - Could not resolve @heroaborcsgo: 200
2026-04-02 01:09:48 +00:00: 2026-04-02 01:09:48,707 - __main__ - INFO - ❤️  Liked tweet 148150472924723... by @EliGE (cs2_community:EliGE)
2026-04-02 01:09:58 +00:00: 2026-04-02 01:09:58,653 - __main__ - INFO - ❤️  Liked tweet 139400544305637... by @EliGE (cs2_community:EliGE)
2026-04-02 01:10:04 +00:00: 2026-04-02 01:10:04,278 - __main__ - INFO - ❤️  Liked tweet 203936606787780... by @BIGCLANgg (cs2_community:BIGCLANgg)
2026-04-02 01:10:14 +00:00: 2026-04-02 01:10:14,826 - __main__ - INFO - ❤️  Liked tweet 203934780603752... by @BIGCLANgg (cs2_community:BIGCLANgg)
2026-04-02 01:10:21 +00:00: 2026-04-02 01:10:21,137 - __main__ - INFO - ❤️  Liked tweet 203936999049567... by @BIGCLANgg (cs2_community:BIGCLANgg)
2026-04-02 01:10:28 +00:00: 2026-04-02 01:10:28,856 - __main__ - INFO - ❤️  Liked tweet 147083117588318... by @EliGE (cs2_community:EliGE)
2026-04-02 01:10:35 +00:00: 2026-04-02 01:10:35,719 - __main__ - INFO - ❤️  Liked tweet 203934704849170... by @BIGCLANgg (cs2_community:BIGCLANgg)
2026-04-02 01:10:43 +00:00: 2026-04-02 01:10:43,791 - __main__ - INFO - ❤️  Liked tweet 203936896936299... by @BIGCLANgg (cs2_community:BIGCLANgg)
2026-04-02 01:10:52 +00:00: 2026-04-02 01:10:52,998 - __main__ - INFO - ❤️  Liked tweet 136319579531136... by @EliGE (cs2_community:EliGE)
2026-04-02 01:11:00 +00:00: 2026-04-02 01:11:00,183 - __main__ - INFO - ❤️  Liked tweet 157924297923115... by @EliGE (cs2_community:EliGE)
2026-04-02 01:11:08 +00:00: 2026-04-02 01:11:08,267 - __main__ - INFO - ✅ Like cycle complete — liked 20 tweets (30/200 today)
2026-04-02 02:41:09 +00:00: 2026-04-02 02:41:09,219 - __main__ - INFO - 💫 Like cycle starting — 30/200 today, budget: 40
2026-04-02 02:41:25 +00:00: 2026-04-02 02:41:25,067 - __main__ - ERROR - ❌ Reply fetch failed: canceling statement due to statement timeout
2026-04-02 02:41:25 +00:00: 
2026-04-02 02:41:25 +00:00: 2026-04-02 02:41:25,242 - __main__ - INFO - 📬 Reply strategy: 0 candidates
2026-04-02 02:41:41 +00:00: 2026-04-02 02:41:41,448 - __main__ - INFO - VIP replies query failed: canceling statement due to statement timeout
2026-04-02 02:41:41 +00:00: 
2026-04-02 02:41:41 +00:00: 2026-04-02 02:41:41,621 - __main__ - INFO - 📊 VIP DB: 9 candidates from events
2026-04-02 02:41:41 +00:00: 2026-04-02 02:41:41,621 - __main__ - INFO - 📡 VIP GraphQL fallback triggered — 9 DB candidates < 10
2026-04-02 02:41:42 +00:00: 2026-04-02 02:41:42,101 - __main__ - INFO - Could not resolve @DonHaci: 403
2026-04-02 02:41:44 +00:00: 2026-04-02 02:41:44,219 - __main__ - INFO - GraphQL timeline @EsportsInsider: 403 — resetting guest token
2026-04-02 02:41:46 +00:00: 2026-04-02 02:41:46,419 - __main__ - INFO - 🔑 Guest token refreshed
2026-04-02 02:41:47 +00:00: 2026-04-02 02:41:47,376 - __main__ - INFO - 📡 GraphQL timeline @CounterStrike: 20 tweets, status=200
2026-04-02 02:41:47 +00:00: 2026-04-02 02:41:47,376 - __main__ - INFO - 📡 @CounterStrike: 20 tweets via GraphQL
2026-04-02 02:41:49 +00:00: 2026-04-02 02:41:49,543 - __main__ - INFO - 📡 GraphQL timeline @hltv: 0 tweets, status=200
2026-04-02 02:41:52 +00:00: 2026-04-02 02:41:52,320 - __main__ - INFO - 📡 GraphQL timeline @BlastPremier: 9 tweets, status=200
2026-04-02 02:41:52 +00:00: 2026-04-02 02:41:52,320 - __main__ - INFO - 📡 @BlastPremier: 9 tweets via GraphQL
2026-04-02 02:41:55 +00:00: 2026-04-02 02:41:55,388 - __main__ - INFO - 📡 GraphQL timeline @RazedEsport: 20 tweets, status=200
2026-04-02 02:41:55 +00:00: 2026-04-02 02:41:55,389 - __main__ - INFO - 📡 @RazedEsport: 20 tweets via GraphQL
2026-04-02 02:41:57 +00:00: 2026-04-02 02:41:57,391 - __main__ - INFO - 📊 VIP strategy: 24 total candidates
2026-04-02 02:42:00 +00:00: 2026-04-02 02:42:00,361 - __main__ - INFO - ❤️  Liked tweet 203926970594116... by @BLASTPremier (vip_timeline)
2026-04-02 02:42:22 +00:00: 2026-04-02 02:42:22,884 - __main__ - ERROR - ❌ Recent engagement target fetch failed: canceling statement due to statement timeout
2026-04-02 02:42:22 +00:00: 
2026-04-02 02:42:23 +00:00: 2026-04-02 02:42:23,052 - __main__ - INFO - 🎯 Engagement target strategy: 0 candidates
2026-04-02 02:42:23 +00:00: 2026-04-02 02:42:23,358 - __main__ - INFO - 📡 GraphQL timeline @Brehze: 0 tweets, status=200
2026-04-02 02:42:26 +00:00: 2026-04-02 02:42:26,380 - __main__ - INFO - 📡 GraphQL timeline @EliGE: 20 tweets, status=200
2026-04-02 02:42:26 +00:00: 2026-04-02 02:42:26,381 - __main__ - INFO - 🌐 @EliGE: 20 tweets via timeline scrape
2026-04-02 02:42:28 +00:00: 2026-04-02 02:42:28,701 - __main__ - INFO - 📡 GraphQL timeline @PGL_Esports: 0 tweets, status=200
2026-04-02 02:42:31 +00:00: 2026-04-02 02:42:31,727 - __main__ - INFO - ✅ Like cycle complete — liked 1 tweets (31/200 today)
2026-04-02 04:12:32 +00:00: 2026-04-02 04:12:32,756 - __main__ - INFO - 💫 Like cycle starting — 31/200 today, budget: 40
2026-04-02 04:12:48 +00:00: 2026-04-02 04:12:48,524 - __main__ - ERROR - ❌ Reply fetch failed: canceling statement due to statement timeout
2026-04-02 04:12:48 +00:00: 
2026-04-02 04:12:48 +00:00: 2026-04-02 04:12:48,677 - __main__ - INFO - 📬 Reply strategy: 0 candidates
2026-04-02 04:13:04 +00:00: 2026-04-02 04:13:04,759 - __main__ - INFO - VIP replies query failed: canceling statement due to statement timeout
2026-04-02 04:13:04 +00:00: 
2026-04-02 04:13:04 +00:00: 2026-04-02 04:13:04,912 - __main__ - INFO - 📊 VIP DB: 9 candidates from events
2026-04-02 04:13:04 +00:00: 2026-04-02 04:13:04,912 - __main__ - INFO - 📡 VIP GraphQL fallback triggered — 9 DB candidates < 10
2026-04-02 04:13:05 +00:00: 2026-04-02 04:13:05,364 - __main__ - INFO - Could not resolve @Slasher: 403
2026-04-02 04:13:07 +00:00: 2026-04-02 04:13:07,481 - __main__ - INFO - GraphQL timeline @hltv: 403 — resetting guest token
2026-04-02 04:13:09 +00:00: 2026-04-02 04:13:09,664 - __main__ - INFO - 🔑 Guest token refreshed
2026-04-02 04:13:10 +00:00: 2026-04-02 04:13:10,425 - __main__ - INFO - 📡 GraphQL timeline @LiquipediaCS: 20 tweets, status=200
2026-04-02 04:13:10 +00:00: 2026-04-02 04:13:10,426 - __main__ - INFO - 📡 @LiquipediaCS: 20 tweets via GraphQL
2026-04-02 04:13:13 +00:00: 2026-04-02 04:13:13,013 - __main__ - INFO - 📡 GraphQL timeline @BlastPremier: 9 tweets, status=200
2026-04-02 04:13:13 +00:00: 2026-04-02 04:13:13,013 - __main__ - INFO - 📡 @BlastPremier: 9 tweets via GraphQL
2026-04-02 04:13:15 +00:00: 2026-04-02 04:13:15,726 - __main__ - INFO - 📡 GraphQL timeline @EsportsInsider: 20 tweets, status=200
2026-04-02 04:13:15 +00:00: 2026-04-02 04:13:15,727 - __main__ - INFO - 📡 @EsportsInsider: 20 tweets via GraphQL
2026-04-02 04:13:18 +00:00: 2026-04-02 04:13:18,602 - __main__ - INFO - 📡 GraphQL timeline @RazedEsport: 20 tweets, status=200
2026-04-02 04:13:18 +00:00: 2026-04-02 04:13:18,603 - __main__ - INFO - 📡 @RazedEsport: 20 tweets via GraphQL
2026-04-02 04:13:20 +00:00: 2026-04-02 04:13:20,604 - __main__ - INFO - 📊 VIP strategy: 29 total candidates
2026-04-02 04:13:40 +00:00: 2026-04-02 04:13:40,209 - __main__ - ERROR - ❌ Recent engagement target fetch failed: canceling statement due to statement timeout
2026-04-02 04:13:40 +00:00: 
2026-04-02 04:13:40 +00:00: 2026-04-02 04:13:40,362 - __main__ - INFO - 🎯 Engagement target strategy: 0 candidates
2026-04-02 04:13:40 +00:00: 2026-04-02 04:13:40,664 - __main__ - INFO - 📡 GraphQL timeline @rainCS: 0 tweets, status=200
2026-04-02 04:13:43 +00:00: 2026-04-02 04:13:43,343 - __main__ - INFO - 📡 GraphQL timeline @BIGCLANgg: 13 tweets, status=200
2026-04-02 04:13:43 +00:00: 2026-04-02 04:13:43,344 - __main__ - INFO - 🌐 @BIGCLANgg: 13 tweets via timeline scrape
2026-04-02 04:13:46 +00:00: 2026-04-02 04:13:46,206 - __main__ - INFO - 📡 GraphQL timeline @Complexity: 11 tweets, status=200
2026-04-02 04:13:46 +00:00: 2026-04-02 04:13:46,206 - __main__ - INFO - 🌐 @Complexity: 11 tweets via timeline scrape
2026-04-02 04:13:50 +00:00: 2026-04-02 04:13:50,084 - __main__ - INFO - ❤️  Liked tweet 202205717207159... by @Complexity (cs2_community:Complexity)
2026-04-02 04:13:59 +00:00: 2026-04-02 04:13:59,275 - __main__ - INFO - ❤️  Liked tweet 202321574378598... by @Complexity (cs2_community:Complexity)
2026-04-02 04:14:06 +00:00: 2026-04-02 04:14:06,059 - __main__ - INFO - ❤️  Liked tweet 202168680089752... by @Complexity (cs2_community:Complexity)
2026-04-02 04:14:15 +00:00: 2026-04-02 04:14:15,342 - __main__ - INFO - ❤️  Liked tweet 202239182212396... by @Complexity (cs2_community:Complexity)
2026-04-02 04:14:25 +00:00: 2026-04-02 04:14:25,328 - __main__ - INFO - ❤️  Liked tweet 202129599877399... by @Complexity (cs2_community:Complexity)
2026-04-02 04:14:34 +00:00: 2026-04-02 04:14:34,881 - __main__ - INFO - ✅ Like cycle complete — liked 5 tweets (36/200 today)
2026-04-02 05:44:35 +00:00: 2026-04-02 05:44:35,873 - __main__ - INFO - 💫 Like cycle starting — 36/200 today, budget: 40
2026-04-02 05:44:51 +00:00: 2026-04-02 05:44:51,643 - __main__ - ERROR - ❌ Reply fetch failed: canceling statement due to statement timeout
2026-04-02 05:44:51 +00:00: 
2026-04-02 05:44:51 +00:00: 2026-04-02 05:44:51,797 - __main__ - INFO - 📬 Reply strategy: 0 candidates
2026-04-02 05:45:07 +00:00: 2026-04-02 05:45:07,872 - __main__ - INFO - VIP replies query failed: canceling statement due to statement timeout
2026-04-02 05:45:07 +00:00: 
2026-04-02 05:45:08 +00:00: 2026-04-02 05:45:08,025 - __main__ - INFO - 📊 VIP DB: 9 candidates from events
2026-04-02 05:45:08 +00:00: 2026-04-02 05:45:08,025 - __main__ - INFO - 📡 VIP GraphQL fallback triggered — 9 DB candidates < 10
2026-04-02 05:45:08 +00:00: 2026-04-02 05:45:08,467 - __main__ - INFO - GraphQL timeline @CounterStrike: 403 — resetting guest token
2026-04-02 05:45:10 +00:00: 2026-04-02 05:45:10,666 - __main__ - INFO - 🔑 Guest token refreshed
2026-04-02 05:45:11 +00:00: 2026-04-02 05:45:11,438 - __main__ - INFO - 📡 GraphQL timeline @Slasher: 20 tweets, status=200
2026-04-02 05:45:11 +00:00: 2026-04-02 05:45:11,439 - __main__ - INFO - 📡 @Slasher: 20 tweets via GraphQL
2026-04-02 05:45:14 +00:00: 2026-04-02 05:45:14,131 - __main__ - INFO - 📡 GraphQL timeline @RazedEsport: 20 tweets, status=200
2026-04-02 05:45:14 +00:00: 2026-04-02 05:45:14,131 - __main__ - INFO - 📡 @RazedEsport: 20 tweets via GraphQL
2026-04-02 05:45:16 +00:00: 2026-04-02 05:45:16,272 - __main__ - INFO - Could not resolve @DonHaci: 200
2026-04-02 05:45:18 +00:00: 2026-04-02 05:45:18,520 - __main__ - INFO - 📡 GraphQL timeline @hltv: 0 tweets, status=200
2026-04-02 05:45:20 +00:00: 2026-04-02 05:45:20,993 - __main__ - INFO - 📡 GraphQL timeline @BlastPremier: 9 tweets, status=200
2026-04-02 05:45:20 +00:00: 2026-04-02 05:45:20,994 - __main__ - INFO - 📡 @BlastPremier: 9 tweets via GraphQL
2026-04-02 05:45:22 +00:00: 2026-04-02 05:45:22,997 - __main__ - INFO - 📊 VIP strategy: 24 total candidates
2026-04-02 05:45:25 +00:00: 2026-04-02 05:45:25,035 - __main__ - INFO - ❤️  Liked tweet 118686146102662... by @Slasher (vip_timeline)
2026-04-02 05:45:32 +00:00: 2026-04-02 05:45:32,829 - __main__ - INFO - ❤️  Liked tweet 118345786351733... by @Slasher (vip_timeline)
2026-04-02 05:45:41 +00:00: 2026-04-02 05:45:41,406 - __main__ - INFO - ❤️  Liked tweet 127873239575635... by @Slasher (vip_timeline)
2026-04-02 05:45:51 +00:00: 2026-04-02 05:45:51,107 - __main__ - INFO - ❤️  Liked tweet 136290176502952... by @Slasher (vip_timeline)
2026-04-02 05:45:56 +00:00: 2026-04-02 05:45:56,694 - __main__ - INFO - ❤️  Liked tweet 133931248005778... by @Slasher (vip_timeline)
2026-04-02 05:46:18 +00:00: 2026-04-02 05:46:18,199 - __main__ - ERROR - ❌ Recent engagement target fetch failed: canceling statement due to statement timeout
2026-04-02 05:46:18 +00:00: 
2026-04-02 05:46:18 +00:00: 2026-04-02 05:46:18,353 - __main__ - INFO - 🎯 Engagement target strategy: 0 candidates
2026-04-02 05:46:18 +00:00: 2026-04-02 05:46:18,531 - __main__ - INFO - 📡 GraphQL timeline @PGL_Esports: 0 tweets, status=200
2026-04-02 05:46:21 +00:00: 2026-04-02 05:46:21,159 - __main__ - INFO - 📡 GraphQL timeline @EliGE: 20 tweets, status=200
2026-04-02 05:46:21 +00:00: 2026-04-02 05:46:21,160 - __main__ - INFO - 🌐 @EliGE: 20 tweets via timeline scrape
2026-04-02 05:46:23 +00:00: 2026-04-02 05:46:23,293 - __main__ - INFO - Could not resolve @FACABOREIT: 200
2026-04-02 05:46:26 +00:00: 2026-04-02 05:46:26,219 - __main__ - INFO - ✅ Like cycle complete — liked 5 tweets (41/200 today)
2026-04-02 07:16:27 +00:00: 2026-04-02 07:16:27,240 - __main__ - INFO - 💫 Like cycle starting — 41/200 today, budget: 40
2026-04-02 07:16:43 +00:00: 2026-04-02 07:16:43,008 - __main__ - ERROR - ❌ Reply fetch failed: canceling statement due to statement timeout
2026-04-02 07:16:43 +00:00: 
2026-04-02 07:16:43 +00:00: 2026-04-02 07:16:43,163 - __main__ - INFO - 📬 Reply strategy: 0 candidates
2026-04-02 07:16:59 +00:00: 2026-04-02 07:16:59,236 - __main__ - INFO - VIP replies query failed: canceling statement due to statement timeout
2026-04-02 07:16:59 +00:00: 
2026-04-02 07:16:59 +00:00: 2026-04-02 07:16:59,391 - __main__ - INFO - 📊 VIP DB: 9 candidates from events
2026-04-02 07:16:59 +00:00: 2026-04-02 07:16:59,391 - __main__ - INFO - 📡 VIP GraphQL fallback triggered — 9 DB candidates < 10
2026-04-02 07:16:59 +00:00: 2026-04-02 07:16:59,836 - __main__ - INFO - GraphQL timeline @LiquipediaCS: 403 — resetting guest token
2026-04-02 07:17:02 +00:00: 2026-04-02 07:17:02,002 - __main__ - INFO - 🔑 Guest token refreshed
2026-04-02 07:17:02 +00:00: 2026-04-02 07:17:02,162 - __main__ - INFO - 📡 GraphQL timeline @hltv: 0 tweets, status=200
2026-04-02 07:17:04 +00:00: 2026-04-02 07:17:04,736 - __main__ - INFO - 📡 GraphQL timeline @BlastPremier: 9 tweets, status=200
2026-04-02 07:17:04 +00:00: 2026-04-02 07:17:04,737 - __main__ - INFO - 📡 @BlastPremier: 9 tweets via GraphQL
2026-04-02 07:17:07 +00:00: 2026-04-02 07:17:07,538 - __main__ - INFO - 📡 GraphQL timeline @EsportsInsider: 20 tweets, status=200
2026-04-02 07:17:07 +00:00: 2026-04-02 07:17:07,539 - __main__ - INFO - 📡 @EsportsInsider: 20 tweets via GraphQL
2026-04-02 07:17:10 +00:00: 2026-04-02 07:17:10,370 - __main__ - INFO - 📡 GraphQL timeline @RazedEsport: 20 tweets, status=200
2026-04-02 07:17:10 +00:00: 2026-04-02 07:17:10,371 - __main__ - INFO - 📡 @RazedEsport: 20 tweets via GraphQL
2026-04-02 07:17:12 +00:00: 2026-04-02 07:17:12,521 - __main__ - INFO - Could not resolve @DonHaci: 200
2026-04-02 07:17:14 +00:00: 2026-04-02 07:17:14,524 - __main__ - INFO - 📊 VIP strategy: 24 total candidates
2026-04-02 07:17:33 +00:00: 2026-04-02 07:17:33,363 - __main__ - ERROR - ❌ Recent engagement target fetch failed: canceling statement due to statement timeout
2026-04-02 07:17:33 +00:00: 
2026-04-02 07:17:33 +00:00: 2026-04-02 07:17:33,516 - __main__ - INFO - 🎯 Engagement target strategy: 0 candidates
2026-04-02 07:17:33 +00:00: 2026-04-02 07:17:33,649 - __main__ - INFO - Could not resolve @FACABOREIT: 200
2026-04-02 07:17:35 +00:00: 2026-04-02 07:17:35,787 - __main__ - INFO - Could not resolve @heroaborcsgo: 200
2026-04-02 07:17:37 +00:00: 2026-04-02 07:17:37,922 - __main__ - INFO - Could not resolve @gaborcsgo: 200
2026-04-02 07:17:39 +00:00: 2026-04-02 07:17:39,925 - __main__ - INFO - ✅ Like cycle complete — liked 0 tweets (41/200 today)
2026-04-02 08:47:40 +00:00: 2026-04-02 08:47:40,796 - __main__ - INFO - 💫 Like cycle starting — 41/200 today, budget: 40
2026-04-02 08:47:56 +00:00: 2026-04-02 08:47:56,575 - __main__ - ERROR - ❌ Reply fetch failed: canceling statement due to statement timeout
2026-04-02 08:47:56 +00:00: 
2026-04-02 08:47:56 +00:00: 2026-04-02 08:47:56,729 - __main__ - INFO - 📬 Reply strategy: 0 candidates
2026-04-02 08:48:12 +00:00: 2026-04-02 08:48:12,809 - __main__ - INFO - VIP replies query failed: canceling statement due to statement timeout
2026-04-02 08:48:12 +00:00: 
2026-04-02 08:48:12 +00:00: 2026-04-02 08:48:12,962 - __main__ - INFO - 📊 VIP DB: 9 candidates from events
2026-04-02 08:48:12 +00:00: 2026-04-02 08:48:12,962 - __main__ - INFO - 📡 VIP GraphQL fallback triggered — 9 DB candidates < 10
2026-04-02 08:48:13 +00:00: 2026-04-02 08:48:13,408 - __main__ - INFO - GraphQL timeline @hltv: 403 — resetting guest token
2026-04-02 08:48:15 +00:00: 2026-04-02 08:48:15,588 - __main__ - INFO - 🔑 Guest token refreshed
2026-04-02 08:48:16 +00:00: 2026-04-02 08:48:16,146 - __main__ - INFO - 📡 GraphQL timeline @CounterStrike: 20 tweets, status=200
2026-04-02 08:48:16 +00:00: 2026-04-02 08:48:16,147 - __main__ - INFO - 📡 @CounterStrike: 20 tweets via GraphQL
2026-04-02 08:48:18 +00:00: 2026-04-02 08:48:18,739 - __main__ - INFO - 📡 GraphQL timeline @RazedEsport: 20 tweets, status=200
2026-04-02 08:48:18 +00:00: 2026-04-02 08:48:18,740 - __main__ - INFO - 📡 @RazedEsport: 20 tweets via GraphQL
2026-04-02 08:48:21 +00:00: 2026-04-02 08:48:21,258 - __main__ - INFO - 📡 GraphQL timeline @Slasher: 20 tweets, status=200
2026-04-02 08:48:21 +00:00: 2026-04-02 08:48:21,259 - __main__ - INFO - 📡 @Slasher: 20 tweets via GraphQL
2026-04-02 08:48:23 +00:00: 2026-04-02 08:48:23,765 - __main__ - INFO - 📡 GraphQL timeline @LiquipediaCS: 20 tweets, status=200
2026-04-02 08:48:23 +00:00: 2026-04-02 08:48:23,766 - __main__ - INFO - 📡 @LiquipediaCS: 20 tweets via GraphQL
2026-04-02 08:48:25 +00:00: 2026-04-02 08:48:25,908 - __main__ - INFO - Could not resolve @DonHaci: 200
2026-04-02 08:48:27 +00:00: 2026-04-02 08:48:27,911 - __main__ - INFO - 📊 VIP strategy: 29 total candidates
2026-04-02 08:48:48 +00:00: 2026-04-02 08:48:48,134 - __main__ - ERROR - ❌ Recent engagement target fetch failed: canceling statement due to statement timeout
2026-04-02 08:48:48 +00:00: 
2026-04-02 08:48:48 +00:00: 2026-04-02 08:48:48,289 - __main__ - INFO - 🎯 Engagement target strategy: 0 candidates
2026-04-02 08:48:49 +00:00: 2026-04-02 08:48:49,022 - __main__ - INFO - 📡 GraphQL timeline @Cloud9: 9 tweets, status=200
2026-04-02 08:48:49 +00:00: 2026-04-02 08:48:49,023 - __main__ - INFO - 🌐 @Cloud9: 9 tweets via timeline scrape
2026-04-02 08:48:51 +00:00: 2026-04-02 08:48:51,147 - __main__ - INFO - Could not resolve @FACABOREIT: 200
2026-04-02 08:48:53 +00:00: 2026-04-02 08:48:53,286 - __main__ - INFO - Could not resolve @ESaborLCSGO: 200
2026-04-02 08:48:57 +00:00: 2026-04-02 08:48:57,126 - __main__ - INFO - ❤️  Liked tweet 203901750570509... by @Cloud9 (cs2_community:Cloud9)
2026-04-02 08:49:07 +00:00: 2026-04-02 08:49:07,335 - __main__ - INFO - ❤️  Liked tweet 203727423881020... by @Cloud9 (cs2_community:Cloud9)
2026-04-02 08:49:18 +00:00: 2026-04-02 08:49:18,762 - __main__ - INFO - ❤️  Liked tweet 203943002985612... by @Cloud9 (cs2_community:Cloud9)
2026-04-02 08:49:30 +00:00: 2026-04-02 08:49:30,079 - __main__ - INFO - ❤️  Liked tweet 203944070970333... by @Cloud9 (cs2_community:Cloud9)
2026-04-02 08:49:36 +00:00: 2026-04-02 08:49:36,246 - __main__ - INFO - ❤️  Liked tweet 203914031314359... by @Cloud9 (cs2_community:Cloud9)
2026-04-02 08:49:42 +00:00: 2026-04-02 08:49:42,817 - __main__ - INFO - ✅ Like cycle complete — liked 5 tweets (46/200 today)
2026-04-02 10:19:43 +00:00: 2026-04-02 10:19:43,683 - __main__ - INFO - 💫 Like cycle starting — 46/200 today, budget: 40
2026-04-02 10:19:59 +00:00: 2026-04-02 10:19:59,451 - __main__ - ERROR - ❌ Reply fetch failed: canceling statement due to statement timeout
2026-04-02 10:19:59 +00:00: 
2026-04-02 10:19:59 +00:00: 2026-04-02 10:19:59,605 - __main__ - INFO - 📬 Reply strategy: 0 candidates
2026-04-02 10:20:15 +00:00: 2026-04-02 10:20:15,683 - __main__ - INFO - VIP replies query failed: canceling statement due to statement timeout
2026-04-02 10:20:15 +00:00: 
2026-04-02 10:20:15 +00:00: 2026-04-02 10:20:15,836 - __main__ - INFO - 📊 VIP DB: 8 candidates from events
2026-04-02 10:20:15 +00:00: 2026-04-02 10:20:15,837 - __main__ - INFO - 📡 VIP GraphQL fallback triggered — 8 DB candidates < 10
2026-04-02 10:20:16 +00:00: 2026-04-02 10:20:16,301 - __main__ - INFO - GraphQL timeline @Slasher: 403 — resetting guest token
2026-04-02 10:20:18 +00:00: 2026-04-02 10:20:18,511 - __main__ - INFO - 🔑 Guest token refreshed
2026-04-02 10:20:19 +00:00: 2026-04-02 10:20:19,233 - __main__ - INFO - 📡 GraphQL timeline @LiquipediaCS: 20 tweets, status=200
2026-04-02 10:20:19 +00:00: 2026-04-02 10:20:19,233 - __main__ - INFO - 📡 @LiquipediaCS: 20 tweets via GraphQL
2026-04-02 10:20:21 +00:00: 2026-04-02 10:20:21,383 - __main__ - INFO - Could not resolve @DonHaci: 200
2026-04-02 10:20:23 +00:00: 2026-04-02 10:20:23,547 - __main__ - INFO - 📡 GraphQL timeline @hltv: 0 tweets, status=200
2026-04-02 10:20:26 +00:00: 2026-04-02 10:20:26,133 - __main__ - INFO - 📡 GraphQL timeline @BlastPremier: 9 tweets, status=200
2026-04-02 10:20:26 +00:00: 2026-04-02 10:20:26,134 - __main__ - INFO - 📡 @BlastPremier: 9 tweets via GraphQL
2026-04-02 10:20:28 +00:00: 2026-04-02 10:20:28,949 - __main__ - INFO - 📡 GraphQL timeline @RazedEsport: 20 tweets, status=200
2026-04-02 10:20:28 +00:00: 2026-04-02 10:20:28,950 - __main__ - INFO - 📡 @RazedEsport: 20 tweets via GraphQL
2026-04-02 10:20:30 +00:00: 2026-04-02 10:20:30,952 - __main__ - INFO - 📊 VIP strategy: 23 total candidates
2026-04-02 10:20:49 +00:00: 2026-04-02 10:20:49,652 - __main__ - ERROR - ❌ Recent engagement target fetch failed: canceling statement due to statement timeout
2026-04-02 10:20:49 +00:00: 
2026-04-02 10:20:49 +00:00: 2026-04-02 10:20:49,809 - __main__ - INFO - 🎯 Engagement target strategy: 0 candidates
2026-04-02 10:20:50 +00:00: 2026-04-02 10:20:50,547 - __main__ - INFO - 📡 GraphQL timeline @Cloud9: 9 tweets, status=200
2026-04-02 10:20:50 +00:00: 2026-04-02 10:20:50,548 - __main__ - INFO - 🌐 @Cloud9: 9 tweets via timeline scrape
2026-04-02 10:20:53 +00:00: 2026-04-02 10:20:53,485 - __main__ - INFO - 📡 GraphQL timeline @Twistzz: 20 tweets, status=200
2026-04-02 10:20:53 +00:00: 2026-04-02 10:20:53,486 - __main__ - INFO - 🌐 @Twistzz: 20 tweets via timeline scrape
2026-04-02 10:20:55 +00:00: 2026-04-02 10:20:55,620 - __main__ - INFO - Could not resolve @FACABOREIT: 200
2026-04-02 10:20:59 +00:00: 2026-04-02 10:20:59,482 - __main__ - INFO - ❤️  Liked tweet 154877940860923... by @Twistzz (cs2_community:Twistzz)
2026-04-02 10:21:07 +00:00: 2026-04-02 10:21:07,356 - __main__ - INFO - ❤️  Liked tweet 152629709997268... by @Twistzz (cs2_community:Twistzz)
2026-04-02 10:21:14 +00:00: 2026-04-02 10:21:14,656 - __main__ - INFO - ❤️  Liked tweet 173063516816614... by @Twistzz (cs2_community:Twistzz)
2026-04-02 10:21:22 +00:00: 2026-04-02 10:21:22,560 - __main__ - INFO - ❤️  Liked tweet 149804695289802... by @Twistzz (cs2_community:Twistzz)
2026-04-02 10:21:32 +00:00: 2026-04-02 10:21:32,162 - __main__ - INFO - ❤️  Liked tweet 149804546752296... by @Twistzz (cs2_community:Twistzz)
2026-04-02 10:21:39 +00:00: 2026-04-02 10:21:39,345 - __main__ - INFO - ✅ Like cycle complete — liked 5 tweets (51/200 today)
2026-04-02 11:51:40 +00:00: 2026-04-02 11:51:40,367 - __main__ - INFO - 💫 Like cycle starting — 51/200 today, budget: 40
2026-04-02 11:51:56 +00:00: 2026-04-02 11:51:56,135 - __main__ - ERROR - ❌ Reply fetch failed: canceling statement due to statement timeout
2026-04-02 11:51:56 +00:00: 
2026-04-02 11:51:56 +00:00: 2026-04-02 11:51:56,290 - __main__ - INFO - 📬 Reply strategy: 0 candidates
2026-04-02 11:52:12 +00:00: 2026-04-02 11:52:12,367 - __main__ - INFO - VIP replies query failed: canceling statement due to statement timeout
2026-04-02 11:52:12 +00:00: 
2026-04-02 11:52:12 +00:00: 2026-04-02 11:52:12,520 - __main__ - INFO - 📊 VIP DB: 7 candidates from events
2026-04-02 11:52:12 +00:00: 2026-04-02 11:52:12,520 - __main__ - INFO - 📡 VIP GraphQL fallback triggered — 7 DB candidates < 10
2026-04-02 11:52:12 +00:00: 2026-04-02 11:52:12,982 - __main__ - INFO - GraphQL timeline @BlastPremier: 403 — resetting guest token
2026-04-02 11:52:15 +00:00: 2026-04-02 11:52:15,180 - __main__ - INFO - 🔑 Guest token refreshed
2026-04-02 11:52:16 +00:00: 2026-04-02 11:52:16,078 - __main__ - INFO - 📡 GraphQL timeline @RazedEsport: 20 tweets, status=200
2026-04-02 11:52:16 +00:00: 2026-04-02 11:52:16,079 - __main__ - INFO - 📡 @RazedEsport: 20 tweets via GraphQL
2026-04-02 11:52:18 +00:00: 2026-04-02 11:52:18,829 - __main__ - INFO - 📡 GraphQL timeline @EsportsInsider: 20 tweets, status=200
2026-04-02 11:52:18 +00:00: 2026-04-02 11:52:18,830 - __main__ - INFO - 📡 @EsportsInsider: 20 tweets via GraphQL
2026-04-02 11:52:21 +00:00: 2026-04-02 11:52:21,646 - __main__ - INFO - 📡 GraphQL timeline @CounterStrike: 20 tweets, status=200
2026-04-02 11:52:21 +00:00: 2026-04-02 11:52:21,647 - __main__ - INFO - 📡 @CounterStrike: 20 tweets via GraphQL
2026-04-02 11:52:23 +00:00: 2026-04-02 11:52:23,820 - __main__ - INFO - 📡 GraphQL timeline @hltv: 0 tweets, status=200
2026-04-02 11:52:25 +00:00: 2026-04-02 11:52:25,969 - __main__ - INFO - Could not resolve @DonHaci: 200
2026-04-02 11:52:27 +00:00: 2026-04-02 11:52:27,972 - __main__ - INFO - 📊 VIP strategy: 22 total candidates
2026-04-02 11:52:47 +00:00: 2026-04-02 11:52:47,130 - __main__ - ERROR - ❌ Recent engagement target fetch failed: canceling statement due to statement timeout
2026-04-02 11:52:47 +00:00: 
2026-04-02 11:52:47 +00:00: 2026-04-02 11:52:47,284 - __main__ - INFO - 🎯 Engagement target strategy: 0 candidates
2026-04-02 11:52:48 +00:00: 2026-04-02 11:52:48,241 - __main__ - INFO - 📡 GraphQL timeline @nilocsgo: 20 tweets, status=200
2026-04-02 11:52:48 +00:00: 2026-04-02 11:52:48,242 - __main__ - INFO - 🌐 @nilocsgo: 20 tweets via timeline scrape
2026-04-02 11:52:50 +00:00: 2026-04-02 11:52:50,380 - __main__ - INFO - 📡 GraphQL timeline @Brehze: 0 tweets, status=200
2026-04-02 11:52:53 +00:00: 2026-04-02 11:52:53,145 - __main__ - INFO - 📡 GraphQL timeline @EliGE: 20 tweets, status=200
2026-04-02 11:52:53 +00:00: 2026-04-02 11:52:53,146 - __main__ - INFO - 🌐 @EliGE: 20 tweets via timeline scrape
2026-04-02 11:52:57 +00:00: 2026-04-02 11:52:57,379 - __main__ - INFO - ❤️  Liked tweet 174628630777548... by @niloCSGO (cs2_community:nilocsgo)
2026-04-02 11:53:03 +00:00: 2026-04-02 11:53:03,252 - __main__ - INFO - ❤️  Liked tweet 193970434157039... by @niloCSGO (cs2_community:nilocsgo)
2026-04-02 11:53:14 +00:00: 2026-04-02 11:53:14,842 - __main__ - INFO - ❤️  Liked tweet 137846798535087... by @niloCSGO (cs2_community:nilocsgo)
2026-04-02 11:53:20 +00:00: 2026-04-02 11:53:20,929 - __main__ - INFO - ❤️  Liked tweet 174081272372071... by @niloCSGO (cs2_community:nilocsgo)
2026-04-02 11:53:30 +00:00: 2026-04-02 11:53:30,763 - __main__ - INFO - ❤️  Liked tweet 188143752070735... by @niloCSGO (cs2_community:nilocsgo)
2026-04-02 11:53:40 +00:00: 2026-04-02 11:53:40,341 - __main__ - INFO - ✅ Like cycle complete — liked 5 tweets (56/200 today)
2026-04-02 13:23:41 +00:00: 2026-04-02 13:23:41,339 - __main__ - INFO - 💫 Like cycle starting — 56/200 today, budget: 40
2026-04-02 13:23:57 +00:00: 2026-04-02 13:23:57,107 - __main__ - ERROR - ❌ Reply fetch failed: canceling statement due to statement timeout
2026-04-02 13:23:57 +00:00: 
2026-04-02 13:23:57 +00:00: 2026-04-02 13:23:57,262 - __main__ - INFO - 📬 Reply strategy: 0 candidates
2026-04-02 13:24:13 +00:00: 2026-04-02 13:24:13,352 - __main__ - INFO - VIP replies query failed: canceling statement due to statement timeout
2026-04-02 13:24:13 +00:00: 
2026-04-02 13:24:13 +00:00: 2026-04-02 13:24:13,505 - __main__ - INFO - 📊 VIP DB: 7 candidates from events
2026-04-02 13:24:13 +00:00: 2026-04-02 13:24:13,505 - __main__ - INFO - 📡 VIP GraphQL fallback triggered — 7 DB candidates < 10
2026-04-02 13:24:13 +00:00: 2026-04-02 13:24:13,991 - __main__ - INFO - GraphQL timeline @LiquipediaCS: 403 — resetting guest token
2026-04-02 13:24:16 +00:00: 2026-04-02 13:24:16,169 - __main__ - INFO - 🔑 Guest token refreshed
2026-04-02 13:24:16 +00:00: 2026-04-02 13:24:16,823 - __main__ - INFO - 📡 GraphQL timeline @BlastPremier: 8 tweets, status=200
2026-04-02 13:24:16 +00:00: 2026-04-02 13:24:16,824 - __main__ - INFO - 📡 @BlastPremier: 8 tweets via GraphQL
2026-04-02 13:24:19 +00:00: 2026-04-02 13:24:19,594 - __main__ - INFO - 📡 GraphQL timeline @Slasher: 20 tweets, status=200
2026-04-02 13:24:19 +00:00: 2026-04-02 13:24:19,595 - __main__ - INFO - 📡 @Slasher: 20 tweets via GraphQL
2026-04-02 13:24:22 +00:00: 2026-04-02 13:24:22,466 - __main__ - INFO - 📡 GraphQL timeline @CounterStrike: 20 tweets, status=200
2026-04-02 13:24:22 +00:00: 2026-04-02 13:24:22,466 - __main__ - INFO - 📡 @CounterStrike: 20 tweets via GraphQL
2026-04-02 13:24:24 +00:00: 2026-04-02 13:24:24,612 - __main__ - INFO - Could not resolve @DonHaci: 200
2026-04-02 13:24:27 +00:00: 2026-04-02 13:24:27,634 - __main__ - INFO - 📡 GraphQL timeline @EsportsInsider: 20 tweets, status=200
2026-04-02 13:24:27 +00:00: 2026-04-02 13:24:27,635 - __main__ - INFO - 📡 @EsportsInsider: 20 tweets via GraphQL
2026-04-02 13:24:29 +00:00: 2026-04-02 13:24:29,637 - __main__ - INFO - 📊 VIP strategy: 27 total candidates
2026-04-02 13:24:48 +00:00: 2026-04-02 13:24:48,946 - __main__ - ERROR - ❌ Recent engagement target fetch failed: canceling statement due to statement timeout
2026-04-02 13:24:48 +00:00: 
2026-04-02 13:24:49 +00:00: 2026-04-02 13:24:49,099 - __main__ - INFO - 🎯 Engagement target strategy: 0 candidates
2026-04-02 13:24:49 +00:00: 2026-04-02 13:24:49,235 - __main__ - INFO - Could not resolve @ESaborLCSGO: 200
2026-04-02 13:24:52 +00:00: 2026-04-02 13:24:52,127 - __main__ - INFO - 📡 GraphQL timeline @EliGE: 20 tweets, status=200
2026-04-02 13:24:52 +00:00: 2026-04-02 13:24:52,127 - __main__ - INFO - 🌐 @EliGE: 20 tweets via timeline scrape
2026-04-02 13:24:54 +00:00: 2026-04-02 13:24:54,268 - __main__ - INFO - 📡 GraphQL timeline @Brehze: 0 tweets, status=200
2026-04-02 13:24:57 +00:00: 2026-04-02 13:24:57,191 - __main__ - INFO - ✅ Like cycle complete — liked 0 tweets (56/200 today)
2026-04-02 14:54:58 +00:00: 2026-04-02 14:54:58,203 - __main__ - INFO - 💫 Like cycle starting — 56/200 today, budget: 40
2026-04-02 14:55:13 +00:00: 2026-04-02 14:55:13,962 - __main__ - ERROR - ❌ Reply fetch failed: canceling statement due to statement timeout
2026-04-02 14:55:13 +00:00: 
2026-04-02 14:55:14 +00:00: 2026-04-02 14:55:14,114 - __main__ - INFO - 📬 Reply strategy: 0 candidates
2026-04-02 14:55:30 +00:00: 2026-04-02 14:55:30,173 - __main__ - INFO - VIP replies query failed: canceling statement due to statement timeout
2026-04-02 14:55:30 +00:00: 
2026-04-02 14:55:30 +00:00: 2026-04-02 14:55:30,325 - __main__ - INFO - 📊 VIP DB: 7 candidates from events
2026-04-02 14:55:30 +00:00: 2026-04-02 14:55:30,325 - __main__ - INFO - 📡 VIP GraphQL fallback triggered — 7 DB candidates < 10
2026-04-02 14:55:30 +00:00: 2026-04-02 14:55:30,766 - __main__ - INFO - GraphQL timeline @RazedEsport: 403 — resetting guest token
2026-04-02 14:55:32 +00:00: 2026-04-02 14:55:32,985 - __main__ - INFO - 🔑 Guest token refreshed
2026-04-02 14:55:33 +00:00: 2026-04-02 14:55:33,530 - __main__ - INFO - 📡 GraphQL timeline @BlastPremier: 8 tweets, status=200
2026-04-02 14:55:33 +00:00: 2026-04-02 14:55:33,531 - __main__ - INFO - 📡 @BlastPremier: 8 tweets via GraphQL
2026-04-02 14:55:35 +00:00: 2026-04-02 14:55:35,693 - __main__ - INFO - 📡 GraphQL timeline @hltv: 0 tweets, status=200
2026-04-02 14:55:37 +00:00: 2026-04-02 14:55:37,845 - __main__ - INFO - Could not resolve @DonHaci: 200
2026-04-02 14:55:40 +00:00: 2026-04-02 14:55:40,419 - __main__ - INFO - 📡 GraphQL timeline @EsportsInsider: 20 tweets, status=200
2026-04-02 14:55:40 +00:00: 2026-04-02 14:55:40,420 - __main__ - INFO - 📡 @EsportsInsider: 20 tweets via GraphQL
2026-04-02 14:55:43 +00:00: 2026-04-02 14:55:43,227 - __main__ - INFO - 📡 GraphQL timeline @CounterStrike: 20 tweets, status=200
2026-04-02 14:55:43 +00:00: 2026-04-02 14:55:43,228 - __main__ - INFO - 📡 @CounterStrike: 20 tweets via GraphQL
2026-04-02 14:55:45 +00:00: 2026-04-02 14:55:45,231 - __main__ - INFO - 📊 VIP strategy: 22 total candidates
2026-04-02 14:56:03 +00:00: 2026-04-02 14:56:03,723 - __main__ - ERROR - ❌ Recent engagement target fetch failed: canceling statement due to statement timeout
2026-04-02 14:56:03 +00:00: 
2026-04-02 14:56:03 +00:00: 2026-04-02 14:56:03,875 - __main__ - INFO - 🎯 Engagement target strategy: 0 candidates
2026-04-02 14:56:04 +00:00: 2026-04-02 14:56:04,734 - __main__ - INFO - 📡 GraphQL timeline @OGesports: 20 tweets, status=200
2026-04-02 14:56:04 +00:00: 2026-04-02 14:56:04,735 - __main__ - INFO - 🌐 @OGesports: 20 tweets via timeline scrape
2026-04-02 14:56:07 +00:00: 2026-04-02 14:56:07,456 - __main__ - INFO - 📡 GraphQL timeline @Complexity: 11 tweets, status=200
2026-04-02 14:56:07 +00:00: 2026-04-02 14:56:07,457 - __main__ - INFO - 🌐 @Complexity: 11 tweets via timeline scrape
2026-04-02 14:56:09 +00:00: 2026-04-02 14:56:09,595 - __main__ - INFO - 📡 GraphQL timeline @Brehze: 0 tweets, status=200
2026-04-02 14:56:13 +00:00: 2026-04-02 14:56:13,647 - __main__ - INFO - ❤️  Liked tweet 140447474720382... by @OGesports (cs2_community:OGesports)
2026-04-02 14:56:20 +00:00: 2026-04-02 14:56:20,005 - __main__ - INFO - ❤️  Liked tweet 144895991210987... by @OGesports (cs2_community:OGesports)
2026-04-02 14:56:26 +00:00: 2026-04-02 14:56:26,311 - __main__ - INFO - ❤️  Liked tweet 116560232911188... by @OGesports (cs2_community:OGesports)
2026-04-02 14:56:36 +00:00: 2026-04-02 14:56:36,057 - __main__ - INFO - ❤️  Liked tweet 138118565268385... by @OGesports (cs2_community:OGesports)
2026-04-02 14:56:45 +00:00: 2026-04-02 14:56:45,112 - __main__ - INFO - ❤️  Liked tweet 116560472926040... by @OGesports (cs2_community:OGesports)
2026-04-02 14:56:53 +00:00: 2026-04-02 14:56:53,430 - __main__ - INFO - ✅ Like cycle complete — liked 5 tweets (61/200 today)
2026-04-02 15:14:24 +00:00: Traceback (most recent call last):
2026-04-02 15:14:24 +00:00:   File "/home/ubuntu/openclaw/scripts/output/community_liker.py", line 744, in <module>
2026-04-02 15:14:24 +00:00:     asyncio.run(CommunityLiker().run_forever())
2026-04-02 15:14:24 +00:00:   File "/usr/lib/python3.10/asyncio/runners.py", line 44, in run
2026-04-02 15:14:24 +00:00:     return loop.run_until_complete(main)
2026-04-02 15:14:24 +00:00:   File "/usr/lib/python3.10/asyncio/base_events.py", line 636, in run_until_complete
2026-04-02 15:14:24 +00:00:     self.run_forever()
2026-04-02 15:14:24 +00:00:   File "/usr/lib/python3.10/asyncio/base_events.py", line 603, in run_forever
2026-04-02 15:14:24 +00:00:     self._run_once()
2026-04-02 15:14:24 +00:00:   File "/usr/lib/python3.10/asyncio/base_events.py", line 1871, in _run_once
2026-04-02 15:14:24 +00:00:     event_list = self._selector.select(timeout)
2026-04-02 15:14:24 +00:00:   File "/usr/lib/python3.10/selectors.py", line 469, in select
2026-04-02 15:14:24 +00:00:     fd_event_list = self._selector.poll(timeout, max_ev)
2026-04-02 15:14:24 +00:00: KeyboardInterrupt
2026-04-02 15:14:25 +00:00: 2026-04-02 15:14:25,228 - __main__ - INFO - ✅ Twitter client initialized — user ID: 1874477801182793728
2026-04-02 15:14:26 +00:00: 2026-04-02 15:14:26,167 - utils.db_utils - INFO - ✅ Reconnected to PostgreSQL
2026-04-02 15:14:26 +00:00: 2026-04-02 15:14:26,168 - __main__ - INFO - 🚀 Community Liker started — building relationships
2026-04-02 15:14:26 +00:00: 2026-04-02 15:14:26,935 - __main__ - INFO - 💫 Like cycle starting — 61/200 today, budget: 40
2026-04-02 15:14:27 +00:00: 2026-04-02 15:14:27,856 - __main__ - INFO - 📬 Found 10 of our tweets to check for replies
2026-04-02 15:14:28 +00:00: 2026-04-02 15:14:28,027 - __main__ - INFO - 🔑 Guest token refreshed
2026-04-02 15:14:28 +00:00: 2026-04-02 15:14:28,172 - __main__ - INFO - Search unexpected status: 404
2026-04-02 15:14:29 +00:00: 2026-04-02 15:14:29,296 - __main__ - INFO - Search unexpected status: 404
2026-04-02 15:14:30 +00:00: 2026-04-02 15:14:30,423 - __main__ - INFO - Search unexpected status: 404
2026-04-02 15:14:31 +00:00: 2026-04-02 15:14:31,424 - __main__ - INFO - 📬 Reply strategy: 0 candidates
2026-04-02 15:14:47 +00:00: 2026-04-02 15:14:47,660 - __main__ - INFO - VIP replies query failed: canceling statement due to statement timeout
2026-04-02 15:14:47 +00:00: 
2026-04-02 15:14:47 +00:00: 2026-04-02 15:14:47,814 - __main__ - INFO - 📊 VIP DB: 7 candidates from events
2026-04-02 15:14:47 +00:00: 2026-04-02 15:14:47,814 - __main__ - INFO - 📡 VIP GraphQL fallback triggered — 7 DB candidates < 10
2026-04-02 15:14:49 +00:00: 2026-04-02 15:14:49,195 - __main__ - INFO - 📡 GraphQL timeline @Slasher: 20 tweets, status=200
2026-04-02 15:14:49 +00:00: 2026-04-02 15:14:49,196 - __main__ - INFO - 📡 @Slasher: 20 tweets via GraphQL
2026-04-02 15:14:52 +00:00: 2026-04-02 15:14:52,441 - __main__ - INFO - 📡 GraphQL timeline @RazedEsport: 20 tweets, status=200
2026-04-02 15:14:52 +00:00: 2026-04-02 15:14:52,441 - __main__ - INFO - 📡 @RazedEsport: 20 tweets via GraphQL
2026-04-02 15:14:55 +00:00: 2026-04-02 15:14:55,497 - __main__ - INFO - 📡 GraphQL timeline @LiquipediaCS: 20 tweets, status=200
2026-04-02 15:14:55 +00:00: 2026-04-02 15:14:55,498 - __main__ - INFO - 📡 @LiquipediaCS: 20 tweets via GraphQL
2026-04-02 15:14:58 +00:00: 2026-04-02 15:14:58,592 - __main__ - INFO - 📡 GraphQL timeline @BlastPremier: 8 tweets, status=200
2026-04-02 15:14:58 +00:00: 2026-04-02 15:14:58,592 - __main__ - INFO - 📡 @BlastPremier: 8 tweets via GraphQL
2026-04-02 15:15:01 +00:00: 2026-04-02 15:15:01,633 - __main__ - INFO - 📡 GraphQL timeline @CounterStrike: 20 tweets, status=200
2026-04-02 15:15:01 +00:00: 2026-04-02 15:15:01,634 - __main__ - INFO - 📡 @CounterStrike: 20 tweets via GraphQL
2026-04-02 15:15:03 +00:00: 2026-04-02 15:15:03,977 - __main__ - INFO - 📡 GraphQL timeline @hltv: 0 tweets, status=200
2026-04-02 15:15:05 +00:00: 2026-04-02 15:15:05,979 - __main__ - INFO - 📊 VIP strategy: 32 total candidates
2026-04-02 15:15:26 +00:00: 2026-04-02 15:15:26,048 - __main__ - ERROR - ❌ Recent engagement target fetch failed: canceling statement due to statement timeout
2026-04-02 15:15:26 +00:00: 
2026-04-02 15:15:26 +00:00: 2026-04-02 15:15:26,202 - __main__ - INFO - 🎯 Engagement target strategy: 0 candidates
2026-04-02 15:15:27 +00:00: 2026-04-02 15:15:27,271 - __main__ - INFO - 📡 GraphQL timeline @FACEIT: 0 tweets, status=200
2026-04-02 15:15:30 +00:00: 2026-04-02 15:15:30,231 - __main__ - INFO - 📡 GraphQL timeline @TeamLiquidCS: 20 tweets, status=200
2026-04-02 15:15:30 +00:00: 2026-04-02 15:15:30,232 - __main__ - INFO - 🌐 @TeamLiquidCS: 20 tweets via timeline scrape
2026-04-02 15:15:33 +00:00: 2026-04-02 15:15:33,187 - __main__ - INFO - 📡 GraphQL timeline @ESLCS: 20 tweets, status=200
2026-04-02 15:15:33 +00:00: 2026-04-02 15:15:33,188 - __main__ - INFO - 🌐 @ESLCS: 20 tweets via timeline scrape
2026-04-02 15:15:36 +00:00: 2026-04-02 15:15:36,923 - __main__ - INFO - ❤️  Liked tweet 149721209966321... by @ESLCS (cs2_community:ESLCS)
2026-04-02 15:15:48 +00:00: 2026-04-02 15:15:48,739 - __main__ - INFO - ❤️  Liked tweet 152914495011341... by @ESLCS (cs2_community:ESLCS)
2026-04-02 15:15:58 +00:00: 2026-04-02 15:15:58,994 - __main__ - INFO - ❤️  Liked tweet 173283726704214... by @TeamLiquidCS (cs2_community:TeamLiquidCS)
2026-04-02 15:16:05 +00:00: 2026-04-02 15:16:05,092 - __main__ - INFO - ❤️  Liked tweet 147625167000260... by @TeamLiquidCS (cs2_community:TeamLiquidCS)
2026-04-02 15:16:12 +00:00: 2026-04-02 15:16:12,863 - __main__ - INFO - ❤️  Liked tweet 170707638272173... by @ESLCS (cs2_community:ESLCS)
2026-04-02 15:16:21 +00:00: 2026-04-02 15:16:21,330 - __main__ - INFO - ❤️  Liked tweet 139321794786753... by @TeamLiquidCS (cs2_community:TeamLiquidCS)
2026-04-02 15:16:28 +00:00: 2026-04-02 15:16:28,001 - __main__ - INFO - ❤️  Liked tweet 173246922381605... by @TeamLiquidCS (cs2_community:TeamLiquidCS)
2026-04-02 15:16:35 +00:00: 2026-04-02 15:16:35,023 - __main__ - INFO - ❤️  Liked tweet 152878281737877... by @ESLCS (cs2_community:ESLCS)
2026-04-02 15:16:45 +00:00: 2026-04-02 15:16:45,616 - __main__ - INFO - ❤️  Liked tweet 163822020171072... by @ESLCS (cs2_community:ESLCS)
2026-04-02 15:16:52 +00:00: 2026-04-02 15:16:52,218 - __main__ - INFO - ❤️  Liked tweet 134796636673798... by @TeamLiquidCS (cs2_community:TeamLiquidCS)
2026-04-02 15:16:56 +00:00: 2026-04-02 15:16:56,603 - __main__ - INFO - ✅ Like cycle complete — liked 10 tweets (71/200 today)
2026-04-02 15:19:12 +00:00: Traceback (most recent call last):
2026-04-02 15:19:12 +00:00:   File "/home/ubuntu/openclaw/scripts/output/community_liker.py", line 744, in <module>
2026-04-02 15:19:12 +00:00:     asyncio.run(CommunityLiker().run_forever())
2026-04-02 15:19:12 +00:00:   File "/usr/lib/python3.10/asyncio/runners.py", line 44, in run
2026-04-02 15:19:12 +00:00:     return loop.run_until_complete(main)
2026-04-02 15:19:12 +00:00:   File "/usr/lib/python3.10/asyncio/base_events.py", line 636, in run_until_complete
2026-04-02 15:19:12 +00:00:     self.run_forever()
2026-04-02 15:19:12 +00:00:   File "/usr/lib/python3.10/asyncio/base_events.py", line 603, in run_forever
2026-04-02 15:19:12 +00:00:     self._run_once()
2026-04-02 15:19:12 +00:00:   File "/usr/lib/python3.10/asyncio/base_events.py", line 1871, in _run_once
2026-04-02 15:19:12 +00:00:     event_list = self._selector.select(timeout)
2026-04-02 15:19:12 +00:00:   File "/usr/lib/python3.10/selectors.py", line 469, in select
2026-04-02 15:19:12 +00:00:     fd_event_list = self._selector.poll(timeout, max_ev)
2026-04-02 15:19:12 +00:00: KeyboardInterrupt
2026-04-02 15:19:12 +00:00: 2026-04-02 15:19:12,968 - __main__ - INFO - ✅ Twitter client initialized — user ID: 1874477801182793728
2026-04-02 15:19:13 +00:00: 2026-04-02 15:19:13,913 - utils.db_utils - INFO - ✅ Reconnected to PostgreSQL
2026-04-02 15:19:13 +00:00: 2026-04-02 15:19:13,913 - __main__ - INFO - 🚀 Community Liker started — building relationships
2026-04-02 15:19:14 +00:00: 2026-04-02 15:19:14,662 - __main__ - INFO - 💫 Like cycle starting — 71/200 today, budget: 40
2026-04-02 15:19:15 +00:00: 2026-04-02 15:19:15,561 - __main__ - INFO - 📬 Found 10 of our tweets to check for replies
2026-04-02 15:19:15 +00:00: 2026-04-02 15:19:15,730 - __main__ - INFO - 🔑 Guest token refreshed
2026-04-02 15:19:15 +00:00: 2026-04-02 15:19:15,874 - __main__ - INFO - Search unexpected status: 404
2026-04-02 15:19:16 +00:00: 2026-04-02 15:19:16,995 - __main__ - INFO - Search unexpected status: 404
2026-04-02 15:19:18 +00:00: 2026-04-02 15:19:18,129 - __main__ - INFO - Search unexpected status: 404
2026-04-02 15:19:19 +00:00: 2026-04-02 15:19:19,131 - __main__ - INFO - 📬 Reply strategy: 0 candidates
2026-04-02 15:19:20 +00:00: 2026-04-02 15:19:20,482 - __main__ - INFO - 📊 VIP DB: 27 candidates from events
2026-04-02 15:19:20 +00:00: 2026-04-02 15:19:20,482 - __main__ - INFO - 📊 VIP strategy: 27 total candidates
2026-04-02 15:19:25 +00:00: 2026-04-02 15:19:25,460 - __main__ - INFO - 🎯 Engagement target strategy: 40 candidates
2026-04-02 15:19:27 +00:00: 2026-04-02 15:19:27,741 - __main__ - INFO - ❤️  Liked tweet 203821539593756... by @engaged (engaged_quote_target)
2026-04-02 15:19:35 +00:00: 2026-04-02 15:19:35,979 - __main__ - INFO - ❤️  Liked tweet 203822136294319... by @engaged (engaged_reply_target)
2026-04-02 15:19:43 +00:00: 2026-04-02 15:19:43,113 - __main__ - INFO - ❤️  Liked tweet 203821565774178... by @engaged (engaged_reply_target)
2026-04-02 15:19:51 +00:00: 2026-04-02 15:19:51,155 - __main__ - INFO - ❤️  Liked tweet 203821468376151... by @engaged (engaged_quote_target)
2026-04-02 15:20:02 +00:00: 2026-04-02 15:20:02,465 - __main__ - INFO - 📡 GraphQL timeline @TeamLiquidCS: 20 tweets, status=200
2026-04-02 15:20:02 +00:00: 2026-04-02 15:20:02,466 - __main__ - INFO - 🌐 @TeamLiquidCS: 20 tweets via timeline scrape
2026-04-02 15:20:04 +00:00: 2026-04-02 15:20:04,848 - __main__ - INFO - 📡 GraphQL timeline @rainCS: 0 tweets, status=200
2026-04-02 15:20:07 +00:00: 2026-04-02 15:20:07,857 - __main__ - INFO - 📡 GraphQL timeline @Cloud9: 9 tweets, status=200
2026-04-02 15:20:07 +00:00: 2026-04-02 15:20:07,857 - __main__ - INFO - 🌐 @Cloud9: 9 tweets via timeline scrape
2026-04-02 15:20:11 +00:00: 2026-04-02 15:20:11,359 - __main__ - INFO - ✅ Like cycle complete — liked 4 tweets (75/200 today)
2026-04-02 16:05:12 +00:00: 2026-04-02 16:05:12,333 - __main__ - INFO - 💫 Like cycle starting — 75/200 today, budget: 40
2026-04-02 16:05:13 +00:00: 2026-04-02 16:05:13,234 - __main__ - INFO - 📬 Found 10 of our tweets to check for replies
2026-04-02 16:05:13 +00:00: 2026-04-02 16:05:13,375 - __main__ - INFO - Search unexpected status: 404
2026-04-02 16:05:14 +00:00: 2026-04-02 16:05:14,491 - __main__ - INFO - Search unexpected status: 404
2026-04-02 16:05:15 +00:00: 2026-04-02 16:05:15,610 - __main__ - INFO - Search unexpected status: 404
2026-04-02 16:05:16 +00:00: 2026-04-02 16:05:16,612 - __main__ - INFO - 📬 Reply strategy: 0 candidates
2026-04-02 16:05:17 +00:00: 2026-04-02 16:05:17,962 - __main__ - INFO - 📊 VIP DB: 26 candidates from events
2026-04-02 16:05:17 +00:00: 2026-04-02 16:05:17,962 - __main__ - INFO - 📊 VIP strategy: 26 total candidates
2026-04-02 16:05:22 +00:00: 2026-04-02 16:05:22,463 - __main__ - INFO - 🎯 Engagement target strategy: 40 candidates
2026-04-02 16:05:28 +00:00: 2026-04-02 16:05:28,672 - __main__ - INFO - Could not resolve @gaborcsgo: 200
2026-04-02 16:05:31 +00:00: 2026-04-02 16:05:31,400 - __main__ - INFO - 📡 GraphQL timeline @OGesports: 20 tweets, status=200
2026-04-02 16:05:31 +00:00: 2026-04-02 16:05:31,400 - __main__ - INFO - 🌐 @OGesports: 20 tweets via timeline scrape
2026-04-02 16:05:34 +00:00: 2026-04-02 16:05:34,206 - __main__ - INFO - 📡 GraphQL timeline @Karrigancsgo: 20 tweets, status=200
2026-04-02 16:05:34 +00:00: 2026-04-02 16:05:34,206 - __main__ - INFO - 🌐 @Karrigancsgo: 20 tweets via timeline scrape
2026-04-02 16:05:37 +00:00: 2026-04-02 16:05:37,841 - __main__ - INFO - ❤️  Liked tweet 152880777100052... by @karriganCSGO (cs2_community:Karrigancsgo)
2026-04-02 16:05:46 +00:00: 2026-04-02 16:05:46,801 - __main__ - INFO - ❤️  Liked tweet 186827152450933... by @karriganCSGO (cs2_community:Karrigancsgo)
2026-04-02 16:05:53 +00:00: 2026-04-02 16:05:53,298 - __main__ - INFO - ❤️  Liked tweet 185888810413367... by @karriganCSGO (cs2_community:Karrigancsgo)
2026-04-02 16:05:59 +00:00: 2026-04-02 16:05:59,754 - __main__ - INFO - ❤️  Liked tweet 128341988691669... by @karriganCSGO (cs2_community:Karrigancsgo)
2026-04-02 16:06:10 +00:00: 2026-04-02 16:06:10,787 - __main__ - INFO - ❤️  Liked tweet 155624762085051... by @karriganCSGO (cs2_community:Karrigancsgo)
2026-04-02 16:06:14 +00:00: 2026-04-02 16:06:14,861 - __main__ - INFO - ✅ Like cycle complete — liked 5 tweets (80/200 today)
2026-04-02 16:51:15 +00:00: 2026-04-02 16:51:15,712 - __main__ - INFO - 💫 Like cycle starting — 80/200 today, budget: 40
2026-04-02 16:51:16 +00:00: 2026-04-02 16:51:16,611 - __main__ - INFO - 📬 Found 10 of our tweets to check for replies
2026-04-02 16:51:16 +00:00: 2026-04-02 16:51:16,773 - __main__ - INFO - Search unexpected status: 404
2026-04-02 16:51:17 +00:00: 2026-04-02 16:51:17,896 - __main__ - INFO - Search unexpected status: 404
2026-04-02 16:51:19 +00:00: 2026-04-02 16:51:19,024 - __main__ - INFO - Search unexpected status: 404
2026-04-02 16:51:20 +00:00: 2026-04-02 16:51:20,025 - __main__ - INFO - 📬 Reply strategy: 0 candidates
2026-04-02 16:51:21 +00:00: 2026-04-02 16:51:21,377 - __main__ - INFO - 📊 VIP DB: 25 candidates from events
2026-04-02 16:51:21 +00:00: 2026-04-02 16:51:21,377 - __main__ - INFO - 📊 VIP strategy: 25 total candidates
2026-04-02 16:51:25 +00:00: 2026-04-02 16:51:25,881 - __main__ - INFO - 🎯 Engagement target strategy: 40 candidates
2026-04-02 16:51:32 +00:00: 2026-04-02 16:51:32,831 - __main__ - INFO - 📡 GraphQL timeline @Cloud9: 9 tweets, status=200
2026-04-02 16:51:32 +00:00: 2026-04-02 16:51:32,832 - __main__ - INFO - 🌐 @Cloud9: 9 tweets via timeline scrape
2026-04-02 16:51:35 +00:00: 2026-04-02 16:51:35,165 - __main__ - INFO - 📡 GraphQL timeline @PGL_Esports: 0 tweets, status=200
2026-04-02 16:51:38 +00:00: 2026-04-02 16:51:38,480 - __main__ - INFO - 📡 GraphQL timeline @EliGE: 20 tweets, status=200
2026-04-02 16:51:38 +00:00: 2026-04-02 16:51:38,481 - __main__ - INFO - 🌐 @EliGE: 20 tweets via timeline scrape
2026-04-02 16:51:41 +00:00: 2026-04-02 16:51:41,984 - __main__ - INFO - ✅ Like cycle complete — liked 0 tweets (80/200 today)
2026-04-02 17:36:42 +00:00: 2026-04-02 17:36:42,960 - __main__ - INFO - 💫 Like cycle starting — 80/200 today, budget: 40
2026-04-02 17:36:43 +00:00: 2026-04-02 17:36:43,860 - __main__ - INFO - 📬 Found 10 of our tweets to check for replies
2026-04-02 17:36:44 +00:00: 2026-04-02 17:36:44,068 - __main__ - INFO - 🔑 Guest token refreshed
2026-04-02 17:36:44 +00:00: 2026-04-02 17:36:44,215 - __main__ - INFO - Search unexpected status: 404
2026-04-02 17:36:45 +00:00: 2026-04-02 17:36:45,337 - __main__ - INFO - Search unexpected status: 404
2026-04-02 17:36:46 +00:00: 2026-04-02 17:36:46,461 - __main__ - INFO - Search unexpected status: 404
2026-04-02 17:36:47 +00:00: 2026-04-02 17:36:47,463 - __main__ - INFO - 📬 Reply strategy: 0 candidates
2026-04-02 17:36:48 +00:00: 2026-04-02 17:36:48,816 - __main__ - INFO - 📊 VIP DB: 25 candidates from events
2026-04-02 17:36:48 +00:00: 2026-04-02 17:36:48,816 - __main__ - INFO - 📊 VIP strategy: 25 total candidates
2026-04-02 17:36:53 +00:00: 2026-04-02 17:36:53,321 - __main__ - INFO - 🎯 Engagement target strategy: 40 candidates
2026-04-02 17:37:00 +00:00: 2026-04-02 17:37:00,202 - __main__ - INFO - 📡 GraphQL timeline @FACEIT: 0 tweets, status=200
2026-04-02 17:37:02 +00:00: 2026-04-02 17:37:02,950 - __main__ - INFO - 📡 GraphQL timeline @ESLCS: 20 tweets, status=200
2026-04-02 17:37:02 +00:00: 2026-04-02 17:37:02,951 - __main__ - INFO - 🌐 @ESLCS: 20 tweets via timeline scrape
2026-04-02 17:37:05 +00:00: 2026-04-02 17:37:05,249 - __main__ - INFO - 📡 GraphQL timeline @Brehze: 0 tweets, status=200
2026-04-02 17:37:08 +00:00: 2026-04-02 17:37:08,002 - __main__ - INFO - ✅ Like cycle complete — liked 0 tweets (80/200 today)
2026-04-02 18:22:09 +00:00: 2026-04-02 18:22:09,004 - __main__ - INFO - 💫 Like cycle starting — 80/200 today, budget: 40
2026-04-02 18:22:09 +00:00: 2026-04-02 18:22:09,903 - __main__ - INFO - 📬 Found 10 of our tweets to check for replies
2026-04-02 18:22:10 +00:00: 2026-04-02 18:22:10,060 - __main__ - INFO - Search unexpected status: 404
2026-04-02 18:22:11 +00:00: 2026-04-02 18:22:11,189 - __main__ - INFO - Search unexpected status: 404
2026-04-02 18:22:12 +00:00: 2026-04-02 18:22:12,320 - __main__ - INFO - Search unexpected status: 404
2026-04-02 18:22:13 +00:00: 2026-04-02 18:22:13,321 - __main__ - INFO - 📬 Reply strategy: 0 candidates
2026-04-02 18:22:14 +00:00: 2026-04-02 18:22:14,670 - __main__ - INFO - 📊 VIP DB: 25 candidates from events
2026-04-02 18:22:14 +00:00: 2026-04-02 18:22:14,670 - __main__ - INFO - 📊 VIP strategy: 25 total candidates
2026-04-02 18:22:19 +00:00: 2026-04-02 18:22:19,169 - __main__ - INFO - 🎯 Engagement target strategy: 40 candidates
2026-04-02 18:22:26 +00:00: 2026-04-02 18:22:26,114 - __main__ - INFO - 📡 GraphQL timeline @Complexity: 11 tweets, status=200
2026-04-02 18:22:26 +00:00: 2026-04-02 18:22:26,115 - __main__ - INFO - 🌐 @Complexity: 11 tweets via timeline scrape
2026-04-02 18:22:28 +00:00: 2026-04-02 18:22:28,883 - __main__ - INFO - 📡 GraphQL timeline @TeamLiquidCS: 20 tweets, status=200
2026-04-02 18:22:28 +00:00: 2026-04-02 18:22:28,884 - __main__ - INFO - 🌐 @TeamLiquidCS: 20 tweets via timeline scrape
2026-04-02 18:22:31 +00:00: 2026-04-02 18:22:31,122 - __main__ - INFO - 📡 GraphQL timeline @PGL_Esports: 0 tweets, status=200
2026-04-02 18:22:34 +00:00: 2026-04-02 18:22:34,624 - __main__ - INFO - ✅ Like cycle complete — liked 0 tweets (80/200 today)
2026-04-02 19:07:35 +00:00: 2026-04-02 19:07:35,586 - __main__ - INFO - 💫 Like cycle starting — 80/200 today, budget: 40
2026-04-02 19:07:36 +00:00: 2026-04-02 19:07:36,493 - __main__ - INFO - 📬 Found 10 of our tweets to check for replies
2026-04-02 19:07:36 +00:00: 2026-04-02 19:07:36,640 - __main__ - INFO - Search unexpected status: 404
2026-04-02 19:07:37 +00:00: 2026-04-02 19:07:37,758 - __main__ - INFO - Search unexpected status: 404
2026-04-02 19:07:38 +00:00: 2026-04-02 19:07:38,877 - __main__ - INFO - Search unexpected status: 404
2026-04-02 19:07:39 +00:00: 2026-04-02 19:07:39,879 - __main__ - INFO - 📬 Reply strategy: 0 candidates
2026-04-02 19:07:41 +00:00: 2026-04-02 19:07:41,237 - __main__ - INFO - 📊 VIP DB: 25 candidates from events
2026-04-02 19:07:41 +00:00: 2026-04-02 19:07:41,237 - __main__ - INFO - 📊 VIP strategy: 25 total candidates
2026-04-02 19:07:45 +00:00: 2026-04-02 19:07:45,743 - __main__ - INFO - 🎯 Engagement target strategy: 40 candidates
2026-04-02 19:07:51 +00:00: 2026-04-02 19:07:51,923 - __main__ - INFO - 📡 GraphQL timeline @rainCS: 0 tweets, status=200
2026-04-02 19:07:54 +00:00: 2026-04-02 19:07:54,511 - __main__ - INFO - 📡 GraphQL timeline @Complexity: 11 tweets, status=200
2026-04-02 19:07:54 +00:00: 2026-04-02 19:07:54,511 - __main__ - INFO - 🌐 @Complexity: 11 tweets via timeline scrape
2026-04-02 19:07:56 +00:00: 2026-04-02 19:07:56,643 - __main__ - INFO - Could not resolve @gaborcsgo: 200
2026-04-02 19:07:59 +00:00: 2026-04-02 19:07:59,397 - __main__ - INFO - ✅ Like cycle complete — liked 0 tweets (80/200 today)
2026-04-02 19:53:00 +00:00: 2026-04-02 19:53:00,306 - __main__ - INFO - 💫 Like cycle starting — 80/200 today, budget: 40
2026-04-02 19:53:01 +00:00: 2026-04-02 19:53:01,207 - __main__ - INFO - 📬 Found 10 of our tweets to check for replies
2026-04-02 19:53:01 +00:00: 2026-04-02 19:53:01,434 - __main__ - INFO - 🔑 Guest token refreshed
2026-04-02 19:53:01 +00:00: 2026-04-02 19:53:01,581 - __main__ - INFO - Search unexpected status: 404
2026-04-02 19:53:02 +00:00: 2026-04-02 19:53:02,707 - __main__ - INFO - Search unexpected status: 404
2026-04-02 19:53:03 +00:00: 2026-04-02 19:53:03,834 - __main__ - INFO - Search unexpected status: 404
2026-04-02 19:53:04 +00:00: 2026-04-02 19:53:04,836 - __main__ - INFO - 📬 Reply strategy: 0 candidates
2026-04-02 19:53:06 +00:00: 2026-04-02 19:53:06,185 - __main__ - INFO - 📊 VIP DB: 25 candidates from events
2026-04-02 19:53:06 +00:00: 2026-04-02 19:53:06,186 - __main__ - INFO - 📊 VIP strategy: 25 total candidates
2026-04-02 19:53:10 +00:00: 2026-04-02 19:53:10,693 - __main__ - INFO - 🎯 Engagement target strategy: 40 candidates
2026-04-02 19:53:17 +00:00: 2026-04-02 19:53:17,470 - __main__ - INFO - 📡 GraphQL timeline @FACEIT: 0 tweets, status=200
2026-04-02 19:53:20 +00:00: 2026-04-02 19:53:20,159 - __main__ - INFO - 📡 GraphQL timeline @TeamLiquidCS: 20 tweets, status=200
2026-04-02 19:53:20 +00:00: 2026-04-02 19:53:20,160 - __main__ - INFO - 🌐 @TeamLiquidCS: 20 tweets via timeline scrape
2026-04-02 19:53:22 +00:00: 2026-04-02 19:53:22,316 - __main__ - INFO - 📡 GraphQL timeline @PGL_Esports: 0 tweets, status=200
2026-04-02 19:53:25 +00:00: 2026-04-02 19:53:25,070 - __main__ - INFO - ✅ Like cycle complete — liked 0 tweets (80/200 today)
2026-04-02 20:38:26 +00:00: 2026-04-02 20:38:26,047 - __main__ - INFO - 💫 Like cycle starting — 80/200 today, budget: 40
2026-04-02 20:38:26 +00:00: 2026-04-02 20:38:26,947 - __main__ - INFO - 📬 Found 10 of our tweets to check for replies
2026-04-02 20:38:27 +00:00: 2026-04-02 20:38:27,088 - __main__ - INFO - Search unexpected status: 404
2026-04-02 20:38:28 +00:00: 2026-04-02 20:38:28,207 - __main__ - INFO - Search unexpected status: 404
2026-04-02 20:38:29 +00:00: 2026-04-02 20:38:29,328 - __main__ - INFO - Search unexpected status: 404
2026-04-02 20:38:30 +00:00: 2026-04-02 20:38:30,329 - __main__ - INFO - 📬 Reply strategy: 0 candidates
2026-04-02 20:38:31 +00:00: 2026-04-02 20:38:31,678 - __main__ - INFO - 📊 VIP DB: 25 candidates from events
2026-04-02 20:38:31 +00:00: 2026-04-02 20:38:31,678 - __main__ - INFO - 📊 VIP strategy: 25 total candidates
2026-04-02 20:38:36 +00:00: 2026-04-02 20:38:36,177 - __main__ - INFO - 🎯 Engagement target strategy: 40 candidates
2026-04-02 20:38:42 +00:00: 2026-04-02 20:38:42,332 - __main__ - INFO - 📡 GraphQL timeline @PGL_Esports: 0 tweets, status=200
2026-04-02 20:38:44 +00:00: 2026-04-02 20:38:44,471 - __main__ - INFO - Could not resolve @LOABORVRE_CS2: 200
2026-04-02 20:38:47 +00:00: 2026-04-02 20:38:47,163 - __main__ - INFO - 📡 GraphQL timeline @TeamLiquidCS: 20 tweets, status=200
2026-04-02 20:38:47 +00:00: 2026-04-02 20:38:47,164 - __main__ - INFO - 🌐 @TeamLiquidCS: 20 tweets via timeline scrape
2026-04-02 20:38:49 +00:00: 2026-04-02 20:38:49,917 - __main__ - INFO - ✅ Like cycle complete — liked 0 tweets (80/200 today)
2026-04-02 21:23:50 +00:00: 2026-04-02 21:23:50,893 - __main__ - INFO - 💫 Like cycle starting — 80/200 today, budget: 40
2026-04-02 21:23:51 +00:00: 2026-04-02 21:23:51,794 - __main__ - INFO - 📬 Found 10 of our tweets to check for replies
2026-04-02 21:23:51 +00:00: 2026-04-02 21:23:51,949 - __main__ - INFO - Search unexpected status: 404
2026-04-02 21:23:53 +00:00: 2026-04-02 21:23:53,074 - __main__ - INFO - Search unexpected status: 404
2026-04-02 21:23:54 +00:00: 2026-04-02 21:23:54,195 - __main__ - INFO - Search unexpected status: 404
2026-04-02 21:23:55 +00:00: 2026-04-02 21:23:55,196 - __main__ - INFO - 📬 Reply strategy: 0 candidates
2026-04-02 21:23:56 +00:00: 2026-04-02 21:23:56,551 - __main__ - INFO - 📊 VIP DB: 25 candidates from events
2026-04-02 21:23:56 +00:00: 2026-04-02 21:23:56,553 - __main__ - INFO - 📊 VIP strategy: 25 total candidates
2026-04-02 21:24:01 +00:00: 2026-04-02 21:24:01,059 - __main__ - INFO - 🎯 Engagement target strategy: 40 candidates
2026-04-02 21:24:07 +00:00: 2026-04-02 21:24:07,199 - __main__ - INFO - Could not resolve @gaborcsgo: 200
2026-04-02 21:24:09 +00:00: 2026-04-02 21:24:09,346 - __main__ - INFO - 📡 GraphQL timeline @Brehze: 0 tweets, status=200
2026-04-02 21:24:12 +00:00: 2026-04-02 21:24:12,059 - __main__ - INFO - 📡 GraphQL timeline @ESLCS: 20 tweets, status=200
2026-04-02 21:24:12 +00:00: 2026-04-02 21:24:12,059 - __main__ - INFO - 🌐 @ESLCS: 20 tweets via timeline scrape
2026-04-02 21:24:14 +00:00: 2026-04-02 21:24:14,812 - __main__ - INFO - ✅ Like cycle complete — liked 0 tweets (80/200 today)
2026-04-02 22:09:15 +00:00: 2026-04-02 22:09:15,812 - __main__ - INFO - 💫 Like cycle starting — 80/200 today, budget: 40
2026-04-02 22:09:16 +00:00: 2026-04-02 22:09:16,712 - __main__ - INFO - 📬 Found 10 of our tweets to check for replies
2026-04-02 22:09:16 +00:00: 2026-04-02 22:09:16,894 - __main__ - INFO - 🔑 Guest token refreshed
2026-04-02 22:09:17 +00:00: 2026-04-02 22:09:17,043 - __main__ - INFO - Search unexpected status: 404
2026-04-02 22:09:18 +00:00: 2026-04-02 22:09:18,160 - __main__ - INFO - Search unexpected status: 404
2026-04-02 22:09:19 +00:00: 2026-04-02 22:09:19,282 - __main__ - INFO - Search unexpected status: 404
2026-04-02 22:09:20 +00:00: 2026-04-02 22:09:20,283 - __main__ - INFO - 📬 Reply strategy: 0 candidates
2026-04-02 22:09:21 +00:00: 2026-04-02 22:09:21,634 - __main__ - INFO - 📊 VIP DB: 25 candidates from events
2026-04-02 22:09:21 +00:00: 2026-04-02 22:09:21,635 - __main__ - INFO - 📊 VIP strategy: 25 total candidates
2026-04-02 22:09:26 +00:00: 2026-04-02 22:09:26,137 - __main__ - INFO - 🎯 Engagement target strategy: 40 candidates
2026-04-02 22:09:32 +00:00: 2026-04-02 22:09:32,837 - __main__ - INFO - 📡 GraphQL timeline @EliGE: 20 tweets, status=200
2026-04-02 22:09:32 +00:00: 2026-04-02 22:09:32,837 - __main__ - INFO - 🌐 @EliGE: 20 tweets via timeline scrape
2026-04-02 22:09:35 +00:00: 2026-04-02 22:09:35,642 - __main__ - INFO - 📡 GraphQL timeline @nilocsgo: 20 tweets, status=200
2026-04-02 22:09:35 +00:00: 2026-04-02 22:09:35,642 - __main__ - INFO - 🌐 @nilocsgo: 20 tweets via timeline scrape
2026-04-02 22:09:37 +00:00: 2026-04-02 22:09:37,804 - __main__ - INFO - 📡 GraphQL timeline @PGL_Esports: 0 tweets, status=200
2026-04-02 22:09:41 +00:00: 2026-04-02 22:09:41,309 - __main__ - INFO - ✅ Like cycle complete — liked 0 tweets (80/200 today)
2026-04-02 22:54:42 +00:00: 2026-04-02 22:54:42,309 - __main__ - INFO - 💫 Like cycle starting — 80/200 today, budget: 40
2026-04-02 22:54:43 +00:00: 2026-04-02 22:54:43,211 - __main__ - INFO - 📬 Found 10 of our tweets to check for replies
2026-04-02 22:54:43 +00:00: 2026-04-02 22:54:43,369 - __main__ - INFO - Search unexpected status: 404
2026-04-02 22:54:44 +00:00: 2026-04-02 22:54:44,491 - __main__ - INFO - Search unexpected status: 404
2026-04-02 22:54:45 +00:00: 2026-04-02 22:54:45,613 - __main__ - INFO - Search unexpected status: 404
2026-04-02 22:54:46 +00:00: 2026-04-02 22:54:46,615 - __main__ - INFO - 📬 Reply strategy: 0 candidates
2026-04-02 22:54:47 +00:00: 2026-04-02 22:54:47,966 - __main__ - INFO - 📊 VIP DB: 25 candidates from events
2026-04-02 22:54:47 +00:00: 2026-04-02 22:54:47,967 - __main__ - INFO - 📊 VIP strategy: 25 total candidates
2026-04-02 22:54:52 +00:00: 2026-04-02 22:54:52,471 - __main__ - INFO - 🎯 Engagement target strategy: 40 candidates
2026-04-02 22:54:59 +00:00: 2026-04-02 22:54:59,287 - __main__ - INFO - 📡 GraphQL timeline @EliGE: 20 tweets, status=200
2026-04-02 22:54:59 +00:00: 2026-04-02 22:54:59,287 - __main__ - INFO - 🌐 @EliGE: 20 tweets via timeline scrape
2026-04-02 22:55:01 +00:00: 2026-04-02 22:55:01,429 - __main__ - INFO - Could not resolve @gaborcsgo: 200
2026-04-02 22:55:04 +00:00: 2026-04-02 22:55:04,124 - __main__ - INFO - 📡 GraphQL timeline @Karrigancsgo: 20 tweets, status=200
2026-04-02 22:55:04 +00:00: 2026-04-02 22:55:04,124 - __main__ - INFO - 🌐 @Karrigancsgo: 20 tweets via timeline scrape
2026-04-02 22:55:07 +00:00: 2026-04-02 22:55:07,628 - __main__ - INFO - ✅ Like cycle complete — liked 0 tweets (80/200 today)
2026-04-02 23:40:08 +00:00: 2026-04-02 23:40:08,629 - __main__ - INFO - 💫 Like cycle starting — 80/200 today, budget: 40
2026-04-02 23:40:09 +00:00: 2026-04-02 23:40:09,529 - __main__ - INFO - 📬 Found 10 of our tweets to check for replies
2026-04-02 23:40:09 +00:00: 2026-04-02 23:40:09,669 - __main__ - INFO - Search unexpected status: 404
2026-04-02 23:40:10 +00:00: 2026-04-02 23:40:10,788 - __main__ - INFO - Search unexpected status: 404
2026-04-02 23:40:11 +00:00: 2026-04-02 23:40:11,903 - __main__ - INFO - Search unexpected status: 404
2026-04-02 23:40:12 +00:00: 2026-04-02 23:40:12,905 - __main__ - INFO - 📬 Reply strategy: 0 candidates
2026-04-02 23:40:14 +00:00: 2026-04-02 23:40:14,255 - __main__ - INFO - 📊 VIP DB: 25 candidates from events
2026-04-02 23:40:14 +00:00: 2026-04-02 23:40:14,255 - __main__ - INFO - 📊 VIP strategy: 25 total candidates
2026-04-02 23:40:18 +00:00: 2026-04-02 23:40:18,756 - __main__ - INFO - 🎯 Engagement target strategy: 40 candidates
2026-04-02 23:40:25 +00:00: 2026-04-02 23:40:25,386 - __main__ - INFO - 📡 GraphQL timeline @FACEIT: 0 tweets, status=200
2026-04-02 23:40:28 +00:00: 2026-04-02 23:40:28,098 - __main__ - INFO - 📡 GraphQL timeline @Twistzz: 20 tweets, status=200
2026-04-02 23:40:28 +00:00: 2026-04-02 23:40:28,099 - __main__ - INFO - 🌐 @Twistzz: 20 tweets via timeline scrape
2026-04-02 23:40:30 +00:00: 2026-04-02 23:40:30,234 - __main__ - INFO - 📡 GraphQL timeline @Brehze: 0 tweets, status=200
2026-04-02 23:40:32 +00:00: 2026-04-02 23:40:32,988 - __main__ - INFO - ✅ Like cycle complete — liked 0 tweets (80/200 today)
2026-04-03 00:25:33 +00:00: 2026-04-03 00:25:33,988 - __main__ - INFO - 💫 Like cycle starting — 0/200 today, budget: 40
2026-04-03 00:25:34 +00:00: 2026-04-03 00:25:34,887 - __main__ - INFO - 📬 Found 10 of our tweets to check for replies
2026-04-03 00:25:35 +00:00: 2026-04-03 00:25:35,081 - __main__ - INFO - 🔑 Guest token refreshed
2026-04-03 00:25:35 +00:00: 2026-04-03 00:25:35,212 - __main__ - INFO - Search unexpected status: 404
2026-04-03 00:25:36 +00:00: 2026-04-03 00:25:36,327 - __main__ - INFO - Search unexpected status: 404
2026-04-03 00:25:37 +00:00: 2026-04-03 00:25:37,441 - __main__ - INFO - Search unexpected status: 404
2026-04-03 00:25:38 +00:00: 2026-04-03 00:25:38,442 - __main__ - INFO - 📬 Reply strategy: 0 candidates
2026-04-03 00:25:39 +00:00: 2026-04-03 00:25:39,793 - __main__ - INFO - 📊 VIP DB: 25 candidates from events
2026-04-03 00:25:39 +00:00: 2026-04-03 00:25:39,794 - __main__ - INFO - 📊 VIP strategy: 25 total candidates
2026-04-03 00:25:44 +00:00: 2026-04-03 00:25:44,300 - __main__ - INFO - 🎯 Engagement target strategy: 40 candidates
2026-04-03 00:25:50 +00:00: 2026-04-03 00:25:50,429 - __main__ - INFO - Could not resolve @gaborcsgo: 200
2026-04-03 00:25:53 +00:00: 2026-04-03 00:25:53,182 - __main__ - INFO - 📡 GraphQL timeline @BIGCLANgg: 13 tweets, status=200
2026-04-03 00:25:53 +00:00: 2026-04-03 00:25:53,182 - __main__ - INFO - 🌐 @BIGCLANgg: 13 tweets via timeline scrape
2026-04-03 00:25:55 +00:00: 2026-04-03 00:25:55,770 - __main__ - INFO - 📡 GraphQL timeline @FACEIT: 0 tweets, status=200
2026-04-03 00:25:59 +00:00: 2026-04-03 00:25:59,501 - __main__ - INFO - ❤️  Liked tweet 203974521995698... by @BIGCLANgg (cs2_community:BIGCLANgg)
2026-04-03 00:26:08 +00:00: 2026-04-03 00:26:08,157 - __main__ - INFO - ❤️  Liked tweet 203972673236255... by @BIGCLANgg (cs2_community:BIGCLANgg)
2026-04-03 00:26:19 +00:00: 2026-04-03 00:26:19,450 - __main__ - INFO - ❤️  Liked tweet 203973207675731... by @BIGCLANgg (cs2_community:BIGCLANgg)
2026-04-03 00:26:25 +00:00: 2026-04-03 00:26:25,285 - __main__ - INFO - ❤️  Liked tweet 203976266914667... by @BIGCLANgg (cs2_community:BIGCLANgg)
2026-04-03 00:26:36 +00:00: 2026-04-03 00:26:36,432 - __main__ - INFO - ❤️  Liked tweet 203974544931828... by @BIGCLANgg (cs2_community:BIGCLANgg)
2026-04-03 00:26:42 +00:00: 2026-04-03 00:26:42,307 - __main__ - INFO - ✅ Like cycle complete — liked 5 tweets (5/200 today)
2026-04-03 01:56:43 +00:00: 2026-04-03 01:56:43,140 - __main__ - INFO - 💫 Like cycle starting — 5/200 today, budget: 40
2026-04-03 01:56:44 +00:00: 2026-04-03 01:56:44,041 - __main__ - INFO - 📬 Found 10 of our tweets to check for replies
2026-04-03 01:56:44 +00:00: 2026-04-03 01:56:44,175 - __main__ - INFO - Search 403 — resetting guest token
2026-04-03 01:56:45 +00:00: 2026-04-03 01:56:45,344 - __main__ - INFO - 🔑 Guest token refreshed
2026-04-03 01:56:45 +00:00: 2026-04-03 01:56:45,546 - __main__ - INFO - Search unexpected status: 404
2026-04-03 01:56:46 +00:00: 2026-04-03 01:56:46,660 - __main__ - INFO - Search unexpected status: 404
2026-04-03 01:56:47 +00:00: 2026-04-03 01:56:47,662 - __main__ - INFO - 📬 Reply strategy: 0 candidates
2026-04-03 01:56:49 +00:00: 2026-04-03 01:56:49,016 - __main__ - INFO - 📊 VIP DB: 25 candidates from events
2026-04-03 01:56:49 +00:00: 2026-04-03 01:56:49,016 - __main__ - INFO - 📊 VIP strategy: 25 total candidates
2026-04-03 01:56:53 +00:00: 2026-04-03 01:56:53,518 - __main__ - INFO - 🎯 Engagement target strategy: 40 candidates
2026-04-03 01:56:59 +00:00: 2026-04-03 01:56:59,656 - __main__ - INFO - Could not resolve @LOABORVRE_CS2: 200
2026-04-03 01:57:01 +00:00: 2026-04-03 01:57:01,787 - __main__ - INFO - Could not resolve @gaborcsgo: 200
2026-04-03 01:57:04 +00:00: 2026-04-03 01:57:04,363 - __main__ - INFO - 📡 GraphQL timeline @BIGCLANgg: 13 tweets, status=200
2026-04-03 01:57:04 +00:00: 2026-04-03 01:57:04,364 - __main__ - INFO - 🌐 @BIGCLANgg: 13 tweets via timeline scrape
2026-04-03 01:57:07 +00:00: 2026-04-03 01:57:07,116 - __main__ - INFO - ✅ Like cycle complete — liked 0 tweets (5/200 today)
2026-04-03 03:27:08 +00:00: 2026-04-03 03:27:08,073 - __main__ - INFO - 💫 Like cycle starting — 5/200 today, budget: 40
2026-04-03 03:27:08 +00:00: 2026-04-03 03:27:08,973 - __main__ - INFO - 📬 Found 10 of our tweets to check for replies
2026-04-03 03:27:09 +00:00: 2026-04-03 03:27:09,118 - __main__ - INFO - Search 403 — resetting guest token
2026-04-03 03:27:10 +00:00: 2026-04-03 03:27:10,271 - __main__ - INFO - 🔑 Guest token refreshed
2026-04-03 03:27:10 +00:00: 2026-04-03 03:27:10,389 - __main__ - INFO - Search unexpected status: 404
2026-04-03 03:27:11 +00:00: 2026-04-03 03:27:11,509 - __main__ - INFO - Search unexpected status: 404
2026-04-03 03:27:12 +00:00: 2026-04-03 03:27:12,510 - __main__ - INFO - 📬 Reply strategy: 0 candidates
2026-04-03 03:27:13 +00:00: 2026-04-03 03:27:13,864 - __main__ - INFO - 📊 VIP DB: 25 candidates from events
2026-04-03 03:27:13 +00:00: 2026-04-03 03:27:13,865 - __main__ - INFO - 📊 VIP strategy: 25 total candidates
2026-04-03 03:27:18 +00:00: 2026-04-03 03:27:18,366 - __main__ - INFO - 🎯 Engagement target strategy: 40 candidates
2026-04-03 03:27:25 +00:00: 2026-04-03 03:27:25,040 - __main__ - INFO - 📡 GraphQL timeline @Karrigancsgo: 20 tweets, status=200
2026-04-03 03:27:25 +00:00: 2026-04-03 03:27:25,040 - __main__ - INFO - 🌐 @Karrigancsgo: 20 tweets via timeline scrape
2026-04-03 03:27:27 +00:00: 2026-04-03 03:27:27,738 - __main__ - INFO - 📡 GraphQL timeline @OGesports: 20 tweets, status=200
2026-04-03 03:27:27 +00:00: 2026-04-03 03:27:27,739 - __main__ - INFO - 🌐 @OGesports: 20 tweets via timeline scrape
2026-04-03 03:27:30 +00:00: 2026-04-03 03:27:30,451 - __main__ - INFO - 📡 GraphQL timeline @nilocsgo: 20 tweets, status=200
2026-04-03 03:27:30 +00:00: 2026-04-03 03:27:30,453 - __main__ - INFO - 🌐 @nilocsgo: 20 tweets via timeline scrape
2026-04-03 03:27:34 +00:00: 2026-04-03 03:27:34,712 - __main__ - INFO - ✅ Like cycle complete — liked 0 tweets (5/200 today)
2026-04-03 04:57:35 +00:00: 2026-04-03 04:57:35,617 - __main__ - INFO - 💫 Like cycle starting — 5/200 today, budget: 40
2026-04-03 04:57:36 +00:00: 2026-04-03 04:57:36,516 - __main__ - INFO - 📬 Found 10 of our tweets to check for replies
2026-04-03 04:57:36 +00:00: 2026-04-03 04:57:36,654 - __main__ - INFO - Search 403 — resetting guest token
2026-04-03 04:57:37 +00:00: 2026-04-03 04:57:37,844 - __main__ - INFO - 🔑 Guest token refreshed
2026-04-03 04:57:37 +00:00: 2026-04-03 04:57:37,959 - __main__ - INFO - Search unexpected status: 404
2026-04-03 04:57:39 +00:00: 2026-04-03 04:57:39,075 - __main__ - INFO - Search unexpected status: 404
2026-04-03 04:57:40 +00:00: 2026-04-03 04:57:40,077 - __main__ - INFO - 📬 Reply strategy: 0 candidates
2026-04-03 04:57:41 +00:00: 2026-04-03 04:57:41,426 - __main__ - INFO - 📊 VIP DB: 25 candidates from events
2026-04-03 04:57:41 +00:00: 2026-04-03 04:57:41,427 - __main__ - INFO - 📊 VIP strategy: 25 total candidates
2026-04-03 04:57:45 +00:00: 2026-04-03 04:57:45,943 - __main__ - INFO - 🎯 Engagement target strategy: 40 candidates
2026-04-03 04:57:52 +00:00: 2026-04-03 04:57:52,605 - __main__ - INFO - 📡 GraphQL timeline @FACEIT: 0 tweets, status=200
2026-04-03 04:57:55 +00:00: 2026-04-03 04:57:55,164 - __main__ - INFO - 📡 GraphQL timeline @Karrigancsgo: 20 tweets, status=200
2026-04-03 04:57:55 +00:00: 2026-04-03 04:57:55,164 - __main__ - INFO - 🌐 @Karrigancsgo: 20 tweets via timeline scrape
2026-04-03 04:57:57 +00:00: 2026-04-03 04:57:57,310 - __main__ - INFO - 📡 GraphQL timeline @rainCS: 0 tweets, status=200
2026-04-03 04:58:00 +00:00: 2026-04-03 04:58:00,072 - __main__ - INFO - ✅ Like cycle complete — liked 0 tweets (5/200 today)
2026-04-03 06:28:01 +00:00: 2026-04-03 06:28:01,074 - __main__ - INFO - 💫 Like cycle starting — 5/200 today, budget: 40
2026-04-03 06:28:01 +00:00: 2026-04-03 06:28:01,973 - __main__ - INFO - 📬 Found 10 of our tweets to check for replies
2026-04-03 06:28:02 +00:00: 2026-04-03 06:28:02,120 - __main__ - INFO - Search 403 — resetting guest token
2026-04-03 06:28:03 +00:00: 2026-04-03 06:28:03,271 - __main__ - INFO - 🔑 Guest token refreshed
2026-04-03 06:28:03 +00:00: 2026-04-03 06:28:03,382 - __main__ - INFO - Search unexpected status: 404
2026-04-03 06:28:04 +00:00: 2026-04-03 06:28:04,501 - __main__ - INFO - Search unexpected status: 404
2026-04-03 06:28:05 +00:00: 2026-04-03 06:28:05,502 - __main__ - INFO - 📬 Reply strategy: 0 candidates
2026-04-03 06:28:06 +00:00: 2026-04-03 06:28:06,852 - __main__ - INFO - 📊 VIP DB: 25 candidates from events
2026-04-03 06:28:06 +00:00: 2026-04-03 06:28:06,852 - __main__ - INFO - 📊 VIP strategy: 25 total candidates
2026-04-03 06:28:11 +00:00: 2026-04-03 06:28:11,365 - __main__ - INFO - 🎯 Engagement target strategy: 40 candidates
2026-04-03 06:28:17 +00:00: 2026-04-03 06:28:17,494 - __main__ - INFO - Could not resolve @gaborcsgo: 200
2026-04-03 06:28:19 +00:00: 2026-04-03 06:28:19,985 - __main__ - INFO - 📡 GraphQL timeline @TeamLiquidCS: 20 tweets, status=200
2026-04-03 06:28:19 +00:00: 2026-04-03 06:28:19,986 - __main__ - INFO - 🌐 @TeamLiquidCS: 20 tweets via timeline scrape
2026-04-03 06:28:22 +00:00: 2026-04-03 06:28:22,669 - __main__ - INFO - 📡 GraphQL timeline @nilocsgo: 20 tweets, status=200
2026-04-03 06:28:22 +00:00: 2026-04-03 06:28:22,671 - __main__ - INFO - 🌐 @nilocsgo: 20 tweets via timeline scrape
2026-04-03 06:28:26 +00:00: 2026-04-03 06:28:26,174 - __main__ - INFO - ✅ Like cycle complete — liked 0 tweets (5/200 today)
2026-04-03 07:58:27 +00:00: 2026-04-03 07:58:27,176 - __main__ - INFO - 💫 Like cycle starting — 5/200 today, budget: 40
2026-04-03 07:58:28 +00:00: 2026-04-03 07:58:28,080 - __main__ - INFO - 📬 Found 10 of our tweets to check for replies
2026-04-03 07:58:28 +00:00: 2026-04-03 07:58:28,214 - __main__ - INFO - Search 403 — resetting guest token
2026-04-03 07:58:29 +00:00: 2026-04-03 07:58:29,383 - __main__ - INFO - 🔑 Guest token refreshed
2026-04-03 07:58:29 +00:00: 2026-04-03 07:58:29,495 - __main__ - INFO - Search unexpected status: 404
2026-04-03 07:58:30 +00:00: 2026-04-03 07:58:30,609 - __main__ - INFO - Search unexpected status: 404
2026-04-03 07:58:31 +00:00: 2026-04-03 07:58:31,610 - __main__ - INFO - 📬 Reply strategy: 0 candidates
2026-04-03 07:58:32 +00:00: 2026-04-03 07:58:32,964 - __main__ - INFO - 📊 VIP DB: 25 candidates from events
2026-04-03 07:58:32 +00:00: 2026-04-03 07:58:32,964 - __main__ - INFO - 📊 VIP strategy: 25 total candidates
2026-04-03 07:58:37 +00:00: 2026-04-03 07:58:37,464 - __main__ - INFO - 🎯 Engagement target strategy: 40 candidates
2026-04-03 07:58:43 +00:00: 2026-04-03 07:58:43,985 - __main__ - INFO - 📡 GraphQL timeline @Complexity: 11 tweets, status=200
2026-04-03 07:58:43 +00:00: 2026-04-03 07:58:43,985 - __main__ - INFO - 🌐 @Complexity: 11 tweets via timeline scrape
2026-04-03 07:58:46 +00:00: 2026-04-03 07:58:46,618 - __main__ - INFO - 📡 GraphQL timeline @Cloud9: 9 tweets, status=200
2026-04-03 07:58:46 +00:00: 2026-04-03 07:58:46,618 - __main__ - INFO - 🌐 @Cloud9: 9 tweets via timeline scrape
2026-04-03 07:58:49 +00:00: 2026-04-03 07:58:49,148 - __main__ - INFO - 📡 GraphQL timeline @EliGE: 20 tweets, status=200
2026-04-03 07:58:49 +00:00: 2026-04-03 07:58:49,148 - __main__ - INFO - 🌐 @EliGE: 20 tweets via timeline scrape
2026-04-03 07:58:53 +00:00: 2026-04-03 07:58:53,284 - __main__ - INFO - ❤️  Liked tweet 203982631657319... by @Cloud9 (cs2_community:Cloud9)
2026-04-03 07:59:04 +00:00: 2026-04-03 07:59:04,661 - __main__ - INFO - ❤️  Liked tweet 203981668860294... by @Cloud9 (cs2_community:Cloud9)
2026-04-03 07:59:10 +00:00: 2026-04-03 07:59:10,564 - __main__ - INFO - ✅ Like cycle complete — liked 2 tweets (7/200 today)
2026-04-03 09:29:11 +00:00: 2026-04-03 09:29:11,526 - __main__ - INFO - 💫 Like cycle starting — 7/200 today, budget: 40
2026-04-03 09:29:12 +00:00: 2026-04-03 09:29:12,440 - __main__ - INFO - 📬 Found 10 of our tweets to check for replies
2026-04-03 09:29:12 +00:00: 2026-04-03 09:29:12,617 - __main__ - INFO - Search 403 — resetting guest token
2026-04-03 09:29:13 +00:00: 2026-04-03 09:29:13,814 - __main__ - INFO - 🔑 Guest token refreshed
2026-04-03 09:29:13 +00:00: 2026-04-03 09:29:13,943 - __main__ - INFO - Search unexpected status: 404
2026-04-03 09:29:15 +00:00: 2026-04-03 09:29:15,075 - __main__ - INFO - Search unexpected status: 404
2026-04-03 09:29:16 +00:00: 2026-04-03 09:29:16,076 - __main__ - INFO - 📬 Reply strategy: 0 candidates
2026-04-03 09:29:17 +00:00: 2026-04-03 09:29:17,448 - __main__ - INFO - 📊 VIP DB: 25 candidates from events
2026-04-03 09:29:17 +00:00: 2026-04-03 09:29:17,449 - __main__ - INFO - 📊 VIP strategy: 25 total candidates
2026-04-03 09:29:22 +00:00: 2026-04-03 09:29:22,034 - __main__ - INFO - 🎯 Engagement target strategy: 40 candidates
2026-04-03 09:29:28 +00:00: 2026-04-03 09:29:28,299 - __main__ - INFO - 📡 GraphQL timeline @PGL_Esports: 0 tweets, status=200
2026-04-03 09:29:30 +00:00: 2026-04-03 09:29:30,983 - __main__ - INFO - 📡 GraphQL timeline @BIGCLANgg: 14 tweets, status=200
2026-04-03 09:29:30 +00:00: 2026-04-03 09:29:30,985 - __main__ - INFO - 🌐 @BIGCLANgg: 14 tweets via timeline scrape
2026-04-03 09:29:33 +00:00: 2026-04-03 09:29:33,730 - __main__ - INFO - 📡 GraphQL timeline @OGesports: 20 tweets, status=200
2026-04-03 09:29:33 +00:00: 2026-04-03 09:29:33,731 - __main__ - INFO - 🌐 @OGesports: 20 tweets via timeline scrape
2026-04-03 09:29:37 +00:00: 2026-04-03 09:29:37,314 - __main__ - INFO - ❤️  Liked tweet 203999610990117... by @BIGCLANgg (cs2_community:BIGCLANgg)
2026-04-03 09:29:44 +00:00: 2026-04-03 09:29:44,029 - __main__ - INFO - ❤️  Liked tweet 203998993692592... by @BIGCLANgg (cs2_community:BIGCLANgg)
2026-04-03 09:29:49 +00:00: 2026-04-03 09:29:49,615 - __main__ - INFO - ✅ Like cycle complete — liked 2 tweets (9/200 today)
2026-04-03 10:59:50 +00:00: 2026-04-03 10:59:50,543 - __main__ - INFO - 💫 Like cycle starting — 9/200 today, budget: 40
2026-04-03 10:59:51 +00:00: 2026-04-03 10:59:51,461 - __main__ - INFO - 📬 Found 10 of our tweets to check for replies
2026-04-03 10:59:51 +00:00: 2026-04-03 10:59:51,620 - __main__ - INFO - Search 403 — resetting guest token
2026-04-03 10:59:52 +00:00: 2026-04-03 10:59:52,805 - __main__ - INFO - 🔑 Guest token refreshed
2026-04-03 10:59:52 +00:00: 2026-04-03 10:59:52,922 - __main__ - INFO - Search unexpected status: 404
2026-04-03 10:59:54 +00:00: 2026-04-03 10:59:54,041 - __main__ - INFO - Search unexpected status: 404
2026-04-03 10:59:55 +00:00: 2026-04-03 10:59:55,043 - __main__ - INFO - 📬 Reply strategy: 0 candidates
2026-04-03 10:59:56 +00:00: 2026-04-03 10:59:56,414 - __main__ - INFO - 📊 VIP DB: 25 candidates from events
2026-04-03 10:59:56 +00:00: 2026-04-03 10:59:56,414 - __main__ - INFO - 📊 VIP strategy: 25 total candidates
2026-04-03 11:00:00 +00:00: 2026-04-03 11:00:00,991 - __main__ - INFO - 🎯 Engagement target strategy: 40 candidates
2026-04-03 11:00:07 +00:00: 2026-04-03 11:00:07,956 - __main__ - INFO - 📡 GraphQL timeline @nilocsgo: 20 tweets, status=200
2026-04-03 11:00:07 +00:00: 2026-04-03 11:00:07,957 - __main__ - INFO - 🌐 @nilocsgo: 20 tweets via timeline scrape
2026-04-03 11:00:10 +00:00: 2026-04-03 11:00:10,862 - __main__ - INFO - 📡 GraphQL timeline @TeamLiquidCS: 20 tweets, status=200
2026-04-03 11:00:10 +00:00: 2026-04-03 11:00:10,863 - __main__ - INFO - 🌐 @TeamLiquidCS: 20 tweets via timeline scrape
2026-04-03 11:00:13 +00:00: 2026-04-03 11:00:13,644 - __main__ - INFO - 📡 GraphQL timeline @FACEIT: 0 tweets, status=200
2026-04-03 11:00:17 +00:00: 2026-04-03 11:00:17,172 - __main__ - INFO - ✅ Like cycle complete — liked 0 tweets (9/200 today)
2026-04-03 12:30:18 +00:00: 2026-04-03 12:30:18,173 - __main__ - INFO - 💫 Like cycle starting — 9/200 today, budget: 40
2026-04-03 12:30:19 +00:00: 2026-04-03 12:30:19,092 - __main__ - INFO - 📬 Found 10 of our tweets to check for replies
2026-04-03 12:30:19 +00:00: 2026-04-03 12:30:19,258 - __main__ - INFO - Search 403 — resetting guest token
2026-04-03 12:30:20 +00:00: 2026-04-03 12:30:20,510 - __main__ - INFO - 🔑 Guest token refreshed
2026-04-03 12:30:20 +00:00: 2026-04-03 12:30:20,639 - __main__ - INFO - Search unexpected status: 404
2026-04-03 12:30:21 +00:00: 2026-04-03 12:30:21,767 - __main__ - INFO - Search unexpected status: 404
2026-04-03 12:30:22 +00:00: 2026-04-03 12:30:22,769 - __main__ - INFO - 📬 Reply strategy: 0 candidates
2026-04-03 12:30:24 +00:00: 2026-04-03 12:30:24,140 - __main__ - INFO - 📊 VIP DB: 25 candidates from events
2026-04-03 12:30:24 +00:00: 2026-04-03 12:30:24,141 - __main__ - INFO - 📊 VIP strategy: 25 total candidates
2026-04-03 12:30:28 +00:00: 2026-04-03 12:30:28,725 - __main__ - INFO - 🎯 Engagement target strategy: 40 candidates
2026-04-03 12:30:34 +00:00: 2026-04-03 12:30:34,966 - __main__ - INFO - Could not resolve @LOABORVRE_CS2: 200
2026-04-03 12:30:38 +00:00: 2026-04-03 12:30:38,034 - __main__ - INFO - 📡 GraphQL timeline @TeamLiquidCS: 20 tweets, status=200
2026-04-03 12:30:38 +00:00: 2026-04-03 12:30:38,034 - __main__ - INFO - 🌐 @TeamLiquidCS: 20 tweets via timeline scrape
2026-04-03 12:30:40 +00:00: 2026-04-03 12:30:40,180 - __main__ - INFO - Could not resolve @gaborcsgo: 200
2026-04-03 12:30:42 +00:00: 2026-04-03 12:30:42,945 - __main__ - INFO - ✅ Like cycle complete — liked 0 tweets (9/200 today)
2026-04-03 14:00:43 +00:00: 2026-04-03 14:00:43,872 - __main__ - INFO - 💫 Like cycle starting — 9/200 today, budget: 40
2026-04-03 14:00:44 +00:00: 2026-04-03 14:00:44,787 - __main__ - INFO - 📬 Found 10 of our tweets to check for replies
2026-04-03 14:00:44 +00:00: 2026-04-03 14:00:44,948 - __main__ - INFO - Search 403 — resetting guest token
2026-04-03 14:00:46 +00:00: 2026-04-03 14:00:46,156 - __main__ - INFO - 🔑 Guest token refreshed
2026-04-03 14:00:46 +00:00: 2026-04-03 14:00:46,280 - __main__ - INFO - Search unexpected status: 404
2026-04-03 14:00:47 +00:00: 2026-04-03 14:00:47,409 - __main__ - INFO - Search unexpected status: 404
2026-04-03 14:00:48 +00:00: 2026-04-03 14:00:48,410 - __main__ - INFO - 📬 Reply strategy: 0 candidates
2026-04-03 14:00:49 +00:00: 2026-04-03 14:00:49,785 - __main__ - INFO - 📊 VIP DB: 25 candidates from events
2026-04-03 14:00:49 +00:00: 2026-04-03 14:00:49,786 - __main__ - INFO - 📊 VIP strategy: 25 total candidates
2026-04-03 14:00:54 +00:00: 2026-04-03 14:00:54,357 - __main__ - INFO - 🎯 Engagement target strategy: 40 candidates
2026-04-03 14:01:01 +00:00: 2026-04-03 14:01:01,638 - __main__ - INFO - 📡 GraphQL timeline @Cloud9: 9 tweets, status=200
2026-04-03 14:01:01 +00:00: 2026-04-03 14:01:01,639 - __main__ - INFO - 🌐 @Cloud9: 9 tweets via timeline scrape
2026-04-03 14:01:04 +00:00: 2026-04-03 14:01:04,440 - __main__ - INFO - 📡 GraphQL timeline @FACEIT: 0 tweets, status=200
2026-04-03 14:01:06 +00:00: 2026-04-03 14:01:06,603 - __main__ - INFO - 📡 GraphQL timeline @PGL_Esports: 0 tweets, status=200
2026-04-03 14:01:09 +00:00: 2026-04-03 14:01:09,369 - __main__ - INFO - ✅ Like cycle complete — liked 0 tweets (9/200 today)
2026-04-03 14:46:10 +00:00: 2026-04-03 14:46:10,390 - __main__ - INFO - 💫 Like cycle starting — 9/200 today, budget: 40
2026-04-03 14:46:11 +00:00: 2026-04-03 14:46:11,303 - __main__ - INFO - 📬 Found 10 of our tweets to check for replies
2026-04-03 14:46:11 +00:00: 2026-04-03 14:46:11,443 - __main__ - INFO - Search unexpected status: 404
2026-04-03 14:46:12 +00:00: 2026-04-03 14:46:12,559 - __main__ - INFO - Search unexpected status: 404
2026-04-03 14:46:13 +00:00: 2026-04-03 14:46:13,674 - __main__ - INFO - Search unexpected status: 404
2026-04-03 14:46:14 +00:00: 2026-04-03 14:46:14,675 - __main__ - INFO - 📬 Reply strategy: 0 candidates
2026-04-03 14:46:16 +00:00: 2026-04-03 14:46:16,045 - __main__ - INFO - 📊 VIP DB: 25 candidates from events
2026-04-03 14:46:16 +00:00: 2026-04-03 14:46:16,046 - __main__ - INFO - 📊 VIP strategy: 25 total candidates
2026-04-03 14:46:20 +00:00: 2026-04-03 14:46:20,791 - __main__ - INFO - ❤️  Liked tweet 204006537190280... by @BlastPremier (vip_from_events)
2026-04-03 14:46:30 +00:00: 2026-04-03 14:46:30,062 - __main__ - INFO - 🎯 Engagement target strategy: 40 candidates
2026-04-03 14:46:36 +00:00: 2026-04-03 14:46:36,954 - __main__ - INFO - 📡 GraphQL timeline @Karrigancsgo: 20 tweets, status=200
2026-04-03 14:46:36 +00:00: 2026-04-03 14:46:36,955 - __main__ - INFO - 🌐 @Karrigancsgo: 20 tweets via timeline scrape
2026-04-03 14:46:39 +00:00: 2026-04-03 14:46:39,843 - __main__ - INFO - 📡 GraphQL timeline @FACEIT: 0 tweets, status=200
2026-04-03 14:46:42 +00:00: 2026-04-03 14:46:42,480 - __main__ - INFO - 📡 GraphQL timeline @Twistzz: 20 tweets, status=200
2026-04-03 14:46:42 +00:00: 2026-04-03 14:46:42,481 - __main__ - INFO - 🌐 @Twistzz: 20 tweets via timeline scrape
2026-04-03 14:46:46 +00:00: 2026-04-03 14:46:46,009 - __main__ - INFO - ✅ Like cycle complete — liked 1 tweets (10/200 today)
2026-04-03 15:31:47 +00:00: 2026-04-03 15:31:47,005 - __main__ - INFO - 💫 Like cycle starting — 10/200 today, budget: 40
2026-04-03 15:31:47 +00:00: 2026-04-03 15:31:47,921 - __main__ - INFO - 📬 Found 10 of our tweets to check for replies
2026-04-03 15:31:48 +00:00: 2026-04-03 15:31:48,068 - __main__ - INFO - Search unexpected status: 404
2026-04-03 15:31:49 +00:00: 2026-04-03 15:31:49,187 - __main__ - INFO - Search unexpected status: 404
2026-04-03 15:31:50 +00:00: 2026-04-03 15:31:50,309 - __main__ - INFO - Search unexpected status: 404
2026-04-03 15:31:51 +00:00: 2026-04-03 15:31:51,311 - __main__ - INFO - 📬 Reply strategy: 0 candidates
2026-04-03 15:31:52 +00:00: 2026-04-03 15:31:52,684 - __main__ - INFO - 📊 VIP DB: 25 candidates from events
2026-04-03 15:31:52 +00:00: 2026-04-03 15:31:52,684 - __main__ - INFO - 📊 VIP strategy: 25 total candidates
2026-04-03 15:31:57 +00:00: 2026-04-03 15:31:57,467 - __main__ - INFO - ❤️  Liked tweet 204007869958892... by @BlastPremier (vip_from_events)
2026-04-03 15:32:04 +00:00: 2026-04-03 15:32:04,009 - __main__ - INFO - 🎯 Engagement target strategy: 40 candidates
2026-04-03 15:32:10 +00:00: 2026-04-03 15:32:10,257 - __main__ - INFO - 📡 GraphQL timeline @rainCS: 0 tweets, status=200
2026-04-03 15:32:12 +00:00: 2026-04-03 15:32:12,859 - __main__ - INFO - 📡 GraphQL timeline @Karrigancsgo: 20 tweets, status=200
2026-04-03 15:32:12 +00:00: 2026-04-03 15:32:12,860 - __main__ - INFO - 🌐 @Karrigancsgo: 20 tweets via timeline scrape
2026-04-03 15:32:15 +00:00: 2026-04-03 15:32:15,714 - __main__ - INFO - 📡 GraphQL timeline @nilocsgo: 20 tweets, status=200
2026-04-03 15:32:15 +00:00: 2026-04-03 15:32:15,714 - __main__ - INFO - 🌐 @nilocsgo: 20 tweets via timeline scrape
2026-04-03 15:32:19 +00:00: 2026-04-03 15:32:19,241 - __main__ - INFO - ✅ Like cycle complete — liked 1 tweets (11/200 today)
2026-04-03 16:17:20 +00:00: 2026-04-03 16:17:20,255 - __main__ - INFO - 💫 Like cycle starting — 11/200 today, budget: 40
2026-04-03 16:17:21 +00:00: 2026-04-03 16:17:21,169 - __main__ - INFO - 📬 Found 10 of our tweets to check for replies
2026-04-03 16:17:21 +00:00: 2026-04-03 16:17:21,341 - __main__ - INFO - 🔑 Guest token refreshed
2026-04-03 16:17:21 +00:00: 2026-04-03 16:17:21,474 - __main__ - INFO - Search unexpected status: 404
2026-04-03 16:17:22 +00:00: 2026-04-03 16:17:22,590 - __main__ - INFO - Search unexpected status: 404
2026-04-03 16:17:23 +00:00: 2026-04-03 16:17:23,710 - __main__ - INFO - Search unexpected status: 404
2026-04-03 16:17:24 +00:00: 2026-04-03 16:17:24,711 - __main__ - INFO - 📬 Reply strategy: 0 candidates
2026-04-03 16:17:26 +00:00: 2026-04-03 16:17:26,082 - __main__ - INFO - 📊 VIP DB: 25 candidates from events
2026-04-03 16:17:26 +00:00: 2026-04-03 16:17:26,082 - __main__ - INFO - 📊 VIP strategy: 25 total candidates
2026-04-03 16:17:30 +00:00: 2026-04-03 16:17:30,810 - __main__ - INFO - 🎯 Engagement target strategy: 40 candidates
2026-04-03 16:17:37 +00:00: 2026-04-03 16:17:37,671 - __main__ - INFO - 📡 GraphQL timeline @ESLCS: 20 tweets, status=200
2026-04-03 16:17:37 +00:00: 2026-04-03 16:17:37,671 - __main__ - INFO - 🌐 @ESLCS: 20 tweets via timeline scrape
2026-04-03 16:17:40 +00:00: 2026-04-03 16:17:40,373 - __main__ - INFO - 📡 GraphQL timeline @FACEIT: 0 tweets, status=200
2026-04-03 16:17:43 +00:00: 2026-04-03 16:17:43,138 - __main__ - INFO - 📡 GraphQL timeline @EliGE: 20 tweets, status=200
2026-04-03 16:17:43 +00:00: 2026-04-03 16:17:43,139 - __main__ - INFO - 🌐 @EliGE: 20 tweets via timeline scrape
2026-04-03 16:17:46 +00:00: 2026-04-03 16:17:46,666 - __main__ - INFO - ✅ Like cycle complete — liked 0 tweets (11/200 today)
2026-04-03 17:02:47 +00:00: 2026-04-03 17:02:47,677 - __main__ - INFO - 💫 Like cycle starting — 11/200 today, budget: 40
2026-04-03 17:02:48 +00:00: 2026-04-03 17:02:48,591 - __main__ - INFO - 📬 Found 10 of our tweets to check for replies
2026-04-03 17:02:48 +00:00: 2026-04-03 17:02:48,728 - __main__ - INFO - Search unexpected status: 404
2026-04-03 17:02:49 +00:00: 2026-04-03 17:02:49,844 - __main__ - INFO - Search unexpected status: 404
2026-04-03 17:02:50 +00:00: 2026-04-03 17:02:50,958 - __main__ - INFO - Search unexpected status: 404
2026-04-03 17:02:51 +00:00: 2026-04-03 17:02:51,960 - __main__ - INFO - 📬 Reply strategy: 0 candidates
2026-04-03 17:02:53 +00:00: 2026-04-03 17:02:53,333 - __main__ - INFO - 📊 VIP DB: 25 candidates from events
2026-04-03 17:02:53 +00:00: 2026-04-03 17:02:53,333 - __main__ - INFO - 📊 VIP strategy: 25 total candidates
2026-04-03 17:02:58 +00:00: 2026-04-03 17:02:58,062 - __main__ - INFO - 🎯 Engagement target strategy: 40 candidates
2026-04-03 17:03:04 +00:00: 2026-04-03 17:03:04,303 - __main__ - INFO - Could not resolve @LOABORVRE_CS2: 200
2026-04-03 17:03:06 +00:00: 2026-04-03 17:03:06,929 - __main__ - INFO - 📡 GraphQL timeline @ESLCS: 20 tweets, status=200
2026-04-03 17:03:06 +00:00: 2026-04-03 17:03:06,930 - __main__ - INFO - 🌐 @ESLCS: 20 tweets via timeline scrape
2026-04-03 17:03:09 +00:00: 2026-04-03 17:03:09,078 - __main__ - INFO - 📡 GraphQL timeline @rainCS: 0 tweets, status=200
2026-04-03 17:03:11 +00:00: 2026-04-03 17:03:11,841 - __main__ - INFO - ✅ Like cycle complete — liked 0 tweets (11/200 today)
2026-04-03 17:48:12 +00:00: 2026-04-03 17:48:12,857 - __main__ - INFO - 💫 Like cycle starting — 11/200 today, budget: 40
2026-04-03 17:48:13 +00:00: 2026-04-03 17:48:13,774 - __main__ - INFO - 📬 Found 10 of our tweets to check for replies
2026-04-03 17:48:13 +00:00: 2026-04-03 17:48:13,930 - __main__ - INFO - Search unexpected status: 404
2026-04-03 17:48:15 +00:00: 2026-04-03 17:48:15,059 - __main__ - INFO - Search unexpected status: 404
2026-04-03 17:48:16 +00:00: 2026-04-03 17:48:16,182 - __main__ - INFO - Search unexpected status: 404
2026-04-03 17:48:17 +00:00: 2026-04-03 17:48:17,183 - __main__ - INFO - 📬 Reply strategy: 0 candidates
2026-04-03 17:48:18 +00:00: 2026-04-03 17:48:18,552 - __main__ - INFO - 📊 VIP DB: 25 candidates from events
2026-04-03 17:48:18 +00:00: 2026-04-03 17:48:18,552 - __main__ - INFO - 📊 VIP strategy: 25 total candidates
2026-04-03 17:48:23 +00:00: 2026-04-03 17:48:23,280 - __main__ - INFO - 🎯 Engagement target strategy: 40 candidates
2026-04-03 17:48:29 +00:00: 2026-04-03 17:48:29,970 - __main__ - INFO - 📡 GraphQL timeline @TeamLiquidCS: 20 tweets, status=200
2026-04-03 17:48:29 +00:00: 2026-04-03 17:48:29,971 - __main__ - INFO - 🌐 @TeamLiquidCS: 20 tweets via timeline scrape
2026-04-03 17:48:32 +00:00: 2026-04-03 17:48:32,903 - __main__ - INFO - 📡 GraphQL timeline @Twistzz: 20 tweets, status=200
2026-04-03 17:48:32 +00:00: 2026-04-03 17:48:32,903 - __main__ - INFO - 🌐 @Twistzz: 20 tweets via timeline scrape
2026-04-03 17:48:35 +00:00: 2026-04-03 17:48:35,438 - __main__ - INFO - 📡 GraphQL timeline @OGesports: 20 tweets, status=200
2026-04-03 17:48:35 +00:00: 2026-04-03 17:48:35,438 - __main__ - INFO - 🌐 @OGesports: 20 tweets via timeline scrape
2026-04-03 17:48:39 +00:00: 2026-04-03 17:48:39,725 - __main__ - INFO - ✅ Like cycle complete — liked 0 tweets (11/200 today)
2026-04-03 18:33:40 +00:00: 2026-04-03 18:33:40,741 - __main__ - INFO - 💫 Like cycle starting — 11/200 today, budget: 40
2026-04-03 18:33:41 +00:00: 2026-04-03 18:33:41,656 - __main__ - INFO - 📬 Found 10 of our tweets to check for replies
2026-04-03 18:33:41 +00:00: 2026-04-03 18:33:41,850 - __main__ - INFO - 🔑 Guest token refreshed
2026-04-03 18:33:41 +00:00: 2026-04-03 18:33:41,995 - __main__ - INFO - Search unexpected status: 404
2026-04-03 18:33:43 +00:00: 2026-04-03 18:33:43,118 - __main__ - INFO - Search unexpected status: 404
2026-04-03 18:33:44 +00:00: 2026-04-03 18:33:44,239 - __main__ - INFO - Search unexpected status: 404
2026-04-03 18:33:45 +00:00: 2026-04-03 18:33:45,240 - __main__ - INFO - 📬 Reply strategy: 0 candidates
2026-04-03 18:33:46 +00:00: 2026-04-03 18:33:46,612 - __main__ - INFO - 📊 VIP DB: 25 candidates from events
2026-04-03 18:33:46 +00:00: 2026-04-03 18:33:46,612 - __main__ - INFO - 📊 VIP strategy: 25 total candidates
2026-04-03 18:33:51 +00:00: 2026-04-03 18:33:51,343 - __main__ - INFO - 🎯 Engagement target strategy: 40 candidates
2026-04-03 18:33:58 +00:00: 2026-04-03 18:33:58,138 - __main__ - INFO - 📡 GraphQL timeline @Cloud9: 10 tweets, status=200
2026-04-03 18:33:58 +00:00: 2026-04-03 18:33:58,138 - __main__ - INFO - 🌐 @Cloud9: 10 tweets via timeline scrape
2026-04-03 18:34:00 +00:00: 2026-04-03 18:34:00,688 - __main__ - INFO - 📡 GraphQL timeline @BIGCLANgg: 17 tweets, status=200
2026-04-03 18:34:00 +00:00: 2026-04-03 18:34:00,688 - __main__ - INFO - 🌐 @BIGCLANgg: 17 tweets via timeline scrape
2026-04-03 18:34:03 +00:00: 2026-04-03 18:34:03,293 - __main__ - INFO - 📡 GraphQL timeline @TeamLiquidCS: 20 tweets, status=200
2026-04-03 18:34:03 +00:00: 2026-04-03 18:34:03,294 - __main__ - INFO - 🌐 @TeamLiquidCS: 20 tweets via timeline scrape
2026-04-03 18:34:06 +00:00: 2026-04-03 18:34:06,998 - __main__ - INFO - ❤️  Liked tweet 204012719130927... by @Cloud9 (cs2_community:Cloud9)
2026-04-03 18:34:14 +00:00: 2026-04-03 18:34:14,316 - __main__ - INFO - ❤️  Liked tweet 204010789267880... by @BIGCLANgg (cs2_community:BIGCLANgg)
2026-04-03 18:34:23 +00:00: 2026-04-03 18:34:23,549 - __main__ - INFO - ❤️  Liked tweet 204009763978659... by @BIGCLANgg (cs2_community:BIGCLANgg)
2026-04-03 18:34:32 +00:00: 2026-04-03 18:34:32,480 - __main__ - INFO - ❤️  Liked tweet 204011033078994... by @BIGCLANgg (cs2_community:BIGCLANgg)
2026-04-03 18:34:41 +00:00: 2026-04-03 18:34:41,534 - __main__ - INFO - ❤️  Liked tweet 204009118607387... by @BIGCLANgg (cs2_community:BIGCLANgg)
2026-04-03 18:34:53 +00:00: 2026-04-03 18:34:53,663 - __main__ - INFO - ❤️  Liked tweet 204010624510162... by @BIGCLANgg (cs2_community:BIGCLANgg)
2026-04-03 18:35:02 +00:00: 2026-04-03 18:35:02,583 - __main__ - INFO - ✅ Like cycle complete — liked 6 tweets (17/200 today)
2026-04-03 19:20:03 +00:00: 2026-04-03 19:20:03,600 - __main__ - INFO - 💫 Like cycle starting — 17/200 today, budget: 40
2026-04-03 19:20:04 +00:00: 2026-04-03 19:20:04,520 - __main__ - INFO - 📬 Found 10 of our tweets to check for replies
2026-04-03 19:20:04 +00:00: 2026-04-03 19:20:04,745 - __main__ - INFO - Search unexpected status: 404
2026-04-03 19:20:05 +00:00: 2026-04-03 19:20:05,873 - __main__ - INFO - Search unexpected status: 404
2026-04-03 19:20:07 +00:00: 2026-04-03 19:20:07,003 - __main__ - INFO - Search unexpected status: 404
2026-04-03 19:20:08 +00:00: 2026-04-03 19:20:08,005 - __main__ - INFO - 📬 Reply strategy: 0 candidates
2026-04-03 19:20:09 +00:00: 2026-04-03 19:20:09,380 - __main__ - INFO - 📊 VIP DB: 25 candidates from events
2026-04-03 19:20:09 +00:00: 2026-04-03 19:20:09,381 - __main__ - INFO - 📊 VIP strategy: 25 total candidates
2026-04-03 19:20:14 +00:00: 2026-04-03 19:20:14,108 - __main__ - INFO - 🎯 Engagement target strategy: 40 candidates
2026-04-03 19:20:20 +00:00: 2026-04-03 19:20:20,957 - __main__ - INFO - 📡 GraphQL timeline @Karrigancsgo: 20 tweets, status=200
2026-04-03 19:20:20 +00:00: 2026-04-03 19:20:20,957 - __main__ - INFO - 🌐 @Karrigancsgo: 20 tweets via timeline scrape
2026-04-03 19:20:23 +00:00: 2026-04-03 19:20:23,485 - __main__ - INFO - 📡 GraphQL timeline @OGesports: 20 tweets, status=200
2026-04-03 19:20:23 +00:00: 2026-04-03 19:20:23,485 - __main__ - INFO - 🌐 @OGesports: 20 tweets via timeline scrape
2026-04-03 19:20:25 +00:00: 2026-04-03 19:20:25,628 - __main__ - INFO - 📡 GraphQL timeline @Brehze: 0 tweets, status=200
2026-04-03 19:20:29 +00:00: 2026-04-03 19:20:29,155 - __main__ - INFO - ✅ Like cycle complete — liked 0 tweets (17/200 today)
2026-04-03 20:05:30 +00:00: 2026-04-03 20:05:30,167 - __main__ - INFO - 💫 Like cycle starting — 17/200 today, budget: 40
2026-04-03 20:05:31 +00:00: 2026-04-03 20:05:31,089 - __main__ - INFO - 📬 Found 10 of our tweets to check for replies
2026-04-03 20:05:31 +00:00: 2026-04-03 20:05:31,238 - __main__ - INFO - Search unexpected status: 404
2026-04-03 20:05:32 +00:00: 2026-04-03 20:05:32,354 - __main__ - INFO - Search unexpected status: 404
2026-04-03 20:05:33 +00:00: 2026-04-03 20:05:33,468 - __main__ - INFO - Search unexpected status: 404
2026-04-03 20:05:34 +00:00: 2026-04-03 20:05:34,470 - __main__ - INFO - 📬 Reply strategy: 0 candidates
2026-04-03 20:05:35 +00:00: 2026-04-03 20:05:35,838 - __main__ - INFO - 📊 VIP DB: 25 candidates from events
2026-04-03 20:05:35 +00:00: 2026-04-03 20:05:35,838 - __main__ - INFO - 📊 VIP strategy: 25 total candidates
2026-04-03 20:05:40 +00:00: 2026-04-03 20:05:40,573 - __main__ - INFO - 🎯 Engagement target strategy: 40 candidates
2026-04-03 20:05:46 +00:00: 2026-04-03 20:05:46,824 - __main__ - INFO - 📡 GraphQL timeline @PGL_Esports: 0 tweets, status=200
2026-04-03 20:05:48 +00:00: 2026-04-03 20:05:48,963 - __main__ - INFO - 📡 GraphQL timeline @Brehze: 0 tweets, status=200
2026-04-03 20:05:51 +00:00: 2026-04-03 20:05:51,790 - __main__ - INFO - 📡 GraphQL timeline @FACEIT: 0 tweets, status=200
2026-04-03 20:05:53 +00:00: 2026-04-03 20:05:53,793 - __main__ - INFO - ✅ Like cycle complete — liked 0 tweets (17/200 today)
2026-04-03 20:50:54 +00:00: 2026-04-03 20:50:54,807 - __main__ - INFO - 💫 Like cycle starting — 17/200 today, budget: 40
2026-04-03 20:50:55 +00:00: 2026-04-03 20:50:55,726 - __main__ - INFO - 📬 Found 10 of our tweets to check for replies
2026-04-03 20:50:55 +00:00: 2026-04-03 20:50:55,937 - __main__ - INFO - 🔑 Guest token refreshed
2026-04-03 20:50:56 +00:00: 2026-04-03 20:50:56,088 - __main__ - INFO - Search unexpected status: 404
2026-04-03 20:50:57 +00:00: 2026-04-03 20:50:57,210 - __main__ - INFO - Search unexpected status: 404
2026-04-03 20:50:58 +00:00: 2026-04-03 20:50:58,334 - __main__ - INFO - Search unexpected status: 404
2026-04-03 20:50:59 +00:00: 2026-04-03 20:50:59,335 - __main__ - INFO - 📬 Reply strategy: 0 candidates
2026-04-03 20:51:00 +00:00: 2026-04-03 20:51:00,718 - __main__ - INFO - 📊 VIP DB: 25 candidates from events
2026-04-03 20:51:00 +00:00: 2026-04-03 20:51:00,719 - __main__ - INFO - 📊 VIP strategy: 25 total candidates
2026-04-03 20:51:05 +00:00: 2026-04-03 20:51:05,447 - __main__ - INFO - 🎯 Engagement target strategy: 40 candidates
2026-04-03 20:51:12 +00:00: 2026-04-03 20:51:12,299 - __main__ - INFO - 📡 GraphQL timeline @Cloud9: 10 tweets, status=200
2026-04-03 20:51:12 +00:00: 2026-04-03 20:51:12,300 - __main__ - INFO - 🌐 @Cloud9: 10 tweets via timeline scrape
2026-04-03 20:51:14 +00:00: 2026-04-03 20:51:14,806 - __main__ - INFO - 📡 GraphQL timeline @OGesports: 20 tweets, status=200
2026-04-03 20:51:14 +00:00: 2026-04-03 20:51:14,807 - __main__ - INFO - 🌐 @OGesports: 20 tweets via timeline scrape
2026-04-03 20:51:17 +00:00: 2026-04-03 20:51:17,589 - __main__ - INFO - 📡 GraphQL timeline @nilocsgo: 20 tweets, status=200
2026-04-03 20:51:17 +00:00: 2026-04-03 20:51:17,589 - __main__ - INFO - 🌐 @nilocsgo: 20 tweets via timeline scrape
2026-04-03 20:51:21 +00:00: 2026-04-03 20:51:21,881 - __main__ - INFO - ✅ Like cycle complete — liked 0 tweets (17/200 today)
2026-04-03 21:36:22 +00:00: 2026-04-03 21:36:22,882 - __main__ - INFO - 💫 Like cycle starting — 17/200 today, budget: 40
2026-04-03 21:36:23 +00:00: 2026-04-03 21:36:23,797 - __main__ - INFO - 📬 Found 10 of our tweets to check for replies
2026-04-03 21:36:23 +00:00: 2026-04-03 21:36:23,954 - __main__ - INFO - Search unexpected status: 404
2026-04-03 21:36:25 +00:00: 2026-04-03 21:36:25,089 - __main__ - INFO - Search unexpected status: 404
2026-04-03 21:36:26 +00:00: 2026-04-03 21:36:26,212 - __main__ - INFO - Search unexpected status: 404
2026-04-03 21:36:27 +00:00: 2026-04-03 21:36:27,213 - __main__ - INFO - 📬 Reply strategy: 0 candidates
2026-04-03 21:36:28 +00:00: 2026-04-03 21:36:28,585 - __main__ - INFO - 📊 VIP DB: 25 candidates from events
2026-04-03 21:36:28 +00:00: 2026-04-03 21:36:28,585 - __main__ - INFO - 📊 VIP strategy: 25 total candidates
2026-04-03 21:36:33 +00:00: 2026-04-03 21:36:33,311 - __main__ - INFO - 🎯 Engagement target strategy: 40 candidates
2026-04-03 21:36:40 +00:00: 2026-04-03 21:36:40,098 - __main__ - INFO - 📡 GraphQL timeline @Cloud9: 10 tweets, status=200
2026-04-03 21:36:40 +00:00: 2026-04-03 21:36:40,099 - __main__ - INFO - 🌐 @Cloud9: 10 tweets via timeline scrape
2026-04-03 21:36:42 +00:00: 2026-04-03 21:36:42,718 - __main__ - INFO - 📡 GraphQL timeline @Complexity: 11 tweets, status=200
2026-04-03 21:36:42 +00:00: 2026-04-03 21:36:42,719 - __main__ - INFO - 🌐 @Complexity: 11 tweets via timeline scrape
2026-04-03 21:36:45 +00:00: 2026-04-03 21:36:45,415 - __main__ - INFO - 📡 GraphQL timeline @Twistzz: 20 tweets, status=200
2026-04-03 21:36:45 +00:00: 2026-04-03 21:36:45,416 - __main__ - INFO - 🌐 @Twistzz: 20 tweets via timeline scrape
2026-04-03 21:36:49 +00:00: 2026-04-03 21:36:49,705 - __main__ - INFO - ✅ Like cycle complete — liked 0 tweets (17/200 today)
2026-04-03 22:21:50 +00:00: 2026-04-03 22:21:50,723 - __main__ - INFO - 💫 Like cycle starting — 17/200 today, budget: 40
2026-04-03 22:21:51 +00:00: 2026-04-03 22:21:51,637 - __main__ - INFO - 📬 Found 10 of our tweets to check for replies
2026-04-03 22:21:51 +00:00: 2026-04-03 22:21:51,791 - __main__ - INFO - Search unexpected status: 404
2026-04-03 22:21:52 +00:00: 2026-04-03 22:21:52,913 - __main__ - INFO - Search unexpected status: 404
2026-04-03 22:21:54 +00:00: 2026-04-03 22:21:54,035 - __main__ - INFO - Search unexpected status: 404
2026-04-03 22:21:55 +00:00: 2026-04-03 22:21:55,036 - __main__ - INFO - 📬 Reply strategy: 0 candidates
2026-04-03 22:21:56 +00:00: 2026-04-03 22:21:56,416 - __main__ - INFO - 📊 VIP DB: 25 candidates from events
2026-04-03 22:21:56 +00:00: 2026-04-03 22:21:56,417 - __main__ - INFO - 📊 VIP strategy: 25 total candidates
2026-04-03 22:22:01 +00:00: 2026-04-03 22:22:01,160 - __main__ - INFO - 🎯 Engagement target strategy: 40 candidates
2026-04-03 22:22:08 +00:00: 2026-04-03 22:22:08,162 - __main__ - INFO - 📡 GraphQL timeline @Cloud9: 10 tweets, status=200
2026-04-03 22:22:08 +00:00: 2026-04-03 22:22:08,163 - __main__ - INFO - 🌐 @Cloud9: 10 tweets via timeline scrape
2026-04-03 22:22:10 +00:00: 2026-04-03 22:22:10,994 - __main__ - INFO - 📡 GraphQL timeline @Twistzz: 20 tweets, status=200
2026-04-03 22:22:10 +00:00: 2026-04-03 22:22:10,995 - __main__ - INFO - 🌐 @Twistzz: 20 tweets via timeline scrape
2026-04-03 22:22:13 +00:00: 2026-04-03 22:22:13,911 - __main__ - INFO - 📡 GraphQL timeline @EliGE: 20 tweets, status=200
2026-04-03 22:22:13 +00:00: 2026-04-03 22:22:13,912 - __main__ - INFO - 🌐 @EliGE: 20 tweets via timeline scrape
2026-04-03 22:22:18 +00:00: 2026-04-03 22:22:18,202 - __main__ - INFO - ✅ Like cycle complete — liked 0 tweets (17/200 today)
2026-04-03 23:07:19 +00:00: 2026-04-03 23:07:19,170 - __main__ - INFO - 💫 Like cycle starting — 17/200 today, budget: 40
2026-04-03 23:07:20 +00:00: 2026-04-03 23:07:20,086 - __main__ - INFO - 📬 Found 10 of our tweets to check for replies
2026-04-03 23:07:20 +00:00: 2026-04-03 23:07:20,284 - __main__ - INFO - 🔑 Guest token refreshed
2026-04-03 23:07:20 +00:00: 2026-04-03 23:07:20,420 - __main__ - INFO - Search unexpected status: 404
2026-04-03 23:07:21 +00:00: 2026-04-03 23:07:21,538 - __main__ - INFO - Search unexpected status: 404
2026-04-03 23:07:22 +00:00: 2026-04-03 23:07:22,653 - __main__ - INFO - Search unexpected status: 404
2026-04-03 23:07:23 +00:00: 2026-04-03 23:07:23,654 - __main__ - INFO - 📬 Reply strategy: 0 candidates
2026-04-03 23:07:25 +00:00: 2026-04-03 23:07:25,026 - __main__ - INFO - 📊 VIP DB: 25 candidates from events
2026-04-03 23:07:25 +00:00: 2026-04-03 23:07:25,027 - __main__ - INFO - 📊 VIP strategy: 25 total candidates
2026-04-03 23:07:29 +00:00: 2026-04-03 23:07:29,753 - __main__ - INFO - 🎯 Engagement target strategy: 40 candidates
2026-04-03 23:07:36 +00:00: 2026-04-03 23:07:36,449 - __main__ - INFO - 📡 GraphQL timeline @Twistzz: 20 tweets, status=200
2026-04-03 23:07:36 +00:00: 2026-04-03 23:07:36,450 - __main__ - INFO - 🌐 @Twistzz: 20 tweets via timeline scrape
2026-04-03 23:07:38 +00:00: 2026-04-03 23:07:38,584 - __main__ - INFO - 📡 GraphQL timeline @Brehze: 0 tweets, status=200
2026-04-03 23:07:41 +00:00: 2026-04-03 23:07:41,233 - __main__ - INFO - 📡 GraphQL timeline @Cloud9: 11 tweets, status=200
2026-04-03 23:07:41 +00:00: 2026-04-03 23:07:41,234 - __main__ - INFO - 🌐 @Cloud9: 11 tweets via timeline scrape
2026-04-03 23:07:45 +00:00: 2026-04-03 23:07:45,102 - __main__ - INFO - ❤️  Liked tweet 204019904068860... by @Cloud9 (cs2_community:Cloud9)
2026-04-03 23:07:50 +00:00: 2026-04-03 23:07:50,934 - __main__ - INFO - ✅ Like cycle complete — liked 1 tweets (18/200 today)
2026-04-03 23:52:51 +00:00: 2026-04-03 23:52:51,866 - __main__ - INFO - 💫 Like cycle starting — 18/200 today, budget: 40
2026-04-03 23:52:52 +00:00: 2026-04-03 23:52:52,781 - __main__ - INFO - 📬 Found 10 of our tweets to check for replies
2026-04-03 23:52:52 +00:00: 2026-04-03 23:52:52,942 - __main__ - INFO - Search unexpected status: 404
2026-04-03 23:52:54 +00:00: 2026-04-03 23:52:54,070 - __main__ - INFO - Search unexpected status: 404
2026-04-03 23:52:55 +00:00: 2026-04-03 23:52:55,193 - __main__ - INFO - Search unexpected status: 404
2026-04-03 23:52:56 +00:00: 2026-04-03 23:52:56,194 - __main__ - INFO - 📬 Reply strategy: 0 candidates
2026-04-03 23:52:57 +00:00: 2026-04-03 23:52:57,572 - __main__ - INFO - 📊 VIP DB: 25 candidates from events
2026-04-03 23:52:57 +00:00: 2026-04-03 23:52:57,573 - __main__ - INFO - 📊 VIP strategy: 25 total candidates
2026-04-03 23:53:02 +00:00: 2026-04-03 23:53:02,297 - __main__ - INFO - 🎯 Engagement target strategy: 40 candidates
2026-04-03 23:53:09 +00:00: 2026-04-03 23:53:09,002 - __main__ - INFO - 📡 GraphQL timeline @TeamLiquidCS: 20 tweets, status=200
2026-04-03 23:53:09 +00:00: 2026-04-03 23:53:09,003 - __main__ - INFO - 🌐 @TeamLiquidCS: 20 tweets via timeline scrape
2026-04-03 23:53:11 +00:00: 2026-04-03 23:53:11,720 - __main__ - INFO - 📡 GraphQL timeline @Cloud9: 11 tweets, status=200
2026-04-03 23:53:11 +00:00: 2026-04-03 23:53:11,720 - __main__ - INFO - 🌐 @Cloud9: 11 tweets via timeline scrape
2026-04-03 23:53:14 +00:00: 2026-04-03 23:53:14,325 - __main__ - INFO - 📡 GraphQL timeline @BIGCLANgg: 17 tweets, status=200
2026-04-03 23:53:14 +00:00: 2026-04-03 23:53:14,325 - __main__ - INFO - 🌐 @BIGCLANgg: 17 tweets via timeline scrape
2026-04-03 23:53:19 +00:00: 2026-04-03 23:53:19,388 - __main__ - INFO - ❤️  Liked tweet 204014002519144... by @BIGCLANgg (cs2_community:BIGCLANgg)
2026-04-03 23:53:25 +00:00: 2026-04-03 23:53:25,841 - __main__ - INFO - ✅ Like cycle complete — liked 1 tweets (19/200 today)
2026-04-04 00:38:26 +00:00: 2026-04-04 00:38:26,779 - __main__ - INFO - 💫 Like cycle starting — 0/200 today, budget: 40
2026-04-04 00:38:27 +00:00: 2026-04-04 00:38:27,691 - __main__ - INFO - 📬 Found 10 of our tweets to check for replies
2026-04-04 00:38:27 +00:00: 2026-04-04 00:38:27,828 - __main__ - INFO - Search unexpected status: 404
2026-04-04 00:38:28 +00:00: 2026-04-04 00:38:28,941 - __main__ - INFO - Search unexpected status: 404
2026-04-04 00:38:30 +00:00: 2026-04-04 00:38:30,060 - __main__ - INFO - Search unexpected status: 404
2026-04-04 00:38:31 +00:00: 2026-04-04 00:38:31,063 - __main__ - INFO - 📬 Reply strategy: 0 candidates
2026-04-04 00:38:32 +00:00: 2026-04-04 00:38:32,433 - __main__ - INFO - 📊 VIP DB: 25 candidates from events
2026-04-04 00:38:32 +00:00: 2026-04-04 00:38:32,433 - __main__ - INFO - 📊 VIP strategy: 25 total candidates
2026-04-04 00:38:37 +00:00: 2026-04-04 00:38:37,161 - __main__ - INFO - 🎯 Engagement target strategy: 40 candidates
2026-04-04 00:38:43 +00:00: 2026-04-04 00:38:43,408 - __main__ - INFO - 📡 GraphQL timeline @PGL_Esports: 0 tweets, status=200
2026-04-04 00:38:45 +00:00: 2026-04-04 00:38:45,549 - __main__ - INFO - 📡 GraphQL timeline @Brehze: 0 tweets, status=200
2026-04-04 00:38:48 +00:00: 2026-04-04 00:38:48,137 - __main__ - INFO - 📡 GraphQL timeline @OGesports: 20 tweets, status=200
2026-04-04 00:38:48 +00:00: 2026-04-04 00:38:48,140 - __main__ - INFO - 🌐 @OGesports: 20 tweets via timeline scrape
2026-04-04 00:38:50 +00:00: 2026-04-04 00:38:50,904 - __main__ - INFO - ✅ Like cycle complete — liked 0 tweets (0/200 today)
2026-04-04 02:08:51 +00:00: 2026-04-04 02:08:51,874 - __main__ - INFO - 💫 Like cycle starting — 0/200 today, budget: 40
2026-04-04 02:08:52 +00:00: 2026-04-04 02:08:52,786 - __main__ - INFO - 📬 Found 10 of our tweets to check for replies
2026-04-04 02:08:52 +00:00: 2026-04-04 02:08:52,990 - __main__ - INFO - 🔑 Guest token refreshed
2026-04-04 02:08:53 +00:00: 2026-04-04 02:08:53,142 - __main__ - INFO - Search unexpected status: 404
2026-04-04 02:08:54 +00:00: 2026-04-04 02:08:54,264 - __main__ - INFO - Search unexpected status: 404
2026-04-04 02:08:55 +00:00: 2026-04-04 02:08:55,389 - __main__ - INFO - Search unexpected status: 404
2026-04-04 02:08:56 +00:00: 2026-04-04 02:08:56,390 - __main__ - INFO - 📬 Reply strategy: 0 candidates
2026-04-04 02:08:57 +00:00: 2026-04-04 02:08:57,761 - __main__ - INFO - 📊 VIP DB: 25 candidates from events
2026-04-04 02:08:57 +00:00: 2026-04-04 02:08:57,761 - __main__ - INFO - 📊 VIP strategy: 25 total candidates
2026-04-04 02:09:02 +00:00: 2026-04-04 02:09:02,491 - __main__ - INFO - 🎯 Engagement target strategy: 40 candidates
2026-04-04 02:09:08 +00:00: 2026-04-04 02:09:08,748 - __main__ - INFO - 📡 GraphQL timeline @PGL_Esports: 0 tweets, status=200
2026-04-04 02:09:11 +00:00: 2026-04-04 02:09:11,357 - __main__ - INFO - 📡 GraphQL timeline @Cloud9: 12 tweets, status=200
2026-04-04 02:09:11 +00:00: 2026-04-04 02:09:11,357 - __main__ - INFO - 🌐 @Cloud9: 12 tweets via timeline scrape
2026-04-04 02:09:13 +00:00: 2026-04-04 02:09:13,497 - __main__ - INFO - Could not resolve @LOABORVRE_CS2: 200
2026-04-04 02:09:17 +00:00: 2026-04-04 02:09:17,111 - __main__ - INFO - ❤️  Liked tweet 204022810164528... by @Cloud9 (cs2_community:Cloud9)
2026-04-04 02:09:27 +00:00: 2026-04-04 02:09:27,169 - __main__ - INFO - ❤️  Liked tweet 204022013268583... by @Cloud9 (cs2_community:Cloud9)
2026-04-04 02:09:34 +00:00: 2026-04-04 02:09:34,985 - __main__ - INFO - ✅ Like cycle complete — liked 2 tweets (2/200 today)
2026-04-04 03:39:35 +00:00: 2026-04-04 03:39:35,971 - __main__ - INFO - 💫 Like cycle starting — 2/200 today, budget: 40
2026-04-04 03:39:36 +00:00: 2026-04-04 03:39:36,889 - __main__ - INFO - 📬 Found 10 of our tweets to check for replies
2026-04-04 03:39:37 +00:00: 2026-04-04 03:39:37,046 - __main__ - INFO - Search 403 — resetting guest token
2026-04-04 03:39:38 +00:00: 2026-04-04 03:39:38,231 - __main__ - INFO - 🔑 Guest token refreshed
2026-04-04 03:39:38 +00:00: 2026-04-04 03:39:38,359 - __main__ - INFO - Search unexpected status: 404
2026-04-04 03:39:39 +00:00: 2026-04-04 03:39:39,486 - __main__ - INFO - Search unexpected status: 404
2026-04-04 03:39:40 +00:00: 2026-04-04 03:39:40,487 - __main__ - INFO - 📬 Reply strategy: 0 candidates
2026-04-04 03:39:41 +00:00: 2026-04-04 03:39:41,858 - __main__ - INFO - 📊 VIP DB: 25 candidates from events
2026-04-04 03:39:41 +00:00: 2026-04-04 03:39:41,858 - __main__ - INFO - 📊 VIP strategy: 25 total candidates
2026-04-04 03:39:46 +00:00: 2026-04-04 03:39:46,598 - __main__ - INFO - 🎯 Engagement target strategy: 40 candidates
2026-04-04 03:39:53 +00:00: 2026-04-04 03:39:53,317 - __main__ - INFO - 📡 GraphQL timeline @EliGE: 20 tweets, status=200
2026-04-04 03:39:53 +00:00: 2026-04-04 03:39:53,318 - __main__ - INFO - 🌐 @EliGE: 20 tweets via timeline scrape
2026-04-04 03:39:55 +00:00: 2026-04-04 03:39:55,470 - __main__ - INFO - 📡 GraphQL timeline @PGL_Esports: 0 tweets, status=200
2026-04-04 03:39:57 +00:00: 2026-04-04 03:39:57,626 - __main__ - INFO - 📡 GraphQL timeline @rainCS: 0 tweets, status=200
2026-04-04 03:40:00 +00:00: 2026-04-04 03:40:00,390 - __main__ - INFO - ✅ Like cycle complete — liked 0 tweets (2/200 today)
2026-04-04 05:10:01 +00:00: 2026-04-04 05:10:01,314 - __main__ - INFO - 💫 Like cycle starting — 2/200 today, budget: 40
2026-04-04 05:10:02 +00:00: 2026-04-04 05:10:02,230 - __main__ - INFO - 📬 Found 10 of our tweets to check for replies
2026-04-04 05:10:02 +00:00: 2026-04-04 05:10:02,375 - __main__ - INFO - Search 403 — resetting guest token
2026-04-04 05:10:03 +00:00: 2026-04-04 05:10:03,567 - __main__ - INFO - 🔑 Guest token refreshed
2026-04-04 05:10:03 +00:00: 2026-04-04 05:10:03,682 - __main__ - INFO - Search unexpected status: 404
2026-04-04 05:10:04 +00:00: 2026-04-04 05:10:04,796 - __main__ - INFO - Search unexpected status: 404
2026-04-04 05:10:05 +00:00: 2026-04-04 05:10:05,797 - __main__ - INFO - 📬 Reply strategy: 0 candidates
2026-04-04 05:10:07 +00:00: 2026-04-04 05:10:07,173 - __main__ - INFO - 📊 VIP DB: 25 candidates from events
2026-04-04 05:10:07 +00:00: 2026-04-04 05:10:07,174 - __main__ - INFO - 📊 VIP strategy: 25 total candidates
2026-04-04 05:10:11 +00:00: 2026-04-04 05:10:11,899 - __main__ - INFO - 🎯 Engagement target strategy: 40 candidates
2026-04-04 05:10:18 +00:00: 2026-04-04 05:10:18,685 - __main__ - INFO - 📡 GraphQL timeline @Cloud9: 12 tweets, status=200
2026-04-04 05:10:18 +00:00: 2026-04-04 05:10:18,686 - __main__ - INFO - 🌐 @Cloud9: 12 tweets via timeline scrape
2026-04-04 05:10:20 +00:00: 2026-04-04 05:10:20,814 - __main__ - INFO - Could not resolve @gaborcsgo: 200
2026-04-04 05:10:23 +00:00: 2026-04-04 05:10:23,338 - __main__ - INFO - 📡 GraphQL timeline @BIGCLANgg: 17 tweets, status=200
2026-04-04 05:10:23 +00:00: 2026-04-04 05:10:23,338 - __main__ - INFO - 🌐 @BIGCLANgg: 17 tweets via timeline scrape
2026-04-04 05:10:26 +00:00: 2026-04-04 05:10:26,863 - __main__ - INFO - ✅ Like cycle complete — liked 0 tweets (2/200 today)
2026-04-04 06:40:27 +00:00: 2026-04-04 06:40:27,876 - __main__ - INFO - 💫 Like cycle starting — 2/200 today, budget: 40
2026-04-04 06:40:28 +00:00: 2026-04-04 06:40:28,793 - __main__ - INFO - 📬 Found 10 of our tweets to check for replies
2026-04-04 06:40:28 +00:00: 2026-04-04 06:40:28,952 - __main__ - INFO - Search 403 — resetting guest token
2026-04-04 06:40:30 +00:00: 2026-04-04 06:40:30,142 - __main__ - INFO - 🔑 Guest token refreshed
2026-04-04 06:40:30 +00:00: 2026-04-04 06:40:30,261 - __main__ - INFO - Search unexpected status: 404
2026-04-04 06:40:31 +00:00: 2026-04-04 06:40:31,382 - __main__ - INFO - Search unexpected status: 404
2026-04-04 06:40:32 +00:00: 2026-04-04 06:40:32,383 - __main__ - INFO - 📬 Reply strategy: 0 candidates
2026-04-04 06:40:33 +00:00: 2026-04-04 06:40:33,757 - __main__ - INFO - 📊 VIP DB: 25 candidates from events
2026-04-04 06:40:33 +00:00: 2026-04-04 06:40:33,757 - __main__ - INFO - 📊 VIP strategy: 25 total candidates
2026-04-04 06:40:38 +00:00: 2026-04-04 06:40:38,491 - __main__ - INFO - 🎯 Engagement target strategy: 40 candidates
2026-04-04 06:40:45 +00:00: 2026-04-04 06:40:45,256 - __main__ - INFO - 📡 GraphQL timeline @Karrigancsgo: 20 tweets, status=200
2026-04-04 06:40:45 +00:00: 2026-04-04 06:40:45,256 - __main__ - INFO - 🌐 @Karrigancsgo: 20 tweets via timeline scrape
2026-04-04 06:40:47 +00:00: 2026-04-04 06:40:47,876 - __main__ - INFO - 📡 GraphQL timeline @Twistzz: 20 tweets, status=200
2026-04-04 06:40:47 +00:00: 2026-04-04 06:40:47,876 - __main__ - INFO - 🌐 @Twistzz: 20 tweets via timeline scrape
2026-04-04 06:40:50 +00:00: 2026-04-04 06:40:50,593 - __main__ - INFO - 📡 GraphQL timeline @TeamLiquidCS: 20 tweets, status=200
2026-04-04 06:40:50 +00:00: 2026-04-04 06:40:50,594 - __main__ - INFO - 🌐 @TeamLiquidCS: 20 tweets via timeline scrape
2026-04-04 06:40:54 +00:00: 2026-04-04 06:40:54,882 - __main__ - INFO - ✅ Like cycle complete — liked 0 tweets (2/200 today)
2026-04-04 08:10:55 +00:00: 2026-04-04 08:10:55,888 - __main__ - INFO - 💫 Like cycle starting — 2/200 today, budget: 40
2026-04-04 08:10:56 +00:00: 2026-04-04 08:10:56,802 - __main__ - INFO - 📬 Found 10 of our tweets to check for replies
2026-04-04 08:10:56 +00:00: 2026-04-04 08:10:56,958 - __main__ - INFO - Search 403 — resetting guest token
2026-04-04 08:10:58 +00:00: 2026-04-04 08:10:58,135 - __main__ - INFO - 🔑 Guest token refreshed
2026-04-04 08:10:58 +00:00: 2026-04-04 08:10:58,250 - __main__ - INFO - Search unexpected status: 404
2026-04-04 08:10:59 +00:00: 2026-04-04 08:10:59,363 - __main__ - INFO - Search unexpected status: 404
2026-04-04 08:11:00 +00:00: 2026-04-04 08:11:00,364 - __main__ - INFO - 📬 Reply strategy: 0 candidates
2026-04-04 08:11:01 +00:00: 2026-04-04 08:11:01,733 - __main__ - INFO - 📊 VIP DB: 25 candidates from events
2026-04-04 08:11:01 +00:00: 2026-04-04 08:11:01,733 - __main__ - INFO - 📊 VIP strategy: 25 total candidates
2026-04-04 08:11:06 +00:00: 2026-04-04 08:11:06,448 - __main__ - INFO - 🎯 Engagement target strategy: 40 candidates
2026-04-04 08:11:13 +00:00: 2026-04-04 08:11:13,244 - __main__ - INFO - 📡 GraphQL timeline @Twistzz: 20 tweets, status=200
2026-04-04 08:11:13 +00:00: 2026-04-04 08:11:13,245 - __main__ - INFO - 🌐 @Twistzz: 20 tweets via timeline scrape
2026-04-04 08:11:15 +00:00: 2026-04-04 08:11:15,946 - __main__ - INFO - 📡 GraphQL timeline @EliGE: 20 tweets, status=200
2026-04-04 08:11:15 +00:00: 2026-04-04 08:11:15,946 - __main__ - INFO - 🌐 @EliGE: 20 tweets via timeline scrape
2026-04-04 08:11:18 +00:00: 2026-04-04 08:11:18,525 - __main__ - INFO - 📡 GraphQL timeline @FACEIT: 0 tweets, status=200
2026-04-04 08:11:22 +00:00: 2026-04-04 08:11:22,051 - __main__ - INFO - ✅ Like cycle complete — liked 0 tweets (2/200 today)
2026-04-04 09:41:23 +00:00: 2026-04-04 09:41:23,065 - __main__ - INFO - 💫 Like cycle starting — 2/200 today, budget: 40
2026-04-04 09:41:23 +00:00: 2026-04-04 09:41:23,978 - __main__ - INFO - 📬 Found 10 of our tweets to check for replies
2026-04-04 09:41:24 +00:00: 2026-04-04 09:41:24,121 - __main__ - INFO - Search 403 — resetting guest token
2026-04-04 09:41:25 +00:00: 2026-04-04 09:41:25,284 - __main__ - INFO - 🔑 Guest token refreshed
2026-04-04 09:41:25 +00:00: 2026-04-04 09:41:25,396 - __main__ - INFO - Search unexpected status: 404
2026-04-04 09:41:26 +00:00: 2026-04-04 09:41:26,511 - __main__ - INFO - Search unexpected status: 404
2026-04-04 09:41:27 +00:00: 2026-04-04 09:41:27,512 - __main__ - INFO - 📬 Reply strategy: 0 candidates
2026-04-04 09:41:28 +00:00: 2026-04-04 09:41:28,886 - __main__ - INFO - 📊 VIP DB: 25 candidates from events
2026-04-04 09:41:28 +00:00: 2026-04-04 09:41:28,887 - __main__ - INFO - 📊 VIP strategy: 25 total candidates
2026-04-04 09:41:33 +00:00: 2026-04-04 09:41:33,609 - __main__ - INFO - 🎯 Engagement target strategy: 40 candidates
2026-04-04 09:41:40 +00:00: 2026-04-04 09:41:40,270 - __main__ - INFO - 📡 GraphQL timeline @ESLCS: 20 tweets, status=200
2026-04-04 09:41:40 +00:00: 2026-04-04 09:41:40,271 - __main__ - INFO - 🌐 @ESLCS: 20 tweets via timeline scrape
2026-04-04 09:41:42 +00:00: 2026-04-04 09:41:42,933 - __main__ - INFO - 📡 GraphQL timeline @Karrigancsgo: 20 tweets, status=200
2026-04-04 09:41:42 +00:00: 2026-04-04 09:41:42,934 - __main__ - INFO - 🌐 @Karrigancsgo: 20 tweets via timeline scrape
2026-04-04 09:41:45 +00:00: 2026-04-04 09:41:45,517 - __main__ - INFO - 📡 GraphQL timeline @Cloud9: 12 tweets, status=200
2026-04-04 09:41:45 +00:00: 2026-04-04 09:41:45,517 - __main__ - INFO - 🌐 @Cloud9: 12 tweets via timeline scrape
2026-04-04 09:41:49 +00:00: 2026-04-04 09:41:49,803 - __main__ - INFO - ✅ Like cycle complete — liked 0 tweets (2/200 today)
2026-04-04 11:11:50 +00:00: 2026-04-04 11:11:50,724 - __main__ - INFO - 💫 Like cycle starting — 2/200 today, budget: 40
2026-04-04 11:11:51 +00:00: 2026-04-04 11:11:51,637 - __main__ - INFO - 📬 Found 10 of our tweets to check for replies
2026-04-04 11:11:51 +00:00: 2026-04-04 11:11:51,775 - __main__ - INFO - Search 403 — resetting guest token
2026-04-04 11:11:52 +00:00: 2026-04-04 11:11:52,930 - __main__ - INFO - 🔑 Guest token refreshed
2026-04-04 11:11:53 +00:00: 2026-04-04 11:11:53,046 - __main__ - INFO - Search unexpected status: 404
2026-04-04 11:11:54 +00:00: 2026-04-04 11:11:54,160 - __main__ - INFO - Search unexpected status: 404
2026-04-04 11:11:55 +00:00: 2026-04-04 11:11:55,161 - __main__ - INFO - 📬 Reply strategy: 0 candidates
2026-04-04 11:11:56 +00:00: 2026-04-04 11:11:56,531 - __main__ - INFO - 📊 VIP DB: 25 candidates from events
2026-04-04 11:11:56 +00:00: 2026-04-04 11:11:56,532 - __main__ - INFO - 📊 VIP strategy: 25 total candidates
2026-04-04 11:12:01 +00:00: 2026-04-04 11:12:01,251 - __main__ - INFO - 🎯 Engagement target strategy: 40 candidates
2026-04-04 11:12:07 +00:00: 2026-04-04 11:12:07,984 - __main__ - INFO - 📡 GraphQL timeline @OGesports: 20 tweets, status=200
2026-04-04 11:12:07 +00:00: 2026-04-04 11:12:07,985 - __main__ - INFO - 🌐 @OGesports: 20 tweets via timeline scrape
2026-04-04 11:12:10 +00:00: 2026-04-04 11:12:10,687 - __main__ - INFO - 📡 GraphQL timeline @Twistzz: 20 tweets, status=200
2026-04-04 11:12:10 +00:00: 2026-04-04 11:12:10,688 - __main__ - INFO - 🌐 @Twistzz: 20 tweets via timeline scrape
2026-04-04 11:12:13 +00:00: 2026-04-04 11:12:13,522 - __main__ - INFO - 📡 GraphQL timeline @FACEIT: 0 tweets, status=200
2026-04-04 11:12:17 +00:00: 2026-04-04 11:12:17,049 - __main__ - INFO - ✅ Like cycle complete — liked 0 tweets (2/200 today)
2026-04-04 12:42:18 +00:00: 2026-04-04 12:42:18,048 - __main__ - INFO - 💫 Like cycle starting — 2/200 today, budget: 40
2026-04-04 12:42:18 +00:00: 2026-04-04 12:42:18,961 - __main__ - INFO - 📬 Found 10 of our tweets to check for replies
2026-04-04 12:42:19 +00:00: 2026-04-04 12:42:19,109 - __main__ - INFO - Search 403 — resetting guest token
2026-04-04 12:42:20 +00:00: 2026-04-04 12:42:20,287 - __main__ - INFO - 🔑 Guest token refreshed
2026-04-04 12:42:20 +00:00: 2026-04-04 12:42:20,401 - __main__ - INFO - Search unexpected status: 404
2026-04-04 12:42:21 +00:00: 2026-04-04 12:42:21,516 - __main__ - INFO - Search unexpected status: 404
2026-04-04 12:42:22 +00:00: 2026-04-04 12:42:22,518 - __main__ - INFO - 📬 Reply strategy: 0 candidates
2026-04-04 12:42:23 +00:00: 2026-04-04 12:42:23,886 - __main__ - INFO - 📊 VIP DB: 24 candidates from events
2026-04-04 12:42:23 +00:00: 2026-04-04 12:42:23,886 - __main__ - INFO - 📊 VIP strategy: 24 total candidates
2026-04-04 12:42:28 +00:00: 2026-04-04 12:42:28,458 - __main__ - INFO - 🎯 Engagement target strategy: 40 candidates
2026-04-04 12:42:35 +00:00: 2026-04-04 12:42:35,305 - __main__ - INFO - 📡 GraphQL timeline @ESLCS: 20 tweets, status=200
2026-04-04 12:42:35 +00:00: 2026-04-04 12:42:35,306 - __main__ - INFO - 🌐 @ESLCS: 20 tweets via timeline scrape
2026-04-04 12:42:37 +00:00: 2026-04-04 12:42:37,957 - __main__ - INFO - 📡 GraphQL timeline @EliGE: 20 tweets, status=200
2026-04-04 12:42:37 +00:00: 2026-04-04 12:42:37,957 - __main__ - INFO - 🌐 @EliGE: 20 tweets via timeline scrape
2026-04-04 12:42:40 +00:00: 2026-04-04 12:42:40,901 - __main__ - INFO - 📡 GraphQL timeline @Twistzz: 20 tweets, status=200
2026-04-04 12:42:40 +00:00: 2026-04-04 12:42:40,902 - __main__ - INFO - 🌐 @Twistzz: 20 tweets via timeline scrape
2026-04-04 12:42:45 +00:00: 2026-04-04 12:42:45,189 - __main__ - INFO - ✅ Like cycle complete — liked 0 tweets (2/200 today)
2026-04-04 14:12:46 +00:00: 2026-04-04 14:12:46,204 - __main__ - INFO - 💫 Like cycle starting — 2/200 today, budget: 40
2026-04-04 14:12:47 +00:00: 2026-04-04 14:12:47,117 - __main__ - INFO - 📬 Found 10 of our tweets to check for replies
2026-04-04 14:12:47 +00:00: 2026-04-04 14:12:47,282 - __main__ - INFO - Search 403 — resetting guest token
2026-04-04 14:12:48 +00:00: 2026-04-04 14:12:48,462 - __main__ - INFO - 🔑 Guest token refreshed
2026-04-04 14:12:48 +00:00: 2026-04-04 14:12:48,589 - __main__ - INFO - Search unexpected status: 404
2026-04-04 14:12:49 +00:00: 2026-04-04 14:12:49,719 - __main__ - INFO - Search unexpected status: 404
2026-04-04 14:12:50 +00:00: 2026-04-04 14:12:50,721 - __main__ - INFO - 📬 Reply strategy: 0 candidates
2026-04-04 14:12:52 +00:00: 2026-04-04 14:12:52,097 - __main__ - INFO - 📊 VIP DB: 24 candidates from events
2026-04-04 14:12:52 +00:00: 2026-04-04 14:12:52,097 - __main__ - INFO - 📊 VIP strategy: 24 total candidates
2026-04-04 14:12:56 +00:00: 2026-04-04 14:12:56,668 - __main__ - INFO - 🎯 Engagement target strategy: 40 candidates
2026-04-04 14:13:03 +00:00: 2026-04-04 14:13:03,871 - __main__ - INFO - 📡 GraphQL timeline @Karrigancsgo: 20 tweets, status=200
2026-04-04 14:13:03 +00:00: 2026-04-04 14:13:03,872 - __main__ - INFO - 🌐 @Karrigancsgo: 20 tweets via timeline scrape
2026-04-04 14:13:06 +00:00: 2026-04-04 14:13:06,568 - __main__ - INFO - 📡 GraphQL timeline @BIGCLANgg: 17 tweets, status=200
2026-04-04 14:13:06 +00:00: 2026-04-04 14:13:06,568 - __main__ - INFO - 🌐 @BIGCLANgg: 17 tweets via timeline scrape
2026-04-04 14:13:08 +00:00: 2026-04-04 14:13:08,708 - __main__ - INFO - Could not resolve @gaborcsgo: 200
2026-04-04 14:13:12 +00:00: 2026-04-04 14:13:12,137 - __main__ - ERROR - ❌ Like failed: 402 Payment Required
2026-04-04 14:13:12 +00:00: Your enrolled account [1885132059246563328] does not have any credits to fulfill this request.
2026-04-04 14:13:12 +00:00: 2026-04-04 14:13:12,443 - __main__ - INFO - ✅ Like cycle complete — liked 0 tweets (2/200 today)
2026-04-04 14:58:13 +00:00: 2026-04-04 14:58:13,378 - __main__ - INFO - 💫 Like cycle starting — 2/200 today, budget: 40
2026-04-04 14:58:14 +00:00: 2026-04-04 14:58:14,290 - __main__ - INFO - 📬 Found 10 of our tweets to check for replies
2026-04-04 14:58:14 +00:00: 2026-04-04 14:58:14,453 - __main__ - INFO - Search unexpected status: 404
2026-04-04 14:58:15 +00:00: 2026-04-04 14:58:15,578 - __main__ - INFO - Search unexpected status: 404
2026-04-04 14:58:16 +00:00: 2026-04-04 14:58:16,703 - __main__ - INFO - Search unexpected status: 404
2026-04-04 14:58:17 +00:00: 2026-04-04 14:58:17,704 - __main__ - INFO - 📬 Reply strategy: 0 candidates
2026-04-04 14:58:19 +00:00: 2026-04-04 14:58:19,073 - __main__ - INFO - 📊 VIP DB: 23 candidates from events
2026-04-04 14:58:19 +00:00: 2026-04-04 14:58:19,074 - __main__ - INFO - 📊 VIP strategy: 23 total candidates
2026-04-04 14:58:23 +00:00: 2026-04-04 14:58:23,494 - __main__ - INFO - 🎯 Engagement target strategy: 40 candidates
2026-04-04 14:58:30 +00:00: 2026-04-04 14:58:30,445 - __main__ - INFO - 📡 GraphQL timeline @BIGCLANgg: 17 tweets, status=200
2026-04-04 14:58:30 +00:00: 2026-04-04 14:58:30,446 - __main__ - INFO - 🌐 @BIGCLANgg: 17 tweets via timeline scrape
2026-04-04 14:58:32 +00:00: 2026-04-04 14:58:32,605 - __main__ - INFO - 📡 GraphQL timeline @PGL_Esports: 0 tweets, status=200
2026-04-04 14:58:34 +00:00: 2026-04-04 14:58:34,778 - __main__ - INFO - 📡 GraphQL timeline @rainCS: 0 tweets, status=200
2026-04-04 14:58:37 +00:00: 2026-04-04 14:58:37,147 - __main__ - ERROR - ❌ Like failed: 402 Payment Required
2026-04-04 14:58:37 +00:00: Your enrolled account [1885132059246563328] does not have any credits to fulfill this request.
2026-04-04 14:58:37 +00:00: 2026-04-04 14:58:37,756 - __main__ - INFO - ✅ Like cycle complete — liked 0 tweets (2/200 today)
2026-04-04 15:43:38 +00:00: 2026-04-04 15:43:38,702 - __main__ - INFO - 💫 Like cycle starting — 2/200 today, budget: 40
2026-04-04 15:43:39 +00:00: 2026-04-04 15:43:39,617 - __main__ - INFO - 📬 Found 10 of our tweets to check for replies
2026-04-04 15:43:39 +00:00: 2026-04-04 15:43:39,774 - __main__ - INFO - Search unexpected status: 404
2026-04-04 15:43:40 +00:00: 2026-04-04 15:43:40,901 - __main__ - INFO - Search unexpected status: 404
2026-04-04 15:43:42 +00:00: 2026-04-04 15:43:42,027 - __main__ - INFO - Search unexpected status: 404
2026-04-04 15:43:43 +00:00: 2026-04-04 15:43:43,028 - __main__ - INFO - 📬 Reply strategy: 0 candidates
2026-04-04 15:43:44 +00:00: 2026-04-04 15:43:44,397 - __main__ - INFO - 📊 VIP DB: 22 candidates from events
2026-04-04 15:43:44 +00:00: 2026-04-04 15:43:44,398 - __main__ - INFO - 📊 VIP strategy: 22 total candidates
2026-04-04 15:43:48 +00:00: 2026-04-04 15:43:48,667 - __main__ - INFO - 🎯 Engagement target strategy: 40 candidates
2026-04-04 15:43:55 +00:00: 2026-04-04 15:43:55,087 - __main__ - INFO - Could not resolve @gaborcsgo: 200
2026-04-04 15:43:58 +00:00: 2026-04-04 15:43:58,003 - __main__ - INFO - 📡 GraphQL timeline @nilocsgo: 20 tweets, status=200
2026-04-04 15:43:58 +00:00: 2026-04-04 15:43:58,004 - __main__ - INFO - 🌐 @nilocsgo: 20 tweets via timeline scrape
2026-04-04 15:44:00 +00:00: 2026-04-04 15:44:00,715 - __main__ - INFO - 📡 GraphQL timeline @Complexity: 11 tweets, status=200
2026-04-04 15:44:00 +00:00: 2026-04-04 15:44:00,716 - __main__ - INFO - 🌐 @Complexity: 11 tweets via timeline scrape
2026-04-04 15:44:04 +00:00: 2026-04-04 15:44:04,241 - __main__ - INFO - ✅ Like cycle complete — liked 0 tweets (2/200 today)
2026-04-04 16:29:05 +00:00: 2026-04-04 16:29:05,259 - __main__ - INFO - 💫 Like cycle starting — 2/200 today, budget: 40
2026-04-04 16:29:06 +00:00: 2026-04-04 16:29:06,174 - __main__ - INFO - 📬 Found 10 of our tweets to check for replies
2026-04-04 16:29:06 +00:00: 2026-04-04 16:29:06,321 - __main__ - INFO - 🔑 Guest token refreshed
2026-04-04 16:29:06 +00:00: 2026-04-04 16:29:06,457 - __main__ - INFO - Search unexpected status: 404
2026-04-04 16:29:07 +00:00: 2026-04-04 16:29:07,578 - __main__ - INFO - Search unexpected status: 404
2026-04-04 16:29:08 +00:00: 2026-04-04 16:29:08,700 - __main__ - INFO - Search unexpected status: 404
2026-04-04 16:29:09 +00:00: 2026-04-04 16:29:09,701 - __main__ - INFO - 📬 Reply strategy: 0 candidates
2026-04-04 16:29:11 +00:00: 2026-04-04 16:29:11,070 - __main__ - INFO - 📊 VIP DB: 22 candidates from events
2026-04-04 16:29:11 +00:00: 2026-04-04 16:29:11,071 - __main__ - INFO - 📊 VIP strategy: 22 total candidates
2026-04-04 16:29:15 +00:00: 2026-04-04 16:29:15,331 - __main__ - INFO - 🎯 Engagement target strategy: 40 candidates
2026-04-04 16:29:21 +00:00: 2026-04-04 16:29:21,562 - __main__ - INFO - Could not resolve @gaborcsgo: 200
2026-04-04 16:29:24 +00:00: 2026-04-04 16:29:24,395 - __main__ - INFO - 📡 GraphQL timeline @TeamLiquidCS: 20 tweets, status=200
2026-04-04 16:29:24 +00:00: 2026-04-04 16:29:24,395 - __main__ - INFO - 🌐 @TeamLiquidCS: 20 tweets via timeline scrape
2026-04-04 16:29:26 +00:00: 2026-04-04 16:29:26,552 - __main__ - INFO - 📡 GraphQL timeline @PGL_Esports: 0 tweets, status=200
2026-04-04 16:29:29 +00:00: 2026-04-04 16:29:29,315 - __main__ - INFO - ✅ Like cycle complete — liked 0 tweets (2/200 today)
2026-04-04 17:14:30 +00:00: 2026-04-04 17:14:30,245 - __main__ - INFO - 💫 Like cycle starting — 2/200 today, budget: 40
2026-04-04 17:14:31 +00:00: 2026-04-04 17:14:31,160 - __main__ - INFO - 📬 Found 10 of our tweets to check for replies
2026-04-04 17:14:31 +00:00: 2026-04-04 17:14:31,321 - __main__ - INFO - Search unexpected status: 404
2026-04-04 17:14:32 +00:00: 2026-04-04 17:14:32,557 - __main__ - INFO - Search unexpected status: 404
2026-04-04 17:14:33 +00:00: 2026-04-04 17:14:33,685 - __main__ - INFO - Search unexpected status: 404
2026-04-04 17:14:34 +00:00: 2026-04-04 17:14:34,686 - __main__ - INFO - 📬 Reply strategy: 0 candidates
2026-04-04 17:14:36 +00:00: 2026-04-04 17:14:36,058 - __main__ - INFO - 📊 VIP DB: 22 candidates from events
2026-04-04 17:14:36 +00:00: 2026-04-04 17:14:36,059 - __main__ - INFO - 📊 VIP strategy: 22 total candidates
2026-04-04 17:14:40 +00:00: 2026-04-04 17:14:40,328 - __main__ - INFO - 🎯 Engagement target strategy: 40 candidates
2026-04-04 17:14:46 +00:00: 2026-04-04 17:14:46,576 - __main__ - INFO - Could not resolve @gaborcsgo: 200
2026-04-04 17:14:49 +00:00: 2026-04-04 17:14:49,350 - __main__ - INFO - 📡 GraphQL timeline @TeamLiquidCS: 20 tweets, status=200
2026-04-04 17:14:49 +00:00: 2026-04-04 17:14:49,351 - __main__ - INFO - 🌐 @TeamLiquidCS: 20 tweets via timeline scrape
2026-04-04 17:14:51 +00:00: 2026-04-04 17:14:51,499 - __main__ - INFO - 📡 GraphQL timeline @Brehze: 0 tweets, status=200
2026-04-04 17:14:54 +00:00: 2026-04-04 17:14:54,263 - __main__ - INFO - ✅ Like cycle complete — liked 0 tweets (2/200 today)
2026-04-04 17:59:55 +00:00: 2026-04-04 17:59:55,264 - __main__ - INFO - 💫 Like cycle starting — 2/200 today, budget: 40
2026-04-04 17:59:56 +00:00: 2026-04-04 17:59:56,180 - __main__ - INFO - 📬 Found 10 of our tweets to check for replies
2026-04-04 17:59:56 +00:00: 2026-04-04 17:59:56,344 - __main__ - INFO - Search unexpected status: 404
2026-04-04 17:59:57 +00:00: 2026-04-04 17:59:57,477 - __main__ - INFO - Search unexpected status: 404
2026-04-04 17:59:58 +00:00: 2026-04-04 17:59:58,609 - __main__ - INFO - Search unexpected status: 404
2026-04-04 17:59:59 +00:00: 2026-04-04 17:59:59,611 - __main__ - INFO - 📬 Reply strategy: 0 candidates
2026-04-04 18:00:00 +00:00: 2026-04-04 18:00:00,982 - __main__ - INFO - 📊 VIP DB: 22 candidates from events
2026-04-04 18:00:00 +00:00: 2026-04-04 18:00:00,983 - __main__ - INFO - 📊 VIP strategy: 22 total candidates
2026-04-04 18:00:05 +00:00: 2026-04-04 18:00:05,246 - __main__ - INFO - 🎯 Engagement target strategy: 40 candidates
2026-04-04 18:00:11 +00:00: 2026-04-04 18:00:11,921 - __main__ - INFO - 📡 GraphQL timeline @TeamLiquidCS: 20 tweets, status=200
2026-04-04 18:00:11 +00:00: 2026-04-04 18:00:11,922 - __main__ - INFO - 🌐 @TeamLiquidCS: 20 tweets via timeline scrape
2026-04-04 18:00:14 +00:00: 2026-04-04 18:00:14,415 - __main__ - INFO - 📡 GraphQL timeline @BIGCLANgg: 16 tweets, status=200
2026-04-04 18:00:14 +00:00: 2026-04-04 18:00:14,415 - __main__ - INFO - 🌐 @BIGCLANgg: 16 tweets via timeline scrape
2026-04-04 18:00:16 +00:00: 2026-04-04 18:00:16,560 - __main__ - INFO - Could not resolve @gaborcsgo: 200
2026-04-04 18:00:19 +00:00: 2026-04-04 18:00:19,250 - __main__ - ERROR - ❌ Like failed: 402 Payment Required
2026-04-04 18:00:19 +00:00: Your enrolled account [1885132059246563328] does not have any credits to fulfill this request.
2026-04-04 18:00:19 +00:00: 2026-04-04 18:00:19,543 - __main__ - ERROR - ❌ Like failed: 402 Payment Required
2026-04-04 18:00:19 +00:00: Your enrolled account [1885132059246563328] does not have any credits to fulfill this request.
2026-04-04 18:00:19 +00:00: 2026-04-04 18:00:19,835 - __main__ - ERROR - ❌ Like failed: 402 Payment Required
2026-04-04 18:00:19 +00:00: Your enrolled account [1885132059246563328] does not have any credits to fulfill this request.
2026-04-04 18:00:20 +00:00: 2026-04-04 18:00:20,296 - __main__ - ERROR - ❌ Like failed: 402 Payment Required
2026-04-04 18:00:20 +00:00: Your enrolled account [1885132059246563328] does not have any credits to fulfill this request.
2026-04-04 18:00:20 +00:00: 2026-04-04 18:00:20,737 - __main__ - ERROR - ❌ Like failed: 402 Payment Required
2026-04-04 18:00:20 +00:00: Your enrolled account [1885132059246563328] does not have any credits to fulfill this request.
2026-04-04 18:00:20 +00:00: 2026-04-04 18:00:20,890 - __main__ - INFO - ✅ Like cycle complete — liked 0 tweets (2/200 today)
2026-04-04 18:45:21 +00:00: 2026-04-04 18:45:21,870 - __main__ - INFO - 💫 Like cycle starting — 2/200 today, budget: 40
2026-04-04 18:45:22 +00:00: 2026-04-04 18:45:22,783 - __main__ - INFO - 📬 Found 10 of our tweets to check for replies
2026-04-04 18:45:23 +00:00: 2026-04-04 18:45:23,057 - __main__ - INFO - 🔑 Guest token refreshed
2026-04-04 18:45:23 +00:00: 2026-04-04 18:45:23,189 - __main__ - INFO - Search unexpected status: 404
2026-04-04 18:45:24 +00:00: 2026-04-04 18:45:24,311 - __main__ - INFO - Search unexpected status: 404
2026-04-04 18:45:25 +00:00: 2026-04-04 18:45:25,429 - __main__ - INFO - Search unexpected status: 404
2026-04-04 18:45:26 +00:00: 2026-04-04 18:45:26,430 - __main__ - INFO - 📬 Reply strategy: 0 candidates
2026-04-04 18:45:27 +00:00: 2026-04-04 18:45:27,806 - __main__ - INFO - 📊 VIP DB: 22 candidates from events
2026-04-04 18:45:27 +00:00: 2026-04-04 18:45:27,807 - __main__ - INFO - 📊 VIP strategy: 22 total candidates
2026-04-04 18:45:32 +00:00: 2026-04-04 18:45:32,082 - __main__ - INFO - 🎯 Engagement target strategy: 40 candidates
2026-04-04 18:45:38 +00:00: 2026-04-04 18:45:38,816 - __main__ - INFO - 📡 GraphQL timeline @Complexity: 11 tweets, status=200
2026-04-04 18:45:38 +00:00: 2026-04-04 18:45:38,817 - __main__ - INFO - 🌐 @Complexity: 11 tweets via timeline scrape
2026-04-04 18:45:41 +00:00: 2026-04-04 18:45:41,358 - __main__ - INFO - 📡 GraphQL timeline @BIGCLANgg: 18 tweets, status=200
2026-04-04 18:45:41 +00:00: 2026-04-04 18:45:41,359 - __main__ - INFO - 🌐 @BIGCLANgg: 18 tweets via timeline scrape
2026-04-04 18:45:44 +00:00: 2026-04-04 18:45:44,081 - __main__ - INFO - 📡 GraphQL timeline @ESLCS: 20 tweets, status=200
2026-04-04 18:45:44 +00:00: 2026-04-04 18:45:44,081 - __main__ - INFO - 🌐 @ESLCS: 20 tweets via timeline scrape
2026-04-04 18:45:46 +00:00: 2026-04-04 18:45:46,461 - __main__ - ERROR - ❌ Like failed: 402 Payment Required
2026-04-04 18:45:46 +00:00: Your enrolled account [1885132059246563328] does not have any credits to fulfill this request.
2026-04-04 18:45:46 +00:00: 2026-04-04 18:45:46,739 - __main__ - ERROR - ❌ Like failed: 402 Payment Required
2026-04-04 18:45:46 +00:00: Your enrolled account [1885132059246563328] does not have any credits to fulfill this request.
2026-04-04 18:45:47 +00:00: 2026-04-04 18:45:47,019 - __main__ - ERROR - ❌ Like failed: 402 Payment Required
2026-04-04 18:45:47 +00:00: Your enrolled account [1885132059246563328] does not have any credits to fulfill this request.
2026-04-04 18:45:47 +00:00: 2026-04-04 18:45:47,660 - __main__ - ERROR - ❌ Like failed: 402 Payment Required
2026-04-04 18:45:47 +00:00: Your enrolled account [1885132059246563328] does not have any credits to fulfill this request.
2026-04-04 18:45:48 +00:00: 2026-04-04 18:45:48,699 - __main__ - ERROR - ❌ Like failed: 402 Payment Required
2026-04-04 18:45:48 +00:00: Your enrolled account [1885132059246563328] does not have any credits to fulfill this request.
2026-04-04 18:45:49 +00:00: 2026-04-04 18:45:49,157 - __main__ - INFO - ✅ Like cycle complete — liked 0 tweets (2/200 today)
2026-04-04 19:30:50 +00:00: 2026-04-04 19:30:50,175 - __main__ - INFO - 💫 Like cycle starting — 2/200 today, budget: 40
2026-04-04 19:30:51 +00:00: 2026-04-04 19:30:51,089 - __main__ - INFO - 📬 Found 10 of our tweets to check for replies
2026-04-04 19:30:51 +00:00: 2026-04-04 19:30:51,248 - __main__ - INFO - Search unexpected status: 404
2026-04-04 19:30:52 +00:00: 2026-04-04 19:30:52,381 - __main__ - INFO - Search unexpected status: 404
2026-04-04 19:30:53 +00:00: 2026-04-04 19:30:53,511 - __main__ - INFO - Search unexpected status: 404
2026-04-04 19:30:54 +00:00: 2026-04-04 19:30:54,513 - __main__ - INFO - 📬 Reply strategy: 0 candidates
2026-04-04 19:30:55 +00:00: 2026-04-04 19:30:55,883 - __main__ - INFO - 📊 VIP DB: 22 candidates from events
2026-04-04 19:30:55 +00:00: 2026-04-04 19:30:55,884 - __main__ - INFO - 📊 VIP strategy: 22 total candidates
2026-04-04 19:31:00 +00:00: 2026-04-04 19:31:00,146 - __main__ - INFO - 🎯 Engagement target strategy: 40 candidates
2026-04-04 19:31:06 +00:00: 2026-04-04 19:31:06,411 - __main__ - INFO - 📡 GraphQL timeline @rainCS: 0 tweets, status=200
2026-04-04 19:31:09 +00:00: 2026-04-04 19:31:09,142 - __main__ - INFO - 📡 GraphQL timeline @BIGCLANgg: 18 tweets, status=200
2026-04-04 19:31:09 +00:00: 2026-04-04 19:31:09,143 - __main__ - INFO - 🌐 @BIGCLANgg: 18 tweets via timeline scrape
2026-04-04 19:31:12 +00:00: 2026-04-04 19:31:12,128 - __main__ - INFO - 📡 GraphQL timeline @EliGE: 20 tweets, status=200
2026-04-04 19:31:12 +00:00: 2026-04-04 19:31:12,129 - __main__ - INFO - 🌐 @EliGE: 20 tweets via timeline scrape
2026-04-04 19:31:14 +00:00: 2026-04-04 19:31:14,638 - __main__ - ERROR - ❌ Like failed: 402 Payment Required
2026-04-04 19:31:14 +00:00: Your enrolled account [1885132059246563328] does not have any credits to fulfill this request.
2026-04-04 19:31:15 +00:00: 2026-04-04 19:31:15,077 - __main__ - ERROR - ❌ Like failed: 402 Payment Required
2026-04-04 19:31:15 +00:00: Your enrolled account [1885132059246563328] does not have any credits to fulfill this request.
2026-04-04 19:31:15 +00:00: 2026-04-04 19:31:15,783 - __main__ - ERROR - ❌ Like failed: 402 Payment Required
2026-04-04 19:31:15 +00:00: Your enrolled account [1885132059246563328] does not have any credits to fulfill this request.
2026-04-04 19:31:16 +00:00: 2026-04-04 19:31:16,234 - __main__ - ERROR - ❌ Like failed: 402 Payment Required
2026-04-04 19:31:16 +00:00: Your enrolled account [1885132059246563328] does not have any credits to fulfill this request.
2026-04-04 19:31:16 +00:00: 2026-04-04 19:31:16,518 - __main__ - ERROR - ❌ Like failed: 402 Payment Required
2026-04-04 19:31:16 +00:00: Your enrolled account [1885132059246563328] does not have any credits to fulfill this request.
2026-04-04 19:31:16 +00:00: 2026-04-04 19:31:16,518 - __main__ - INFO - ✅ Like cycle complete — liked 0 tweets (2/200 today)
2026-04-04 20:16:17 +00:00: 2026-04-04 20:16:17,478 - __main__ - INFO - 💫 Like cycle starting — 2/200 today, budget: 40
2026-04-04 20:16:18 +00:00: 2026-04-04 20:16:18,396 - __main__ - INFO - 📬 Found 10 of our tweets to check for replies
2026-04-04 20:16:18 +00:00: 2026-04-04 20:16:18,560 - __main__ - INFO - Search unexpected status: 404
2026-04-04 20:16:19 +00:00: 2026-04-04 20:16:19,742 - __main__ - INFO - Search unexpected status: 404
2026-04-04 20:16:20 +00:00: 2026-04-04 20:16:20,866 - __main__ - INFO - Search unexpected status: 404
2026-04-04 20:16:21 +00:00: 2026-04-04 20:16:21,867 - __main__ - INFO - 📬 Reply strategy: 0 candidates
2026-04-04 20:16:23 +00:00: 2026-04-04 20:16:23,246 - __main__ - INFO - 📊 VIP DB: 22 candidates from events
2026-04-04 20:16:23 +00:00: 2026-04-04 20:16:23,247 - __main__ - INFO - 📊 VIP strategy: 22 total candidates
2026-04-04 20:16:27 +00:00: 2026-04-04 20:16:27,521 - __main__ - INFO - 🎯 Engagement target strategy: 40 candidates
2026-04-04 20:16:34 +00:00: 2026-04-04 20:16:34,258 - __main__ - INFO - 📡 GraphQL timeline @OGesports: 20 tweets, status=200
2026-04-04 20:16:34 +00:00: 2026-04-04 20:16:34,258 - __main__ - INFO - 🌐 @OGesports: 20 tweets via timeline scrape
2026-04-04 20:16:36 +00:00: 2026-04-04 20:16:36,395 - __main__ - INFO - Could not resolve @gaborcsgo: 200
2026-04-04 20:16:39 +00:00: 2026-04-04 20:16:39,137 - __main__ - INFO - 📡 GraphQL timeline @Twistzz: 20 tweets, status=200
2026-04-04 20:16:39 +00:00: 2026-04-04 20:16:39,138 - __main__ - INFO - 🌐 @Twistzz: 20 tweets via timeline scrape
2026-04-04 20:16:42 +00:00: 2026-04-04 20:16:42,663 - __main__ - INFO - ✅ Like cycle complete — liked 0 tweets (2/200 today)
2026-04-04 21:01:43 +00:00: 2026-04-04 21:01:43,626 - __main__ - INFO - 💫 Like cycle starting — 2/200 today, budget: 40
2026-04-04 21:01:44 +00:00: 2026-04-04 21:01:44,540 - __main__ - INFO - 📬 Found 10 of our tweets to check for replies
2026-04-04 21:01:44 +00:00: 2026-04-04 21:01:44,741 - __main__ - INFO - 🔑 Guest token refreshed
2026-04-04 21:01:44 +00:00: 2026-04-04 21:01:44,880 - __main__ - INFO - Search unexpected status: 404
2026-04-04 21:01:45 +00:00: 2026-04-04 21:01:45,996 - __main__ - INFO - Search unexpected status: 404
2026-04-04 21:01:47 +00:00: 2026-04-04 21:01:47,117 - __main__ - INFO - Search unexpected status: 404
2026-04-04 21:01:48 +00:00: 2026-04-04 21:01:48,119 - __main__ - INFO - 📬 Reply strategy: 0 candidates
2026-04-04 21:01:49 +00:00: 2026-04-04 21:01:49,489 - __main__ - INFO - 📊 VIP DB: 22 candidates from events
2026-04-04 21:01:49 +00:00: 2026-04-04 21:01:49,490 - __main__ - INFO - 📊 VIP strategy: 22 total candidates
2026-04-04 21:01:53 +00:00: 2026-04-04 21:01:53,757 - __main__ - INFO - 🎯 Engagement target strategy: 40 candidates
2026-04-04 21:01:59 +00:00: 2026-04-04 21:01:59,992 - __main__ - INFO - Could not resolve @LOABORVRE_CS2: 200
2026-04-04 21:02:02 +00:00: 2026-04-04 21:02:02,679 - __main__ - INFO - 📡 GraphQL timeline @Cloud9: 11 tweets, status=200
2026-04-04 21:02:02 +00:00: 2026-04-04 21:02:02,680 - __main__ - INFO - 🌐 @Cloud9: 11 tweets via timeline scrape
2026-04-04 21:02:04 +00:00: 2026-04-04 21:02:04,812 - __main__ - INFO - 📡 GraphQL timeline @Brehze: 0 tweets, status=200
2026-04-04 21:02:07 +00:00: 2026-04-04 21:02:07,806 - __main__ - ERROR - ❌ Like failed: 402 Payment Required
2026-04-04 21:02:07 +00:00: Your enrolled account [1885132059246563328] does not have any credits to fulfill this request.
2026-04-04 21:02:07 +00:00: 2026-04-04 21:02:07,807 - __main__ - INFO - ✅ Like cycle complete — liked 0 tweets (2/200 today)
2026-04-04 21:47:08 +00:00: 2026-04-04 21:47:08,816 - __main__ - INFO - 💫 Like cycle starting — 2/200 today, budget: 40
2026-04-04 21:47:09 +00:00: 2026-04-04 21:47:09,730 - __main__ - INFO - 📬 Found 10 of our tweets to check for replies
2026-04-04 21:47:09 +00:00: 2026-04-04 21:47:09,896 - __main__ - INFO - Search unexpected status: 404
2026-04-04 21:47:11 +00:00: 2026-04-04 21:47:11,024 - __main__ - INFO - Search unexpected status: 404
2026-04-04 21:47:12 +00:00: 2026-04-04 21:47:12,156 - __main__ - INFO - Search unexpected status: 404
2026-04-04 21:47:13 +00:00: 2026-04-04 21:47:13,157 - __main__ - INFO - 📬 Reply strategy: 0 candidates
2026-04-04 21:47:14 +00:00: 2026-04-04 21:47:14,527 - __main__ - INFO - 📊 VIP DB: 22 candidates from events
2026-04-04 21:47:14 +00:00: 2026-04-04 21:47:14,528 - __main__ - INFO - 📊 VIP strategy: 22 total candidates
2026-04-04 21:47:18 +00:00: 2026-04-04 21:47:18,791 - __main__ - INFO - 🎯 Engagement target strategy: 40 candidates
2026-04-04 21:47:25 +00:00: 2026-04-04 21:47:25,033 - __main__ - INFO - Could not resolve @LOABORVRE_CS2: 200
2026-04-04 21:47:27 +00:00: 2026-04-04 21:47:27,666 - __main__ - INFO - 📡 GraphQL timeline @Karrigancsgo: 20 tweets, status=200
2026-04-04 21:47:27 +00:00: 2026-04-04 21:47:27,667 - __main__ - INFO - 🌐 @Karrigancsgo: 20 tweets via timeline scrape
2026-04-04 21:47:29 +00:00: 2026-04-04 21:47:29,821 - __main__ - INFO - 📡 GraphQL timeline @rainCS: 0 tweets, status=200
2026-04-04 21:47:32 +00:00: 2026-04-04 21:47:32,584 - __main__ - INFO - ✅ Like cycle complete — liked 0 tweets (2/200 today)
2026-04-04 22:32:33 +00:00: 2026-04-04 22:32:33,599 - __main__ - INFO - 💫 Like cycle starting — 2/200 today, budget: 40
2026-04-04 22:32:34 +00:00: 2026-04-04 22:32:34,512 - __main__ - INFO - 📬 Found 10 of our tweets to check for replies
2026-04-04 22:32:34 +00:00: 2026-04-04 22:32:34,680 - __main__ - INFO - Search unexpected status: 404
2026-04-04 22:32:35 +00:00: 2026-04-04 22:32:35,810 - __main__ - INFO - Search unexpected status: 404
2026-04-04 22:32:36 +00:00: 2026-04-04 22:32:36,937 - __main__ - INFO - Search unexpected status: 404
2026-04-04 22:32:37 +00:00: 2026-04-04 22:32:37,939 - __main__ - INFO - 📬 Reply strategy: 0 candidates
2026-04-04 22:32:39 +00:00: 2026-04-04 22:32:39,310 - __main__ - INFO - 📊 VIP DB: 22 candidates from events
2026-04-04 22:32:39 +00:00: 2026-04-04 22:32:39,311 - __main__ - INFO - 📊 VIP strategy: 22 total candidates
2026-04-04 22:32:43 +00:00: 2026-04-04 22:32:43,581 - __main__ - INFO - 🎯 Engagement target strategy: 40 candidates
2026-04-04 22:32:50 +00:00: 2026-04-04 22:32:50,408 - __main__ - INFO - 📡 GraphQL timeline @Twistzz: 20 tweets, status=200
2026-04-04 22:32:50 +00:00: 2026-04-04 22:32:50,409 - __main__ - INFO - 🌐 @Twistzz: 20 tweets via timeline scrape
2026-04-04 22:32:53 +00:00: 2026-04-04 22:32:53,134 - __main__ - INFO - 📡 GraphQL timeline @Complexity: 11 tweets, status=200
2026-04-04 22:32:53 +00:00: 2026-04-04 22:32:53,136 - __main__ - INFO - 🌐 @Complexity: 11 tweets via timeline scrape
2026-04-04 22:32:55 +00:00: 2026-04-04 22:32:55,272 - __main__ - INFO - Could not resolve @LOABORVRE_CS2: 200
2026-04-04 22:32:58 +00:00: 2026-04-04 22:32:58,798 - __main__ - INFO - ✅ Like cycle complete — liked 0 tweets (2/200 today)
2026-04-04 23:17:59 +00:00: 2026-04-04 23:17:59,758 - __main__ - INFO - 💫 Like cycle starting — 2/200 today, budget: 40
2026-04-04 23:18:00 +00:00: 2026-04-04 23:18:00,672 - __main__ - INFO - 📬 Found 10 of our tweets to check for replies
2026-04-04 23:18:00 +00:00: 2026-04-04 23:18:00,920 - __main__ - INFO - 🔑 Guest token refreshed
2026-04-04 23:18:01 +00:00: 2026-04-04 23:18:01,076 - __main__ - INFO - Search unexpected status: 404
2026-04-04 23:18:02 +00:00: 2026-04-04 23:18:02,205 - __main__ - INFO - Search unexpected status: 404
2026-04-04 23:18:03 +00:00: 2026-04-04 23:18:03,333 - __main__ - INFO - Search unexpected status: 404
2026-04-04 23:18:04 +00:00: 2026-04-04 23:18:04,334 - __main__ - INFO - 📬 Reply strategy: 0 candidates
2026-04-04 23:18:05 +00:00: 2026-04-04 23:18:05,704 - __main__ - INFO - 📊 VIP DB: 22 candidates from events
2026-04-04 23:18:05 +00:00: 2026-04-04 23:18:05,705 - __main__ - INFO - 📊 VIP strategy: 22 total candidates
2026-04-04 23:18:09 +00:00: 2026-04-04 23:18:09,970 - __main__ - INFO - 🎯 Engagement target strategy: 40 candidates
2026-04-04 23:18:16 +00:00: 2026-04-04 23:18:16,817 - __main__ - INFO - 📡 GraphQL timeline @FACEIT: 0 tweets, status=200
2026-04-04 23:18:19 +00:00: 2026-04-04 23:18:19,424 - __main__ - INFO - 📡 GraphQL timeline @TeamLiquidCS: 20 tweets, status=200
2026-04-04 23:18:19 +00:00: 2026-04-04 23:18:19,425 - __main__ - INFO - 🌐 @TeamLiquidCS: 20 tweets via timeline scrape
2026-04-04 23:18:21 +00:00: 2026-04-04 23:18:21,952 - __main__ - INFO - 📡 GraphQL timeline @ESLCS: 20 tweets, status=200
2026-04-04 23:18:21 +00:00: 2026-04-04 23:18:21,953 - __main__ - INFO - 🌐 @ESLCS: 20 tweets via timeline scrape
2026-04-04 23:18:25 +00:00: 2026-04-04 23:18:25,479 - __main__ - INFO - ✅ Like cycle complete — liked 0 tweets (2/200 today)
2026-04-05 00:03:26 +00:00: 2026-04-05 00:03:26,406 - __main__ - INFO - 💫 Like cycle starting — 0/200 today, budget: 40
2026-04-05 00:03:27 +00:00: 2026-04-05 00:03:27,321 - __main__ - INFO - 📬 Found 10 of our tweets to check for replies
2026-04-05 00:03:27 +00:00: 2026-04-05 00:03:27,485 - __main__ - INFO - Search unexpected status: 404
2026-04-05 00:03:28 +00:00: 2026-04-05 00:03:28,610 - __main__ - INFO - Search unexpected status: 404
2026-04-05 00:03:29 +00:00: 2026-04-05 00:03:29,739 - __main__ - INFO - Search unexpected status: 404
2026-04-05 00:03:30 +00:00: 2026-04-05 00:03:30,740 - __main__ - INFO - 📬 Reply strategy: 0 candidates
2026-04-05 00:03:32 +00:00: 2026-04-05 00:03:32,108 - __main__ - INFO - 📊 VIP DB: 22 candidates from events
2026-04-05 00:03:32 +00:00: 2026-04-05 00:03:32,109 - __main__ - INFO - 📊 VIP strategy: 22 total candidates
2026-04-05 00:03:36 +00:00: 2026-04-05 00:03:36,384 - __main__ - INFO - 🎯 Engagement target strategy: 40 candidates
2026-04-05 00:03:42 +00:00: 2026-04-05 00:03:42,634 - __main__ - INFO - 📡 GraphQL timeline @PGL_Esports: 0 tweets, status=200
2026-04-05 00:03:44 +00:00: 2026-04-05 00:03:44,787 - __main__ - INFO - 📡 GraphQL timeline @rainCS: 0 tweets, status=200
2026-04-05 00:03:47 +00:00: 2026-04-05 00:03:47,494 - __main__ - INFO - 📡 GraphQL timeline @OGesports: 20 tweets, status=200
2026-04-05 00:03:47 +00:00: 2026-04-05 00:03:47,495 - __main__ - INFO - 🌐 @OGesports: 20 tweets via timeline scrape
2026-04-05 00:03:50 +00:00: 2026-04-05 00:03:50,258 - __main__ - INFO - ✅ Like cycle complete — liked 0 tweets (0/200 today)
2026-04-05 01:33:51 +00:00: 2026-04-05 01:33:51,237 - __main__ - INFO - 💫 Like cycle starting — 0/200 today, budget: 40
2026-04-05 01:33:52 +00:00: 2026-04-05 01:33:52,152 - __main__ - INFO - 📬 Found 10 of our tweets to check for replies
2026-04-05 01:33:52 +00:00: 2026-04-05 01:33:52,364 - __main__ - INFO - 🔑 Guest token refreshed
2026-04-05 01:33:52 +00:00: 2026-04-05 01:33:52,515 - __main__ - INFO - Search unexpected status: 404
2026-04-05 01:33:53 +00:00: 2026-04-05 01:33:53,643 - __main__ - INFO - Search unexpected status: 404
2026-04-05 01:33:54 +00:00: 2026-04-05 01:33:54,768 - __main__ - INFO - Search unexpected status: 404
2026-04-05 01:33:55 +00:00: 2026-04-05 01:33:55,769 - __main__ - INFO - 📬 Reply strategy: 0 candidates
2026-04-05 01:33:57 +00:00: 2026-04-05 01:33:57,140 - __main__ - INFO - 📊 VIP DB: 22 candidates from events
2026-04-05 01:33:57 +00:00: 2026-04-05 01:33:57,141 - __main__ - INFO - 📊 VIP strategy: 22 total candidates
2026-04-05 01:34:01 +00:00: 2026-04-05 01:34:01,408 - __main__ - INFO - 🎯 Engagement target strategy: 40 candidates
2026-04-05 01:34:08 +00:00: 2026-04-05 01:34:08,046 - __main__ - INFO - 📡 GraphQL timeline @BIGCLANgg: 14 tweets, status=200
2026-04-05 01:34:08 +00:00: 2026-04-05 01:34:08,046 - __main__ - INFO - 🌐 @BIGCLANgg: 14 tweets via timeline scrape
2026-04-05 01:34:10 +00:00: 2026-04-05 01:34:10,677 - __main__ - INFO - 📡 GraphQL timeline @Complexity: 11 tweets, status=200
2026-04-05 01:34:10 +00:00: 2026-04-05 01:34:10,677 - __main__ - INFO - 🌐 @Complexity: 11 tweets via timeline scrape
2026-04-05 01:34:12 +00:00: 2026-04-05 01:34:12,832 - __main__ - INFO - 📡 GraphQL timeline @rainCS: 0 tweets, status=200
2026-04-05 01:34:15 +00:00: 2026-04-05 01:34:15,235 - __main__ - ERROR - ❌ Like failed: 402 Payment Required
2026-04-05 01:34:15 +00:00: Your enrolled account [1885132059246563328] does not have any credits to fulfill this request.
2026-04-05 01:34:15 +00:00: 2026-04-05 01:34:15,523 - __main__ - ERROR - ❌ Like failed: 402 Payment Required
2026-04-05 01:34:15 +00:00: Your enrolled account [1885132059246563328] does not have any credits to fulfill this request.
2026-04-05 01:34:15 +00:00: 2026-04-05 01:34:15,977 - __main__ - ERROR - ❌ Like failed: 402 Payment Required
2026-04-05 01:34:15 +00:00: Your enrolled account [1885132059246563328] does not have any credits to fulfill this request.
2026-04-05 01:34:16 +00:00: 2026-04-05 01:34:16,415 - __main__ - ERROR - ❌ Like failed: 402 Payment Required
2026-04-05 01:34:16 +00:00: Your enrolled account [1885132059246563328] does not have any credits to fulfill this request.
2026-04-05 01:34:16 +00:00: 2026-04-05 01:34:16,854 - __main__ - ERROR - ❌ Like failed: 402 Payment Required
2026-04-05 01:34:16 +00:00: Your enrolled account [1885132059246563328] does not have any credits to fulfill this request.
2026-04-05 01:34:17 +00:00: 2026-04-05 01:34:17,158 - __main__ - INFO - ✅ Like cycle complete — liked 0 tweets (0/200 today)
2026-04-05 03:04:18 +00:00: 2026-04-05 03:04:18,175 - __main__ - INFO - 💫 Like cycle starting — 0/200 today, budget: 40
2026-04-05 03:04:19 +00:00: 2026-04-05 03:04:19,088 - __main__ - INFO - 📬 Found 10 of our tweets to check for replies
2026-04-05 03:04:19 +00:00: 2026-04-05 03:04:19,252 - __main__ - INFO - Search 403 — resetting guest token
2026-04-05 03:04:20 +00:00: 2026-04-05 03:04:20,419 - __main__ - INFO - 🔑 Guest token refreshed
2026-04-05 03:04:20 +00:00: 2026-04-05 03:04:20,541 - __main__ - INFO - Search unexpected status: 404
2026-04-05 03:04:21 +00:00: 2026-04-05 03:04:21,669 - __main__ - INFO - Search unexpected status: 404
2026-04-05 03:04:22 +00:00: 2026-04-05 03:04:22,670 - __main__ - INFO - 📬 Reply strategy: 0 candidates
2026-04-05 03:04:24 +00:00: 2026-04-05 03:04:24,040 - __main__ - INFO - 📊 VIP DB: 22 candidates from events
2026-04-05 03:04:24 +00:00: 2026-04-05 03:04:24,040 - __main__ - INFO - 📊 VIP strategy: 22 total candidates
2026-04-05 03:04:28 +00:00: 2026-04-05 03:04:28,302 - __main__ - INFO - 🎯 Engagement target strategy: 40 candidates
2026-04-05 03:04:34 +00:00: 2026-04-05 03:04:34,699 - __main__ - INFO - 📡 GraphQL timeline @PGL_Esports: 0 tweets, status=200
2026-04-05 03:04:36 +00:00: 2026-04-05 03:04:36,839 - __main__ - INFO - Could not resolve @LOABORVRE_CS2: 200
2026-04-05 03:04:39 +00:00: 2026-04-05 03:04:39,529 - __main__ - INFO - 📡 GraphQL timeline @Cloud9: 9 tweets, status=200
2026-04-05 03:04:39 +00:00: 2026-04-05 03:04:39,529 - __main__ - INFO - 🌐 @Cloud9: 9 tweets via timeline scrape
2026-04-05 03:04:41 +00:00: 2026-04-05 03:04:41,894 - __main__ - ERROR - ❌ Like failed: 402 Payment Required
2026-04-05 03:04:41 +00:00: Your enrolled account [1885132059246563328] does not have any credits to fulfill this request.
2026-04-05 03:04:42 +00:00: 2026-04-05 03:04:42,503 - __main__ - INFO - ✅ Like cycle complete — liked 0 tweets (0/200 today)
2026-04-05 04:34:43 +00:00: 2026-04-05 04:34:43,490 - __main__ - INFO - 💫 Like cycle starting — 0/200 today, budget: 40
2026-04-05 04:34:44 +00:00: 2026-04-05 04:34:44,402 - __main__ - INFO - 📬 Found 10 of our tweets to check for replies
2026-04-05 04:34:44 +00:00: 2026-04-05 04:34:44,541 - __main__ - INFO - Search 403 — resetting guest token
2026-04-05 04:34:45 +00:00: 2026-04-05 04:34:45,736 - __main__ - INFO - 🔑 Guest token refreshed
2026-04-05 04:34:45 +00:00: 2026-04-05 04:34:45,851 - __main__ - INFO - Search unexpected status: 404
2026-04-05 04:34:46 +00:00: 2026-04-05 04:34:46,965 - __main__ - INFO - Search unexpected status: 404
2026-04-05 04:34:47 +00:00: 2026-04-05 04:34:47,967 - __main__ - INFO - 📬 Reply strategy: 0 candidates
2026-04-05 04:34:49 +00:00: 2026-04-05 04:34:49,337 - __main__ - INFO - 📊 VIP DB: 22 candidates from events
2026-04-05 04:34:49 +00:00: 2026-04-05 04:34:49,337 - __main__ - INFO - 📊 VIP strategy: 22 total candidates
2026-04-05 04:34:53 +00:00: 2026-04-05 04:34:53,609 - __main__ - INFO - 🎯 Engagement target strategy: 40 candidates
2026-04-05 04:35:00 +00:00: 2026-04-05 04:35:00,263 - __main__ - INFO - 📡 GraphQL timeline @Karrigancsgo: 20 tweets, status=200
2026-04-05 04:35:00 +00:00: 2026-04-05 04:35:00,264 - __main__ - INFO - 🌐 @Karrigancsgo: 20 tweets via timeline scrape
2026-04-05 04:35:02 +00:00: 2026-04-05 04:35:02,821 - __main__ - INFO - 📡 GraphQL timeline @nilocsgo: 20 tweets, status=200
2026-04-05 04:35:02 +00:00: 2026-04-05 04:35:02,822 - __main__ - INFO - 🌐 @nilocsgo: 20 tweets via timeline scrape
2026-04-05 04:35:04 +00:00: 2026-04-05 04:35:04,961 - __main__ - INFO - 📡 GraphQL timeline @Brehze: 0 tweets, status=200
2026-04-05 04:35:08 +00:00: 2026-04-05 04:35:08,485 - __main__ - INFO - ✅ Like cycle complete — liked 0 tweets (0/200 today)
2026-04-05 06:05:09 +00:00: 2026-04-05 06:05:09,441 - __main__ - INFO - 💫 Like cycle starting — 0/200 today, budget: 40
2026-04-05 06:05:10 +00:00: 2026-04-05 06:05:10,354 - __main__ - INFO - 📬 Found 10 of our tweets to check for replies
2026-04-05 06:05:10 +00:00: 2026-04-05 06:05:10,493 - __main__ - INFO - Search 403 — resetting guest token
2026-04-05 06:05:11 +00:00: 2026-04-05 06:05:11,651 - __main__ - INFO - 🔑 Guest token refreshed
2026-04-05 06:05:11 +00:00: 2026-04-05 06:05:11,767 - __main__ - INFO - Search unexpected status: 404
2026-04-05 06:05:12 +00:00: 2026-04-05 06:05:12,886 - __main__ - INFO - Search unexpected status: 404
2026-04-05 06:05:13 +00:00: 2026-04-05 06:05:13,888 - __main__ - INFO - 📬 Reply strategy: 0 candidates
2026-04-05 06:05:15 +00:00: 2026-04-05 06:05:15,258 - __main__ - INFO - 📊 VIP DB: 22 candidates from events
2026-04-05 06:05:15 +00:00: 2026-04-05 06:05:15,259 - __main__ - INFO - 📊 VIP strategy: 22 total candidates
2026-04-05 06:05:19 +00:00: 2026-04-05 06:05:19,523 - __main__ - INFO - 🎯 Engagement target strategy: 40 candidates
2026-04-05 06:05:26 +00:00: 2026-04-05 06:05:26,314 - __main__ - INFO - 📡 GraphQL timeline @ESLCS: 20 tweets, status=200
2026-04-05 06:05:26 +00:00: 2026-04-05 06:05:26,314 - __main__ - INFO - 🌐 @ESLCS: 20 tweets via timeline scrape
2026-04-05 06:05:29 +00:00: 2026-04-05 06:05:29,118 - __main__ - INFO - 📡 GraphQL timeline @FACEIT: 0 tweets, status=200
2026-04-05 06:05:31 +00:00: 2026-04-05 06:05:31,267 - __main__ - INFO - 📡 GraphQL timeline @rainCS: 0 tweets, status=200
2026-04-05 06:05:34 +00:00: 2026-04-05 06:05:34,030 - __main__ - INFO - ✅ Like cycle complete — liked 0 tweets (0/200 today)
2026-04-05 07:35:35 +00:00: 2026-04-05 07:35:35,038 - __main__ - INFO - 💫 Like cycle starting — 0/200 today, budget: 40
2026-04-05 07:35:35 +00:00: 2026-04-05 07:35:35,952 - __main__ - INFO - 📬 Found 10 of our tweets to check for replies
2026-04-05 07:35:36 +00:00: 2026-04-05 07:35:36,083 - __main__ - INFO - Search 403 — resetting guest token
2026-04-05 07:35:37 +00:00: 2026-04-05 07:35:37,262 - __main__ - INFO - 🔑 Guest token refreshed
2026-04-05 07:35:37 +00:00: 2026-04-05 07:35:37,372 - __main__ - INFO - Search unexpected status: 404
2026-04-05 07:35:38 +00:00: 2026-04-05 07:35:38,485 - __main__ - INFO - Search unexpected status: 404
2026-04-05 07:35:39 +00:00: 2026-04-05 07:35:39,487 - __main__ - INFO - 📬 Reply strategy: 0 candidates
2026-04-05 07:35:40 +00:00: 2026-04-05 07:35:40,856 - __main__ - INFO - 📊 VIP DB: 22 candidates from events
2026-04-05 07:35:40 +00:00: 2026-04-05 07:35:40,856 - __main__ - INFO - 📊 VIP strategy: 22 total candidates
2026-04-05 07:35:45 +00:00: 2026-04-05 07:35:45,132 - __main__ - INFO - 🎯 Engagement target strategy: 40 candidates
2026-04-05 07:35:51 +00:00: 2026-04-05 07:35:51,367 - __main__ - INFO - 📡 GraphQL timeline @rainCS: 0 tweets, status=200
2026-04-05 07:35:53 +00:00: 2026-04-05 07:35:53,499 - __main__ - INFO - 📡 GraphQL timeline @Brehze: 0 tweets, status=200
2026-04-05 07:35:56 +00:00: 2026-04-05 07:35:56,212 - __main__ - INFO - 📡 GraphQL timeline @Twistzz: 20 tweets, status=200
2026-04-05 07:35:56 +00:00: 2026-04-05 07:35:56,213 - __main__ - INFO - 🌐 @Twistzz: 20 tweets via timeline scrape
2026-04-05 07:35:58 +00:00: 2026-04-05 07:35:58,976 - __main__ - INFO - ✅ Like cycle complete — liked 0 tweets (0/200 today)
2026-04-05 09:05:59 +00:00: 2026-04-05 09:05:59,965 - __main__ - INFO - 💫 Like cycle starting — 0/200 today, budget: 40
2026-04-05 09:06:00 +00:00: 2026-04-05 09:06:00,878 - __main__ - INFO - 📬 Found 10 of our tweets to check for replies
2026-04-05 09:06:01 +00:00: 2026-04-05 09:06:01,049 - __main__ - INFO - Search 403 — resetting guest token
2026-04-05 09:06:02 +00:00: 2026-04-05 09:06:02,267 - __main__ - INFO - 🔑 Guest token refreshed
2026-04-05 09:06:02 +00:00: 2026-04-05 09:06:02,396 - __main__ - INFO - Search unexpected status: 404
2026-04-05 09:06:03 +00:00: 2026-04-05 09:06:03,558 - __main__ - INFO - Search unexpected status: 404
2026-04-05 09:06:04 +00:00: 2026-04-05 09:06:04,560 - __main__ - INFO - 📬 Reply strategy: 0 candidates
2026-04-05 09:06:05 +00:00: 2026-04-05 09:06:05,929 - __main__ - INFO - 📊 VIP DB: 22 candidates from events
2026-04-05 09:06:05 +00:00: 2026-04-05 09:06:05,929 - __main__ - INFO - 📊 VIP strategy: 22 total candidates
2026-04-05 09:06:10 +00:00: 2026-04-05 09:06:10,190 - __main__ - INFO - 🎯 Engagement target strategy: 40 candidates
2026-04-05 09:06:16 +00:00: 2026-04-05 09:06:16,957 - __main__ - INFO - 📡 GraphQL timeline @TeamLiquidCS: 20 tweets, status=200
2026-04-05 09:06:16 +00:00: 2026-04-05 09:06:16,958 - __main__ - INFO - 🌐 @TeamLiquidCS: 20 tweets via timeline scrape
2026-04-05 09:06:19 +00:00: 2026-04-05 09:06:19,807 - __main__ - INFO - 📡 GraphQL timeline @FACEIT: 0 tweets, status=200
2026-04-05 09:06:22 +00:00: 2026-04-05 09:06:22,474 - __main__ - INFO - 📡 GraphQL timeline @nilocsgo: 20 tweets, status=200
2026-04-05 09:06:22 +00:00: 2026-04-05 09:06:22,475 - __main__ - INFO - 🌐 @nilocsgo: 20 tweets via timeline scrape
2026-04-05 09:06:26 +00:00: 2026-04-05 09:06:26,000 - __main__ - INFO - ✅ Like cycle complete — liked 0 tweets (0/200 today)
2026-04-05 10:36:27 +00:00: 2026-04-05 10:36:27,012 - __main__ - INFO - 💫 Like cycle starting — 0/200 today, budget: 40
2026-04-05 10:36:27 +00:00: 2026-04-05 10:36:27,925 - __main__ - INFO - 📬 Found 10 of our tweets to check for replies
2026-04-05 10:36:28 +00:00: 2026-04-05 10:36:28,063 - __main__ - INFO - Search 403 — resetting guest token
2026-04-05 10:36:29 +00:00: 2026-04-05 10:36:29,226 - __main__ - INFO - 🔑 Guest token refreshed
2026-04-05 10:36:29 +00:00: 2026-04-05 10:36:29,341 - __main__ - INFO - Search unexpected status: 404
2026-04-05 10:36:30 +00:00: 2026-04-05 10:36:30,468 - __main__ - INFO - Search unexpected status: 404
2026-04-05 10:36:31 +00:00: 2026-04-05 10:36:31,469 - __main__ - INFO - 📬 Reply strategy: 0 candidates
2026-04-05 10:36:32 +00:00: 2026-04-05 10:36:32,839 - __main__ - INFO - 📊 VIP DB: 22 candidates from events
2026-04-05 10:36:32 +00:00: 2026-04-05 10:36:32,839 - __main__ - INFO - 📊 VIP strategy: 22 total candidates
2026-04-05 10:36:37 +00:00: 2026-04-05 10:36:37,106 - __main__ - INFO - 🎯 Engagement target strategy: 40 candidates
2026-04-05 10:36:43 +00:00: 2026-04-05 10:36:43,877 - __main__ - INFO - 📡 GraphQL timeline @FACEIT: 0 tweets, status=200
2026-04-05 10:36:46 +00:00: 2026-04-05 10:36:46,537 - __main__ - INFO - 📡 GraphQL timeline @ESLCS: 20 tweets, status=200
2026-04-05 10:36:46 +00:00: 2026-04-05 10:36:46,538 - __main__ - INFO - 🌐 @ESLCS: 20 tweets via timeline scrape
2026-04-05 10:36:48 +00:00: 2026-04-05 10:36:48,682 - __main__ - INFO - 📡 GraphQL timeline @rainCS: 0 tweets, status=200
2026-04-05 10:36:51 +00:00: 2026-04-05 10:36:51,446 - __main__ - INFO - ✅ Like cycle complete — liked 0 tweets (0/200 today)
2026-04-05 12:06:52 +00:00: 2026-04-05 12:06:52,368 - __main__ - INFO - 💫 Like cycle starting — 0/200 today, budget: 40
2026-04-05 12:06:53 +00:00: 2026-04-05 12:06:53,282 - __main__ - INFO - 📬 Found 10 of our tweets to check for replies
2026-04-05 12:06:53 +00:00: 2026-04-05 12:06:53,419 - __main__ - INFO - Search 403 — resetting guest token
2026-04-05 12:06:54 +00:00: 2026-04-05 12:06:54,575 - __main__ - INFO - 🔑 Guest token refreshed
2026-04-05 12:06:54 +00:00: 2026-04-05 12:06:54,688 - __main__ - INFO - Search unexpected status: 404
2026-04-05 12:06:55 +00:00: 2026-04-05 12:06:55,804 - __main__ - INFO - Search unexpected status: 404
2026-04-05 12:06:56 +00:00: 2026-04-05 12:06:56,805 - __main__ - INFO - 📬 Reply strategy: 0 candidates
2026-04-05 12:06:58 +00:00: 2026-04-05 12:06:58,180 - __main__ - INFO - 📊 VIP DB: 22 candidates from events
2026-04-05 12:06:58 +00:00: 2026-04-05 12:06:58,180 - __main__ - INFO - 📊 VIP strategy: 22 total candidates
2026-04-05 12:07:02 +00:00: 2026-04-05 12:07:02,449 - __main__ - INFO - 🎯 Engagement target strategy: 40 candidates
2026-04-05 12:07:09 +00:00: 2026-04-05 12:07:09,622 - __main__ - INFO - 📡 GraphQL timeline @Twistzz: 20 tweets, status=200
2026-04-05 12:07:09 +00:00: 2026-04-05 12:07:09,623 - __main__ - INFO - 🌐 @Twistzz: 20 tweets via timeline scrape
2026-04-05 12:07:12 +00:00: 2026-04-05 12:07:12,251 - __main__ - INFO - 📡 GraphQL timeline @OGesports: 20 tweets, status=200
2026-04-05 12:07:12 +00:00: 2026-04-05 12:07:12,251 - __main__ - INFO - 🌐 @OGesports: 20 tweets via timeline scrape
2026-04-05 12:07:14 +00:00: 2026-04-05 12:07:14,399 - __main__ - INFO - 📡 GraphQL timeline @rainCS: 0 tweets, status=200
2026-04-05 12:07:17 +00:00: 2026-04-05 12:07:17,931 - __main__ - INFO - ✅ Like cycle complete — liked 0 tweets (0/200 today)
2026-04-05 13:37:18 +00:00: 2026-04-05 13:37:18,853 - __main__ - INFO - 💫 Like cycle starting — 0/200 today, budget: 40
2026-04-05 13:37:19 +00:00: 2026-04-05 13:37:19,766 - __main__ - INFO - 📬 Found 10 of our tweets to check for replies
2026-04-05 13:37:19 +00:00: 2026-04-05 13:37:19,936 - __main__ - INFO - Search 403 — resetting guest token
2026-04-05 13:37:21 +00:00: 2026-04-05 13:37:21,144 - __main__ - INFO - 🔑 Guest token refreshed
2026-04-05 13:37:21 +00:00: 2026-04-05 13:37:21,272 - __main__ - INFO - Search unexpected status: 404
2026-04-05 13:37:22 +00:00: 2026-04-05 13:37:22,399 - __main__ - INFO - Search unexpected status: 404
2026-04-05 13:37:23 +00:00: 2026-04-05 13:37:23,401 - __main__ - INFO - 📬 Reply strategy: 0 candidates
2026-04-05 13:37:24 +00:00: 2026-04-05 13:37:24,770 - __main__ - INFO - 📊 VIP DB: 22 candidates from events
2026-04-05 13:37:24 +00:00: 2026-04-05 13:37:24,771 - __main__ - INFO - 📊 VIP strategy: 22 total candidates
2026-04-05 13:37:29 +00:00: 2026-04-05 13:37:29,036 - __main__ - INFO - 🎯 Engagement target strategy: 37 candidates
2026-04-05 13:37:35 +00:00: 2026-04-05 13:37:35,629 - __main__ - INFO - 📡 GraphQL timeline @ESLCS: 20 tweets, status=200
2026-04-05 13:37:35 +00:00: 2026-04-05 13:37:35,629 - __main__ - INFO - 🌐 @ESLCS: 20 tweets via timeline scrape
2026-04-05 13:37:37 +00:00: 2026-04-05 13:37:37,813 - __main__ - INFO - 📡 GraphQL timeline @Brehze: 0 tweets, status=200
2026-04-05 13:37:40 +00:00: 2026-04-05 13:37:40,702 - __main__ - INFO - 📡 GraphQL timeline @FACEIT: 0 tweets, status=200
2026-04-05 13:37:43 +00:00: 2026-04-05 13:37:43,465 - __main__ - INFO - ✅ Like cycle complete — liked 0 tweets (0/200 today)
2026-04-05 15:07:44 +00:00: 2026-04-05 15:07:44,458 - __main__ - INFO - 💫 Like cycle starting — 0/200 today, budget: 40
2026-04-05 15:07:45 +00:00: 2026-04-05 15:07:45,378 - __main__ - INFO - 📬 Found 10 of our tweets to check for replies
2026-04-05 15:07:45 +00:00: 2026-04-05 15:07:45,514 - __main__ - INFO - Search 403 — resetting guest token
2026-04-05 15:07:46 +00:00: 2026-04-05 15:07:46,703 - __main__ - INFO - 🔑 Guest token refreshed
2026-04-05 15:07:46 +00:00: 2026-04-05 15:07:46,814 - __main__ - INFO - Search unexpected status: 404
2026-04-05 15:07:47 +00:00: 2026-04-05 15:07:47,927 - __main__ - INFO - Search unexpected status: 404
2026-04-05 15:07:48 +00:00: 2026-04-05 15:07:48,928 - __main__ - INFO - 📬 Reply strategy: 0 candidates
2026-04-05 15:07:50 +00:00: 2026-04-05 15:07:50,301 - __main__ - INFO - 📊 VIP DB: 22 candidates from events
2026-04-05 15:07:50 +00:00: 2026-04-05 15:07:50,301 - __main__ - INFO - 📊 VIP strategy: 22 total candidates
2026-04-05 15:07:54 +00:00: 2026-04-05 15:07:54,567 - __main__ - INFO - 🎯 Engagement target strategy: 24 candidates
2026-04-05 15:07:58 +00:00: 2026-04-05 15:07:58,432 - __main__ - INFO - 📡 GraphQL timeline @PGL_Esports: 0 tweets, status=200
2026-04-05 15:08:01 +00:00: 2026-04-05 15:08:01,236 - __main__ - INFO - 📡 GraphQL timeline @Complexity: 11 tweets, status=200
2026-04-05 15:08:01 +00:00: 2026-04-05 15:08:01,236 - __main__ - INFO - 🌐 @Complexity: 11 tweets via timeline scrape
2026-04-05 15:08:03 +00:00: 2026-04-05 15:08:03,921 - __main__ - INFO - 📡 GraphQL timeline @Twistzz: 20 tweets, status=200
2026-04-05 15:08:03 +00:00: 2026-04-05 15:08:03,921 - __main__ - INFO - 🌐 @Twistzz: 20 tweets via timeline scrape
2026-04-05 15:08:07 +00:00: 2026-04-05 15:08:07,442 - __main__ - INFO - ✅ Like cycle complete — liked 0 tweets (0/200 today)
2026-04-05 15:53:08 +00:00: 2026-04-05 15:53:08,430 - __main__ - INFO - 💫 Like cycle starting — 0/200 today, budget: 40
2026-04-05 15:53:09 +00:00: 2026-04-05 15:53:09,343 - __main__ - INFO - 📬 Found 10 of our tweets to check for replies
2026-04-05 15:53:09 +00:00: 2026-04-05 15:53:09,526 - __main__ - INFO - Search unexpected status: 404
2026-04-05 15:53:10 +00:00: 2026-04-05 15:53:10,654 - __main__ - INFO - Search unexpected status: 404
2026-04-05 15:53:11 +00:00: 2026-04-05 15:53:11,786 - __main__ - INFO - Search unexpected status: 404
2026-04-05 15:53:12 +00:00: 2026-04-05 15:53:12,788 - __main__ - INFO - 📬 Reply strategy: 0 candidates
2026-04-05 15:53:14 +00:00: 2026-04-05 15:53:14,160 - __main__ - INFO - 📊 VIP DB: 22 candidates from events
2026-04-05 15:53:14 +00:00: 2026-04-05 15:53:14,160 - __main__ - INFO - 📊 VIP strategy: 22 total candidates
2026-04-05 15:53:18 +00:00: 2026-04-05 15:53:18,423 - __main__ - INFO - 🎯 Engagement target strategy: 20 candidates
2026-04-05 15:53:22 +00:00: 2026-04-05 15:53:22,252 - __main__ - INFO - 📡 GraphQL timeline @TeamLiquidCS: 20 tweets, status=200
2026-04-05 15:53:22 +00:00: 2026-04-05 15:53:22,252 - __main__ - INFO - 🌐 @TeamLiquidCS: 20 tweets via timeline scrape
2026-04-05 15:53:24 +00:00: 2026-04-05 15:53:24,398 - __main__ - INFO - Could not resolve @LOABORVRE_CS2: 200
2026-04-05 15:53:27 +00:00: 2026-04-05 15:53:27,255 - __main__ - INFO - 📡 GraphQL timeline @OGesports: 20 tweets, status=200
2026-04-05 15:53:27 +00:00: 2026-04-05 15:53:27,258 - __main__ - INFO - 🌐 @OGesports: 20 tweets via timeline scrape
2026-04-05 15:53:30 +00:00: 2026-04-05 15:53:30,787 - __main__ - INFO - ✅ Like cycle complete — liked 0 tweets (0/200 today)
2026-04-05 16:38:31 +00:00: 2026-04-05 16:38:31,805 - __main__ - INFO - 💫 Like cycle starting — 0/200 today, budget: 40
2026-04-05 16:38:32 +00:00: 2026-04-05 16:38:32,718 - __main__ - INFO - 📬 Found 10 of our tweets to check for replies
2026-04-05 16:38:32 +00:00: 2026-04-05 16:38:32,859 - __main__ - INFO - Search unexpected status: 404
2026-04-05 16:38:33 +00:00: 2026-04-05 16:38:33,972 - __main__ - INFO - Search unexpected status: 404
2026-04-05 16:38:35 +00:00: 2026-04-05 16:38:35,087 - __main__ - INFO - Search unexpected status: 404
2026-04-05 16:38:36 +00:00: 2026-04-05 16:38:36,089 - __main__ - INFO - 📬 Reply strategy: 0 candidates
2026-04-05 16:38:37 +00:00: 2026-04-05 16:38:37,458 - __main__ - INFO - 📊 VIP DB: 22 candidates from events
2026-04-05 16:38:37 +00:00: 2026-04-05 16:38:37,459 - __main__ - INFO - 📊 VIP strategy: 22 total candidates
2026-04-05 16:38:41 +00:00: 2026-04-05 16:38:41,721 - __main__ - INFO - 🎯 Engagement target strategy: 19 candidates
2026-04-05 16:38:45 +00:00: 2026-04-05 16:38:45,850 - __main__ - INFO - 📡 GraphQL timeline @Complexity: 11 tweets, status=200
2026-04-05 16:38:45 +00:00: 2026-04-05 16:38:45,851 - __main__ - INFO - 🌐 @Complexity: 11 tweets via timeline scrape
2026-04-05 16:38:48 +00:00: 2026-04-05 16:38:48,633 - __main__ - INFO - 📡 GraphQL timeline @Karrigancsgo: 20 tweets, status=200
2026-04-05 16:38:48 +00:00: 2026-04-05 16:38:48,633 - __main__ - INFO - 🌐 @Karrigancsgo: 20 tweets via timeline scrape
2026-04-05 16:38:51 +00:00: 2026-04-05 16:38:51,392 - __main__ - INFO - 📡 GraphQL timeline @nilocsgo: 20 tweets, status=200
2026-04-05 16:38:51 +00:00: 2026-04-05 16:38:51,392 - __main__ - INFO - 🌐 @nilocsgo: 20 tweets via timeline scrape
2026-04-05 16:38:55 +00:00: 2026-04-05 16:38:55,678 - __main__ - INFO - ✅ Like cycle complete — liked 0 tweets (0/200 today)
2026-04-05 17:23:56 +00:00: 2026-04-05 17:23:56,691 - __main__ - INFO - 💫 Like cycle starting — 0/200 today, budget: 40
2026-04-05 17:23:57 +00:00: 2026-04-05 17:23:57,606 - __main__ - INFO - 📬 Found 10 of our tweets to check for replies
2026-04-05 17:23:57 +00:00: 2026-04-05 17:23:57,864 - __main__ - INFO - 🔑 Guest token refreshed
2026-04-05 17:23:57 +00:00: 2026-04-05 17:23:57,997 - __main__ - INFO - Search unexpected status: 404
2026-04-05 17:23:59 +00:00: 2026-04-05 17:23:59,123 - __main__ - INFO - Search unexpected status: 404
2026-04-05 17:24:00 +00:00: 2026-04-05 17:24:00,240 - __main__ - INFO - Search unexpected status: 404
2026-04-05 17:24:01 +00:00: 2026-04-05 17:24:01,242 - __main__ - INFO - 📬 Reply strategy: 0 candidates
2026-04-05 17:24:02 +00:00: 2026-04-05 17:24:02,613 - __main__ - INFO - 📊 VIP DB: 22 candidates from events
2026-04-05 17:24:02 +00:00: 2026-04-05 17:24:02,614 - __main__ - INFO - 📊 VIP strategy: 22 total candidates
2026-04-05 17:24:06 +00:00: 2026-04-05 17:24:06,878 - __main__ - INFO - 🎯 Engagement target strategy: 11 candidates
2026-04-05 17:24:09 +00:00: 2026-04-05 17:24:09,394 - __main__ - INFO - 📡 GraphQL timeline @OGesports: 20 tweets, status=200
2026-04-05 17:24:09 +00:00: 2026-04-05 17:24:09,394 - __main__ - INFO - 🌐 @OGesports: 20 tweets via timeline scrape
2026-04-05 17:24:12 +00:00: 2026-04-05 17:24:12,047 - __main__ - INFO - 📡 GraphQL timeline @Twistzz: 20 tweets, status=200
2026-04-05 17:24:12 +00:00: 2026-04-05 17:24:12,048 - __main__ - INFO - 🌐 @Twistzz: 20 tweets via timeline scrape
2026-04-05 17:24:14 +00:00: 2026-04-05 17:24:14,193 - __main__ - INFO - 📡 GraphQL timeline @PGL_Esports: 0 tweets, status=200
2026-04-05 17:24:17 +00:00: 2026-04-05 17:24:17,719 - __main__ - INFO - ✅ Like cycle complete — liked 0 tweets (0/200 today)
2026-04-05 18:09:18 +00:00: 2026-04-05 18:09:18,734 - __main__ - INFO - 💫 Like cycle starting — 0/200 today, budget: 40
2026-04-05 18:09:19 +00:00: 2026-04-05 18:09:19,646 - __main__ - INFO - 📬 Found 10 of our tweets to check for replies
2026-04-05 18:09:19 +00:00: 2026-04-05 18:09:19,823 - __main__ - INFO - Search unexpected status: 404
2026-04-05 18:09:20 +00:00: 2026-04-05 18:09:20,956 - __main__ - INFO - Search unexpected status: 404
2026-04-05 18:09:22 +00:00: 2026-04-05 18:09:22,088 - __main__ - INFO - Search unexpected status: 404
2026-04-05 18:09:23 +00:00: 2026-04-05 18:09:23,090 - __main__ - INFO - 📬 Reply strategy: 0 candidates
2026-04-05 18:09:24 +00:00: 2026-04-05 18:09:24,461 - __main__ - INFO - 📊 VIP DB: 7 candidates from events
2026-04-05 18:09:24 +00:00: 2026-04-05 18:09:24,461 - __main__ - INFO - 📡 VIP GraphQL fallback triggered — 7 DB candidates < 10
2026-04-05 18:09:25 +00:00: 2026-04-05 18:09:25,686 - __main__ - INFO - 📡 GraphQL timeline @CounterStrike: 20 tweets, status=200
2026-04-05 18:09:25 +00:00: 2026-04-05 18:09:25,687 - __main__ - INFO - 📡 @CounterStrike: 20 tweets via GraphQL
2026-04-05 18:09:27 +00:00: 2026-04-05 18:09:27,852 - __main__ - INFO - Could not resolve @DonHaci: 200
2026-04-05 18:09:30 +00:00: 2026-04-05 18:09:30,906 - __main__ - INFO - 📡 GraphQL timeline @EsportsInsider: 20 tweets, status=200
2026-04-05 18:09:30 +00:00: 2026-04-05 18:09:30,907 - __main__ - INFO - 📡 @EsportsInsider: 20 tweets via GraphQL
2026-04-05 18:09:33 +00:00: 2026-04-05 18:09:33,771 - __main__ - INFO - 📡 GraphQL timeline @BlastPremier: 8 tweets, status=200
2026-04-05 18:09:33 +00:00: 2026-04-05 18:09:33,772 - __main__ - INFO - 📡 @BlastPremier: 8 tweets via GraphQL
2026-04-05 18:09:36 +00:00: 2026-04-05 18:09:36,122 - __main__ - INFO - 📡 GraphQL timeline @hltv: 0 tweets, status=200
2026-04-05 18:09:39 +00:00: 2026-04-05 18:09:39,260 - __main__ - INFO - 📡 GraphQL timeline @Dust2us: 20 tweets, status=200
2026-04-05 18:09:39 +00:00: 2026-04-05 18:09:39,261 - __main__ - INFO - 📡 @Dust2us: 20 tweets via GraphQL
2026-04-05 18:09:41 +00:00: 2026-04-05 18:09:41,263 - __main__ - INFO - 📊 VIP strategy: 27 total candidates
2026-04-05 18:09:44 +00:00: 2026-04-05 18:09:44,104 - __main__ - INFO - ❤️  Liked tweet 167383580993666... by @dust2us (vip_timeline)
2026-04-05 18:09:49 +00:00: 2026-04-05 18:09:49,258 - __main__ - INFO - ❤️  Liked tweet 163792888293320... by @dust2us (vip_timeline)
2026-04-05 18:09:54 +00:00: 2026-04-05 18:09:54,330 - __main__ - INFO - ❤️  Liked tweet 167084592031175... by @dust2us (vip_timeline)
2026-04-05 18:10:02 +00:00: 2026-04-05 18:10:02,368 - __main__ - INFO - ❤️  Liked tweet 176442990657266... by @dust2us (vip_timeline)
2026-04-05 18:10:10 +00:00: 2026-04-05 18:10:10,909 - __main__ - INFO - ❤️  Liked tweet 165669933955571... by @dust2us (vip_timeline)
2026-04-05 18:10:18 +00:00: 2026-04-05 18:10:18,239 - __main__ - INFO - 🎯 Engagement target strategy: 11 candidates
2026-04-05 18:10:20 +00:00: 2026-04-05 18:10:20,762 - __main__ - INFO - 📡 GraphQL timeline @Karrigancsgo: 20 tweets, status=200
2026-04-05 18:10:20 +00:00: 2026-04-05 18:10:20,763 - __main__ - INFO - 🌐 @Karrigancsgo: 20 tweets via timeline scrape
2026-04-05 18:10:23 +00:00: 2026-04-05 18:10:23,437 - __main__ - INFO - 📡 GraphQL timeline @Complexity: 11 tweets, status=200
2026-04-05 18:10:23 +00:00: 2026-04-05 18:10:23,438 - __main__ - INFO - 🌐 @Complexity: 11 tweets via timeline scrape
2026-04-05 18:10:25 +00:00: 2026-04-05 18:10:25,583 - __main__ - INFO - Could not resolve @gaborcsgo: 200
2026-04-05 18:10:29 +00:00: 2026-04-05 18:10:29,108 - __main__ - INFO - ✅ Like cycle complete — liked 5 tweets (5/200 today)
2026-04-05 18:55:30 +00:00: 2026-04-05 18:55:30,111 - __main__ - INFO - 💫 Like cycle starting — 5/200 today, budget: 40
2026-04-05 18:55:31 +00:00: 2026-04-05 18:55:31,024 - __main__ - INFO - 📬 Found 10 of our tweets to check for replies
2026-04-05 18:55:31 +00:00: 2026-04-05 18:55:31,193 - __main__ - INFO - Search unexpected status: 404
2026-04-05 18:55:32 +00:00: 2026-04-05 18:55:32,350 - __main__ - INFO - Search unexpected status: 404
2026-04-05 18:55:33 +00:00: 2026-04-05 18:55:33,483 - __main__ - INFO - Search unexpected status: 404
2026-04-05 18:55:34 +00:00: 2026-04-05 18:55:34,484 - __main__ - INFO - 📬 Reply strategy: 0 candidates
2026-04-05 18:55:35 +00:00: 2026-04-05 18:55:35,854 - __main__ - INFO - 📊 VIP DB: 7 candidates from events
2026-04-05 18:55:35 +00:00: 2026-04-05 18:55:35,854 - __main__ - INFO - 📡 VIP GraphQL fallback triggered — 7 DB candidates < 10
2026-04-05 18:55:37 +00:00: 2026-04-05 18:55:37,083 - __main__ - INFO - 📡 GraphQL timeline @RazedEsport: 20 tweets, status=200
2026-04-05 18:55:37 +00:00: 2026-04-05 18:55:37,084 - __main__ - INFO - 📡 @RazedEsport: 20 tweets via GraphQL
2026-04-05 18:55:40 +00:00: 2026-04-05 18:55:40,202 - __main__ - INFO - 📡 GraphQL timeline @CS2News_EN: 20 tweets, status=200
2026-04-05 18:55:40 +00:00: 2026-04-05 18:55:40,203 - __main__ - INFO - 📡 @CS2News_EN: 20 tweets via GraphQL
2026-04-05 18:55:43 +00:00: 2026-04-05 18:55:43,196 - __main__ - INFO - 📡 GraphQL timeline @Slasher: 20 tweets, status=200
2026-04-05 18:55:43 +00:00: 2026-04-05 18:55:43,196 - __main__ - INFO - 📡 @Slasher: 20 tweets via GraphQL
2026-04-05 18:55:46 +00:00: 2026-04-05 18:55:46,090 - __main__ - INFO - 📡 GraphQL timeline @EsportsInsider: 20 tweets, status=200
2026-04-05 18:55:46 +00:00: 2026-04-05 18:55:46,091 - __main__ - INFO - 📡 @EsportsInsider: 20 tweets via GraphQL
2026-04-05 18:55:49 +00:00: 2026-04-05 18:55:49,020 - __main__ - INFO - 📡 GraphQL timeline @Dust2us: 20 tweets, status=200
2026-04-05 18:55:49 +00:00: 2026-04-05 18:55:49,021 - __main__ - INFO - 📡 @Dust2us: 20 tweets via GraphQL
2026-04-05 18:55:51 +00:00: 2026-04-05 18:55:51,754 - __main__ - INFO - 📡 GraphQL timeline @BlastPremier: 8 tweets, status=200
2026-04-05 18:55:51 +00:00: 2026-04-05 18:55:51,755 - __main__ - INFO - 📡 @BlastPremier: 8 tweets via GraphQL
2026-04-05 18:55:53 +00:00: 2026-04-05 18:55:53,757 - __main__ - INFO - 📊 VIP strategy: 37 total candidates
2026-04-05 18:55:55 +00:00: 2026-04-05 18:55:55,772 - __main__ - INFO - ❤️  Liked tweet 197589367498387... by @CS2News_EN (vip_timeline)
2026-04-05 18:56:06 +00:00: 2026-04-05 18:56:06,408 - __main__ - INFO - ❤️  Liked tweet 197038017247514... by @CS2News_EN (vip_timeline)
2026-04-05 18:56:14 +00:00: 2026-04-05 18:56:14,509 - __main__ - INFO - ❤️  Liked tweet 193324865076087... by @CS2News_EN (vip_timeline)
2026-04-05 18:56:20 +00:00: 2026-04-05 18:56:20,360 - __main__ - INFO - ❤️  Liked tweet 193691455328927... by @CS2News_EN (vip_timeline)
2026-04-05 18:56:27 +00:00: 2026-04-05 18:56:27,540 - __main__ - INFO - ❤️  Liked tweet 198144264153223... by @CS2News_EN (vip_timeline)
2026-04-05 18:56:35 +00:00: 2026-04-05 18:56:35,822 - __main__ - INFO - 🎯 Engagement target strategy: 11 candidates
2026-04-05 18:56:37 +00:00: 2026-04-05 18:56:37,645 - __main__ - INFO - 📡 GraphQL timeline @Brehze: 0 tweets, status=200
2026-04-05 18:56:40 +00:00: 2026-04-05 18:56:40,586 - __main__ - INFO - 📡 GraphQL timeline @EliGE: 20 tweets, status=200
2026-04-05 18:56:40 +00:00: 2026-04-05 18:56:40,586 - __main__ - INFO - 🌐 @EliGE: 20 tweets via timeline scrape
2026-04-05 18:56:43 +00:00: 2026-04-05 18:56:43,465 - __main__ - INFO - 📡 GraphQL timeline @TeamLiquidCS: 20 tweets, status=200
2026-04-05 18:56:43 +00:00: 2026-04-05 18:56:43,465 - __main__ - INFO - 🌐 @TeamLiquidCS: 20 tweets via timeline scrape
2026-04-05 18:56:46 +00:00: 2026-04-05 18:56:46,990 - __main__ - INFO - ✅ Like cycle complete — liked 5 tweets (10/200 today)
2026-04-05 19:41:47 +00:00: 2026-04-05 19:41:47,962 - __main__ - INFO - 💫 Like cycle starting — 10/200 today, budget: 40
2026-04-05 19:41:48 +00:00: 2026-04-05 19:41:48,875 - __main__ - INFO - 📬 Found 10 of our tweets to check for replies
2026-04-05 19:41:49 +00:00: 2026-04-05 19:41:49,173 - __main__ - INFO - 🔑 Guest token refreshed
2026-04-05 19:41:49 +00:00: 2026-04-05 19:41:49,308 - __main__ - INFO - Search unexpected status: 404
2026-04-05 19:41:50 +00:00: 2026-04-05 19:41:50,423 - __main__ - INFO - Search unexpected status: 404
2026-04-05 19:41:51 +00:00: 2026-04-05 19:41:51,541 - __main__ - INFO - Search unexpected status: 404
2026-04-05 19:41:52 +00:00: 2026-04-05 19:41:52,543 - __main__ - INFO - 📬 Reply strategy: 0 candidates
2026-04-05 19:41:53 +00:00: 2026-04-05 19:41:53,917 - __main__ - INFO - 📊 VIP DB: 7 candidates from events
2026-04-05 19:41:53 +00:00: 2026-04-05 19:41:53,917 - __main__ - INFO - 📡 VIP GraphQL fallback triggered — 7 DB candidates < 10
2026-04-05 19:41:54 +00:00: 2026-04-05 19:41:54,783 - __main__ - INFO - 📡 GraphQL timeline @EsportsInsider: 20 tweets, status=200
2026-04-05 19:41:54 +00:00: 2026-04-05 19:41:54,783 - __main__ - INFO - 📡 @EsportsInsider: 20 tweets via GraphQL
2026-04-05 19:41:57 +00:00: 2026-04-05 19:41:57,589 - __main__ - INFO - 📡 GraphQL timeline @Slasher: 20 tweets, status=200
2026-04-05 19:41:57 +00:00: 2026-04-05 19:41:57,589 - __main__ - INFO - 📡 @Slasher: 20 tweets via GraphQL
2026-04-05 19:42:00 +00:00: 2026-04-05 19:42:00,289 - __main__ - INFO - 📡 GraphQL timeline @CounterStrike: 20 tweets, status=200
2026-04-05 19:42:00 +00:00: 2026-04-05 19:42:00,289 - __main__ - INFO - 📡 @CounterStrike: 20 tweets via GraphQL
2026-04-05 19:42:02 +00:00: 2026-04-05 19:42:02,582 - __main__ - INFO - 📡 GraphQL timeline @hltv: 0 tweets, status=200
2026-04-05 19:42:05 +00:00: 2026-04-05 19:42:05,273 - __main__ - INFO - 📡 GraphQL timeline @Dust2us: 20 tweets, status=200
2026-04-05 19:42:05 +00:00: 2026-04-05 19:42:05,274 - __main__ - INFO - 📡 @Dust2us: 20 tweets via GraphQL
2026-04-05 19:42:07 +00:00: 2026-04-05 19:42:07,423 - __main__ - INFO - Could not resolve @DonHaci: 200
2026-04-05 19:42:09 +00:00: 2026-04-05 19:42:09,424 - __main__ - INFO - 📊 VIP strategy: 27 total candidates
2026-04-05 19:42:14 +00:00: 2026-04-05 19:42:14,458 - __main__ - INFO - 🎯 Engagement target strategy: 11 candidates
2026-04-05 19:42:16 +00:00: 2026-04-05 19:42:16,347 - __main__ - INFO - 📡 GraphQL timeline @Brehze: 0 tweets, status=200
2026-04-05 19:42:18 +00:00: 2026-04-05 19:42:18,475 - __main__ - INFO - Could not resolve @gaborcsgo: 200
2026-04-05 19:42:20 +00:00: 2026-04-05 19:42:20,717 - __main__ - INFO - 📡 GraphQL timeline @rainCS: 0 tweets, status=200
2026-04-05 19:42:22 +00:00: 2026-04-05 19:42:22,720 - __main__ - INFO - ✅ Like cycle complete — liked 0 tweets (10/200 today)
2026-04-05 20:27:23 +00:00: 2026-04-05 20:27:23,638 - __main__ - INFO - 💫 Like cycle starting — 10/200 today, budget: 40
2026-04-05 20:27:24 +00:00: 2026-04-05 20:27:24,550 - __main__ - INFO - 📬 Found 10 of our tweets to check for replies
2026-04-05 20:27:24 +00:00: 2026-04-05 20:27:24,724 - __main__ - INFO - Search unexpected status: 404
2026-04-05 20:27:25 +00:00: 2026-04-05 20:27:25,838 - __main__ - INFO - Search unexpected status: 404
2026-04-05 20:27:26 +00:00: 2026-04-05 20:27:26,956 - __main__ - INFO - Search unexpected status: 404
2026-04-05 20:27:27 +00:00: 2026-04-05 20:27:27,958 - __main__ - INFO - 📬 Reply strategy: 0 candidates
2026-04-05 20:27:29 +00:00: 2026-04-05 20:27:29,327 - __main__ - INFO - 📊 VIP DB: 7 candidates from events
2026-04-05 20:27:29 +00:00: 2026-04-05 20:27:29,330 - __main__ - INFO - 📡 VIP GraphQL fallback triggered — 7 DB candidates < 10
2026-04-05 20:27:30 +00:00: 2026-04-05 20:27:30,134 - __main__ - INFO - 📡 GraphQL timeline @EsportsInsider: 20 tweets, status=200
2026-04-05 20:27:30 +00:00: 2026-04-05 20:27:30,134 - __main__ - INFO - 📡 @EsportsInsider: 20 tweets via GraphQL
2026-04-05 20:27:32 +00:00: 2026-04-05 20:27:32,868 - __main__ - INFO - 📡 GraphQL timeline @RazedEsport: 20 tweets, status=200
2026-04-05 20:27:32 +00:00: 2026-04-05 20:27:32,868 - __main__ - INFO - 📡 @RazedEsport: 20 tweets via GraphQL
2026-04-05 20:27:35 +00:00: 2026-04-05 20:27:35,032 - __main__ - INFO - 📡 GraphQL timeline @hltv: 0 tweets, status=200
2026-04-05 20:27:37 +00:00: 2026-04-05 20:27:37,648 - __main__ - INFO - 📡 GraphQL timeline @CounterStrike: 20 tweets, status=200
2026-04-05 20:27:37 +00:00: 2026-04-05 20:27:37,648 - __main__ - INFO - 📡 @CounterStrike: 20 tweets via GraphQL
2026-04-05 20:27:39 +00:00: 2026-04-05 20:27:39,938 - __main__ - INFO - 📡 GraphQL timeline @ABORCS: 0 tweets, status=200
2026-04-05 20:27:42 +00:00: 2026-04-05 20:27:42,593 - __main__ - INFO - 📡 GraphQL timeline @Dust2us: 20 tweets, status=200
2026-04-05 20:27:42 +00:00: 2026-04-05 20:27:42,594 - __main__ - INFO - 📡 @Dust2us: 20 tweets via GraphQL
2026-04-05 20:27:44 +00:00: 2026-04-05 20:27:44,596 - __main__ - INFO - 📊 VIP strategy: 27 total candidates
2026-04-05 20:27:49 +00:00: 2026-04-05 20:27:49,634 - __main__ - INFO - 🎯 Engagement target strategy: 11 candidates
2026-04-05 20:27:51 +00:00: 2026-04-05 20:27:51,459 - __main__ - INFO - 📡 GraphQL timeline @PGL_Esports: 0 tweets, status=200
2026-04-05 20:27:53 +00:00: 2026-04-05 20:27:53,588 - __main__ - INFO - Could not resolve @LOABORVRE_CS2: 200
2026-04-05 20:27:56 +00:00: 2026-04-05 20:27:56,301 - __main__ - INFO - 📡 GraphQL timeline @FACEIT: 0 tweets, status=200
2026-04-05 20:27:58 +00:00: 2026-04-05 20:27:58,304 - __main__ - INFO - ✅ Like cycle complete — liked 0 tweets (10/200 today)
2026-04-05 21:12:59 +00:00: 2026-04-05 21:12:59,317 - __main__ - INFO - 💫 Like cycle starting — 10/200 today, budget: 40
2026-04-05 21:13:00 +00:00: 2026-04-05 21:13:00,230 - __main__ - INFO - 📬 Found 10 of our tweets to check for replies
2026-04-05 21:13:00 +00:00: 2026-04-05 21:13:00,363 - __main__ - INFO - Search unexpected status: 404
2026-04-05 21:13:01 +00:00: 2026-04-05 21:13:01,602 - __main__ - INFO - Search unexpected status: 404
2026-04-05 21:13:02 +00:00: 2026-04-05 21:13:02,713 - __main__ - INFO - Search unexpected status: 404
2026-04-05 21:13:03 +00:00: 2026-04-05 21:13:03,714 - __main__ - INFO - 📬 Reply strategy: 0 candidates
2026-04-05 21:13:05 +00:00: 2026-04-05 21:13:05,083 - __main__ - INFO - 📊 VIP DB: 7 candidates from events
2026-04-05 21:13:05 +00:00: 2026-04-05 21:13:05,083 - __main__ - INFO - 📡 VIP GraphQL fallback triggered — 7 DB candidates < 10
2026-04-05 21:13:05 +00:00: 2026-04-05 21:13:05,843 - __main__ - INFO - 📡 GraphQL timeline @Dust2us: 20 tweets, status=200
2026-04-05 21:13:05 +00:00: 2026-04-05 21:13:05,843 - __main__ - INFO - 📡 @Dust2us: 20 tweets via GraphQL
2026-04-05 21:13:08 +00:00: 2026-04-05 21:13:08,406 - __main__ - INFO - 📡 GraphQL timeline @BlastPremier: 9 tweets, status=200
2026-04-05 21:13:08 +00:00: 2026-04-05 21:13:08,406 - __main__ - INFO - 📡 @BlastPremier: 9 tweets via GraphQL
2026-04-05 21:13:10 +00:00: 2026-04-05 21:13:10,551 - __main__ - INFO - Could not resolve @DonHaci: 200
2026-04-05 21:13:12 +00:00: 2026-04-05 21:13:12,679 - __main__ - INFO - Could not resolve @RichardLewisTV: 200
2026-04-05 21:13:15 +00:00: 2026-04-05 21:13:15,506 - __main__ - INFO - 📡 GraphQL timeline @CounterStrike: 20 tweets, status=200
2026-04-05 21:13:15 +00:00: 2026-04-05 21:13:15,507 - __main__ - INFO - 📡 @CounterStrike: 20 tweets via GraphQL
2026-04-05 21:13:18 +00:00: 2026-04-05 21:13:18,190 - __main__ - INFO - 📡 GraphQL timeline @EsportsInsider: 20 tweets, status=200
2026-04-05 21:13:18 +00:00: 2026-04-05 21:13:18,191 - __main__ - INFO - 📡 @EsportsInsider: 20 tweets via GraphQL
2026-04-05 21:13:20 +00:00: 2026-04-05 21:13:20,193 - __main__ - INFO - 📊 VIP strategy: 27 total candidates
2026-04-05 21:13:23 +00:00: 2026-04-05 21:13:23,416 - __main__ - INFO - ❤️  Liked tweet 204089503850740... by @BLASTPremier (vip_timeline)
2026-04-05 21:13:33 +00:00: 2026-04-05 21:13:33,390 - __main__ - INFO - 🎯 Engagement target strategy: 11 candidates
2026-04-05 21:13:35 +00:00: 2026-04-05 21:13:35,211 - __main__ - INFO - 📡 GraphQL timeline @rainCS: 0 tweets, status=200
2026-04-05 21:13:37 +00:00: 2026-04-05 21:13:37,365 - __main__ - INFO - 📡 GraphQL timeline @PGL_Esports: 0 tweets, status=200
2026-04-05 21:13:40 +00:00: 2026-04-05 21:13:40,221 - __main__ - INFO - 📡 GraphQL timeline @BIGCLANgg: 11 tweets, status=200
2026-04-05 21:13:40 +00:00: 2026-04-05 21:13:40,221 - __main__ - INFO - 🌐 @BIGCLANgg: 11 tweets via timeline scrape
2026-04-05 21:13:43 +00:00: 2026-04-05 21:13:43,784 - __main__ - INFO - ❤️  Liked tweet 204089458596290... by @BIGCLANgg (cs2_community:BIGCLANgg)
2026-04-05 21:13:52 +00:00: 2026-04-05 21:13:52,246 - __main__ - INFO - ❤️  Liked tweet 204088371762373... by @BIGCLANgg (cs2_community:BIGCLANgg)
2026-04-05 21:14:00 +00:00: 2026-04-05 21:14:00,785 - __main__ - INFO - ❤️  Liked tweet 204089500618608... by @BIGCLANgg (cs2_community:BIGCLANgg)
2026-04-05 21:14:08 +00:00: 2026-04-05 21:14:08,918 - __main__ - INFO - ❤️  Liked tweet 204088800669796... by @BIGCLANgg (cs2_community:BIGCLANgg)
2026-04-05 21:14:17 +00:00: 2026-04-05 21:14:17,594 - __main__ - INFO - ❤️  Liked tweet 204088747352650... by @BIGCLANgg (cs2_community:BIGCLANgg)
2026-04-05 21:14:26 +00:00: 2026-04-05 21:14:26,861 - __main__ - INFO - ✅ Like cycle complete — liked 6 tweets (16/200 today)
2026-04-05 21:59:27 +00:00: 2026-04-05 21:59:27,724 - __main__ - INFO - 💫 Like cycle starting — 16/200 today, budget: 40
2026-04-05 21:59:28 +00:00: 2026-04-05 21:59:28,640 - __main__ - INFO - 📬 Found 10 of our tweets to check for replies
2026-04-05 21:59:28 +00:00: 2026-04-05 21:59:28,807 - __main__ - INFO - 🔑 Guest token refreshed
2026-04-05 21:59:28 +00:00: 2026-04-05 21:59:28,965 - __main__ - INFO - Search unexpected status: 404
2026-04-05 21:59:30 +00:00: 2026-04-05 21:59:30,093 - __main__ - INFO - Search unexpected status: 404
2026-04-05 21:59:31 +00:00: 2026-04-05 21:59:31,223 - __main__ - INFO - Search unexpected status: 404
2026-04-05 21:59:32 +00:00: 2026-04-05 21:59:32,224 - __main__ - INFO - 📬 Reply strategy: 0 candidates
2026-04-05 21:59:33 +00:00: 2026-04-05 21:59:33,599 - __main__ - INFO - 📊 VIP DB: 7 candidates from events
2026-04-05 21:59:33 +00:00: 2026-04-05 21:59:33,599 - __main__ - INFO - 📡 VIP GraphQL fallback triggered — 7 DB candidates < 10
2026-04-05 21:59:34 +00:00: 2026-04-05 21:59:34,678 - __main__ - INFO - 📡 GraphQL timeline @Slasher: 20 tweets, status=200
2026-04-05 21:59:34 +00:00: 2026-04-05 21:59:34,678 - __main__ - INFO - 📡 @Slasher: 20 tweets via GraphQL
2026-04-05 21:59:37 +00:00: 2026-04-05 21:59:37,535 - __main__ - INFO - 📡 GraphQL timeline @RazedEsport: 20 tweets, status=200
2026-04-05 21:59:37 +00:00: 2026-04-05 21:59:37,536 - __main__ - INFO - 📡 @RazedEsport: 20 tweets via GraphQL
2026-04-05 21:59:40 +00:00: 2026-04-05 21:59:40,238 - __main__ - INFO - 📡 GraphQL timeline @EsportsInsider: 20 tweets, status=200
2026-04-05 21:59:40 +00:00: 2026-04-05 21:59:40,238 - __main__ - INFO - 📡 @EsportsInsider: 20 tweets via GraphQL
2026-04-05 21:59:42 +00:00: 2026-04-05 21:59:42,861 - __main__ - INFO - 📡 GraphQL timeline @BlastPremier: 9 tweets, status=200
2026-04-05 21:59:42 +00:00: 2026-04-05 21:59:42,861 - __main__ - INFO - 📡 @BlastPremier: 9 tweets via GraphQL
2026-04-05 21:59:45 +00:00: 2026-04-05 21:59:45,017 - __main__ - INFO - 📡 GraphQL timeline @ABORCS: 0 tweets, status=200
2026-04-05 21:59:47 +00:00: 2026-04-05 21:59:47,194 - __main__ - INFO - 📡 GraphQL timeline @hltv: 0 tweets, status=200
2026-04-05 21:59:49 +00:00: 2026-04-05 21:59:49,196 - __main__ - INFO - 📊 VIP strategy: 27 total candidates
2026-04-05 21:59:53 +00:00: 2026-04-05 21:59:53,916 - __main__ - INFO - 🎯 Engagement target strategy: 11 candidates
2026-04-05 21:59:55 +00:00: 2026-04-05 21:59:55,733 - __main__ - INFO - Could not resolve @LOABORVRE_CS2: 200
2026-04-05 21:59:57 +00:00: 2026-04-05 21:59:57,884 - __main__ - INFO - Could not resolve @gaborcsgo: 200
2026-04-05 22:00:00 +00:00: 2026-04-05 22:00:00,031 - __main__ - INFO - 📡 GraphQL timeline @Brehze: 0 tweets, status=200
2026-04-05 22:00:02 +00:00: 2026-04-05 22:00:02,032 - __main__ - INFO - ✅ Like cycle complete — liked 0 tweets (16/200 today)
2026-04-05 22:45:03 +00:00: 2026-04-05 22:45:03,007 - __main__ - INFO - 💫 Like cycle starting — 16/200 today, budget: 40
2026-04-05 22:45:03 +00:00: 2026-04-05 22:45:03,922 - __main__ - INFO - 📬 Found 10 of our tweets to check for replies
2026-04-05 22:45:04 +00:00: 2026-04-05 22:45:04,061 - __main__ - INFO - Search unexpected status: 404
2026-04-05 22:45:05 +00:00: 2026-04-05 22:45:05,188 - __main__ - INFO - Search unexpected status: 404
2026-04-05 22:45:06 +00:00: 2026-04-05 22:45:06,304 - __main__ - INFO - Search unexpected status: 404
2026-04-05 22:45:07 +00:00: 2026-04-05 22:45:07,305 - __main__ - INFO - 📬 Reply strategy: 0 candidates
2026-04-05 22:45:08 +00:00: 2026-04-05 22:45:08,675 - __main__ - INFO - 📊 VIP DB: 7 candidates from events
2026-04-05 22:45:08 +00:00: 2026-04-05 22:45:08,675 - __main__ - INFO - 📡 VIP GraphQL fallback triggered — 7 DB candidates < 10
2026-04-05 22:45:09 +00:00: 2026-04-05 22:45:09,133 - __main__ - INFO - 📡 GraphQL timeline @Nors3: 0 tweets, status=200
2026-04-05 22:45:11 +00:00: 2026-04-05 22:45:11,277 - __main__ - INFO - Could not resolve @DonHaci: 200
2026-04-05 22:45:13 +00:00: 2026-04-05 22:45:13,458 - __main__ - INFO - 📡 GraphQL timeline @hltv: 0 tweets, status=200
2026-04-05 22:45:15 +00:00: 2026-04-05 22:45:15,594 - __main__ - INFO - Could not resolve @RichardLewisTV: 200
2026-04-05 22:45:18 +00:00: 2026-04-05 22:45:18,469 - __main__ - INFO - 📡 GraphQL timeline @CounterStrike: 20 tweets, status=200
2026-04-05 22:45:18 +00:00: 2026-04-05 22:45:18,470 - __main__ - INFO - 📡 @CounterStrike: 20 tweets via GraphQL
2026-04-05 22:45:21 +00:00: 2026-04-05 22:45:21,045 - __main__ - INFO - 📡 GraphQL timeline @BlastPremier: 9 tweets, status=200
2026-04-05 22:45:21 +00:00: 2026-04-05 22:45:21,046 - __main__ - INFO - 📡 @BlastPremier: 9 tweets via GraphQL
2026-04-05 22:45:23 +00:00: 2026-04-05 22:45:23,049 - __main__ - INFO - 📊 VIP strategy: 17 total candidates
2026-04-05 22:45:26 +00:00: 2026-04-05 22:45:26,256 - __main__ - INFO - 🎯 Engagement target strategy: 11 candidates
2026-04-05 22:45:28 +00:00: 2026-04-05 22:45:28,540 - __main__ - INFO - 📡 GraphQL timeline @Cloud9: 9 tweets, status=200
2026-04-05 22:45:28 +00:00: 2026-04-05 22:45:28,541 - __main__ - INFO - 🌐 @Cloud9: 9 tweets via timeline scrape
2026-04-05 22:45:31 +00:00: 2026-04-05 22:45:31,234 - __main__ - INFO - 📡 GraphQL timeline @Complexity: 11 tweets, status=200
2026-04-05 22:45:31 +00:00: 2026-04-05 22:45:31,234 - __main__ - INFO - 🌐 @Complexity: 11 tweets via timeline scrape
2026-04-05 22:45:33 +00:00: 2026-04-05 22:45:33,523 - __main__ - INFO - 📡 GraphQL timeline @Brehze: 0 tweets, status=200
2026-04-05 22:45:37 +00:00: 2026-04-05 22:45:37,951 - __main__ - INFO - ❤️  Liked tweet 204048961234769... by @Cloud9 (cs2_community:Cloud9)
2026-04-05 22:45:47 +00:00: 2026-04-05 22:45:47,516 - __main__ - INFO - ✅ Like cycle complete — liked 1 tweets (17/200 today)
2026-04-05 23:30:48 +00:00: 2026-04-05 23:30:48,530 - __main__ - INFO - 💫 Like cycle starting — 17/200 today, budget: 40
2026-04-05 23:30:49 +00:00: 2026-04-05 23:30:49,443 - __main__ - INFO - 📬 Found 10 of our tweets to check for replies
2026-04-05 23:30:49 +00:00: 2026-04-05 23:30:49,616 - __main__ - INFO - Search unexpected status: 404
2026-04-05 23:30:50 +00:00: 2026-04-05 23:30:50,747 - __main__ - INFO - Search unexpected status: 404
2026-04-05 23:30:51 +00:00: 2026-04-05 23:30:51,881 - __main__ - INFO - Search unexpected status: 404
2026-04-05 23:30:52 +00:00: 2026-04-05 23:30:52,883 - __main__ - INFO - 📬 Reply strategy: 0 candidates
2026-04-05 23:30:54 +00:00: 2026-04-05 23:30:54,253 - __main__ - INFO - 📊 VIP DB: 7 candidates from events
2026-04-05 23:30:54 +00:00: 2026-04-05 23:30:54,254 - __main__ - INFO - 📡 VIP GraphQL fallback triggered — 7 DB candidates < 10
2026-04-05 23:30:55 +00:00: 2026-04-05 23:30:55,461 - __main__ - INFO - 📡 GraphQL timeline @Dust2us: 20 tweets, status=200
2026-04-05 23:30:55 +00:00: 2026-04-05 23:30:55,461 - __main__ - INFO - 📡 @Dust2us: 20 tweets via GraphQL
2026-04-05 23:30:57 +00:00: 2026-04-05 23:30:57,609 - __main__ - INFO - 📡 GraphQL timeline @ABORCS: 0 tweets, status=200
2026-04-05 23:30:59 +00:00: 2026-04-05 23:30:59,783 - __main__ - INFO - 📡 GraphQL timeline @hltv: 0 tweets, status=200
2026-04-05 23:31:02 +00:00: 2026-04-05 23:31:02,735 - __main__ - INFO - 📡 GraphQL timeline @RazedEsport: 20 tweets, status=200
2026-04-05 23:31:02 +00:00: 2026-04-05 23:31:02,736 - __main__ - INFO - 📡 @RazedEsport: 20 tweets via GraphQL
2026-04-05 23:31:05 +00:00: 2026-04-05 23:31:05,433 - __main__ - INFO - 📡 GraphQL timeline @BlastPremier: 9 tweets, status=200
2026-04-05 23:31:05 +00:00: 2026-04-05 23:31:05,435 - __main__ - INFO - 📡 @BlastPremier: 9 tweets via GraphQL
2026-04-05 23:31:08 +00:00: 2026-04-05 23:31:08,555 - __main__ - INFO - 📡 GraphQL timeline @CounterStrike: 20 tweets, status=200
2026-04-05 23:31:08 +00:00: 2026-04-05 23:31:08,556 - __main__ - INFO - 📡 @CounterStrike: 20 tweets via GraphQL
2026-04-05 23:31:10 +00:00: 2026-04-05 23:31:10,559 - __main__ - INFO - 📊 VIP strategy: 27 total candidates
2026-04-05 23:31:15 +00:00: 2026-04-05 23:31:15,287 - __main__ - INFO - 🎯 Engagement target strategy: 11 candidates
2026-04-05 23:31:17 +00:00: 2026-04-05 23:31:17,125 - __main__ - INFO - 📡 GraphQL timeline @PGL_Esports: 0 tweets, status=200
2026-04-05 23:31:19 +00:00: 2026-04-05 23:31:19,917 - __main__ - INFO - 📡 GraphQL timeline @Karrigancsgo: 20 tweets, status=200
2026-04-05 23:31:19 +00:00: 2026-04-05 23:31:19,917 - __main__ - INFO - 🌐 @Karrigancsgo: 20 tweets via timeline scrape
2026-04-05 23:31:22 +00:00: 2026-04-05 23:31:22,076 - __main__ - INFO - 📡 GraphQL timeline @rainCS: 0 tweets, status=200
2026-04-05 23:31:24 +00:00: 2026-04-05 23:31:24,841 - __main__ - INFO - ✅ Like cycle complete — liked 0 tweets (17/200 today)
2026-04-06 00:16:25 +00:00: 2026-04-06 00:16:25,853 - __main__ - INFO - 💫 Like cycle starting — 0/200 today, budget: 40
2026-04-06 00:16:26 +00:00: 2026-04-06 00:16:26,766 - __main__ - INFO - 📬 Found 10 of our tweets to check for replies
2026-04-06 00:16:27 +00:00: 2026-04-06 00:16:27,015 - __main__ - INFO - 🔑 Guest token refreshed
2026-04-06 00:16:27 +00:00: 2026-04-06 00:16:27,147 - __main__ - INFO - Search unexpected status: 404
2026-04-06 00:16:28 +00:00: 2026-04-06 00:16:28,264 - __main__ - INFO - Search unexpected status: 404
2026-04-06 00:16:29 +00:00: 2026-04-06 00:16:29,382 - __main__ - INFO - Search unexpected status: 404
2026-04-06 00:16:30 +00:00: 2026-04-06 00:16:30,384 - __main__ - INFO - 📬 Reply strategy: 0 candidates
2026-04-06 00:16:31 +00:00: 2026-04-06 00:16:31,754 - __main__ - INFO - 📊 VIP DB: 7 candidates from events
2026-04-06 00:16:31 +00:00: 2026-04-06 00:16:31,755 - __main__ - INFO - 📡 VIP GraphQL fallback triggered — 7 DB candidates < 10
2026-04-06 00:16:32 +00:00: 2026-04-06 00:16:32,851 - __main__ - INFO - 📡 GraphQL timeline @Dust2us: 20 tweets, status=200
2026-04-06 00:16:32 +00:00: 2026-04-06 00:16:32,852 - __main__ - INFO - 📡 @Dust2us: 20 tweets via GraphQL
2026-04-06 00:16:35 +00:00: 2026-04-06 00:16:35,574 - __main__ - INFO - 📡 GraphQL timeline @EsportsInsider: 20 tweets, status=200
2026-04-06 00:16:35 +00:00: 2026-04-06 00:16:35,575 - __main__ - INFO - 📡 @EsportsInsider: 20 tweets via GraphQL
2026-04-06 00:16:37 +00:00: 2026-04-06 00:16:37,721 - __main__ - INFO - 📡 GraphQL timeline @Nors3: 0 tweets, status=200
2026-04-06 00:16:39 +00:00: 2026-04-06 00:16:39,890 - __main__ - INFO - 📡 GraphQL timeline @hltv: 0 tweets, status=200
2026-04-06 00:16:42 +00:00: 2026-04-06 00:16:42,804 - __main__ - INFO - 📡 GraphQL timeline @CounterStrike: 20 tweets, status=200
2026-04-06 00:16:42 +00:00: 2026-04-06 00:16:42,804 - __main__ - INFO - 📡 @CounterStrike: 20 tweets via GraphQL
2026-04-06 00:16:45 +00:00: 2026-04-06 00:16:45,724 - __main__ - INFO - 📡 GraphQL timeline @LiquipediaCS: 20 tweets, status=200
2026-04-06 00:16:45 +00:00: 2026-04-06 00:16:45,724 - __main__ - INFO - 📡 @LiquipediaCS: 20 tweets via GraphQL
2026-04-06 00:16:47 +00:00: 2026-04-06 00:16:47,727 - __main__ - INFO - 📊 VIP strategy: 27 total candidates
2026-04-06 00:16:52 +00:00: 2026-04-06 00:16:52,764 - __main__ - INFO - 🎯 Engagement target strategy: 11 candidates
2026-04-06 00:16:55 +00:00: 2026-04-06 00:16:55,100 - __main__ - INFO - 📡 GraphQL timeline @OGesports: 20 tweets, status=200
2026-04-06 00:16:55 +00:00: 2026-04-06 00:16:55,101 - __main__ - INFO - 🌐 @OGesports: 20 tweets via timeline scrape
2026-04-06 00:16:57 +00:00: 2026-04-06 00:16:57,232 - __main__ - INFO - Could not resolve @gaborcsgo: 200
2026-04-06 00:16:59 +00:00: 2026-04-06 00:16:59,363 - __main__ - INFO - Could not resolve @LOABORVRE_CS2: 200
2026-04-06 00:17:02 +00:00: 2026-04-06 00:17:02,126 - __main__ - INFO - ✅ Like cycle complete — liked 0 tweets (0/200 today)
2026-04-06 01:47:03 +00:00: 2026-04-06 01:47:03,057 - __main__ - INFO - 💫 Like cycle starting — 0/200 today, budget: 40
2026-04-06 01:47:03 +00:00: 2026-04-06 01:47:03,969 - __main__ - INFO - 📬 Found 10 of our tweets to check for replies
2026-04-06 01:47:04 +00:00: 2026-04-06 01:47:04,110 - __main__ - INFO - Search 403 — resetting guest token
2026-04-06 01:47:05 +00:00: 2026-04-06 01:47:05,346 - __main__ - INFO - 🔑 Guest token refreshed
2026-04-06 01:47:05 +00:00: 2026-04-06 01:47:05,460 - __main__ - INFO - Search unexpected status: 404
2026-04-06 01:47:06 +00:00: 2026-04-06 01:47:06,575 - __main__ - INFO - Search unexpected status: 404
2026-04-06 01:47:07 +00:00: 2026-04-06 01:47:07,576 - __main__ - INFO - 📬 Reply strategy: 0 candidates
2026-04-06 01:47:08 +00:00: 2026-04-06 01:47:08,949 - __main__ - INFO - 📊 VIP DB: 7 candidates from events
2026-04-06 01:47:08 +00:00: 2026-04-06 01:47:08,949 - __main__ - INFO - 📡 VIP GraphQL fallback triggered — 7 DB candidates < 10
2026-04-06 01:47:09 +00:00: 2026-04-06 01:47:09,870 - __main__ - INFO - 📡 GraphQL timeline @EsportsInsider: 20 tweets, status=200
2026-04-06 01:47:09 +00:00: 2026-04-06 01:47:09,871 - __main__ - INFO - 📡 @EsportsInsider: 20 tweets via GraphQL
2026-04-06 01:47:12 +00:00: 2026-04-06 01:47:12,027 - __main__ - INFO - 📡 GraphQL timeline @hltv: 0 tweets, status=200
2026-04-06 01:47:14 +00:00: 2026-04-06 01:47:14,793 - __main__ - INFO - 📡 GraphQL timeline @CounterStrike: 20 tweets, status=200
2026-04-06 01:47:14 +00:00: 2026-04-06 01:47:14,794 - __main__ - INFO - 📡 @CounterStrike: 20 tweets via GraphQL
2026-04-06 01:47:17 +00:00: 2026-04-06 01:47:17,431 - __main__ - INFO - 📡 GraphQL timeline @LiquipediaCS: 20 tweets, status=200
2026-04-06 01:47:17 +00:00: 2026-04-06 01:47:17,432 - __main__ - INFO - 📡 @LiquipediaCS: 20 tweets via GraphQL
2026-04-06 01:47:19 +00:00: 2026-04-06 01:47:19,561 - __main__ - INFO - Could not resolve @RichardLewisTV: 200
2026-04-06 01:47:22 +00:00: 2026-04-06 01:47:22,149 - __main__ - INFO - 📡 GraphQL timeline @CS2News_EN: 20 tweets, status=200
2026-04-06 01:47:22 +00:00: 2026-04-06 01:47:22,149 - __main__ - INFO - 📡 @CS2News_EN: 20 tweets via GraphQL
2026-04-06 01:47:24 +00:00: 2026-04-06 01:47:24,152 - __main__ - INFO - 📊 VIP strategy: 27 total candidates
2026-04-06 01:47:29 +00:00: 2026-04-06 01:47:29,188 - __main__ - INFO - 🎯 Engagement target strategy: 11 candidates
2026-04-06 01:47:30 +00:00: 2026-04-06 01:47:30,993 - __main__ - INFO - Could not resolve @gaborcsgo: 200
2026-04-06 01:47:33 +00:00: 2026-04-06 01:47:33,135 - __main__ - INFO - 📡 GraphQL timeline @PGL_Esports: 0 tweets, status=200
2026-04-06 01:47:35 +00:00: 2026-04-06 01:47:35,266 - __main__ - INFO - 📡 GraphQL timeline @Brehze: 0 tweets, status=200
2026-04-06 01:47:37 +00:00: 2026-04-06 01:47:37,269 - __main__ - INFO - ✅ Like cycle complete — liked 0 tweets (0/200 today)
2026-04-06 03:17:38 +00:00: 2026-04-06 03:17:38,283 - __main__ - INFO - 💫 Like cycle starting — 0/200 today, budget: 40
2026-04-06 03:17:39 +00:00: 2026-04-06 03:17:39,196 - __main__ - INFO - 📬 Found 10 of our tweets to check for replies
2026-04-06 03:17:39 +00:00: 2026-04-06 03:17:39,332 - __main__ - INFO - Search 403 — resetting guest token
2026-04-06 03:17:40 +00:00: 2026-04-06 03:17:40,499 - __main__ - INFO - 🔑 Guest token refreshed
2026-04-06 03:17:40 +00:00: 2026-04-06 03:17:40,609 - __main__ - INFO - Search unexpected status: 404
2026-04-06 03:17:41 +00:00: 2026-04-06 03:17:41,723 - __main__ - INFO - Search unexpected status: 404
2026-04-06 03:17:42 +00:00: 2026-04-06 03:17:42,725 - __main__ - INFO - 📬 Reply strategy: 0 candidates
2026-04-06 03:17:44 +00:00: 2026-04-06 03:17:44,095 - __main__ - INFO - 📊 VIP DB: 7 candidates from events
2026-04-06 03:17:44 +00:00: 2026-04-06 03:17:44,095 - __main__ - INFO - 📡 VIP GraphQL fallback triggered — 7 DB candidates < 10
2026-04-06 03:17:44 +00:00: 2026-04-06 03:17:44,939 - __main__ - INFO - 📡 GraphQL timeline @Slasher: 20 tweets, status=200
2026-04-06 03:17:44 +00:00: 2026-04-06 03:17:44,940 - __main__ - INFO - 📡 @Slasher: 20 tweets via GraphQL
2026-04-06 03:17:47 +00:00: 2026-04-06 03:17:47,106 - __main__ - INFO - 📡 GraphQL timeline @hltv: 0 tweets, status=200
2026-04-06 03:17:49 +00:00: 2026-04-06 03:17:49,738 - __main__ - INFO - 📡 GraphQL timeline @Dust2us: 20 tweets, status=200
2026-04-06 03:17:49 +00:00: 2026-04-06 03:17:49,739 - __main__ - INFO - 📡 @Dust2us: 20 tweets via GraphQL
2026-04-06 03:17:52 +00:00: 2026-04-06 03:17:52,270 - __main__ - INFO - 📡 GraphQL timeline @BlastPremier: 9 tweets, status=200
2026-04-06 03:17:52 +00:00: 2026-04-06 03:17:52,271 - __main__ - INFO - 📡 @BlastPremier: 9 tweets via GraphQL
2026-04-06 03:17:54 +00:00: 2026-04-06 03:17:54,417 - __main__ - INFO - 📡 GraphQL timeline @Nors3: 0 tweets, status=200
2026-04-06 03:17:57 +00:00: 2026-04-06 03:17:57,222 - __main__ - INFO - 📡 GraphQL timeline @EsportsInsider: 20 tweets, status=200
2026-04-06 03:17:57 +00:00: 2026-04-06 03:17:57,223 - __main__ - INFO - 📡 @EsportsInsider: 20 tweets via GraphQL
2026-04-06 03:17:59 +00:00: 2026-04-06 03:17:59,225 - __main__ - INFO - 📊 VIP strategy: 27 total candidates
2026-04-06 03:18:03 +00:00: 2026-04-06 03:18:03,950 - __main__ - INFO - 🎯 Engagement target strategy: 11 candidates
2026-04-06 03:18:06 +00:00: 2026-04-06 03:18:06,254 - __main__ - INFO - 📡 GraphQL timeline @FACEIT: 0 tweets, status=200
2026-04-06 03:18:09 +00:00: 2026-04-06 03:18:09,225 - __main__ - INFO - 📡 GraphQL timeline @Karrigancsgo: 20 tweets, status=200
2026-04-06 03:18:09 +00:00: 2026-04-06 03:18:09,225 - __main__ - INFO - 🌐 @Karrigancsgo: 20 tweets via timeline scrape
2026-04-06 03:18:11 +00:00: 2026-04-06 03:18:11,353 - __main__ - INFO - Could not resolve @LOABORVRE_CS2: 200
2026-04-06 03:18:14 +00:00: 2026-04-06 03:18:14,118 - __main__ - INFO - ✅ Like cycle complete — liked 0 tweets (0/200 today)
2026-04-06 04:48:15 +00:00: 2026-04-06 04:48:15,130 - __main__ - INFO - 💫 Like cycle starting — 0/200 today, budget: 40
2026-04-06 04:48:16 +00:00: 2026-04-06 04:48:16,043 - __main__ - INFO - 📬 Found 10 of our tweets to check for replies
2026-04-06 04:48:16 +00:00: 2026-04-06 04:48:16,177 - __main__ - INFO - Search 403 — resetting guest token
2026-04-06 04:48:17 +00:00: 2026-04-06 04:48:17,329 - __main__ - INFO - 🔑 Guest token refreshed
2026-04-06 04:48:17 +00:00: 2026-04-06 04:48:17,444 - __main__ - INFO - Search unexpected status: 404
2026-04-06 04:48:18 +00:00: 2026-04-06 04:48:18,559 - __main__ - INFO - Search unexpected status: 404
2026-04-06 04:48:19 +00:00: 2026-04-06 04:48:19,560 - __main__ - INFO - 📬 Reply strategy: 0 candidates
2026-04-06 04:48:20 +00:00: 2026-04-06 04:48:20,930 - __main__ - INFO - 📊 VIP DB: 7 candidates from events
2026-04-06 04:48:20 +00:00: 2026-04-06 04:48:20,930 - __main__ - INFO - 📡 VIP GraphQL fallback triggered — 7 DB candidates < 10
2026-04-06 04:48:21 +00:00: 2026-04-06 04:48:21,690 - __main__ - INFO - 📡 GraphQL timeline @Slasher: 20 tweets, status=200
2026-04-06 04:48:21 +00:00: 2026-04-06 04:48:21,690 - __main__ - INFO - 📡 @Slasher: 20 tweets via GraphQL
2026-04-06 04:48:24 +00:00: 2026-04-06 04:48:24,248 - __main__ - INFO - 📡 GraphQL timeline @CounterStrike: 20 tweets, status=200
2026-04-06 04:48:24 +00:00: 2026-04-06 04:48:24,249 - __main__ - INFO - 📡 @CounterStrike: 20 tweets via GraphQL
2026-04-06 04:48:26 +00:00: 2026-04-06 04:48:26,405 - __main__ - INFO - 📡 GraphQL timeline @hltv: 0 tweets, status=200
2026-04-06 04:48:29 +00:00: 2026-04-06 04:48:29,019 - __main__ - INFO - 📡 GraphQL timeline @CS2News_EN: 20 tweets, status=200
2026-04-06 04:48:29 +00:00: 2026-04-06 04:48:29,019 - __main__ - INFO - 📡 @CS2News_EN: 20 tweets via GraphQL
2026-04-06 04:48:31 +00:00: 2026-04-06 04:48:31,691 - __main__ - INFO - 📡 GraphQL timeline @EsportsInsider: 20 tweets, status=200
2026-04-06 04:48:31 +00:00: 2026-04-06 04:48:31,691 - __main__ - INFO - 📡 @EsportsInsider: 20 tweets via GraphQL
2026-04-06 04:48:34 +00:00: 2026-04-06 04:48:34,193 - __main__ - INFO - 📡 GraphQL timeline @BlastPremier: 9 tweets, status=200
2026-04-06 04:48:34 +00:00: 2026-04-06 04:48:34,193 - __main__ - INFO - 📡 @BlastPremier: 9 tweets via GraphQL
2026-04-06 04:48:36 +00:00: 2026-04-06 04:48:36,195 - __main__ - INFO - 📊 VIP strategy: 32 total candidates
2026-04-06 04:48:41 +00:00: 2026-04-06 04:48:41,679 - __main__ - INFO - 🎯 Engagement target strategy: 11 candidates
2026-04-06 04:48:44 +00:00: 2026-04-06 04:48:44,055 - __main__ - INFO - 📡 GraphQL timeline @EliGE: 20 tweets, status=200
2026-04-06 04:48:44 +00:00: 2026-04-06 04:48:44,055 - __main__ - INFO - 🌐 @EliGE: 20 tweets via timeline scrape
2026-04-06 04:48:46 +00:00: 2026-04-06 04:48:46,184 - __main__ - INFO - Could not resolve @LOABORVRE_CS2: 200
2026-04-06 04:48:48 +00:00: 2026-04-06 04:48:48,860 - __main__ - INFO - 📡 GraphQL timeline @nilocsgo: 20 tweets, status=200
2026-04-06 04:48:48 +00:00: 2026-04-06 04:48:48,861 - __main__ - INFO - 🌐 @nilocsgo: 20 tweets via timeline scrape
2026-04-06 04:48:52 +00:00: 2026-04-06 04:48:52,386 - __main__ - INFO - ✅ Like cycle complete — liked 0 tweets (0/200 today)
2026-04-06 06:18:53 +00:00: 2026-04-06 06:18:53,331 - __main__ - INFO - 💫 Like cycle starting — 0/200 today, budget: 40
2026-04-06 06:18:54 +00:00: 2026-04-06 06:18:54,245 - __main__ - INFO - 📬 Found 10 of our tweets to check for replies
2026-04-06 06:18:54 +00:00: 2026-04-06 06:18:54,411 - __main__ - INFO - Search 403 — resetting guest token
2026-04-06 06:18:55 +00:00: 2026-04-06 06:18:55,563 - __main__ - INFO - 🔑 Guest token refreshed
2026-04-06 06:18:55 +00:00: 2026-04-06 06:18:55,686 - __main__ - INFO - Search unexpected status: 404
2026-04-06 06:18:56 +00:00: 2026-04-06 06:18:56,815 - __main__ - INFO - Search unexpected status: 404
2026-04-06 06:18:57 +00:00: 2026-04-06 06:18:57,818 - __main__ - INFO - 📬 Reply strategy: 0 candidates
2026-04-06 06:18:59 +00:00: 2026-04-06 06:18:59,192 - __main__ - INFO - 📊 VIP DB: 7 candidates from events
2026-04-06 06:18:59 +00:00: 2026-04-06 06:18:59,192 - __main__ - INFO - 📡 VIP GraphQL fallback triggered — 7 DB candidates < 10
2026-04-06 06:18:59 +00:00: 2026-04-06 06:18:59,929 - __main__ - INFO - 📡 GraphQL timeline @CS2News_EN: 20 tweets, status=200
2026-04-06 06:18:59 +00:00: 2026-04-06 06:18:59,929 - __main__ - INFO - 📡 @CS2News_EN: 20 tweets via GraphQL
2026-04-06 06:19:02 +00:00: 2026-04-06 06:19:02,090 - __main__ - INFO - Could not resolve @DonHaci: 200
2026-04-06 06:19:04 +00:00: 2026-04-06 06:19:04,664 - __main__ - INFO - 📡 GraphQL timeline @CounterStrike: 20 tweets, status=200
2026-04-06 06:19:04 +00:00: 2026-04-06 06:19:04,664 - __main__ - INFO - 📡 @CounterStrike: 20 tweets via GraphQL
2026-04-06 06:19:07 +00:00: 2026-04-06 06:19:07,257 - __main__ - INFO - 📡 GraphQL timeline @EsportsInsider: 20 tweets, status=200
2026-04-06 06:19:07 +00:00: 2026-04-06 06:19:07,257 - __main__ - INFO - 📡 @EsportsInsider: 20 tweets via GraphQL
2026-04-06 06:19:09 +00:00: 2026-04-06 06:19:09,887 - __main__ - INFO - 📡 GraphQL timeline @Slasher: 20 tweets, status=200
2026-04-06 06:19:09 +00:00: 2026-04-06 06:19:09,887 - __main__ - INFO - 📡 @Slasher: 20 tweets via GraphQL
2026-04-06 06:19:12 +00:00: 2026-04-06 06:19:12,574 - __main__ - INFO - 📡 GraphQL timeline @BlastPremier: 9 tweets, status=200
2026-04-06 06:19:12 +00:00: 2026-04-06 06:19:12,574 - __main__ - INFO - 📡 @BlastPremier: 9 tweets via GraphQL
2026-04-06 06:19:14 +00:00: 2026-04-06 06:19:14,576 - __main__ - INFO - 📊 VIP strategy: 32 total candidates
2026-04-06 06:19:20 +00:00: 2026-04-06 06:19:20,064 - __main__ - INFO - 🎯 Engagement target strategy: 11 candidates
2026-04-06 06:19:22 +00:00: 2026-04-06 06:19:22,375 - __main__ - INFO - 📡 GraphQL timeline @BIGCLANgg: 7 tweets, status=200
2026-04-06 06:19:22 +00:00: 2026-04-06 06:19:22,376 - __main__ - INFO - 🌐 @BIGCLANgg: 7 tweets via timeline scrape
2026-04-06 06:19:24 +00:00: 2026-04-06 06:19:24,906 - __main__ - INFO - 📡 GraphQL timeline @Karrigancsgo: 20 tweets, status=200
2026-04-06 06:19:24 +00:00: 2026-04-06 06:19:24,912 - __main__ - INFO - 🌐 @Karrigancsgo: 20 tweets via timeline scrape
2026-04-06 06:19:27 +00:00: 2026-04-06 06:19:27,050 - __main__ - INFO - Could not resolve @gaborcsgo: 200
2026-04-06 06:19:30 +00:00: 2026-04-06 06:19:30,576 - __main__ - INFO - ✅ Like cycle complete — liked 0 tweets (0/200 today)
2026-04-06 07:49:31 +00:00: 2026-04-06 07:49:31,570 - __main__ - INFO - 💫 Like cycle starting — 0/200 today, budget: 40
2026-04-06 07:49:32 +00:00: 2026-04-06 07:49:32,484 - __main__ - INFO - 📬 Found 10 of our tweets to check for replies
2026-04-06 07:49:32 +00:00: 2026-04-06 07:49:32,638 - __main__ - INFO - Search 403 — resetting guest token
2026-04-06 07:49:33 +00:00: 2026-04-06 07:49:33,875 - __main__ - INFO - 🔑 Guest token refreshed
2026-04-06 07:49:33 +00:00: 2026-04-06 07:49:33,997 - __main__ - INFO - Search unexpected status: 404
2026-04-06 07:49:35 +00:00: 2026-04-06 07:49:35,123 - __main__ - INFO - Search unexpected status: 404
2026-04-06 07:49:36 +00:00: 2026-04-06 07:49:36,125 - __main__ - INFO - 📬 Reply strategy: 0 candidates
2026-04-06 07:49:37 +00:00: 2026-04-06 07:49:37,494 - __main__ - INFO - 📊 VIP DB: 7 candidates from events
2026-04-06 07:49:37 +00:00: 2026-04-06 07:49:37,494 - __main__ - INFO - 📡 VIP GraphQL fallback triggered — 7 DB candidates < 10
2026-04-06 07:49:37 +00:00: 2026-04-06 07:49:37,791 - __main__ - INFO - 📡 GraphQL timeline @ABORCS: 0 tweets, status=200
2026-04-06 07:49:40 +00:00: 2026-04-06 07:49:40,317 - __main__ - INFO - 📡 GraphQL timeline @BlastPremier: 9 tweets, status=200
2026-04-06 07:49:40 +00:00: 2026-04-06 07:49:40,318 - __main__ - INFO - 📡 @BlastPremier: 9 tweets via GraphQL
2026-04-06 07:49:42 +00:00: 2026-04-06 07:49:42,924 - __main__ - INFO - 📡 GraphQL timeline @Slasher: 20 tweets, status=200
2026-04-06 07:49:42 +00:00: 2026-04-06 07:49:42,925 - __main__ - INFO - 📡 @Slasher: 20 tweets via GraphQL
2026-04-06 07:49:45 +00:00: 2026-04-06 07:49:45,639 - __main__ - INFO - 📡 GraphQL timeline @RazedEsport: 20 tweets, status=200
2026-04-06 07:49:45 +00:00: 2026-04-06 07:49:45,639 - __main__ - INFO - 📡 @RazedEsport: 20 tweets via GraphQL
2026-04-06 07:49:47 +00:00: 2026-04-06 07:49:47,803 - __main__ - INFO - 📡 GraphQL timeline @hltv: 0 tweets, status=200
2026-04-06 07:49:50 +00:00: 2026-04-06 07:49:50,488 - __main__ - INFO - 📡 GraphQL timeline @CounterStrike: 20 tweets, status=200
2026-04-06 07:49:50 +00:00: 2026-04-06 07:49:50,488 - __main__ - INFO - 📡 @CounterStrike: 20 tweets via GraphQL
2026-04-06 07:49:52 +00:00: 2026-04-06 07:49:52,491 - __main__ - INFO - 📊 VIP strategy: 27 total candidates
2026-04-06 07:49:57 +00:00: 2026-04-06 07:49:57,214 - __main__ - INFO - 🎯 Engagement target strategy: 11 candidates
2026-04-06 07:49:59 +00:00: 2026-04-06 07:49:59,445 - __main__ - INFO - 📡 GraphQL timeline @TeamLiquidCS: 20 tweets, status=200
2026-04-06 07:49:59 +00:00: 2026-04-06 07:49:59,445 - __main__ - INFO - 🌐 @TeamLiquidCS: 20 tweets via timeline scrape
2026-04-06 07:50:01 +00:00: 2026-04-06 07:50:01,985 - __main__ - INFO - 📡 GraphQL timeline @Complexity: 11 tweets, status=200
2026-04-06 07:50:01 +00:00: 2026-04-06 07:50:01,986 - __main__ - INFO - 🌐 @Complexity: 11 tweets via timeline scrape
2026-04-06 07:50:04 +00:00: 2026-04-06 07:50:04,679 - __main__ - INFO - 📡 GraphQL timeline @nilocsgo: 20 tweets, status=200
2026-04-06 07:50:04 +00:00: 2026-04-06 07:50:04,680 - __main__ - INFO - 🌐 @nilocsgo: 20 tweets via timeline scrape
2026-04-06 07:50:08 +00:00: 2026-04-06 07:50:08,965 - __main__ - INFO - ✅ Like cycle complete — liked 0 tweets (0/200 today)
2026-04-06 09:20:09 +00:00: 2026-04-06 09:20:09,893 - __main__ - INFO - 💫 Like cycle starting — 0/200 today, budget: 40
2026-04-06 09:20:10 +00:00: 2026-04-06 09:20:10,806 - __main__ - INFO - 📬 Found 10 of our tweets to check for replies
2026-04-06 09:20:10 +00:00: 2026-04-06 09:20:10,965 - __main__ - INFO - Search 403 — resetting guest token
2026-04-06 09:20:12 +00:00: 2026-04-06 09:20:12,172 - __main__ - INFO - 🔑 Guest token refreshed
2026-04-06 09:20:12 +00:00: 2026-04-06 09:20:12,308 - __main__ - INFO - Search unexpected status: 404
2026-04-06 09:20:13 +00:00: 2026-04-06 09:20:13,433 - __main__ - INFO - Search unexpected status: 404
2026-04-06 09:20:14 +00:00: 2026-04-06 09:20:14,434 - __main__ - INFO - 📬 Reply strategy: 0 candidates
2026-04-06 09:20:15 +00:00: 2026-04-06 09:20:15,809 - __main__ - INFO - 📊 VIP DB: 7 candidates from events
2026-04-06 09:20:15 +00:00: 2026-04-06 09:20:15,810 - __main__ - INFO - 📡 VIP GraphQL fallback triggered — 7 DB candidates < 10
2026-04-06 09:20:16 +00:00: 2026-04-06 09:20:16,518 - __main__ - INFO - 📡 GraphQL timeline @EsportsInsider: 20 tweets, status=200
2026-04-06 09:20:16 +00:00: 2026-04-06 09:20:16,519 - __main__ - INFO - 📡 @EsportsInsider: 20 tweets via GraphQL
2026-04-06 09:20:19 +00:00: 2026-04-06 09:20:19,244 - __main__ - INFO - 📡 GraphQL timeline @CS2News_EN: 20 tweets, status=200
2026-04-06 09:20:19 +00:00: 2026-04-06 09:20:19,244 - __main__ - INFO - 📡 @CS2News_EN: 20 tweets via GraphQL
2026-04-06 09:20:21 +00:00: 2026-04-06 09:20:21,859 - __main__ - INFO - 📡 GraphQL timeline @Slasher: 20 tweets, status=200
2026-04-06 09:20:21 +00:00: 2026-04-06 09:20:21,860 - __main__ - INFO - 📡 @Slasher: 20 tweets via GraphQL
2026-04-06 09:20:24 +00:00: 2026-04-06 09:20:24,031 - __main__ - INFO - 📡 GraphQL timeline @hltv: 0 tweets, status=200
2026-04-06 09:20:26 +00:00: 2026-04-06 09:20:26,947 - __main__ - INFO - 📡 GraphQL timeline @RazedEsport: 20 tweets, status=200
2026-04-06 09:20:26 +00:00: 2026-04-06 09:20:26,948 - __main__ - INFO - 📡 @RazedEsport: 20 tweets via GraphQL
2026-04-06 09:20:29 +00:00: 2026-04-06 09:20:29,474 - __main__ - INFO - 📡 GraphQL timeline @BlastPremier: 9 tweets, status=200
2026-04-06 09:20:29 +00:00: 2026-04-06 09:20:29,474 - __main__ - INFO - 📡 @BlastPremier: 9 tweets via GraphQL
2026-04-06 09:20:31 +00:00: 2026-04-06 09:20:31,477 - __main__ - INFO - 📊 VIP strategy: 32 total candidates
2026-04-06 09:20:36 +00:00: 2026-04-06 09:20:36,971 - __main__ - INFO - 🎯 Engagement target strategy: 11 candidates
2026-04-06 09:20:39 +00:00: 2026-04-06 09:20:39,356 - __main__ - INFO - 📡 GraphQL timeline @BIGCLANgg: 7 tweets, status=200
2026-04-06 09:20:39 +00:00: 2026-04-06 09:20:39,357 - __main__ - INFO - 🌐 @BIGCLANgg: 7 tweets via timeline scrape
2026-04-06 09:20:41 +00:00: 2026-04-06 09:20:41,847 - __main__ - INFO - 📡 GraphQL timeline @OGesports: 20 tweets, status=200
2026-04-06 09:20:41 +00:00: 2026-04-06 09:20:41,848 - __main__ - INFO - 🌐 @OGesports: 20 tweets via timeline scrape
2026-04-06 09:20:43 +00:00: 2026-04-06 09:20:43,988 - __main__ - INFO - Could not resolve @LOABORVRE_CS2: 200
2026-04-06 09:20:48 +00:00: 2026-04-06 09:20:48,186 - __main__ - INFO - ❤️  Liked tweet 204105580789098... by @BIGCLANgg (cs2_community:BIGCLANgg)
2026-04-06 09:20:53 +00:00: 2026-04-06 09:20:53,554 - __main__ - INFO - ✅ Like cycle complete — liked 1 tweets (1/200 today)
2026-04-06 10:50:54 +00:00: 2026-04-06 10:50:54,566 - __main__ - INFO - 💫 Like cycle starting — 1/200 today, budget: 40
2026-04-06 10:50:55 +00:00: 2026-04-06 10:50:55,479 - __main__ - INFO - 📬 Found 10 of our tweets to check for replies
2026-04-06 10:50:55 +00:00: 2026-04-06 10:50:55,622 - __main__ - INFO - Search 403 — resetting guest token
2026-04-06 10:50:56 +00:00: 2026-04-06 10:50:56,806 - __main__ - INFO - 🔑 Guest token refreshed
2026-04-06 10:50:56 +00:00: 2026-04-06 10:50:56,923 - __main__ - INFO - Search unexpected status: 404
2026-04-06 10:50:58 +00:00: 2026-04-06 10:50:58,036 - __main__ - INFO - Search unexpected status: 404
2026-04-06 10:50:59 +00:00: 2026-04-06 10:50:59,038 - __main__ - INFO - 📬 Reply strategy: 0 candidates
2026-04-06 10:51:00 +00:00: 2026-04-06 10:51:00,408 - __main__ - INFO - 📊 VIP DB: 7 candidates from events
2026-04-06 10:51:00 +00:00: 2026-04-06 10:51:00,409 - __main__ - INFO - 📡 VIP GraphQL fallback triggered — 7 DB candidates < 10
2026-04-06 10:51:01 +00:00: 2026-04-06 10:51:01,243 - __main__ - INFO - 📡 GraphQL timeline @Slasher: 20 tweets, status=200
2026-04-06 10:51:01 +00:00: 2026-04-06 10:51:01,243 - __main__ - INFO - 📡 @Slasher: 20 tweets via GraphQL
2026-04-06 10:51:03 +00:00: 2026-04-06 10:51:03,801 - __main__ - INFO - 📡 GraphQL timeline @BlastPremier: 9 tweets, status=200
2026-04-06 10:51:03 +00:00: 2026-04-06 10:51:03,802 - __main__ - INFO - 📡 @BlastPremier: 9 tweets via GraphQL
2026-04-06 10:51:06 +00:00: 2026-04-06 10:51:06,445 - __main__ - INFO - 📡 GraphQL timeline @CounterStrike: 20 tweets, status=200
2026-04-06 10:51:06 +00:00: 2026-04-06 10:51:06,446 - __main__ - INFO - 📡 @CounterStrike: 20 tweets via GraphQL
2026-04-06 10:51:08 +00:00: 2026-04-06 10:51:08,579 - __main__ - INFO - 📡 GraphQL timeline @ABORCS: 0 tweets, status=200
2026-04-06 10:51:11 +00:00: 2026-04-06 10:51:11,158 - __main__ - INFO - 📡 GraphQL timeline @CS2News_EN: 20 tweets, status=200
2026-04-06 10:51:11 +00:00: 2026-04-06 10:51:11,159 - __main__ - INFO - 📡 @CS2News_EN: 20 tweets via GraphQL
2026-04-06 10:51:13 +00:00: 2026-04-06 10:51:13,764 - __main__ - INFO - 📡 GraphQL timeline @EsportsInsider: 20 tweets, status=200
2026-04-06 10:51:13 +00:00: 2026-04-06 10:51:13,765 - __main__ - INFO - 📡 @EsportsInsider: 20 tweets via GraphQL
2026-04-06 10:51:15 +00:00: 2026-04-06 10:51:15,767 - __main__ - INFO - 📊 VIP strategy: 32 total candidates
2026-04-06 10:51:21 +00:00: 2026-04-06 10:51:21,246 - __main__ - INFO - 🎯 Engagement target strategy: 10 candidates
2026-04-06 10:51:23 +00:00: 2026-04-06 10:51:23,401 - __main__ - INFO - 📡 GraphQL timeline @Twistzz: 20 tweets, status=200
2026-04-06 10:51:23 +00:00: 2026-04-06 10:51:23,402 - __main__ - INFO - 🌐 @Twistzz: 20 tweets via timeline scrape
2026-04-06 10:51:26 +00:00: 2026-04-06 10:51:26,118 - __main__ - INFO - 📡 GraphQL timeline @BIGCLANgg: 7 tweets, status=200
2026-04-06 10:51:26 +00:00: 2026-04-06 10:51:26,118 - __main__ - INFO - 🌐 @BIGCLANgg: 7 tweets via timeline scrape
2026-04-06 10:51:28 +00:00: 2026-04-06 10:51:28,892 - __main__ - INFO - 📡 GraphQL timeline @Complexity: 11 tweets, status=200
2026-04-06 10:51:28 +00:00: 2026-04-06 10:51:28,893 - __main__ - INFO - 🌐 @Complexity: 11 tweets via timeline scrape
2026-04-06 10:51:33 +00:00: 2026-04-06 10:51:33,180 - __main__ - INFO - ✅ Like cycle complete — liked 0 tweets (1/200 today)
2026-04-06 12:21:34 +00:00: 2026-04-06 12:21:34,166 - __main__ - INFO - 💫 Like cycle starting — 1/200 today, budget: 40
2026-04-06 12:21:35 +00:00: 2026-04-06 12:21:35,081 - __main__ - INFO - 📬 Found 10 of our tweets to check for replies
2026-04-06 12:21:35 +00:00: 2026-04-06 12:21:35,226 - __main__ - INFO - Search 403 — resetting guest token
2026-04-06 12:21:36 +00:00: 2026-04-06 12:21:36,387 - __main__ - INFO - 🔑 Guest token refreshed
2026-04-06 12:21:36 +00:00: 2026-04-06 12:21:36,505 - __main__ - INFO - Search unexpected status: 404
2026-04-06 12:21:37 +00:00: 2026-04-06 12:21:37,632 - __main__ - INFO - Search unexpected status: 404
2026-04-06 12:21:38 +00:00: 2026-04-06 12:21:38,633 - __main__ - INFO - 📬 Reply strategy: 0 candidates
2026-04-06 12:21:40 +00:00: 2026-04-06 12:21:40,004 - __main__ - INFO - 📊 VIP DB: 7 candidates from events
2026-04-06 12:21:40 +00:00: 2026-04-06 12:21:40,004 - __main__ - INFO - 📡 VIP GraphQL fallback triggered — 7 DB candidates < 10
2026-04-06 12:21:41 +00:00: 2026-04-06 12:21:41,049 - __main__ - INFO - 📡 GraphQL timeline @Dust2us: 20 tweets, status=200
2026-04-06 12:21:41 +00:00: 2026-04-06 12:21:41,049 - __main__ - INFO - 📡 @Dust2us: 20 tweets via GraphQL
2026-04-06 12:21:43 +00:00: 2026-04-06 12:21:43,214 - __main__ - INFO - 📡 GraphQL timeline @hltv: 0 tweets, status=200
2026-04-06 12:21:45 +00:00: 2026-04-06 12:21:45,847 - __main__ - INFO - 📡 GraphQL timeline @BlastPremier: 9 tweets, status=200
2026-04-06 12:21:45 +00:00: 2026-04-06 12:21:45,848 - __main__ - INFO - 📡 @BlastPremier: 9 tweets via GraphQL
2026-04-06 12:21:48 +00:00: 2026-04-06 12:21:48,723 - __main__ - INFO - 📡 GraphQL timeline @RazedEsport: 20 tweets, status=200
2026-04-06 12:21:48 +00:00: 2026-04-06 12:21:48,724 - __main__ - INFO - 📡 @RazedEsport: 20 tweets via GraphQL
2026-04-06 12:21:51 +00:00: 2026-04-06 12:21:51,429 - __main__ - INFO - 📡 GraphQL timeline @EsportsInsider: 20 tweets, status=200
2026-04-06 12:21:51 +00:00: 2026-04-06 12:21:51,431 - __main__ - INFO - 📡 @EsportsInsider: 20 tweets via GraphQL
2026-04-06 12:21:54 +00:00: 2026-04-06 12:21:54,265 - __main__ - INFO - 📡 GraphQL timeline @Slasher: 20 tweets, status=200
2026-04-06 12:21:54 +00:00: 2026-04-06 12:21:54,266 - __main__ - INFO - 📡 @Slasher: 20 tweets via GraphQL
2026-04-06 12:21:56 +00:00: 2026-04-06 12:21:56,268 - __main__ - INFO - 📊 VIP strategy: 32 total candidates
2026-04-06 12:22:01 +00:00: 2026-04-06 12:22:01,765 - __main__ - INFO - 🎯 Engagement target strategy: 9 candidates
2026-04-06 12:22:03 +00:00: 2026-04-06 12:22:03,909 - __main__ - INFO - 📡 GraphQL timeline @EliGE: 20 tweets, status=200
2026-04-06 12:22:03 +00:00: 2026-04-06 12:22:03,909 - __main__ - INFO - 🌐 @EliGE: 20 tweets via timeline scrape
2026-04-06 12:22:06 +00:00: 2026-04-06 12:22:06,763 - __main__ - INFO - 📡 GraphQL timeline @BIGCLANgg: 7 tweets, status=200
2026-04-06 12:22:06 +00:00: 2026-04-06 12:22:06,764 - __main__ - INFO - 🌐 @BIGCLANgg: 7 tweets via timeline scrape
2026-04-06 12:22:08 +00:00: 2026-04-06 12:22:08,899 - __main__ - INFO - 📡 GraphQL timeline @Brehze: 0 tweets, status=200
2026-04-06 12:22:12 +00:00: 2026-04-06 12:22:12,428 - __main__ - INFO - ✅ Like cycle complete — liked 0 tweets (1/200 today)
2026-04-06 13:52:13 +00:00: 2026-04-06 13:52:13,359 - __main__ - INFO - 💫 Like cycle starting — 1/200 today, budget: 40
2026-04-06 13:52:14 +00:00: 2026-04-06 13:52:14,274 - __main__ - INFO - 📬 Found 10 of our tweets to check for replies
2026-04-06 13:52:14 +00:00: 2026-04-06 13:52:14,413 - __main__ - INFO - Search 403 — resetting guest token
2026-04-06 13:52:15 +00:00: 2026-04-06 13:52:15,621 - __main__ - INFO - 🔑 Guest token refreshed
2026-04-06 13:52:15 +00:00: 2026-04-06 13:52:15,748 - __main__ - INFO - Search unexpected status: 404
2026-04-06 13:52:16 +00:00: 2026-04-06 13:52:16,954 - __main__ - INFO - Search unexpected status: 404
2026-04-06 13:52:17 +00:00: 2026-04-06 13:52:17,955 - __main__ - INFO - 📬 Reply strategy: 0 candidates
2026-04-06 13:52:19 +00:00: 2026-04-06 13:52:19,329 - __main__ - INFO - 📊 VIP DB: 7 candidates from events
2026-04-06 13:52:19 +00:00: 2026-04-06 13:52:19,330 - __main__ - INFO - 📡 VIP GraphQL fallback triggered — 7 DB candidates < 10
2026-04-06 13:52:19 +00:00: 2026-04-06 13:52:19,614 - __main__ - INFO - Could not resolve @RichardLewisTV: 200
2026-04-06 13:52:22 +00:00: 2026-04-06 13:52:22,503 - __main__ - INFO - 📡 GraphQL timeline @Dust2us: 20 tweets, status=200
2026-04-06 13:52:22 +00:00: 2026-04-06 13:52:22,503 - __main__ - INFO - 📡 @Dust2us: 20 tweets via GraphQL
2026-04-06 13:52:25 +00:00: 2026-04-06 13:52:25,247 - __main__ - INFO - 📡 GraphQL timeline @CounterStrike: 20 tweets, status=200
2026-04-06 13:52:25 +00:00: 2026-04-06 13:52:25,247 - __main__ - INFO - 📡 @CounterStrike: 20 tweets via GraphQL
2026-04-06 13:52:27 +00:00: 2026-04-06 13:52:27,861 - __main__ - INFO - 📡 GraphQL timeline @BlastPremier: 9 tweets, status=200
2026-04-06 13:52:27 +00:00: 2026-04-06 13:52:27,861 - __main__ - INFO - 📡 @BlastPremier: 9 tweets via GraphQL
2026-04-06 13:52:30 +00:00: 2026-04-06 13:52:30,001 - __main__ - INFO - 📡 GraphQL timeline @ABORCS: 0 tweets, status=200
2026-04-06 13:52:32 +00:00: 2026-04-06 13:52:32,901 - __main__ - INFO - 📡 GraphQL timeline @Slasher: 20 tweets, status=200
2026-04-06 13:52:32 +00:00: 2026-04-06 13:52:32,902 - __main__ - INFO - 📡 @Slasher: 20 tweets via GraphQL
2026-04-06 13:52:34 +00:00: 2026-04-06 13:52:34,904 - __main__ - INFO - 📊 VIP strategy: 27 total candidates
2026-04-06 13:52:39 +00:00: 2026-04-06 13:52:39,622 - __main__ - INFO - 🎯 Engagement target strategy: 9 candidates
2026-04-06 13:52:41 +00:00: 2026-04-06 13:52:41,830 - __main__ - INFO - 📡 GraphQL timeline @TeamLiquidCS: 20 tweets, status=200
2026-04-06 13:52:41 +00:00: 2026-04-06 13:52:41,831 - __main__ - INFO - 🌐 @TeamLiquidCS: 20 tweets via timeline scrape
2026-04-06 13:52:43 +00:00: 2026-04-06 13:52:43,962 - __main__ - INFO - Could not resolve @gaborcsgo: 200
2026-04-06 13:52:46 +00:00: 2026-04-06 13:52:46,935 - __main__ - INFO - 📡 GraphQL timeline @EliGE: 20 tweets, status=200
2026-04-06 13:52:46 +00:00: 2026-04-06 13:52:46,936 - __main__ - INFO - 🌐 @EliGE: 20 tweets via timeline scrape
2026-04-06 13:52:50 +00:00: 2026-04-06 13:52:50,465 - __main__ - INFO - ✅ Like cycle complete — liked 0 tweets (1/200 today)
2026-04-06 15:22:51 +00:00: 2026-04-06 15:22:51,480 - __main__ - INFO - 💫 Like cycle starting — 1/200 today, budget: 40
2026-04-06 15:22:52 +00:00: 2026-04-06 15:22:52,395 - __main__ - INFO - 📬 Found 10 of our tweets to check for replies
2026-04-06 15:22:52 +00:00: 2026-04-06 15:22:52,560 - __main__ - INFO - Search 403 — resetting guest token
2026-04-06 15:22:53 +00:00: 2026-04-06 15:22:53,746 - __main__ - INFO - 🔑 Guest token refreshed
2026-04-06 15:22:53 +00:00: 2026-04-06 15:22:53,870 - __main__ - INFO - Search unexpected status: 404
2026-04-06 15:22:54 +00:00: 2026-04-06 15:22:54,998 - __main__ - INFO - Search unexpected status: 404
2026-04-06 15:22:56 +00:00: 2026-04-06 15:22:56,000 - __main__ - INFO - 📬 Reply strategy: 0 candidates
2026-04-06 15:22:57 +00:00: 2026-04-06 15:22:57,372 - __main__ - INFO - 📊 VIP DB: 5 candidates from events
2026-04-06 15:22:57 +00:00: 2026-04-06 15:22:57,373 - __main__ - INFO - 📡 VIP GraphQL fallback triggered — 5 DB candidates < 10
2026-04-06 15:22:58 +00:00: 2026-04-06 15:22:58,102 - __main__ - INFO - 📡 GraphQL timeline @BlastPremier: 9 tweets, status=200
2026-04-06 15:22:58 +00:00: 2026-04-06 15:22:58,103 - __main__ - INFO - 📡 @BlastPremier: 9 tweets via GraphQL
2026-04-06 15:23:00 +00:00: 2026-04-06 15:23:00,809 - __main__ - INFO - 📡 GraphQL timeline @Dust2us: 20 tweets, status=200
2026-04-06 15:23:00 +00:00: 2026-04-06 15:23:00,810 - __main__ - INFO - 📡 @Dust2us: 20 tweets via GraphQL
2026-04-06 15:23:03 +00:00: 2026-04-06 15:23:03,541 - __main__ - INFO - 📡 GraphQL timeline @Slasher: 20 tweets, status=200
2026-04-06 15:23:03 +00:00: 2026-04-06 15:23:03,542 - __main__ - INFO - 📡 @Slasher: 20 tweets via GraphQL
2026-04-06 15:23:06 +00:00: 2026-04-06 15:23:06,623 - __main__ - INFO - 📡 GraphQL timeline @CounterStrike: 20 tweets, status=200
2026-04-06 15:23:06 +00:00: 2026-04-06 15:23:06,623 - __main__ - INFO - 📡 @CounterStrike: 20 tweets via GraphQL
2026-04-06 15:23:08 +00:00: 2026-04-06 15:23:08,797 - __main__ - INFO - 📡 GraphQL timeline @hltv: 0 tweets, status=200
2026-04-06 15:23:11 +00:00: 2026-04-06 15:23:11,513 - __main__ - INFO - 📡 GraphQL timeline @EsportsInsider: 20 tweets, status=200
2026-04-06 15:23:11 +00:00: 2026-04-06 15:23:11,514 - __main__ - INFO - 📡 @EsportsInsider: 20 tweets via GraphQL
2026-04-06 15:23:13 +00:00: 2026-04-06 15:23:13,516 - __main__ - INFO - 📊 VIP strategy: 30 total candidates
2026-04-06 15:23:19 +00:00: 2026-04-06 15:23:19,003 - __main__ - INFO - 🎯 Engagement target strategy: 9 candidates
2026-04-06 15:23:21 +00:00: 2026-04-06 15:23:21,035 - __main__ - INFO - 📡 GraphQL timeline @FACEIT: 0 tweets, status=200
2026-04-06 15:23:23 +00:00: 2026-04-06 15:23:23,178 - __main__ - INFO - Could not resolve @LOABORVRE_CS2: 200
2026-04-06 15:23:25 +00:00: 2026-04-06 15:23:25,333 - __main__ - INFO - 📡 GraphQL timeline @rainCS: 0 tweets, status=200
2026-04-06 15:23:27 +00:00: 2026-04-06 15:23:27,336 - __main__ - INFO - ✅ Like cycle complete — liked 0 tweets (1/200 today)
2026-04-06 16:08:28 +00:00: 2026-04-06 16:08:28,349 - __main__ - INFO - 💫 Like cycle starting — 1/200 today, budget: 40
2026-04-06 16:08:29 +00:00: 2026-04-06 16:08:29,263 - __main__ - INFO - 📬 Found 10 of our tweets to check for replies
2026-04-06 16:08:29 +00:00: 2026-04-06 16:08:29,422 - __main__ - INFO - Search unexpected status: 404
2026-04-06 16:08:30 +00:00: 2026-04-06 16:08:30,549 - __main__ - INFO - Search unexpected status: 404
2026-04-06 16:08:31 +00:00: 2026-04-06 16:08:31,673 - __main__ - INFO - Search unexpected status: 404
2026-04-06 16:08:32 +00:00: 2026-04-06 16:08:32,674 - __main__ - INFO - 📬 Reply strategy: 0 candidates
2026-04-06 16:08:34 +00:00: 2026-04-06 16:08:34,043 - __main__ - INFO - 📊 VIP DB: 5 candidates from events
2026-04-06 16:08:34 +00:00: 2026-04-06 16:08:34,043 - __main__ - INFO - 📡 VIP GraphQL fallback triggered — 5 DB candidates < 10
2026-04-06 16:08:34 +00:00: 2026-04-06 16:08:34,351 - __main__ - INFO - 📡 GraphQL timeline @Nors3: 0 tweets, status=200
2026-04-06 16:08:37 +00:00: 2026-04-06 16:08:37,141 - __main__ - INFO - 📡 GraphQL timeline @LiquipediaCS: 20 tweets, status=200
2026-04-06 16:08:37 +00:00: 2026-04-06 16:08:37,143 - __main__ - INFO - 📡 @LiquipediaCS: 20 tweets via GraphQL
2026-04-06 16:08:40 +00:00: 2026-04-06 16:08:40,064 - __main__ - INFO - 📡 GraphQL timeline @CounterStrike: 20 tweets, status=200
2026-04-06 16:08:40 +00:00: 2026-04-06 16:08:40,065 - __main__ - INFO - 📡 @CounterStrike: 20 tweets via GraphQL
2026-04-06 16:08:42 +00:00: 2026-04-06 16:08:42,751 - __main__ - INFO - 📡 GraphQL timeline @BlastPremier: 9 tweets, status=200
2026-04-06 16:08:42 +00:00: 2026-04-06 16:08:42,752 - __main__ - INFO - 📡 @BlastPremier: 9 tweets via GraphQL
2026-04-06 16:08:45 +00:00: 2026-04-06 16:08:45,398 - __main__ - INFO - 📡 GraphQL timeline @Slasher: 20 tweets, status=200
2026-04-06 16:08:45 +00:00: 2026-04-06 16:08:45,398 - __main__ - INFO - 📡 @Slasher: 20 tweets via GraphQL
2026-04-06 16:08:48 +00:00: 2026-04-06 16:08:48,091 - __main__ - INFO - 📡 GraphQL timeline @EsportsInsider: 20 tweets, status=200
2026-04-06 16:08:48 +00:00: 2026-04-06 16:08:48,092 - __main__ - INFO - 📡 @EsportsInsider: 20 tweets via GraphQL
2026-04-06 16:08:50 +00:00: 2026-04-06 16:08:50,094 - __main__ - INFO - 📊 VIP strategy: 30 total candidates
2026-04-06 16:08:55 +00:00: 2026-04-06 16:08:55,585 - __main__ - INFO - 🎯 Engagement target strategy: 8 candidates
2026-04-06 16:08:57 +00:00: 2026-04-06 16:08:57,565 - __main__ - INFO - 📡 GraphQL timeline @ESLCS: 20 tweets, status=200
2026-04-06 16:08:57 +00:00: 2026-04-06 16:08:57,566 - __main__ - INFO - 🌐 @ESLCS: 20 tweets via timeline scrape
2026-04-06 16:09:00 +00:00: 2026-04-06 16:09:00,689 - __main__ - INFO - 📡 GraphQL timeline @FACEIT: 0 tweets, status=200
2026-04-06 16:09:03 +00:00: 2026-04-06 16:09:03,457 - __main__ - INFO - 📡 GraphQL timeline @TeamLiquidCS: 20 tweets, status=200
2026-04-06 16:09:03 +00:00: 2026-04-06 16:09:03,457 - __main__ - INFO - 🌐 @TeamLiquidCS: 20 tweets via timeline scrape
2026-04-06 16:09:07 +00:00: 2026-04-06 16:09:07,014 - __main__ - INFO - ✅ Like cycle complete — liked 0 tweets (1/200 today)
2026-04-06 16:54:07 +00:00: 2026-04-06 16:54:07,975 - __main__ - INFO - 💫 Like cycle starting — 1/200 today, budget: 40
2026-04-06 16:54:08 +00:00: 2026-04-06 16:54:08,889 - __main__ - INFO - 📬 Found 10 of our tweets to check for replies
2026-04-06 16:54:09 +00:00: 2026-04-06 16:54:09,062 - __main__ - INFO - Search unexpected status: 404
2026-04-06 16:54:10 +00:00: 2026-04-06 16:54:10,187 - __main__ - INFO - Search unexpected status: 404
2026-04-06 16:54:11 +00:00: 2026-04-06 16:54:11,322 - __main__ - INFO - Search unexpected status: 404
2026-04-06 16:54:12 +00:00: 2026-04-06 16:54:12,323 - __main__ - INFO - 📬 Reply strategy: 0 candidates
2026-04-06 16:54:13 +00:00: 2026-04-06 16:54:13,694 - __main__ - INFO - 📊 VIP DB: 5 candidates from events
2026-04-06 16:54:13 +00:00: 2026-04-06 16:54:13,694 - __main__ - INFO - 📡 VIP GraphQL fallback triggered — 5 DB candidates < 10
2026-04-06 16:54:14 +00:00: 2026-04-06 16:54:14,063 - __main__ - INFO - 📡 GraphQL timeline @hltv: 0 tweets, status=200
2026-04-06 16:54:16 +00:00: 2026-04-06 16:54:16,913 - __main__ - INFO - 📡 GraphQL timeline @EsportsInsider: 20 tweets, status=200
2026-04-06 16:54:16 +00:00: 2026-04-06 16:54:16,914 - __main__ - INFO - 📡 @EsportsInsider: 20 tweets via GraphQL
2026-04-06 16:54:19 +00:00: 2026-04-06 16:54:19,072 - __main__ - INFO - Could not resolve @DonHaci: 200
2026-04-06 16:54:21 +00:00: 2026-04-06 16:54:21,906 - __main__ - INFO - 📡 GraphQL timeline @CounterStrike: 20 tweets, status=200
2026-04-06 16:54:21 +00:00: 2026-04-06 16:54:21,907 - __main__ - INFO - 📡 @CounterStrike: 20 tweets via GraphQL
2026-04-06 16:54:24 +00:00: 2026-04-06 16:54:24,513 - __main__ - INFO - 📡 GraphQL timeline @BlastPremier: 9 tweets, status=200
2026-04-06 16:54:24 +00:00: 2026-04-06 16:54:24,514 - __main__ - INFO - 📡 @BlastPremier: 9 tweets via GraphQL
2026-04-06 16:54:27 +00:00: 2026-04-06 16:54:27,362 - __main__ - INFO - 📡 GraphQL timeline @Dust2us: 20 tweets, status=200
2026-04-06 16:54:27 +00:00: 2026-04-06 16:54:27,363 - __main__ - INFO - 📡 @Dust2us: 20 tweets via GraphQL
2026-04-06 16:54:29 +00:00: 2026-04-06 16:54:29,365 - __main__ - INFO - 📊 VIP strategy: 25 total candidates
2026-04-06 16:54:34 +00:00: 2026-04-06 16:54:34,085 - __main__ - INFO - 🎯 Engagement target strategy: 7 candidates
2026-04-06 16:54:35 +00:00: 2026-04-06 16:54:35,294 - __main__ - INFO - 📡 GraphQL timeline @Brehze: 0 tweets, status=200
2026-04-06 16:54:37 +00:00: 2026-04-06 16:54:37,429 - __main__ - INFO - Could not resolve @LOABORVRE_CS2: 200
2026-04-06 16:54:40 +00:00: 2026-04-06 16:54:40,228 - __main__ - INFO - 📡 GraphQL timeline @nilocsgo: 20 tweets, status=200
2026-04-06 16:54:40 +00:00: 2026-04-06 16:54:40,229 - __main__ - INFO - 🌐 @nilocsgo: 20 tweets via timeline scrape
2026-04-06 16:54:42 +00:00: 2026-04-06 16:54:42,994 - __main__ - INFO - ✅ Like cycle complete — liked 0 tweets (1/200 today)
2026-04-06 17:22:15 +00:00: Traceback (most recent call last):
2026-04-06 17:22:15 +00:00:   File "/home/ubuntu/openclaw/scripts/output/community_liker.py", line 744, in <module>
2026-04-06 17:22:15 +00:00:     asyncio.run(CommunityLiker().run_forever())
2026-04-06 17:22:15 +00:00:   File "/usr/lib/python3.10/asyncio/runners.py", line 44, in run
2026-04-06 17:22:15 +00:00:     return loop.run_until_complete(main)
2026-04-06 17:22:15 +00:00:   File "/usr/lib/python3.10/asyncio/base_events.py", line 636, in run_until_complete
2026-04-06 17:22:15 +00:00:     self.run_forever()
2026-04-06 17:22:15 +00:00:   File "/usr/lib/python3.10/asyncio/base_events.py", line 603, in run_forever
2026-04-06 17:22:15 +00:00:     self._run_once()
2026-04-06 17:22:15 +00:00:   File "/usr/lib/python3.10/asyncio/base_events.py", line 1871, in _run_once
2026-04-06 17:22:15 +00:00:     event_list = self._selector.select(timeout)
2026-04-06 17:22:15 +00:00:   File "/usr/lib/python3.10/selectors.py", line 469, in select
2026-04-06 17:22:15 +00:00:     fd_event_list = self._selector.poll(timeout, max_ev)
2026-04-06 17:22:15 +00:00: KeyboardInterrupt
2026-04-06 17:22:16 +00:00: 2026-04-06 17:22:16,717 - __main__ - INFO - ✅ Twitter client initialized — user ID: 1874477801182793728
2026-04-06 17:22:17 +00:00: 2026-04-06 17:22:17,736 - utils.db_utils - INFO - ✅ Reconnected to PostgreSQL
2026-04-06 17:22:17 +00:00: 2026-04-06 17:22:17,736 - __main__ - INFO - 🚀 Community Liker started — building relationships
2026-04-06 17:22:18 +00:00: 2026-04-06 17:22:18,566 - __main__ - INFO - 💫 Like cycle starting — 1/200 today, budget: 40
2026-04-06 17:22:24 +00:00: 2026-04-06 17:22:24,205 - __main__ - INFO - 📬 Found 10 of our tweets to check for replies
2026-04-06 17:22:24 +00:00: 2026-04-06 17:22:24,363 - __main__ - INFO - 🔑 Guest token refreshed
2026-04-06 17:22:24 +00:00: 2026-04-06 17:22:24,501 - __main__ - INFO - Search unexpected status: 404
2026-04-06 17:22:25 +00:00: 2026-04-06 17:22:25,637 - __main__ - INFO - Search unexpected status: 404
2026-04-06 17:22:26 +00:00: 2026-04-06 17:22:26,758 - __main__ - INFO - Search unexpected status: 404
2026-04-06 17:22:27 +00:00: 2026-04-06 17:22:27,759 - __main__ - INFO - 📬 Reply strategy: 0 candidates
2026-04-06 17:22:29 +00:00: 2026-04-06 17:22:29,254 - __main__ - INFO - 📊 VIP DB: 5 candidates from events
2026-04-06 17:22:29 +00:00: 2026-04-06 17:22:29,254 - __main__ - INFO - 📡 VIP GraphQL fallback triggered — 5 DB candidates < 10
2026-04-06 17:22:29 +00:00: 2026-04-06 17:22:29,727 - __main__ - INFO - 📡 GraphQL timeline @ABORCS: 0 tweets, status=200
2026-04-06 17:22:32 +00:00: 2026-04-06 17:22:32,573 - __main__ - INFO - 📡 GraphQL timeline @BlastPremier: 9 tweets, status=200
2026-04-06 17:22:32 +00:00: 2026-04-06 17:22:32,574 - __main__ - INFO - 📡 @BlastPremier: 9 tweets via GraphQL
2026-04-06 17:22:35 +00:00: 2026-04-06 17:22:35,994 - __main__ - INFO - 📡 GraphQL timeline @CounterStrike: 20 tweets, status=200
2026-04-06 17:22:35 +00:00: 2026-04-06 17:22:35,995 - __main__ - INFO - 📡 @CounterStrike: 20 tweets via GraphQL
2026-04-06 17:22:39 +00:00: 2026-04-06 17:22:39,312 - __main__ - INFO - 📡 GraphQL timeline @RazedEsport: 20 tweets, status=200
2026-04-06 17:22:39 +00:00: 2026-04-06 17:22:39,313 - __main__ - INFO - 📡 @RazedEsport: 20 tweets via GraphQL
2026-04-06 17:22:42 +00:00: 2026-04-06 17:22:42,491 - __main__ - INFO - 📡 GraphQL timeline @EsportsInsider: 20 tweets, status=200
2026-04-06 17:22:42 +00:00: 2026-04-06 17:22:42,492 - __main__ - INFO - 📡 @EsportsInsider: 20 tweets via GraphQL
2026-04-06 17:22:45 +00:00: 2026-04-06 17:22:45,868 - __main__ - INFO - 📡 GraphQL timeline @Slasher: 20 tweets, status=200
2026-04-06 17:22:45 +00:00: 2026-04-06 17:22:45,869 - __main__ - INFO - 📡 @Slasher: 20 tweets via GraphQL
2026-04-06 17:22:47 +00:00: 2026-04-06 17:22:47,872 - __main__ - INFO - 📊 VIP strategy: 30 total candidates
2026-04-06 17:22:53 +00:00: 2026-04-06 17:22:53,853 - __main__ - INFO - 🎯 Engagement target strategy: 7 candidates
2026-04-06 17:22:56 +00:00: 2026-04-06 17:22:56,206 - __main__ - INFO - 📡 GraphQL timeline @BIGCLANgg: 7 tweets, status=200
2026-04-06 17:22:56 +00:00: 2026-04-06 17:22:56,206 - __main__ - INFO - 🌐 @BIGCLANgg: 7 tweets via timeline scrape
2026-04-06 17:22:59 +00:00: 2026-04-06 17:22:59,370 - __main__ - INFO - 📡 GraphQL timeline @FACEIT: 0 tweets, status=200
2026-04-06 17:23:02 +00:00: 2026-04-06 17:23:02,574 - __main__ - INFO - 📡 GraphQL timeline @TeamLiquidCS: 20 tweets, status=200
2026-04-06 17:23:02 +00:00: 2026-04-06 17:23:02,575 - __main__ - INFO - 🌐 @TeamLiquidCS: 20 tweets via timeline scrape
2026-04-06 17:23:07 +00:00: 2026-04-06 17:23:07,405 - __main__ - INFO - ❤️  Liked tweet 204119850486592... by @BIGCLANgg (cs2_community:BIGCLANgg)
2026-04-06 17:23:17 +00:00: 2026-04-06 17:23:17,807 - __main__ - INFO - ✅ Like cycle complete — liked 1 tweets (2/200 today)
2026-04-06 18:08:17 +00:00: 2026-04-06 18:08:17,910 - utils.db_utils - WARNING - ⚠️  DB connection stale — reconnecting…
2026-04-06 18:08:18 +00:00: 2026-04-06 18:08:18,890 - utils.db_utils - INFO - ✅ Reconnected to PostgreSQL
2026-04-06 18:08:19 +00:00: 2026-04-06 18:08:19,200 - __main__ - INFO - 💫 Like cycle starting — 2/200 today, budget: 40
2026-04-06 18:08:20 +00:00: 2026-04-06 18:08:20,118 - __main__ - INFO - 📬 Found 10 of our tweets to check for replies
2026-04-06 18:08:20 +00:00: 2026-04-06 18:08:20,279 - __main__ - INFO - Search unexpected status: 404
2026-04-06 18:08:21 +00:00: 2026-04-06 18:08:21,405 - __main__ - INFO - Search unexpected status: 404
2026-04-06 18:08:22 +00:00: 2026-04-06 18:08:22,541 - __main__ - INFO - Search unexpected status: 404
2026-04-06 18:08:23 +00:00: 2026-04-06 18:08:23,542 - __main__ - INFO - 📬 Reply strategy: 0 candidates
2026-04-06 18:08:24 +00:00: 2026-04-06 18:08:24,924 - __main__ - INFO - 📊 VIP DB: 5 candidates from events
2026-04-06 18:08:24 +00:00: 2026-04-06 18:08:24,924 - __main__ - INFO - 📡 VIP GraphQL fallback triggered — 5 DB candidates < 10
2026-04-06 18:08:25 +00:00: 2026-04-06 18:08:25,852 - __main__ - INFO - 📡 GraphQL timeline @EsportsInsider: 20 tweets, status=200
2026-04-06 18:08:25 +00:00: 2026-04-06 18:08:25,853 - __main__ - INFO - 📡 @EsportsInsider: 20 tweets via GraphQL
2026-04-06 18:08:28 +00:00: 2026-04-06 18:08:28,701 - __main__ - INFO - 📡 GraphQL timeline @CounterStrike: 20 tweets, status=200
2026-04-06 18:08:28 +00:00: 2026-04-06 18:08:28,702 - __main__ - INFO - 📡 @CounterStrike: 20 tweets via GraphQL
2026-04-06 18:08:31 +00:00: 2026-04-06 18:08:31,328 - __main__ - INFO - 📡 GraphQL timeline @Slasher: 20 tweets, status=200
2026-04-06 18:08:31 +00:00: 2026-04-06 18:08:31,329 - __main__ - INFO - 📡 @Slasher: 20 tweets via GraphQL
2026-04-06 18:08:33 +00:00: 2026-04-06 18:08:33,911 - __main__ - INFO - 📡 GraphQL timeline @BlastPremier: 9 tweets, status=200
2026-04-06 18:08:33 +00:00: 2026-04-06 18:08:33,912 - __main__ - INFO - 📡 @BlastPremier: 9 tweets via GraphQL
2026-04-06 18:08:36 +00:00: 2026-04-06 18:08:36,083 - __main__ - INFO - Could not resolve @DonHaci: 200
2026-04-06 18:08:38 +00:00: 2026-04-06 18:08:38,441 - __main__ - INFO - 📡 GraphQL timeline @Nors3: 0 tweets, status=200
2026-04-06 18:08:40 +00:00: 2026-04-06 18:08:40,444 - __main__ - INFO - 📊 VIP strategy: 25 total candidates
2026-04-06 18:08:45 +00:00: 2026-04-06 18:08:45,204 - __main__ - INFO - 🎯 Engagement target strategy: 7 candidates
2026-04-06 18:08:47 +00:00: 2026-04-06 18:08:47,089 - __main__ - INFO - 📡 GraphQL timeline @Cloud9: 9 tweets, status=200
2026-04-06 18:08:47 +00:00: 2026-04-06 18:08:47,090 - __main__ - INFO - 🌐 @Cloud9: 9 tweets via timeline scrape
2026-04-06 18:08:49 +00:00: 2026-04-06 18:08:49,394 - __main__ - INFO - 📡 GraphQL timeline @Brehze: 0 tweets, status=200
2026-04-06 18:08:52 +00:00: 2026-04-06 18:08:52,337 - __main__ - INFO - 📡 GraphQL timeline @TeamLiquidCS: 20 tweets, status=200
2026-04-06 18:08:52 +00:00: 2026-04-06 18:08:52,337 - __main__ - INFO - 🌐 @TeamLiquidCS: 20 tweets via timeline scrape
2026-04-06 18:08:55 +00:00: 2026-04-06 18:08:55,866 - __main__ - INFO - ✅ Like cycle complete — liked 0 tweets (2/200 today)
2026-04-06 18:53:55 +00:00: 2026-04-06 18:53:55,969 - utils.db_utils - WARNING - ⚠️  DB connection stale — reconnecting…
2026-04-06 18:53:56 +00:00: 2026-04-06 18:53:56,986 - utils.db_utils - INFO - ✅ Reconnected to PostgreSQL
2026-04-06 18:53:57 +00:00: 2026-04-06 18:53:57,321 - __main__ - INFO - 💫 Like cycle starting — 2/200 today, budget: 40
2026-04-06 18:53:58 +00:00: 2026-04-06 18:53:58,320 - __main__ - INFO - 📬 Found 10 of our tweets to check for replies
2026-04-06 18:53:58 +00:00: 2026-04-06 18:53:58,467 - __main__ - INFO - Search unexpected status: 404
2026-04-06 18:53:59 +00:00: 2026-04-06 18:53:59,588 - __main__ - INFO - Search unexpected status: 404
2026-04-06 18:54:00 +00:00: 2026-04-06 18:54:00,712 - __main__ - INFO - Search unexpected status: 404
2026-04-06 18:54:01 +00:00: 2026-04-06 18:54:01,714 - __main__ - INFO - 📬 Reply strategy: 0 candidates
2026-04-06 18:54:03 +00:00: 2026-04-06 18:54:03,211 - __main__ - INFO - 📊 VIP DB: 5 candidates from events
2026-04-06 18:54:03 +00:00: 2026-04-06 18:54:03,211 - __main__ - INFO - 📡 VIP GraphQL fallback triggered — 5 DB candidates < 10
2026-04-06 18:54:04 +00:00: 2026-04-06 18:54:04,157 - __main__ - INFO - 📡 GraphQL timeline @BlastPremier: 9 tweets, status=200
2026-04-06 18:54:04 +00:00: 2026-04-06 18:54:04,157 - __main__ - INFO - 📡 @BlastPremier: 9 tweets via GraphQL
2026-04-06 18:54:07 +00:00: 2026-04-06 18:54:07,500 - __main__ - INFO - 📡 GraphQL timeline @LiquipediaCS: 20 tweets, status=200
2026-04-06 18:54:07 +00:00: 2026-04-06 18:54:07,501 - __main__ - INFO - 📡 @LiquipediaCS: 20 tweets via GraphQL
2026-04-06 18:54:10 +00:00: 2026-04-06 18:54:10,655 - __main__ - INFO - 📡 GraphQL timeline @RazedEsport: 20 tweets, status=200
2026-04-06 18:54:10 +00:00: 2026-04-06 18:54:10,656 - __main__ - INFO - 📡 @RazedEsport: 20 tweets via GraphQL
2026-04-06 18:54:12 +00:00: 2026-04-06 18:54:12,794 - __main__ - INFO - 📡 GraphQL timeline @ABORCS: 0 tweets, status=200
2026-04-06 18:54:15 +00:00: 2026-04-06 18:54:15,750 - __main__ - INFO - 📡 GraphQL timeline @CounterStrike: 20 tweets, status=200
2026-04-06 18:54:15 +00:00: 2026-04-06 18:54:15,751 - __main__ - INFO - 📡 @CounterStrike: 20 tweets via GraphQL
2026-04-06 18:54:18 +00:00: 2026-04-06 18:54:18,744 - __main__ - INFO - 📡 GraphQL timeline @Slasher: 20 tweets, status=200
2026-04-06 18:54:18 +00:00: 2026-04-06 18:54:18,744 - __main__ - INFO - 📡 @Slasher: 20 tweets via GraphQL
2026-04-06 18:54:20 +00:00: 2026-04-06 18:54:20,746 - __main__ - INFO - 📊 VIP strategy: 30 total candidates
2026-04-06 18:54:26 +00:00: 2026-04-06 18:54:26,741 - __main__ - INFO - 🎯 Engagement target strategy: 7 candidates
2026-04-06 18:54:28 +00:00: 2026-04-06 18:54:28,897 - __main__ - INFO - 📡 GraphQL timeline @nilocsgo: 20 tweets, status=200
2026-04-06 18:54:28 +00:00: 2026-04-06 18:54:28,898 - __main__ - INFO - 🌐 @nilocsgo: 20 tweets via timeline scrape
2026-04-06 18:54:31 +00:00: 2026-04-06 18:54:31,986 - __main__ - INFO - 📡 GraphQL timeline @ESLCS: 20 tweets, status=200
2026-04-06 18:54:31 +00:00: 2026-04-06 18:54:31,986 - __main__ - INFO - 🌐 @ESLCS: 20 tweets via timeline scrape
2026-04-06 18:54:35 +00:00: 2026-04-06 18:54:35,033 - __main__ - INFO - 📡 GraphQL timeline @Twistzz: 20 tweets, status=200
2026-04-06 18:54:35 +00:00: 2026-04-06 18:54:35,033 - __main__ - INFO - 🌐 @Twistzz: 20 tweets via timeline scrape
2026-04-06 18:54:39 +00:00: 2026-04-06 18:54:39,532 - __main__ - INFO - ✅ Like cycle complete — liked 0 tweets (2/200 today)
2026-04-06 19:39:39 +00:00: 2026-04-06 19:39:39,546 - utils.db_utils - WARNING - ⚠️  DB connection stale — reconnecting…
2026-04-06 19:39:40 +00:00: 2026-04-06 19:39:40,482 - utils.db_utils - INFO - ✅ Reconnected to PostgreSQL
2026-04-06 19:39:40 +00:00: 2026-04-06 19:39:40,789 - __main__ - INFO - 💫 Like cycle starting — 2/200 today, budget: 40
2026-04-06 19:39:41 +00:00: 2026-04-06 19:39:41,708 - __main__ - INFO - 📬 Found 10 of our tweets to check for replies
2026-04-06 19:39:41 +00:00: 2026-04-06 19:39:41,923 - __main__ - INFO - 🔑 Guest token refreshed
2026-04-06 19:39:42 +00:00: 2026-04-06 19:39:42,061 - __main__ - INFO - Search unexpected status: 404
2026-04-06 19:39:43 +00:00: 2026-04-06 19:39:43,185 - __main__ - INFO - Search unexpected status: 404
2026-04-06 19:39:44 +00:00: 2026-04-06 19:39:44,304 - __main__ - INFO - Search unexpected status: 404
2026-04-06 19:39:45 +00:00: 2026-04-06 19:39:45,306 - __main__ - INFO - 📬 Reply strategy: 0 candidates
2026-04-06 19:39:46 +00:00: 2026-04-06 19:39:46,688 - __main__ - INFO - 📊 VIP DB: 5 candidates from events
2026-04-06 19:39:46 +00:00: 2026-04-06 19:39:46,688 - __main__ - INFO - 📡 VIP GraphQL fallback triggered — 5 DB candidates < 10
2026-04-06 19:39:47 +00:00: 2026-04-06 19:39:47,585 - __main__ - INFO - 📡 GraphQL timeline @LiquipediaCS: 20 tweets, status=200
2026-04-06 19:39:47 +00:00: 2026-04-06 19:39:47,586 - __main__ - INFO - 📡 @LiquipediaCS: 20 tweets via GraphQL
2026-04-06 19:39:50 +00:00: 2026-04-06 19:39:50,160 - __main__ - INFO - 📡 GraphQL timeline @BlastPremier: 9 tweets, status=200
2026-04-06 19:39:50 +00:00: 2026-04-06 19:39:50,161 - __main__ - INFO - 📡 @BlastPremier: 9 tweets via GraphQL
2026-04-06 19:39:52 +00:00: 2026-04-06 19:39:52,303 - __main__ - INFO - Could not resolve @DonHaci: 200
2026-04-06 19:39:55 +00:00: 2026-04-06 19:39:55,277 - __main__ - INFO - 📡 GraphQL timeline @CounterStrike: 20 tweets, status=200
2026-04-06 19:39:55 +00:00: 2026-04-06 19:39:55,277 - __main__ - INFO - 📡 @CounterStrike: 20 tweets via GraphQL
2026-04-06 19:39:57 +00:00: 2026-04-06 19:39:57,595 - __main__ - INFO - 📡 GraphQL timeline @hltv: 0 tweets, status=200
2026-04-06 19:40:00 +00:00: 2026-04-06 19:40:00,166 - __main__ - INFO - 📡 GraphQL timeline @EsportsInsider: 20 tweets, status=200
2026-04-06 19:40:00 +00:00: 2026-04-06 19:40:00,167 - __main__ - INFO - 📡 @EsportsInsider: 20 tweets via GraphQL
2026-04-06 19:40:02 +00:00: 2026-04-06 19:40:02,170 - __main__ - INFO - 📊 VIP strategy: 25 total candidates
2026-04-06 19:40:06 +00:00: 2026-04-06 19:40:06,941 - __main__ - INFO - 🎯 Engagement target strategy: 7 candidates
2026-04-06 19:40:09 +00:00: 2026-04-06 19:40:09,022 - __main__ - INFO - 📡 GraphQL timeline @Complexity: 11 tweets, status=200
2026-04-06 19:40:09 +00:00: 2026-04-06 19:40:09,023 - __main__ - INFO - 🌐 @Complexity: 11 tweets via timeline scrape
2026-04-06 19:40:11 +00:00: 2026-04-06 19:40:11,158 - __main__ - INFO - 📡 GraphQL timeline @Brehze: 0 tweets, status=200
2026-04-06 19:40:13 +00:00: 2026-04-06 19:40:13,846 - __main__ - INFO - 📡 GraphQL timeline @ESLCS: 20 tweets, status=200
2026-04-06 19:40:13 +00:00: 2026-04-06 19:40:13,847 - __main__ - INFO - 🌐 @ESLCS: 20 tweets via timeline scrape
2026-04-06 19:40:17 +00:00: 2026-04-06 19:40:17,381 - __main__ - INFO - ✅ Like cycle complete — liked 0 tweets (2/200 today)
2026-04-06 20:25:17 +00:00: 2026-04-06 20:25:17,484 - utils.db_utils - WARNING - ⚠️  DB connection stale — reconnecting…
2026-04-06 20:25:18 +00:00: 2026-04-06 20:25:18,460 - utils.db_utils - INFO - ✅ Reconnected to PostgreSQL
2026-04-06 20:25:18 +00:00: 2026-04-06 20:25:18,761 - __main__ - INFO - 💫 Like cycle starting — 2/200 today, budget: 40
2026-04-06 20:25:19 +00:00: 2026-04-06 20:25:19,661 - __main__ - INFO - 📬 Found 10 of our tweets to check for replies
2026-04-06 20:25:19 +00:00: 2026-04-06 20:25:19,804 - __main__ - INFO - Search unexpected status: 404
2026-04-06 20:25:20 +00:00: 2026-04-06 20:25:20,923 - __main__ - INFO - Search unexpected status: 404
2026-04-06 20:25:22 +00:00: 2026-04-06 20:25:22,060 - __main__ - INFO - Search unexpected status: 404
2026-04-06 20:25:23 +00:00: 2026-04-06 20:25:23,061 - __main__ - INFO - 📬 Reply strategy: 0 candidates
2026-04-06 20:25:24 +00:00: 2026-04-06 20:25:24,410 - __main__ - INFO - 📊 VIP DB: 5 candidates from events
2026-04-06 20:25:24 +00:00: 2026-04-06 20:25:24,410 - __main__ - INFO - 📡 VIP GraphQL fallback triggered — 5 DB candidates < 10
2026-04-06 20:25:24 +00:00: 2026-04-06 20:25:24,705 - __main__ - INFO - 📡 GraphQL timeline @ABORCS: 0 tweets, status=200
2026-04-06 20:25:27 +00:00: 2026-04-06 20:25:27,444 - __main__ - INFO - 📡 GraphQL timeline @CounterStrike: 20 tweets, status=200
2026-04-06 20:25:27 +00:00: 2026-04-06 20:25:27,445 - __main__ - INFO - 📡 @CounterStrike: 20 tweets via GraphQL
2026-04-06 20:25:30 +00:00: 2026-04-06 20:25:30,031 - __main__ - INFO - 📡 GraphQL timeline @BlastPremier: 9 tweets, status=200
2026-04-06 20:25:30 +00:00: 2026-04-06 20:25:30,032 - __main__ - INFO - 📡 @BlastPremier: 9 tweets via GraphQL
2026-04-06 20:25:32 +00:00: 2026-04-06 20:25:32,804 - __main__ - INFO - 📡 GraphQL timeline @Slasher: 20 tweets, status=200
2026-04-06 20:25:32 +00:00: 2026-04-06 20:25:32,804 - __main__ - INFO - 📡 @Slasher: 20 tweets via GraphQL
2026-04-06 20:25:35 +00:00: 2026-04-06 20:25:35,656 - __main__ - INFO - 📡 GraphQL timeline @RazedEsport: 20 tweets, status=200
2026-04-06 20:25:35 +00:00: 2026-04-06 20:25:35,656 - __main__ - INFO - 📡 @RazedEsport: 20 tweets via GraphQL
2026-04-06 20:25:37 +00:00: 2026-04-06 20:25:37,855 - __main__ - INFO - 📡 GraphQL timeline @hltv: 0 tweets, status=200
2026-04-06 20:25:39 +00:00: 2026-04-06 20:25:39,857 - __main__ - INFO - 📊 VIP strategy: 25 total candidates
2026-04-06 20:25:44 +00:00: 2026-04-06 20:25:44,514 - __main__ - INFO - 🎯 Engagement target strategy: 7 candidates
2026-04-06 20:25:46 +00:00: 2026-04-06 20:25:46,237 - __main__ - INFO - 📡 GraphQL timeline @Cloud9: 9 tweets, status=200
2026-04-06 20:25:46 +00:00: 2026-04-06 20:25:46,238 - __main__ - INFO - 🌐 @Cloud9: 9 tweets via timeline scrape
2026-04-06 20:25:48 +00:00: 2026-04-06 20:25:48,947 - __main__ - INFO - 📡 GraphQL timeline @Twistzz: 20 tweets, status=200
2026-04-06 20:25:48 +00:00: 2026-04-06 20:25:48,948 - __main__ - INFO - 🌐 @Twistzz: 20 tweets via timeline scrape
2026-04-06 20:25:51 +00:00: 2026-04-06 20:25:51,078 - __main__ - INFO - Could not resolve @LOABORVRE_CS2: 200
2026-04-06 20:25:54 +00:00: 2026-04-06 20:25:54,578 - __main__ - INFO - ✅ Like cycle complete — liked 0 tweets (2/200 today)
2026-04-06 21:10:54 +00:00: 2026-04-06 21:10:54,622 - utils.db_utils - WARNING - ⚠️  DB connection stale — reconnecting…
2026-04-06 21:10:55 +00:00: 2026-04-06 21:10:55,544 - utils.db_utils - INFO - ✅ Reconnected to PostgreSQL
2026-04-06 21:10:55 +00:00: 2026-04-06 21:10:55,846 - __main__ - INFO - 💫 Like cycle starting — 2/200 today, budget: 40
2026-04-06 21:10:56 +00:00: 2026-04-06 21:10:56,753 - __main__ - INFO - 📬 Found 10 of our tweets to check for replies
2026-04-06 21:10:56 +00:00: 2026-04-06 21:10:56,925 - __main__ - INFO - Search unexpected status: 404
2026-04-06 21:10:58 +00:00: 2026-04-06 21:10:58,057 - __main__ - INFO - Search unexpected status: 404
2026-04-06 21:10:59 +00:00: 2026-04-06 21:10:59,191 - __main__ - INFO - Search unexpected status: 404
2026-04-06 21:11:00 +00:00: 2026-04-06 21:11:00,192 - __main__ - INFO - 📬 Reply strategy: 0 candidates
2026-04-06 21:11:01 +00:00: 2026-04-06 21:11:01,547 - __main__ - INFO - 📊 VIP DB: 5 candidates from events
2026-04-06 21:11:01 +00:00: 2026-04-06 21:11:01,547 - __main__ - INFO - 📡 VIP GraphQL fallback triggered — 5 DB candidates < 10
2026-04-06 21:11:02 +00:00: 2026-04-06 21:11:02,500 - __main__ - INFO - 📡 GraphQL timeline @EsportsInsider: 20 tweets, status=200
2026-04-06 21:11:02 +00:00: 2026-04-06 21:11:02,501 - __main__ - INFO - 📡 @EsportsInsider: 20 tweets via GraphQL
2026-04-06 21:11:05 +00:00: 2026-04-06 21:11:05,374 - __main__ - INFO - 📡 GraphQL timeline @LiquipediaCS: 20 tweets, status=200
2026-04-06 21:11:05 +00:00: 2026-04-06 21:11:05,375 - __main__ - INFO - 📡 @LiquipediaCS: 20 tweets via GraphQL
2026-04-06 21:11:08 +00:00: 2026-04-06 21:11:08,018 - __main__ - INFO - 📡 GraphQL timeline @BlastPremier: 9 tweets, status=200
2026-04-06 21:11:08 +00:00: 2026-04-06 21:11:08,019 - __main__ - INFO - 📡 @BlastPremier: 9 tweets via GraphQL
2026-04-06 21:11:11 +00:00: 2026-04-06 21:11:11,031 - __main__ - INFO - 📡 GraphQL timeline @CounterStrike: 20 tweets, status=200
2026-04-06 21:11:11 +00:00: 2026-04-06 21:11:11,031 - __main__ - INFO - 📡 @CounterStrike: 20 tweets via GraphQL
2026-04-06 21:11:14 +00:00: 2026-04-06 21:11:14,027 - __main__ - INFO - 📡 GraphQL timeline @Slasher: 20 tweets, status=200
2026-04-06 21:11:14 +00:00: 2026-04-06 21:11:14,028 - __main__ - INFO - 📡 @Slasher: 20 tweets via GraphQL
2026-04-06 21:11:16 +00:00: 2026-04-06 21:11:16,973 - __main__ - INFO - 📡 GraphQL timeline @CS2News_EN: 20 tweets, status=200
2026-04-06 21:11:16 +00:00: 2026-04-06 21:11:16,973 - __main__ - INFO - 📡 @CS2News_EN: 20 tweets via GraphQL
2026-04-06 21:11:18 +00:00: 2026-04-06 21:11:18,975 - __main__ - INFO - 📊 VIP strategy: 35 total candidates
2026-04-06 21:11:25 +00:00: 2026-04-06 21:11:25,152 - __main__ - INFO - 🎯 Engagement target strategy: 7 candidates
2026-04-06 21:11:27 +00:00: 2026-04-06 21:11:27,214 - __main__ - INFO - 📡 GraphQL timeline @EliGE: 20 tweets, status=200
2026-04-06 21:11:27 +00:00: 2026-04-06 21:11:27,215 - __main__ - INFO - 🌐 @EliGE: 20 tweets via timeline scrape
2026-04-06 21:11:30 +00:00: 2026-04-06 21:11:30,186 - __main__ - INFO - 📡 GraphQL timeline @Twistzz: 20 tweets, status=200
2026-04-06 21:11:30 +00:00: 2026-04-06 21:11:30,187 - __main__ - INFO - 🌐 @Twistzz: 20 tweets via timeline scrape
2026-04-06 21:11:32 +00:00: 2026-04-06 21:11:32,975 - __main__ - INFO - 📡 GraphQL timeline @ESLCS: 20 tweets, status=200
2026-04-06 21:11:32 +00:00: 2026-04-06 21:11:32,975 - __main__ - INFO - 🌐 @ESLCS: 20 tweets via timeline scrape
2026-04-06 21:11:37 +00:00: 2026-04-06 21:11:37,236 - __main__ - INFO - ✅ Like cycle complete — liked 0 tweets (2/200 today)
2026-04-06 21:56:37 +00:00: 2026-04-06 21:56:37,240 - utils.db_utils - WARNING - ⚠️  DB connection stale — reconnecting…
2026-04-06 21:56:38 +00:00: 2026-04-06 21:56:38,241 - utils.db_utils - INFO - ✅ Reconnected to PostgreSQL
2026-04-06 21:56:38 +00:00: 2026-04-06 21:56:38,550 - __main__ - INFO - 💫 Like cycle starting — 2/200 today, budget: 40
2026-04-06 21:56:39 +00:00: 2026-04-06 21:56:39,474 - __main__ - INFO - 📬 Found 10 of our tweets to check for replies
2026-04-06 21:56:39 +00:00: 2026-04-06 21:56:39,698 - __main__ - INFO - 🔑 Guest token refreshed
2026-04-06 21:56:39 +00:00: 2026-04-06 21:56:39,856 - __main__ - INFO - Search unexpected status: 404
2026-04-06 21:56:40 +00:00: 2026-04-06 21:56:40,970 - __main__ - INFO - Search unexpected status: 404
2026-04-06 21:56:42 +00:00: 2026-04-06 21:56:42,082 - __main__ - INFO - Search unexpected status: 404
2026-04-06 21:56:43 +00:00: 2026-04-06 21:56:43,083 - __main__ - INFO - 📬 Reply strategy: 0 candidates
2026-04-06 21:56:44 +00:00: 2026-04-06 21:56:44,490 - __main__ - INFO - 📊 VIP DB: 5 candidates from events
2026-04-06 21:56:44 +00:00: 2026-04-06 21:56:44,491 - __main__ - INFO - 📡 VIP GraphQL fallback triggered — 5 DB candidates < 10
2026-04-06 21:56:45 +00:00: 2026-04-06 21:56:45,713 - __main__ - INFO - 📡 GraphQL timeline @RazedEsport: 20 tweets, status=200
2026-04-06 21:56:45 +00:00: 2026-04-06 21:56:45,713 - __main__ - INFO - 📡 @RazedEsport: 20 tweets via GraphQL
2026-04-06 21:56:47 +00:00: 2026-04-06 21:56:47,846 - __main__ - INFO - 📡 GraphQL timeline @ABORCS: 0 tweets, status=200
2026-04-06 21:56:50 +00:00: 2026-04-06 21:56:50,513 - __main__ - INFO - 📡 GraphQL timeline @Slasher: 20 tweets, status=200
2026-04-06 21:56:50 +00:00: 2026-04-06 21:56:50,514 - __main__ - INFO - 📡 @Slasher: 20 tweets via GraphQL
2026-04-06 21:56:53 +00:00: 2026-04-06 21:56:53,593 - __main__ - INFO - 📡 GraphQL timeline @Dust2us: 20 tweets, status=200
2026-04-06 21:56:53 +00:00: 2026-04-06 21:56:53,594 - __main__ - INFO - 📡 @Dust2us: 20 tweets via GraphQL
2026-04-06 21:56:56 +00:00: 2026-04-06 21:56:56,227 - __main__ - INFO - 📡 GraphQL timeline @EsportsInsider: 20 tweets, status=200
2026-04-06 21:56:56 +00:00: 2026-04-06 21:56:56,228 - __main__ - INFO - 📡 @EsportsInsider: 20 tweets via GraphQL
2026-04-06 21:56:58 +00:00: 2026-04-06 21:56:58,911 - __main__ - INFO - 📡 GraphQL timeline @CounterStrike: 20 tweets, status=200
2026-04-06 21:56:58 +00:00: 2026-04-06 21:56:58,912 - __main__ - INFO - 📡 @CounterStrike: 20 tweets via GraphQL
2026-04-06 21:57:00 +00:00: 2026-04-06 21:57:00,915 - __main__ - INFO - 📊 VIP strategy: 30 total candidates
2026-04-06 21:57:06 +00:00: 2026-04-06 21:57:06,487 - __main__ - INFO - 🎯 Engagement target strategy: 7 candidates
2026-04-06 21:57:08 +00:00: 2026-04-06 21:57:08,479 - __main__ - INFO - 📡 GraphQL timeline @nilocsgo: 20 tweets, status=200
2026-04-06 21:57:08 +00:00: 2026-04-06 21:57:08,479 - __main__ - INFO - 🌐 @nilocsgo: 20 tweets via timeline scrape
2026-04-06 21:57:10 +00:00: 2026-04-06 21:57:10,609 - __main__ - INFO - Could not resolve @gaborcsgo: 200
2026-04-06 21:57:13 +00:00: 2026-04-06 21:57:13,759 - __main__ - INFO - 📡 GraphQL timeline @OGesports: 20 tweets, status=200
2026-04-06 21:57:13 +00:00: 2026-04-06 21:57:13,760 - __main__ - INFO - 🌐 @OGesports: 20 tweets via timeline scrape
2026-04-06 21:57:17 +00:00: 2026-04-06 21:57:17,316 - __main__ - INFO - ✅ Like cycle complete — liked 0 tweets (2/200 today)
2026-04-06 22:42:17 +00:00: 2026-04-06 22:42:17,358 - utils.db_utils - WARNING - ⚠️  DB connection stale — reconnecting…
2026-04-06 22:42:18 +00:00: 2026-04-06 22:42:18,430 - utils.db_utils - INFO - ✅ Reconnected to PostgreSQL
2026-04-06 22:42:18 +00:00: 2026-04-06 22:42:18,761 - __main__ - INFO - 💫 Like cycle starting — 2/200 today, budget: 40
2026-04-06 22:42:19 +00:00: 2026-04-06 22:42:19,759 - __main__ - INFO - 📬 Found 10 of our tweets to check for replies
2026-04-06 22:42:19 +00:00: 2026-04-06 22:42:19,922 - __main__ - INFO - Search unexpected status: 404
2026-04-06 22:42:21 +00:00: 2026-04-06 22:42:21,051 - __main__ - INFO - Search unexpected status: 404
2026-04-06 22:42:22 +00:00: 2026-04-06 22:42:22,176 - __main__ - INFO - Search unexpected status: 404
2026-04-06 22:42:23 +00:00: 2026-04-06 22:42:23,177 - __main__ - INFO - 📬 Reply strategy: 0 candidates
2026-04-06 22:42:24 +00:00: 2026-04-06 22:42:24,670 - __main__ - INFO - 📊 VIP DB: 5 candidates from events
2026-04-06 22:42:24 +00:00: 2026-04-06 22:42:24,670 - __main__ - INFO - 📡 VIP GraphQL fallback triggered — 5 DB candidates < 10
2026-04-06 22:42:24 +00:00: 2026-04-06 22:42:24,974 - __main__ - INFO - Could not resolve @RichardLewisTV: 200
2026-04-06 22:42:27 +00:00: 2026-04-06 22:42:27,586 - __main__ - INFO - 📡 GraphQL timeline @EsportsInsider: 20 tweets, status=200
2026-04-06 22:42:27 +00:00: 2026-04-06 22:42:27,587 - __main__ - INFO - 📡 @EsportsInsider: 20 tweets via GraphQL
2026-04-06 22:42:30 +00:00: 2026-04-06 22:42:30,255 - __main__ - INFO - 📡 GraphQL timeline @BlastPremier: 9 tweets, status=200
2026-04-06 22:42:30 +00:00: 2026-04-06 22:42:30,256 - __main__ - INFO - 📡 @BlastPremier: 9 tweets via GraphQL
2026-04-06 22:42:33 +00:00: 2026-04-06 22:42:33,012 - __main__ - INFO - 📡 GraphQL timeline @CounterStrike: 20 tweets, status=200
2026-04-06 22:42:33 +00:00: 2026-04-06 22:42:33,013 - __main__ - INFO - 📡 @CounterStrike: 20 tweets via GraphQL
2026-04-06 22:42:35 +00:00: 2026-04-06 22:42:35,227 - __main__ - INFO - 📡 GraphQL timeline @hltv: 0 tweets, status=200
2026-04-06 22:42:37 +00:00: 2026-04-06 22:42:37,388 - __main__ - INFO - 📡 GraphQL timeline @Nors3: 0 tweets, status=200
2026-04-06 22:42:39 +00:00: 2026-04-06 22:42:39,391 - __main__ - INFO - 📊 VIP strategy: 20 total candidates
2026-04-06 22:42:43 +00:00: 2026-04-06 22:42:43,684 - __main__ - INFO - 🎯 Engagement target strategy: 7 candidates
2026-04-06 22:42:44 +00:00: 2026-04-06 22:42:44,985 - __main__ - INFO - 📡 GraphQL timeline @Brehze: 0 tweets, status=200
2026-04-06 22:42:47 +00:00: 2026-04-06 22:42:47,841 - __main__ - INFO - 📡 GraphQL timeline @Karrigancsgo: 20 tweets, status=200
2026-04-06 22:42:47 +00:00: 2026-04-06 22:42:47,842 - __main__ - INFO - 🌐 @Karrigancsgo: 20 tweets via timeline scrape
2026-04-06 22:42:50 +00:00: 2026-04-06 22:42:50,465 - __main__ - INFO - 📡 GraphQL timeline @ESLCS: 20 tweets, status=200
2026-04-06 22:42:50 +00:00: 2026-04-06 22:42:50,466 - __main__ - INFO - 🌐 @ESLCS: 20 tweets via timeline scrape
2026-04-06 22:42:54 +00:00: 2026-04-06 22:42:54,123 - __main__ - INFO - ✅ Like cycle complete — liked 0 tweets (2/200 today)
2026-04-06 23:27:54 +00:00: 2026-04-06 23:27:54,131 - utils.db_utils - WARNING - ⚠️  DB connection stale — reconnecting…
2026-04-06 23:27:55 +00:00: 2026-04-06 23:27:55,154 - utils.db_utils - INFO - ✅ Reconnected to PostgreSQL
2026-04-06 23:27:55 +00:00: 2026-04-06 23:27:55,493 - __main__ - INFO - 💫 Like cycle starting — 2/200 today, budget: 40
2026-04-06 23:27:56 +00:00: 2026-04-06 23:27:56,508 - __main__ - INFO - 📬 Found 10 of our tweets to check for replies
2026-04-06 23:27:56 +00:00: 2026-04-06 23:27:56,659 - __main__ - INFO - Search unexpected status: 404
2026-04-06 23:27:57 +00:00: 2026-04-06 23:27:57,780 - __main__ - INFO - Search unexpected status: 404
2026-04-06 23:27:58 +00:00: 2026-04-06 23:27:58,902 - __main__ - INFO - Search unexpected status: 404
2026-04-06 23:27:59 +00:00: 2026-04-06 23:27:59,903 - __main__ - INFO - 📬 Reply strategy: 0 candidates
2026-04-06 23:28:01 +00:00: 2026-04-06 23:28:01,421 - __main__ - INFO - 📊 VIP DB: 5 candidates from events
2026-04-06 23:28:01 +00:00: 2026-04-06 23:28:01,421 - __main__ - INFO - 📡 VIP GraphQL fallback triggered — 5 DB candidates < 10
2026-04-06 23:28:02 +00:00: 2026-04-06 23:28:02,656 - __main__ - INFO - 📡 GraphQL timeline @Slasher: 20 tweets, status=200
2026-04-06 23:28:02 +00:00: 2026-04-06 23:28:02,657 - __main__ - INFO - 📡 @Slasher: 20 tweets via GraphQL
2026-04-06 23:28:05 +00:00: 2026-04-06 23:28:05,554 - __main__ - INFO - 📡 GraphQL timeline @Dust2us: 20 tweets, status=200
2026-04-06 23:28:05 +00:00: 2026-04-06 23:28:05,554 - __main__ - INFO - 📡 @Dust2us: 20 tweets via GraphQL
2026-04-06 23:28:07 +00:00: 2026-04-06 23:28:07,695 - __main__ - INFO - 📡 GraphQL timeline @ABORCS: 0 tweets, status=200
2026-04-06 23:28:10 +00:00: 2026-04-06 23:28:10,647 - __main__ - INFO - 📡 GraphQL timeline @EsportsInsider: 20 tweets, status=200
2026-04-06 23:28:10 +00:00: 2026-04-06 23:28:10,648 - __main__ - INFO - 📡 @EsportsInsider: 20 tweets via GraphQL
2026-04-06 23:28:12 +00:00: 2026-04-06 23:28:12,787 - __main__ - INFO - Could not resolve @RichardLewisTV: 200
2026-04-06 23:28:14 +00:00: 2026-04-06 23:28:14,954 - __main__ - INFO - 📡 GraphQL timeline @hltv: 0 tweets, status=200
2026-04-06 23:28:16 +00:00: 2026-04-06 23:28:16,957 - __main__ - INFO - 📊 VIP strategy: 20 total candidates
2026-04-06 23:28:21 +00:00: 2026-04-06 23:28:21,343 - __main__ - INFO - 🎯 Engagement target strategy: 7 candidates
2026-04-06 23:28:23 +00:00: 2026-04-06 23:28:23,295 - __main__ - INFO - 📡 GraphQL timeline @Cloud9: 9 tweets, status=200
2026-04-06 23:28:23 +00:00: 2026-04-06 23:28:23,296 - __main__ - INFO - 🌐 @Cloud9: 9 tweets via timeline scrape
2026-04-06 23:28:26 +00:00: 2026-04-06 23:28:26,188 - __main__ - INFO - 📡 GraphQL timeline @EliGE: 20 tweets, status=200
2026-04-06 23:28:26 +00:00: 2026-04-06 23:28:26,188 - __main__ - INFO - 🌐 @EliGE: 20 tweets via timeline scrape
2026-04-06 23:28:29 +00:00: 2026-04-06 23:28:29,134 - __main__ - INFO - 📡 GraphQL timeline @FACEIT: 0 tweets, status=200
2026-04-06 23:28:32 +00:00: 2026-04-06 23:28:32,828 - __main__ - INFO - ✅ Like cycle complete — liked 0 tweets (2/200 today)
2026-04-07 00:13:32 +00:00: 2026-04-07 00:13:32,925 - utils.db_utils - WARNING - ⚠️  DB connection stale — reconnecting…
2026-04-07 00:13:33 +00:00: 2026-04-07 00:13:33,881 - utils.db_utils - INFO - ✅ Reconnected to PostgreSQL
2026-04-07 00:13:34 +00:00: 2026-04-07 00:13:34,179 - __main__ - INFO - 💫 Like cycle starting — 0/200 today, budget: 40
2026-04-07 00:13:35 +00:00: 2026-04-07 00:13:35,073 - __main__ - INFO - 📬 Found 10 of our tweets to check for replies
2026-04-07 00:13:35 +00:00: 2026-04-07 00:13:35,273 - __main__ - INFO - 🔑 Guest token refreshed
2026-04-07 00:13:35 +00:00: 2026-04-07 00:13:35,427 - __main__ - INFO - Search unexpected status: 404
2026-04-07 00:13:36 +00:00: 2026-04-07 00:13:36,554 - __main__ - INFO - Search unexpected status: 404
2026-04-07 00:13:37 +00:00: 2026-04-07 00:13:37,676 - __main__ - INFO - Search unexpected status: 404
2026-04-07 00:13:38 +00:00: 2026-04-07 00:13:38,678 - __main__ - INFO - 📬 Reply strategy: 0 candidates
2026-04-07 00:13:40 +00:00: 2026-04-07 00:13:40,014 - __main__ - INFO - 📊 VIP DB: 1 candidates from events
2026-04-07 00:13:40 +00:00: 2026-04-07 00:13:40,015 - __main__ - INFO - 📡 VIP GraphQL fallback triggered — 1 DB candidates < 10
2026-04-07 00:13:40 +00:00: 2026-04-07 00:13:40,315 - __main__ - INFO - 📡 GraphQL timeline @Nors3: 0 tweets, status=200
2026-04-07 00:13:42 +00:00: 2026-04-07 00:13:42,565 - __main__ - INFO - 📡 GraphQL timeline @hltv: 0 tweets, status=200
2026-04-07 00:13:45 +00:00: 2026-04-07 00:13:45,165 - __main__ - INFO - 📡 GraphQL timeline @Slasher: 20 tweets, status=200
2026-04-07 00:13:45 +00:00: 2026-04-07 00:13:45,166 - __main__ - INFO - 📡 @Slasher: 20 tweets via GraphQL
2026-04-07 00:13:47 +00:00: 2026-04-07 00:13:47,835 - __main__ - INFO - 📡 GraphQL timeline @Dust2us: 20 tweets, status=200
2026-04-07 00:13:47 +00:00: 2026-04-07 00:13:47,836 - __main__ - INFO - 📡 @Dust2us: 20 tweets via GraphQL
2026-04-07 00:13:50 +00:00: 2026-04-07 00:13:50,513 - __main__ - INFO - 📡 GraphQL timeline @LiquipediaCS: 20 tweets, status=200
2026-04-07 00:13:50 +00:00: 2026-04-07 00:13:50,514 - __main__ - INFO - 📡 @LiquipediaCS: 20 tweets via GraphQL
2026-04-07 00:13:53 +00:00: 2026-04-07 00:13:53,043 - __main__ - INFO - 📡 GraphQL timeline @EsportsInsider: 20 tweets, status=200
2026-04-07 00:13:53 +00:00: 2026-04-07 00:13:53,043 - __main__ - INFO - 📡 @EsportsInsider: 20 tweets via GraphQL
2026-04-07 00:13:55 +00:00: 2026-04-07 00:13:55,046 - __main__ - INFO - 📊 VIP strategy: 21 total candidates
2026-04-07 00:13:59 +00:00: 2026-04-07 00:13:59,065 - __main__ - INFO - 🎯 Engagement target strategy: 7 candidates
2026-04-07 00:14:00 +00:00: 2026-04-07 00:14:00,242 - __main__ - INFO - Could not resolve @LOABORVRE_CS2: 200
2026-04-07 00:14:02 +00:00: 2026-04-07 00:14:02,607 - __main__ - INFO - 📡 GraphQL timeline @PGL_Esports: 0 tweets, status=200
2026-04-07 00:14:05 +00:00: 2026-04-07 00:14:05,247 - __main__ - INFO - 📡 GraphQL timeline @Complexity: 11 tweets, status=200
2026-04-07 00:14:05 +00:00: 2026-04-07 00:14:05,248 - __main__ - INFO - 🌐 @Complexity: 11 tweets via timeline scrape
2026-04-07 00:14:07 +00:00: 2026-04-07 00:14:07,994 - __main__ - INFO - ✅ Like cycle complete — liked 0 tweets (0/200 today)
2026-04-07 01:44:08 +00:00: 2026-04-07 01:44:08,070 - utils.db_utils - WARNING - ⚠️  DB connection stale — reconnecting…
2026-04-07 01:44:09 +00:00: 2026-04-07 01:44:09,073 - utils.db_utils - INFO - ✅ Reconnected to PostgreSQL
2026-04-07 01:44:09 +00:00: 2026-04-07 01:44:09,403 - __main__ - INFO - 💫 Like cycle starting — 0/200 today, budget: 40
2026-04-07 01:44:10 +00:00: 2026-04-07 01:44:10,401 - __main__ - INFO - 📬 Found 10 of our tweets to check for replies
2026-04-07 01:44:10 +00:00: 2026-04-07 01:44:10,576 - __main__ - INFO - Search 403 — resetting guest token
2026-04-07 01:44:11 +00:00: 2026-04-07 01:44:11,769 - __main__ - INFO - 🔑 Guest token refreshed
2026-04-07 01:44:11 +00:00: 2026-04-07 01:44:11,895 - __main__ - INFO - Search unexpected status: 404
2026-04-07 01:44:13 +00:00: 2026-04-07 01:44:13,031 - __main__ - INFO - Search unexpected status: 404
2026-04-07 01:44:14 +00:00: 2026-04-07 01:44:14,032 - __main__ - INFO - 📬 Reply strategy: 0 candidates
2026-04-07 01:44:15 +00:00: 2026-04-07 01:44:15,515 - __main__ - INFO - 📊 VIP DB: 1 candidates from events
2026-04-07 01:44:15 +00:00: 2026-04-07 01:44:15,515 - __main__ - INFO - 📡 VIP GraphQL fallback triggered — 1 DB candidates < 10
2026-04-07 01:44:15 +00:00: 2026-04-07 01:44:15,902 - __main__ - INFO - 📡 GraphQL timeline @Nors3: 0 tweets, status=200
2026-04-07 01:44:19 +00:00: 2026-04-07 01:44:19,132 - __main__ - INFO - 📡 GraphQL timeline @Slasher: 20 tweets, status=200
2026-04-07 01:44:19 +00:00: 2026-04-07 01:44:19,132 - __main__ - INFO - 📡 @Slasher: 20 tweets via GraphQL
2026-04-07 01:44:21 +00:00: 2026-04-07 01:44:21,303 - __main__ - INFO - 📡 GraphQL timeline @hltv: 0 tweets, status=200
2026-04-07 01:44:24 +00:00: 2026-04-07 01:44:24,043 - __main__ - INFO - 📡 GraphQL timeline @BlastPremier: 9 tweets, status=200
2026-04-07 01:44:24 +00:00: 2026-04-07 01:44:24,044 - __main__ - INFO - 📡 @BlastPremier: 9 tweets via GraphQL
2026-04-07 01:44:26 +00:00: 2026-04-07 01:44:26,770 - __main__ - INFO - 📡 GraphQL timeline @EsportsInsider: 20 tweets, status=200
2026-04-07 01:44:26 +00:00: 2026-04-07 01:44:26,771 - __main__ - INFO - 📡 @EsportsInsider: 20 tweets via GraphQL
2026-04-07 01:44:29 +00:00: 2026-04-07 01:44:29,702 - __main__ - INFO - 📡 GraphQL timeline @LiquipediaCS: 20 tweets, status=200
2026-04-07 01:44:29 +00:00: 2026-04-07 01:44:29,703 - __main__ - INFO - 📡 @LiquipediaCS: 20 tweets via GraphQL
2026-04-07 01:44:31 +00:00: 2026-04-07 01:44:31,705 - __main__ - INFO - 📊 VIP strategy: 21 total candidates
2026-04-07 01:44:36 +00:00: 2026-04-07 01:44:36,153 - __main__ - INFO - 🎯 Engagement target strategy: 7 candidates
2026-04-07 01:44:38 +00:00: 2026-04-07 01:44:38,182 - __main__ - INFO - 📡 GraphQL timeline @FACEIT: 0 tweets, status=200
2026-04-07 01:44:41 +00:00: 2026-04-07 01:44:41,046 - __main__ - INFO - 📡 GraphQL timeline @OGesports: 20 tweets, status=200
2026-04-07 01:44:41 +00:00: 2026-04-07 01:44:41,046 - __main__ - INFO - 🌐 @OGesports: 20 tweets via timeline scrape
2026-04-07 01:44:43 +00:00: 2026-04-07 01:44:43,928 - __main__ - INFO - 📡 GraphQL timeline @ESLCS: 20 tweets, status=200
2026-04-07 01:44:43 +00:00: 2026-04-07 01:44:43,929 - __main__ - INFO - 🌐 @ESLCS: 20 tweets via timeline scrape
2026-04-07 01:44:47 +00:00: 2026-04-07 01:44:47,577 - __main__ - INFO - ✅ Like cycle complete — liked 0 tweets (0/200 today)
2026-04-07 03:14:47 +00:00: 2026-04-07 03:14:47,644 - utils.db_utils - WARNING - ⚠️  DB connection stale — reconnecting…
2026-04-07 03:14:48 +00:00: 2026-04-07 03:14:48,673 - utils.db_utils - INFO - ✅ Reconnected to PostgreSQL
2026-04-07 03:14:48 +00:00: 2026-04-07 03:14:48,982 - __main__ - INFO - 💫 Like cycle starting — 0/200 today, budget: 40
2026-04-07 03:14:49 +00:00: 2026-04-07 03:14:49,908 - __main__ - INFO - 📬 Found 10 of our tweets to check for replies
2026-04-07 03:14:50 +00:00: 2026-04-07 03:14:50,041 - __main__ - INFO - Search 403 — resetting guest token
2026-04-07 03:14:51 +00:00: 2026-04-07 03:14:51,190 - __main__ - INFO - 🔑 Guest token refreshed
2026-04-07 03:14:51 +00:00: 2026-04-07 03:14:51,303 - __main__ - INFO - Search unexpected status: 404
2026-04-07 03:14:52 +00:00: 2026-04-07 03:14:52,419 - __main__ - INFO - Search unexpected status: 404
2026-04-07 03:14:53 +00:00: 2026-04-07 03:14:53,420 - __main__ - INFO - 📬 Reply strategy: 0 candidates
2026-04-07 03:14:54 +00:00: 2026-04-07 03:14:54,807 - __main__ - INFO - 📊 VIP DB: 1 candidates from events
2026-04-07 03:14:54 +00:00: 2026-04-07 03:14:54,808 - __main__ - INFO - 📡 VIP GraphQL fallback triggered — 1 DB candidates < 10
2026-04-07 03:14:55 +00:00: 2026-04-07 03:14:55,620 - __main__ - INFO - 📡 GraphQL timeline @BlastPremier: 9 tweets, status=200
2026-04-07 03:14:55 +00:00: 2026-04-07 03:14:55,621 - __main__ - INFO - 📡 @BlastPremier: 9 tweets via GraphQL
2026-04-07 03:14:58 +00:00: 2026-04-07 03:14:58,398 - __main__ - INFO - 📡 GraphQL timeline @EsportsInsider: 20 tweets, status=200
2026-04-07 03:14:58 +00:00: 2026-04-07 03:14:58,399 - __main__ - INFO - 📡 @EsportsInsider: 20 tweets via GraphQL
2026-04-07 03:15:00 +00:00: 2026-04-07 03:15:00,563 - __main__ - INFO - 📡 GraphQL timeline @hltv: 0 tweets, status=200
2026-04-07 03:15:03 +00:00: 2026-04-07 03:15:03,611 - __main__ - INFO - 📡 GraphQL timeline @Slasher: 20 tweets, status=200
2026-04-07 03:15:03 +00:00: 2026-04-07 03:15:03,611 - __main__ - INFO - 📡 @Slasher: 20 tweets via GraphQL
2026-04-07 03:15:05 +00:00: 2026-04-07 03:15:05,758 - __main__ - INFO - 📡 GraphQL timeline @Nors3: 0 tweets, status=200
2026-04-07 03:15:07 +00:00: 2026-04-07 03:15:07,888 - __main__ - INFO - Could not resolve @RichardLewisTV: 200
2026-04-07 03:15:09 +00:00: 2026-04-07 03:15:09,891 - __main__ - INFO - 📊 VIP strategy: 16 total candidates
2026-04-07 03:15:13 +00:00: 2026-04-07 03:15:13,284 - __main__ - INFO - 🎯 Engagement target strategy: 7 candidates
2026-04-07 03:15:15 +00:00: 2026-04-07 03:15:15,171 - __main__ - INFO - 📡 GraphQL timeline @ESLCS: 20 tweets, status=200
2026-04-07 03:15:15 +00:00: 2026-04-07 03:15:15,172 - __main__ - INFO - 🌐 @ESLCS: 20 tweets via timeline scrape
2026-04-07 03:15:17 +00:00: 2026-04-07 03:15:17,755 - __main__ - INFO - 📡 GraphQL timeline @OGesports: 20 tweets, status=200
2026-04-07 03:15:17 +00:00: 2026-04-07 03:15:17,755 - __main__ - INFO - 🌐 @OGesports: 20 tweets via timeline scrape
2026-04-07 03:15:19 +00:00: 2026-04-07 03:15:19,906 - __main__ - INFO - 📡 GraphQL timeline @PGL_Esports: 0 tweets, status=200
2026-04-07 03:15:23 +00:00: 2026-04-07 03:15:23,452 - __main__ - INFO - ✅ Like cycle complete — liked 0 tweets (0/200 today)
2026-04-07 04:45:23 +00:00: 2026-04-07 04:45:23,494 - utils.db_utils - WARNING - ⚠️  DB connection stale — reconnecting…
2026-04-07 04:45:24 +00:00: 2026-04-07 04:45:24,428 - utils.db_utils - INFO - ✅ Reconnected to PostgreSQL
2026-04-07 04:45:24 +00:00: 2026-04-07 04:45:24,735 - __main__ - INFO - 💫 Like cycle starting — 0/200 today, budget: 40
2026-04-07 04:45:25 +00:00: 2026-04-07 04:45:25,653 - __main__ - INFO - 📬 Found 10 of our tweets to check for replies
2026-04-07 04:45:25 +00:00: 2026-04-07 04:45:25,813 - __main__ - INFO - Search 403 — resetting guest token
2026-04-07 04:45:27 +00:00: 2026-04-07 04:45:27,046 - __main__ - INFO - 🔑 Guest token refreshed
2026-04-07 04:45:27 +00:00: 2026-04-07 04:45:27,185 - __main__ - INFO - Search unexpected status: 404
2026-04-07 04:45:28 +00:00: 2026-04-07 04:45:28,308 - __main__ - INFO - Search unexpected status: 404
2026-04-07 04:45:29 +00:00: 2026-04-07 04:45:29,309 - __main__ - INFO - 📬 Reply strategy: 0 candidates
2026-04-07 04:45:30 +00:00: 2026-04-07 04:45:30,690 - __main__ - INFO - 📊 VIP DB: 1 candidates from events
2026-04-07 04:45:30 +00:00: 2026-04-07 04:45:30,691 - __main__ - INFO - 📡 VIP GraphQL fallback triggered — 1 DB candidates < 10
2026-04-07 04:45:30 +00:00: 2026-04-07 04:45:30,997 - __main__ - INFO - 📡 GraphQL timeline @Nors3: 0 tweets, status=200
2026-04-07 04:45:33 +00:00: 2026-04-07 04:45:33,163 - __main__ - INFO - 📡 GraphQL timeline @hltv: 0 tweets, status=200
2026-04-07 04:45:35 +00:00: 2026-04-07 04:45:35,690 - __main__ - INFO - 📡 GraphQL timeline @BlastPremier: 9 tweets, status=200
2026-04-07 04:45:35 +00:00: 2026-04-07 04:45:35,690 - __main__ - INFO - 📡 @BlastPremier: 9 tweets via GraphQL
2026-04-07 04:45:38 +00:00: 2026-04-07 04:45:38,384 - __main__ - INFO - 📡 GraphQL timeline @Slasher: 20 tweets, status=200
2026-04-07 04:45:38 +00:00: 2026-04-07 04:45:38,385 - __main__ - INFO - 📡 @Slasher: 20 tweets via GraphQL
2026-04-07 04:45:41 +00:00: 2026-04-07 04:45:41,069 - __main__ - INFO - 📡 GraphQL timeline @EsportsInsider: 20 tweets, status=200
2026-04-07 04:45:41 +00:00: 2026-04-07 04:45:41,070 - __main__ - INFO - 📡 @EsportsInsider: 20 tweets via GraphQL
2026-04-07 04:45:43 +00:00: 2026-04-07 04:45:43,682 - __main__ - INFO - 📡 GraphQL timeline @LiquipediaCS: 20 tweets, status=200
2026-04-07 04:45:43 +00:00: 2026-04-07 04:45:43,683 - __main__ - INFO - 📡 @LiquipediaCS: 20 tweets via GraphQL
2026-04-07 04:45:45 +00:00: 2026-04-07 04:45:45,685 - __main__ - INFO - 📊 VIP strategy: 21 total candidates
2026-04-07 04:45:49 +00:00: 2026-04-07 04:45:49,817 - __main__ - INFO - 🎯 Engagement target strategy: 7 candidates
2026-04-07 04:45:51 +00:00: 2026-04-07 04:45:51,025 - __main__ - INFO - Could not resolve @gaborcsgo: 200
2026-04-07 04:45:53 +00:00: 2026-04-07 04:45:53,545 - __main__ - INFO - 📡 GraphQL timeline @ESLCS: 20 tweets, status=200
2026-04-07 04:45:53 +00:00: 2026-04-07 04:45:53,546 - __main__ - INFO - 🌐 @ESLCS: 20 tweets via timeline scrape
2026-04-07 04:45:55 +00:00: 2026-04-07 04:45:55,696 - __main__ - INFO - 📡 GraphQL timeline @Brehze: 0 tweets, status=200
2026-04-07 04:45:58 +00:00: 2026-04-07 04:45:58,464 - __main__ - INFO - ✅ Like cycle complete — liked 0 tweets (0/200 today)
2026-04-07 06:15:58 +00:00: 2026-04-07 06:15:58,555 - utils.db_utils - WARNING - ⚠️  DB connection stale — reconnecting…
2026-04-07 06:15:59 +00:00: 2026-04-07 06:15:59,488 - utils.db_utils - INFO - ✅ Reconnected to PostgreSQL
2026-04-07 06:15:59 +00:00: 2026-04-07 06:15:59,793 - __main__ - INFO - 💫 Like cycle starting — 0/200 today, budget: 40
2026-04-07 06:16:00 +00:00: 2026-04-07 06:16:00,708 - __main__ - INFO - 📬 Found 10 of our tweets to check for replies
2026-04-07 06:16:00 +00:00: 2026-04-07 06:16:00,863 - __main__ - INFO - Search 403 — resetting guest token
2026-04-07 06:16:02 +00:00: 2026-04-07 06:16:02,062 - __main__ - INFO - 🔑 Guest token refreshed
2026-04-07 06:16:02 +00:00: 2026-04-07 06:16:02,186 - __main__ - INFO - Search unexpected status: 404
2026-04-07 06:16:03 +00:00: 2026-04-07 06:16:03,313 - __main__ - INFO - Search unexpected status: 404
2026-04-07 06:16:04 +00:00: 2026-04-07 06:16:04,314 - __main__ - INFO - 📬 Reply strategy: 0 candidates
2026-04-07 06:16:05 +00:00: 2026-04-07 06:16:05,685 - __main__ - INFO - 📊 VIP DB: 1 candidates from events
2026-04-07 06:16:05 +00:00: 2026-04-07 06:16:05,686 - __main__ - INFO - 📡 VIP GraphQL fallback triggered — 1 DB candidates < 10
2026-04-07 06:16:06 +00:00: 2026-04-07 06:16:06,538 - __main__ - INFO - 📡 GraphQL timeline @CounterStrike: 20 tweets, status=200
2026-04-07 06:16:06 +00:00: 2026-04-07 06:16:06,539 - __main__ - INFO - 📡 @CounterStrike: 20 tweets via GraphQL
2026-04-07 06:16:08 +00:00: 2026-04-07 06:16:08,689 - __main__ - INFO - 📡 GraphQL timeline @Nors3: 0 tweets, status=200
2026-04-07 06:16:11 +00:00: 2026-04-07 06:16:11,530 - __main__ - INFO - 📡 GraphQL timeline @EsportsInsider: 20 tweets, status=200
2026-04-07 06:16:11 +00:00: 2026-04-07 06:16:11,530 - __main__ - INFO - 📡 @EsportsInsider: 20 tweets via GraphQL
2026-04-07 06:16:14 +00:00: 2026-04-07 06:16:14,151 - __main__ - INFO - 📡 GraphQL timeline @CS2News_EN: 20 tweets, status=200
2026-04-07 06:16:14 +00:00: 2026-04-07 06:16:14,151 - __main__ - INFO - 📡 @CS2News_EN: 20 tweets via GraphQL
2026-04-07 06:16:16 +00:00: 2026-04-07 06:16:16,859 - __main__ - INFO - 📡 GraphQL timeline @Slasher: 20 tweets, status=200
2026-04-07 06:16:16 +00:00: 2026-04-07 06:16:16,861 - __main__ - INFO - 📡 @Slasher: 20 tweets via GraphQL
2026-04-07 06:16:19 +00:00: 2026-04-07 06:16:19,029 - __main__ - INFO - 📡 GraphQL timeline @hltv: 0 tweets, status=200
2026-04-07 06:16:21 +00:00: 2026-04-07 06:16:21,031 - __main__ - INFO - 📊 VIP strategy: 21 total candidates
2026-04-07 06:16:25 +00:00: 2026-04-07 06:16:25,147 - __main__ - INFO - 🎯 Engagement target strategy: 7 candidates
2026-04-07 06:16:26 +00:00: 2026-04-07 06:16:26,921 - __main__ - INFO - 📡 GraphQL timeline @Cloud9: 9 tweets, status=200
2026-04-07 06:16:26 +00:00: 2026-04-07 06:16:26,921 - __main__ - INFO - 🌐 @Cloud9: 9 tweets via timeline scrape
2026-04-07 06:16:29 +00:00: 2026-04-07 06:16:29,578 - __main__ - INFO - 📡 GraphQL timeline @nilocsgo: 20 tweets, status=200
2026-04-07 06:16:29 +00:00: 2026-04-07 06:16:29,578 - __main__ - INFO - 🌐 @nilocsgo: 20 tweets via timeline scrape
2026-04-07 06:16:32 +00:00: 2026-04-07 06:16:32,330 - __main__ - INFO - 📡 GraphQL timeline @FACEIT: 0 tweets, status=200
2026-04-07 06:16:35 +00:00: 2026-04-07 06:16:35,856 - __main__ - INFO - ✅ Like cycle complete — liked 0 tweets (0/200 today)
2026-04-07 07:46:35 +00:00: 2026-04-07 07:46:35,897 - utils.db_utils - WARNING - ⚠️  DB connection stale — reconnecting…
2026-04-07 07:46:36 +00:00: 2026-04-07 07:46:36,828 - utils.db_utils - INFO - ✅ Reconnected to PostgreSQL
2026-04-07 07:46:37 +00:00: 2026-04-07 07:46:37,135 - __main__ - INFO - 💫 Like cycle starting — 0/200 today, budget: 40
2026-04-07 07:46:38 +00:00: 2026-04-07 07:46:38,051 - __main__ - INFO - 📬 Found 10 of our tweets to check for replies
2026-04-07 07:46:38 +00:00: 2026-04-07 07:46:38,188 - __main__ - INFO - Search 403 — resetting guest token
2026-04-07 07:46:39 +00:00: 2026-04-07 07:46:39,383 - __main__ - INFO - 🔑 Guest token refreshed
2026-04-07 07:46:39 +00:00: 2026-04-07 07:46:39,494 - __main__ - INFO - Search unexpected status: 404
2026-04-07 07:46:40 +00:00: 2026-04-07 07:46:40,609 - __main__ - INFO - Search unexpected status: 404
2026-04-07 07:46:41 +00:00: 2026-04-07 07:46:41,610 - __main__ - INFO - 📬 Reply strategy: 0 candidates
2026-04-07 07:46:42 +00:00: 2026-04-07 07:46:42,983 - __main__ - INFO - 📊 VIP DB: 1 candidates from events
2026-04-07 07:46:42 +00:00: 2026-04-07 07:46:42,983 - __main__ - INFO - 📡 VIP GraphQL fallback triggered — 1 DB candidates < 10
2026-04-07 07:46:43 +00:00: 2026-04-07 07:46:43,736 - __main__ - INFO - 📡 GraphQL timeline @LiquipediaCS: 20 tweets, status=200
2026-04-07 07:46:43 +00:00: 2026-04-07 07:46:43,737 - __main__ - INFO - 📡 @LiquipediaCS: 20 tweets via GraphQL
2026-04-07 07:46:46 +00:00: 2026-04-07 07:46:46,347 - __main__ - INFO - 📡 GraphQL timeline @CS2News_EN: 20 tweets, status=200
2026-04-07 07:46:46 +00:00: 2026-04-07 07:46:46,348 - __main__ - INFO - 📡 @CS2News_EN: 20 tweets via GraphQL
2026-04-07 07:46:48 +00:00: 2026-04-07 07:46:48,511 - __main__ - INFO - 📡 GraphQL timeline @hltv: 0 tweets, status=200
2026-04-07 07:46:51 +00:00: 2026-04-07 07:46:51,025 - __main__ - INFO - 📡 GraphQL timeline @BlastPremier: 9 tweets, status=200
2026-04-07 07:46:51 +00:00: 2026-04-07 07:46:51,026 - __main__ - INFO - 📡 @BlastPremier: 9 tweets via GraphQL
2026-04-07 07:46:53 +00:00: 2026-04-07 07:46:53,739 - __main__ - INFO - 📡 GraphQL timeline @CounterStrike: 20 tweets, status=200
2026-04-07 07:46:53 +00:00: 2026-04-07 07:46:53,739 - __main__ - INFO - 📡 @CounterStrike: 20 tweets via GraphQL
2026-04-07 07:46:56 +00:00: 2026-04-07 07:46:56,327 - __main__ - INFO - 📡 GraphQL timeline @Slasher: 20 tweets, status=200
2026-04-07 07:46:56 +00:00: 2026-04-07 07:46:56,327 - __main__ - INFO - 📡 @Slasher: 20 tweets via GraphQL
2026-04-07 07:46:58 +00:00: 2026-04-07 07:46:58,328 - __main__ - INFO - 📊 VIP strategy: 26 total candidates
2026-04-07 07:47:03 +00:00: 2026-04-07 07:47:03,226 - __main__ - INFO - 🎯 Engagement target strategy: 7 candidates
2026-04-07 07:47:04 +00:00: 2026-04-07 07:47:04,815 - __main__ - INFO - 📡 GraphQL timeline @ESLCS: 20 tweets, status=200
2026-04-07 07:47:04 +00:00: 2026-04-07 07:47:04,816 - __main__ - INFO - 🌐 @ESLCS: 20 tweets via timeline scrape
2026-04-07 07:47:06 +00:00: 2026-04-07 07:47:06,945 - __main__ - INFO - Could not resolve @gaborcsgo: 200
2026-04-07 07:47:09 +00:00: 2026-04-07 07:47:09,600 - __main__ - INFO - 📡 GraphQL timeline @nilocsgo: 20 tweets, status=200
2026-04-07 07:47:09 +00:00: 2026-04-07 07:47:09,601 - __main__ - INFO - 🌐 @nilocsgo: 20 tweets via timeline scrape
2026-04-07 07:47:13 +00:00: 2026-04-07 07:47:13,130 - __main__ - INFO - ✅ Like cycle complete — liked 0 tweets (0/200 today)
2026-04-07 09:17:13 +00:00: 2026-04-07 09:17:13,155 - utils.db_utils - WARNING - ⚠️  DB connection stale — reconnecting…
2026-04-07 09:17:14 +00:00: 2026-04-07 09:17:14,148 - utils.db_utils - INFO - ✅ Reconnected to PostgreSQL
2026-04-07 09:17:14 +00:00: 2026-04-07 09:17:14,457 - __main__ - INFO - 💫 Like cycle starting — 0/200 today, budget: 40
2026-04-07 09:17:15 +00:00: 2026-04-07 09:17:15,384 - __main__ - INFO - 📬 Found 10 of our tweets to check for replies
2026-04-07 09:17:15 +00:00: 2026-04-07 09:17:15,548 - __main__ - INFO - Search 403 — resetting guest token
2026-04-07 09:17:16 +00:00: 2026-04-07 09:17:16,711 - __main__ - INFO - 🔑 Guest token refreshed
2026-04-07 09:17:16 +00:00: 2026-04-07 09:17:16,835 - __main__ - INFO - Search unexpected status: 404
2026-04-07 09:17:17 +00:00: 2026-04-07 09:17:17,960 - __main__ - INFO - Search unexpected status: 404
2026-04-07 09:17:18 +00:00: 2026-04-07 09:17:18,961 - __main__ - INFO - 📬 Reply strategy: 0 candidates
2026-04-07 09:17:20 +00:00: 2026-04-07 09:17:20,352 - __main__ - INFO - 📊 VIP DB: 1 candidates from events
2026-04-07 09:17:20 +00:00: 2026-04-07 09:17:20,352 - __main__ - INFO - 📡 VIP GraphQL fallback triggered — 1 DB candidates < 10
2026-04-07 09:17:21 +00:00: 2026-04-07 09:17:21,276 - __main__ - INFO - 📡 GraphQL timeline @CounterStrike: 20 tweets, status=200
2026-04-07 09:17:21 +00:00: 2026-04-07 09:17:21,277 - __main__ - INFO - 📡 @CounterStrike: 20 tweets via GraphQL
2026-04-07 09:17:23 +00:00: 2026-04-07 09:17:23,420 - __main__ - INFO - 📡 GraphQL timeline @ABORCS: 0 tweets, status=200
2026-04-07 09:17:26 +00:00: 2026-04-07 09:17:26,198 - __main__ - INFO - 📡 GraphQL timeline @LiquipediaCS: 20 tweets, status=200
2026-04-07 09:17:26 +00:00: 2026-04-07 09:17:26,198 - __main__ - INFO - 📡 @LiquipediaCS: 20 tweets via GraphQL
2026-04-07 09:17:28 +00:00: 2026-04-07 09:17:28,865 - __main__ - INFO - 📡 GraphQL timeline @Slasher: 20 tweets, status=200
2026-04-07 09:17:28 +00:00: 2026-04-07 09:17:28,865 - __main__ - INFO - 📡 @Slasher: 20 tweets via GraphQL
2026-04-07 09:17:31 +00:00: 2026-04-07 09:17:31,037 - __main__ - INFO - 📡 GraphQL timeline @hltv: 0 tweets, status=200
2026-04-07 09:17:33 +00:00: 2026-04-07 09:17:33,656 - __main__ - INFO - 📡 GraphQL timeline @BlastPremier: 9 tweets, status=200
2026-04-07 09:17:33 +00:00: 2026-04-07 09:17:33,656 - __main__ - INFO - 📡 @BlastPremier: 9 tweets via GraphQL
2026-04-07 09:17:35 +00:00: 2026-04-07 09:17:35,658 - __main__ - INFO - 📊 VIP strategy: 21 total candidates
2026-04-07 09:17:39 +00:00: 2026-04-07 09:17:39,830 - __main__ - INFO - 🎯 Engagement target strategy: 7 candidates
2026-04-07 09:17:41 +00:00: 2026-04-07 09:17:41,071 - __main__ - INFO - 📡 GraphQL timeline @PGL_Esports: 0 tweets, status=200
2026-04-07 09:17:43 +00:00: 2026-04-07 09:17:43,732 - __main__ - INFO - 📡 GraphQL timeline @OGesports: 20 tweets, status=200
2026-04-07 09:17:43 +00:00: 2026-04-07 09:17:43,732 - __main__ - INFO - 🌐 @OGesports: 20 tweets via timeline scrape
2026-04-07 09:17:46 +00:00: 2026-04-07 09:17:46,369 - __main__ - INFO - 📡 GraphQL timeline @nilocsgo: 20 tweets, status=200
2026-04-07 09:17:46 +00:00: 2026-04-07 09:17:46,369 - __main__ - INFO - 🌐 @nilocsgo: 20 tweets via timeline scrape
2026-04-07 09:17:49 +00:00: 2026-04-07 09:17:49,920 - __main__ - INFO - ✅ Like cycle complete — liked 0 tweets (0/200 today)
2026-04-07 10:47:50 +00:00: 2026-04-07 10:47:50,018 - utils.db_utils - WARNING - ⚠️  DB connection stale — reconnecting…
2026-04-07 10:47:51 +00:00: 2026-04-07 10:47:51,023 - utils.db_utils - INFO - ✅ Reconnected to PostgreSQL
2026-04-07 10:47:51 +00:00: 2026-04-07 10:47:51,352 - __main__ - INFO - 💫 Like cycle starting — 0/200 today, budget: 40
2026-04-07 10:47:52 +00:00: 2026-04-07 10:47:52,339 - __main__ - INFO - 📬 Found 10 of our tweets to check for replies
2026-04-07 10:47:52 +00:00: 2026-04-07 10:47:52,499 - __main__ - INFO - Search 403 — resetting guest token
2026-04-07 10:47:53 +00:00: 2026-04-07 10:47:53,679 - __main__ - INFO - 🔑 Guest token refreshed
2026-04-07 10:47:53 +00:00: 2026-04-07 10:47:53,805 - __main__ - INFO - Search unexpected status: 404
2026-04-07 10:47:54 +00:00: 2026-04-07 10:47:54,936 - __main__ - INFO - Search unexpected status: 404
2026-04-07 10:47:55 +00:00: 2026-04-07 10:47:55,936 - __main__ - INFO - 📬 Reply strategy: 0 candidates
2026-04-07 10:47:57 +00:00: 2026-04-07 10:47:57,415 - __main__ - INFO - 📊 VIP DB: 1 candidates from events
2026-04-07 10:47:57 +00:00: 2026-04-07 10:47:57,416 - __main__ - INFO - 📡 VIP GraphQL fallback triggered — 1 DB candidates < 10
2026-04-07 10:47:57 +00:00: 2026-04-07 10:47:57,762 - __main__ - INFO - 📡 GraphQL timeline @hltv: 0 tweets, status=200
2026-04-07 10:48:00 +00:00: 2026-04-07 10:48:00,620 - __main__ - INFO - 📡 GraphQL timeline @EsportsInsider: 20 tweets, status=200
2026-04-07 10:48:00 +00:00: 2026-04-07 10:48:00,621 - __main__ - INFO - 📡 @EsportsInsider: 20 tweets via GraphQL
2026-04-07 10:48:02 +00:00: 2026-04-07 10:48:02,766 - __main__ - INFO - 📡 GraphQL timeline @ABORCS: 0 tweets, status=200
2026-04-07 10:48:05 +00:00: 2026-04-07 10:48:05,568 - __main__ - INFO - 📡 GraphQL timeline @CounterStrike: 20 tweets, status=200
2026-04-07 10:48:05 +00:00: 2026-04-07 10:48:05,569 - __main__ - INFO - 📡 @CounterStrike: 20 tweets via GraphQL
2026-04-07 10:48:08 +00:00: 2026-04-07 10:48:08,463 - __main__ - INFO - 📡 GraphQL timeline @RazedEsport: 20 tweets, status=200
2026-04-07 10:48:08 +00:00: 2026-04-07 10:48:08,463 - __main__ - INFO - 📡 @RazedEsport: 20 tweets via GraphQL
2026-04-07 10:48:11 +00:00: 2026-04-07 10:48:11,352 - __main__ - INFO - 📡 GraphQL timeline @Slasher: 20 tweets, status=200
2026-04-07 10:48:11 +00:00: 2026-04-07 10:48:11,352 - __main__ - INFO - 📡 @Slasher: 20 tweets via GraphQL
2026-04-07 10:48:13 +00:00: 2026-04-07 10:48:13,354 - __main__ - INFO - 📊 VIP strategy: 21 total candidates
2026-04-07 10:48:17 +00:00: 2026-04-07 10:48:17,796 - __main__ - INFO - 🎯 Engagement target strategy: 7 candidates
2026-04-07 10:48:19 +00:00: 2026-04-07 10:48:19,848 - __main__ - INFO - 📡 GraphQL timeline @EliGE: 20 tweets, status=200
2026-04-07 10:48:19 +00:00: 2026-04-07 10:48:19,848 - __main__ - INFO - 🌐 @EliGE: 20 tweets via timeline scrape
2026-04-07 10:48:22 +00:00: 2026-04-07 10:48:22,515 - __main__ - INFO - 📡 GraphQL timeline @Karrigancsgo: 20 tweets, status=200
2026-04-07 10:48:22 +00:00: 2026-04-07 10:48:22,515 - __main__ - INFO - 🌐 @Karrigancsgo: 20 tweets via timeline scrape
2026-04-07 10:48:25 +00:00: 2026-04-07 10:48:25,365 - __main__ - INFO - 📡 GraphQL timeline @BIGCLANgg: 8 tweets, status=200
2026-04-07 10:48:25 +00:00: 2026-04-07 10:48:25,365 - __main__ - INFO - 🌐 @BIGCLANgg: 8 tweets via timeline scrape
2026-04-07 10:48:30 +00:00: 2026-04-07 10:48:30,178 - __main__ - INFO - ❤️  Liked tweet 204144462094972... by @BIGCLANgg (cs2_community:BIGCLANgg)
2026-04-07 10:48:41 +00:00: 2026-04-07 10:48:41,844 - __main__ - INFO - ❤️  Liked tweet 204144145271505... by @BIGCLANgg (cs2_community:BIGCLANgg)
2026-04-07 10:48:53 +00:00: 2026-04-07 10:48:53,164 - __main__ - INFO - ❤️  Liked tweet 204121308386390... by @BIGCLANgg (cs2_community:BIGCLANgg)
2026-04-07 10:49:02 +00:00: 2026-04-07 10:49:02,923 - __main__ - INFO - ❤️  Liked tweet 204125717762975... by @BIGCLANgg (cs2_community:BIGCLANgg)
2026-04-07 10:49:08 +00:00: 2026-04-07 10:49:08,635 - __main__ - INFO - ✅ Like cycle complete — liked 4 tweets (4/200 today)
2026-04-07 12:19:08 +00:00: 2026-04-07 12:19:08,737 - utils.db_utils - WARNING - ⚠️  DB connection stale — reconnecting…
2026-04-07 12:19:09 +00:00: 2026-04-07 12:19:09,654 - utils.db_utils - INFO - ✅ Reconnected to PostgreSQL
2026-04-07 12:19:09 +00:00: 2026-04-07 12:19:09,958 - __main__ - INFO - 💫 Like cycle starting — 4/200 today, budget: 40
2026-04-07 12:19:10 +00:00: 2026-04-07 12:19:10,864 - __main__ - INFO - 📬 Found 10 of our tweets to check for replies
2026-04-07 12:19:11 +00:00: 2026-04-07 12:19:11,009 - __main__ - INFO - Search 403 — resetting guest token
2026-04-07 12:19:12 +00:00: 2026-04-07 12:19:12,191 - __main__ - INFO - 🔑 Guest token refreshed
2026-04-07 12:19:12 +00:00: 2026-04-07 12:19:12,310 - __main__ - INFO - Search unexpected status: 404
2026-04-07 12:19:13 +00:00: 2026-04-07 12:19:13,434 - __main__ - INFO - Search unexpected status: 404
2026-04-07 12:19:14 +00:00: 2026-04-07 12:19:14,436 - __main__ - INFO - 📬 Reply strategy: 0 candidates
2026-04-07 12:19:15 +00:00: 2026-04-07 12:19:15,796 - __main__ - INFO - 📊 VIP DB: 1 candidates from events
2026-04-07 12:19:15 +00:00: 2026-04-07 12:19:15,797 - __main__ - INFO - 📡 VIP GraphQL fallback triggered — 1 DB candidates < 10
2026-04-07 12:19:16 +00:00: 2026-04-07 12:19:16,659 - __main__ - INFO - 📡 GraphQL timeline @Slasher: 20 tweets, status=200
2026-04-07 12:19:16 +00:00: 2026-04-07 12:19:16,659 - __main__ - INFO - 📡 @Slasher: 20 tweets via GraphQL
2026-04-07 12:19:18 +00:00: 2026-04-07 12:19:18,896 - __main__ - INFO - 📡 GraphQL timeline @ABORCS: 0 tweets, status=200
2026-04-07 12:19:21 +00:00: 2026-04-07 12:19:21,494 - __main__ - INFO - 📡 GraphQL timeline @BlastPremier: 9 tweets, status=200
2026-04-07 12:19:21 +00:00: 2026-04-07 12:19:21,495 - __main__ - INFO - 📡 @BlastPremier: 9 tweets via GraphQL
2026-04-07 12:19:24 +00:00: 2026-04-07 12:19:24,426 - __main__ - INFO - 📡 GraphQL timeline @RazedEsport: 20 tweets, status=200
2026-04-07 12:19:24 +00:00: 2026-04-07 12:19:24,426 - __main__ - INFO - 📡 @RazedEsport: 20 tweets via GraphQL
2026-04-07 12:19:27 +00:00: 2026-04-07 12:19:27,406 - __main__ - INFO - 📡 GraphQL timeline @CounterStrike: 20 tweets, status=200
2026-04-07 12:19:27 +00:00: 2026-04-07 12:19:27,406 - __main__ - INFO - 📡 @CounterStrike: 20 tweets via GraphQL
2026-04-07 12:19:30 +00:00: 2026-04-07 12:19:30,176 - __main__ - INFO - 📡 GraphQL timeline @EsportsInsider: 20 tweets, status=200
2026-04-07 12:19:30 +00:00: 2026-04-07 12:19:30,177 - __main__ - INFO - 📡 @EsportsInsider: 20 tweets via GraphQL
2026-04-07 12:19:32 +00:00: 2026-04-07 12:19:32,179 - __main__ - INFO - 📊 VIP strategy: 26 total candidates
2026-04-07 12:19:37 +00:00: 2026-04-07 12:19:37,017 - __main__ - INFO - 🎯 Engagement target strategy: 7 candidates
2026-04-07 12:19:38 +00:00: 2026-04-07 12:19:38,978 - __main__ - INFO - 📡 GraphQL timeline @EliGE: 20 tweets, status=200
2026-04-07 12:19:38 +00:00: 2026-04-07 12:19:38,978 - __main__ - INFO - 🌐 @EliGE: 20 tweets via timeline scrape
2026-04-07 12:19:41 +00:00: 2026-04-07 12:19:41,152 - __main__ - INFO - 📡 GraphQL timeline @PGL_Esports: 0 tweets, status=200
2026-04-07 12:19:43 +00:00: 2026-04-07 12:19:43,947 - __main__ - INFO - 📡 GraphQL timeline @TeamLiquidCS: 20 tweets, status=200
2026-04-07 12:19:43 +00:00: 2026-04-07 12:19:43,948 - __main__ - INFO - 🌐 @TeamLiquidCS: 20 tweets via timeline scrape
2026-04-07 12:19:47 +00:00: 2026-04-07 12:19:47,462 - __main__ - INFO - ✅ Like cycle complete — liked 0 tweets (4/200 today)
2026-04-07 13:49:47 +00:00: 2026-04-07 13:49:47,479 - utils.db_utils - WARNING - ⚠️  DB connection stale — reconnecting…
2026-04-07 13:49:48 +00:00: 2026-04-07 13:49:48,541 - utils.db_utils - INFO - ✅ Reconnected to PostgreSQL
2026-04-07 13:49:48 +00:00: 2026-04-07 13:49:48,873 - __main__ - INFO - 💫 Like cycle starting — 4/200 today, budget: 40
2026-04-07 13:49:49 +00:00: 2026-04-07 13:49:49,865 - __main__ - INFO - 📬 Found 10 of our tweets to check for replies
2026-04-07 13:49:50 +00:00: 2026-04-07 13:49:49,999 - __main__ - INFO - Search 403 — resetting guest token
2026-04-07 13:49:51 +00:00: 2026-04-07 13:49:51,183 - __main__ - INFO - 🔑 Guest token refreshed
2026-04-07 13:49:51 +00:00: 2026-04-07 13:49:51,299 - __main__ - INFO - Search unexpected status: 404
2026-04-07 13:49:52 +00:00: 2026-04-07 13:49:52,417 - __main__ - INFO - Search unexpected status: 404
2026-04-07 13:49:53 +00:00: 2026-04-07 13:49:53,418 - __main__ - INFO - 📬 Reply strategy: 0 candidates
2026-04-07 13:49:54 +00:00: 2026-04-07 13:49:54,909 - __main__ - INFO - 📊 VIP DB: 2 candidates from events
2026-04-07 13:49:54 +00:00: 2026-04-07 13:49:54,909 - __main__ - INFO - 📡 VIP GraphQL fallback triggered — 2 DB candidates < 10
2026-04-07 13:49:56 +00:00: 2026-04-07 13:49:56,002 - __main__ - INFO - 📡 GraphQL timeline @CounterStrike: 20 tweets, status=200
2026-04-07 13:49:56 +00:00: 2026-04-07 13:49:56,003 - __main__ - INFO - 📡 @CounterStrike: 20 tweets via GraphQL
2026-04-07 13:49:59 +00:00: 2026-04-07 13:49:59,208 - __main__ - INFO - 📡 GraphQL timeline @RazedEsport: 20 tweets, status=200
2026-04-07 13:49:59 +00:00: 2026-04-07 13:49:59,209 - __main__ - INFO - 📡 @RazedEsport: 20 tweets via GraphQL
2026-04-07 13:50:01 +00:00: 2026-04-07 13:50:01,400 - __main__ - INFO - 📡 GraphQL timeline @hltv: 0 tweets, status=200
2026-04-07 13:50:04 +00:00: 2026-04-07 13:50:04,856 - __main__ - INFO - 📡 GraphQL timeline @Dust2us: 20 tweets, status=200
2026-04-07 13:50:04 +00:00: 2026-04-07 13:50:04,856 - __main__ - INFO - 📡 @Dust2us: 20 tweets via GraphQL
2026-04-07 13:50:07 +00:00: 2026-04-07 13:50:07,628 - __main__ - INFO - 📡 GraphQL timeline @BlastPremier: 10 tweets, status=200
2026-04-07 13:50:07 +00:00: 2026-04-07 13:50:07,629 - __main__ - INFO - 📡 @BlastPremier: 10 tweets via GraphQL
2026-04-07 13:50:10 +00:00: 2026-04-07 13:50:10,421 - __main__ - INFO - 📡 GraphQL timeline @EsportsInsider: 20 tweets, status=200
2026-04-07 13:50:10 +00:00: 2026-04-07 13:50:10,421 - __main__ - INFO - 📡 @EsportsInsider: 20 tweets via GraphQL
2026-04-07 13:50:12 +00:00: 2026-04-07 13:50:12,424 - __main__ - INFO - 📊 VIP strategy: 27 total candidates
2026-04-07 13:50:17 +00:00: 2026-04-07 13:50:17,852 - __main__ - INFO - ❤️  Liked tweet 204150644569106... by @BlastPremier (vip_from_events)
2026-04-07 13:50:26 +00:00: 2026-04-07 13:50:26,305 - __main__ - INFO - 🎯 Engagement target strategy: 8 candidates
2026-04-07 13:50:28 +00:00: 2026-04-07 13:50:28,969 - __main__ - INFO - 📡 GraphQL timeline @EliGE: 20 tweets, status=200
2026-04-07 13:50:28 +00:00: 2026-04-07 13:50:28,970 - __main__ - INFO - 🌐 @EliGE: 20 tweets via timeline scrape
2026-04-07 13:50:31 +00:00: 2026-04-07 13:50:31,110 - __main__ - INFO - 📡 GraphQL timeline @Brehze: 0 tweets, status=200
2026-04-07 13:50:33 +00:00: 2026-04-07 13:50:33,813 - __main__ - INFO - 📡 GraphQL timeline @nilocsgo: 20 tweets, status=200
2026-04-07 13:50:33 +00:00: 2026-04-07 13:50:33,813 - __main__ - INFO - 🌐 @nilocsgo: 20 tweets via timeline scrape
2026-04-07 13:50:37 +00:00: 2026-04-07 13:50:37,472 - __main__ - INFO - ✅ Like cycle complete — liked 1 tweets (5/200 today)
2026-04-07 15:20:37 +00:00: 2026-04-07 15:20:37,486 - utils.db_utils - WARNING - ⚠️  DB connection stale — reconnecting…
2026-04-07 15:20:38 +00:00: 2026-04-07 15:20:38,429 - utils.db_utils - INFO - ✅ Reconnected to PostgreSQL
2026-04-07 15:20:38 +00:00: 2026-04-07 15:20:38,733 - __main__ - INFO - 💫 Like cycle starting — 5/200 today, budget: 40
2026-04-07 15:20:39 +00:00: 2026-04-07 15:20:39,636 - __main__ - INFO - 📬 Found 10 of our tweets to check for replies
2026-04-07 15:20:39 +00:00: 2026-04-07 15:20:39,800 - __main__ - INFO - Search 403 — resetting guest token
2026-04-07 15:20:41 +00:00: 2026-04-07 15:20:41,006 - __main__ - INFO - 🔑 Guest token refreshed
2026-04-07 15:20:41 +00:00: 2026-04-07 15:20:41,132 - __main__ - INFO - Search unexpected status: 404
2026-04-07 15:20:42 +00:00: 2026-04-07 15:20:42,261 - __main__ - INFO - Search unexpected status: 404
2026-04-07 15:20:43 +00:00: 2026-04-07 15:20:43,262 - __main__ - INFO - 📬 Reply strategy: 0 candidates
2026-04-07 15:20:44 +00:00: 2026-04-07 15:20:44,618 - __main__ - INFO - 📊 VIP DB: 1 candidates from events
2026-04-07 15:20:44 +00:00: 2026-04-07 15:20:44,618 - __main__ - INFO - 📡 VIP GraphQL fallback triggered — 1 DB candidates < 10
2026-04-07 15:20:45 +00:00: 2026-04-07 15:20:45,478 - __main__ - INFO - 📡 GraphQL timeline @BlastPremier: 10 tweets, status=200
2026-04-07 15:20:45 +00:00: 2026-04-07 15:20:45,479 - __main__ - INFO - 📡 @BlastPremier: 10 tweets via GraphQL
2026-04-07 15:20:48 +00:00: 2026-04-07 15:20:48,478 - __main__ - INFO - 📡 GraphQL timeline @Dust2us: 20 tweets, status=200
2026-04-07 15:20:48 +00:00: 2026-04-07 15:20:48,478 - __main__ - INFO - 📡 @Dust2us: 20 tweets via GraphQL
2026-04-07 15:20:50 +00:00: 2026-04-07 15:20:50,708 - __main__ - INFO - 📡 GraphQL timeline @hltv: 0 tweets, status=200
2026-04-07 15:20:53 +00:00: 2026-04-07 15:20:53,611 - __main__ - INFO - 📡 GraphQL timeline @Slasher: 20 tweets, status=200
2026-04-07 15:20:53 +00:00: 2026-04-07 15:20:53,612 - __main__ - INFO - 📡 @Slasher: 20 tweets via GraphQL
2026-04-07 15:20:55 +00:00: 2026-04-07 15:20:55,754 - __main__ - INFO - Could not resolve @RichardLewisTV: 200
2026-04-07 15:20:57 +00:00: 2026-04-07 15:20:57,905 - __main__ - INFO - 📡 GraphQL timeline @ABORCS: 0 tweets, status=200
2026-04-07 15:20:59 +00:00: 2026-04-07 15:20:59,908 - __main__ - INFO - 📊 VIP strategy: 16 total candidates
2026-04-07 15:21:03 +00:00: 2026-04-07 15:21:03,076 - __main__ - INFO - 🎯 Engagement target strategy: 6 candidates
2026-04-07 15:21:04 +00:00: 2026-04-07 15:21:04,663 - __main__ - INFO - 📡 GraphQL timeline @Cloud9: 9 tweets, status=200
2026-04-07 15:21:04 +00:00: 2026-04-07 15:21:04,663 - __main__ - INFO - 🌐 @Cloud9: 9 tweets via timeline scrape
2026-04-07 15:21:06 +00:00: 2026-04-07 15:21:06,806 - __main__ - INFO - Could not resolve @LOABORVRE_CS2: 200
2026-04-07 15:21:10 +00:00: 2026-04-07 15:21:10,555 - __main__ - INFO - 📡 GraphQL timeline @FACEIT: 0 tweets, status=200
2026-04-07 15:21:13 +00:00: 2026-04-07 15:21:13,309 - __main__ - INFO - ✅ Like cycle complete — liked 0 tweets (5/200 today)
2026-04-07 16:06:13 +00:00: 2026-04-07 16:06:13,318 - utils.db_utils - WARNING - ⚠️  DB connection stale — reconnecting…
2026-04-07 16:06:14 +00:00: 2026-04-07 16:06:14,347 - utils.db_utils - INFO - ✅ Reconnected to PostgreSQL
2026-04-07 16:06:14 +00:00: 2026-04-07 16:06:14,670 - __main__ - INFO - 💫 Like cycle starting — 5/200 today, budget: 40
2026-04-07 16:06:15 +00:00: 2026-04-07 16:06:15,637 - __main__ - INFO - 📬 Found 10 of our tweets to check for replies
2026-04-07 16:06:15 +00:00: 2026-04-07 16:06:15,793 - __main__ - INFO - Search unexpected status: 404
2026-04-07 16:06:16 +00:00: 2026-04-07 16:06:16,925 - __main__ - INFO - Search unexpected status: 404
2026-04-07 16:06:18 +00:00: 2026-04-07 16:06:18,051 - __main__ - INFO - Search unexpected status: 404
2026-04-07 16:06:19 +00:00: 2026-04-07 16:06:19,052 - __main__ - INFO - 📬 Reply strategy: 0 candidates
2026-04-07 16:06:20 +00:00: 2026-04-07 16:06:20,504 - __main__ - INFO - 📊 VIP DB: 1 candidates from events
2026-04-07 16:06:20 +00:00: 2026-04-07 16:06:20,505 - __main__ - INFO - 📡 VIP GraphQL fallback triggered — 1 DB candidates < 10
2026-04-07 16:06:20 +00:00: 2026-04-07 16:06:20,808 - __main__ - INFO - Could not resolve @RichardLewisTV: 200
2026-04-07 16:06:23 +00:00: 2026-04-07 16:06:23,719 - __main__ - INFO - 📡 GraphQL timeline @LiquipediaCS: 20 tweets, status=200
2026-04-07 16:06:23 +00:00: 2026-04-07 16:06:23,719 - __main__ - INFO - 📡 @LiquipediaCS: 20 tweets via GraphQL
2026-04-07 16:06:26 +00:00: 2026-04-07 16:06:26,815 - __main__ - INFO - 📡 GraphQL timeline @CounterStrike: 20 tweets, status=200
2026-04-07 16:06:26 +00:00: 2026-04-07 16:06:26,815 - __main__ - INFO - 📡 @CounterStrike: 20 tweets via GraphQL
2026-04-07 16:06:29 +00:00: 2026-04-07 16:06:29,538 - __main__ - INFO - 📡 GraphQL timeline @EsportsInsider: 20 tweets, status=200
2026-04-07 16:06:29 +00:00: 2026-04-07 16:06:29,539 - __main__ - INFO - 📡 @EsportsInsider: 20 tweets via GraphQL
2026-04-07 16:06:32 +00:00: 2026-04-07 16:06:32,507 - __main__ - INFO - 📡 GraphQL timeline @CS2News_EN: 20 tweets, status=200
2026-04-07 16:06:32 +00:00: 2026-04-07 16:06:32,508 - __main__ - INFO - 📡 @CS2News_EN: 20 tweets via GraphQL
2026-04-07 16:06:35 +00:00: 2026-04-07 16:06:35,294 - __main__ - INFO - 📡 GraphQL timeline @BlastPremier: 10 tweets, status=200
2026-04-07 16:06:35 +00:00: 2026-04-07 16:06:35,294 - __main__ - INFO - 📡 @BlastPremier: 10 tweets via GraphQL
2026-04-07 16:06:37 +00:00: 2026-04-07 16:06:37,297 - __main__ - INFO - 📊 VIP strategy: 26 total candidates
2026-04-07 16:06:42 +00:00: 2026-04-07 16:06:42,293 - __main__ - INFO - 🎯 Engagement target strategy: 6 candidates
2026-04-07 16:06:44 +00:00: 2026-04-07 16:06:44,610 - __main__ - INFO - 📡 GraphQL timeline @BIGCLANgg: 13 tweets, status=200
2026-04-07 16:06:44 +00:00: 2026-04-07 16:06:44,611 - __main__ - INFO - 🌐 @BIGCLANgg: 13 tweets via timeline scrape
2026-04-07 16:06:47 +00:00: 2026-04-07 16:06:47,334 - __main__ - INFO - 📡 GraphQL timeline @OGesports: 20 tweets, status=200
2026-04-07 16:06:47 +00:00: 2026-04-07 16:06:47,334 - __main__ - INFO - 🌐 @OGesports: 20 tweets via timeline scrape
2026-04-07 16:06:50 +00:00: 2026-04-07 16:06:50,049 - __main__ - INFO - 📡 GraphQL timeline @TeamLiquidCS: 20 tweets, status=200
2026-04-07 16:06:50 +00:00: 2026-04-07 16:06:50,050 - __main__ - INFO - 🌐 @TeamLiquidCS: 20 tweets via timeline scrape
2026-04-07 16:06:54 +00:00: 2026-04-07 16:06:54,390 - __main__ - INFO - ❤️  Liked tweet 204153898281569... by @BIGCLANgg (cs2_community:BIGCLANgg)
2026-04-07 16:07:06 +00:00: 2026-04-07 16:07:06,246 - __main__ - INFO - ❤️  Liked tweet 204153002082537... by @BIGCLANgg (cs2_community:BIGCLANgg)
2026-04-07 16:07:14 +00:00: 2026-04-07 16:07:14,002 - __main__ - INFO - ❤️  Liked tweet 204152965669680... by @BIGCLANgg (cs2_community:BIGCLANgg)
2026-04-07 16:07:21 +00:00: 2026-04-07 16:07:21,931 - __main__ - INFO - ❤️  Liked tweet 204151730913145... by @BIGCLANgg (cs2_community:BIGCLANgg)
2026-04-07 16:07:29 +00:00: 2026-04-07 16:07:29,645 - __main__ - INFO - ❤️  Liked tweet 204153029963325... by @BIGCLANgg (cs2_community:BIGCLANgg)
2026-04-07 16:07:35 +00:00: 2026-04-07 16:07:35,991 - __main__ - INFO - ✅ Like cycle complete — liked 5 tweets (10/200 today)
2026-04-07 16:52:36 +00:00: 2026-04-07 16:52:36,090 - utils.db_utils - WARNING - ⚠️  DB connection stale — reconnecting…
2026-04-07 16:52:37 +00:00: 2026-04-07 16:52:37,019 - utils.db_utils - INFO - ✅ Reconnected to PostgreSQL
2026-04-07 16:52:37 +00:00: 2026-04-07 16:52:37,326 - __main__ - INFO - 💫 Like cycle starting — 10/200 today, budget: 40
2026-04-07 16:52:38 +00:00: 2026-04-07 16:52:38,244 - __main__ - INFO - 📬 Found 10 of our tweets to check for replies
2026-04-07 16:52:38 +00:00: 2026-04-07 16:52:38,410 - __main__ - INFO - Search unexpected status: 404
2026-04-07 16:52:39 +00:00: 2026-04-07 16:52:39,538 - __main__ - INFO - Search unexpected status: 404
2026-04-07 16:52:40 +00:00: 2026-04-07 16:52:40,671 - __main__ - INFO - Search unexpected status: 404
2026-04-07 16:52:41 +00:00: 2026-04-07 16:52:41,672 - __main__ - INFO - 📬 Reply strategy: 0 candidates
2026-04-07 16:52:43 +00:00: 2026-04-07 16:52:43,049 - __main__ - INFO - 📊 VIP DB: 1 candidates from events
2026-04-07 16:52:43 +00:00: 2026-04-07 16:52:43,049 - __main__ - INFO - 📡 VIP GraphQL fallback triggered — 1 DB candidates < 10
2026-04-07 16:52:44 +00:00: 2026-04-07 16:52:44,051 - __main__ - INFO - 📡 GraphQL timeline @CS2News_EN: 20 tweets, status=200
2026-04-07 16:52:44 +00:00: 2026-04-07 16:52:44,052 - __main__ - INFO - 📡 @CS2News_EN: 20 tweets via GraphQL
2026-04-07 16:52:46 +00:00: 2026-04-07 16:52:46,198 - __main__ - INFO - Could not resolve @RichardLewisTV: 200
2026-04-07 16:52:49 +00:00: 2026-04-07 16:52:49,409 - __main__ - INFO - 📡 GraphQL timeline @BlastPremier: 10 tweets, status=200
2026-04-07 16:52:49 +00:00: 2026-04-07 16:52:49,410 - __main__ - INFO - 📡 @BlastPremier: 10 tweets via GraphQL
2026-04-07 16:52:52 +00:00: 2026-04-07 16:52:52,398 - __main__ - INFO - 📡 GraphQL timeline @CounterStrike: 20 tweets, status=200
2026-04-07 16:52:52 +00:00: 2026-04-07 16:52:52,398 - __main__ - INFO - 📡 @CounterStrike: 20 tweets via GraphQL
2026-04-07 16:52:55 +00:00: 2026-04-07 16:52:55,258 - __main__ - INFO - 📡 GraphQL timeline @EsportsInsider: 20 tweets, status=200
2026-04-07 16:52:55 +00:00: 2026-04-07 16:52:55,258 - __main__ - INFO - 📡 @EsportsInsider: 20 tweets via GraphQL
2026-04-07 16:52:57 +00:00: 2026-04-07 16:52:57,969 - __main__ - INFO - 📡 GraphQL timeline @Dust2us: 20 tweets, status=200
2026-04-07 16:52:57 +00:00: 2026-04-07 16:52:57,970 - __main__ - INFO - 📡 @Dust2us: 20 tweets via GraphQL
2026-04-07 16:52:59 +00:00: 2026-04-07 16:52:59,972 - __main__ - INFO - 📊 VIP strategy: 26 total candidates
2026-04-07 16:53:04 +00:00: 2026-04-07 16:53:04,716 - __main__ - INFO - 🎯 Engagement target strategy: 6 candidates
2026-04-07 16:53:06 +00:00: 2026-04-07 16:53:06,665 - __main__ - INFO - 📡 GraphQL timeline @FACEIT: 0 tweets, status=200
2026-04-07 16:53:09 +00:00: 2026-04-07 16:53:09,527 - __main__ - INFO - 📡 GraphQL timeline @TeamLiquidCS: 20 tweets, status=200
2026-04-07 16:53:09 +00:00: 2026-04-07 16:53:09,527 - __main__ - INFO - 🌐 @TeamLiquidCS: 20 tweets via timeline scrape
2026-04-07 16:53:12 +00:00: 2026-04-07 16:53:12,227 - __main__ - INFO - 📡 GraphQL timeline @Complexity: 11 tweets, status=200
2026-04-07 16:53:12 +00:00: 2026-04-07 16:53:12,228 - __main__ - INFO - 🌐 @Complexity: 11 tweets via timeline scrape
2026-04-07 16:53:15 +00:00: 2026-04-07 16:53:15,763 - __main__ - INFO - ✅ Like cycle complete — liked 0 tweets (10/200 today)
2026-04-07 17:38:15 +00:00: 2026-04-07 17:38:15,865 - utils.db_utils - WARNING - ⚠️  DB connection stale — reconnecting…
2026-04-07 17:38:16 +00:00: 2026-04-07 17:38:16,811 - utils.db_utils - INFO - ✅ Reconnected to PostgreSQL
2026-04-07 17:38:17 +00:00: 2026-04-07 17:38:17,120 - __main__ - INFO - 💫 Like cycle starting — 10/200 today, budget: 40
2026-04-07 17:38:18 +00:00: 2026-04-07 17:38:18,046 - __main__ - INFO - 📬 Found 10 of our tweets to check for replies
2026-04-07 17:38:18 +00:00: 2026-04-07 17:38:18,230 - __main__ - INFO - 🔑 Guest token refreshed
2026-04-07 17:38:18 +00:00: 2026-04-07 17:38:18,359 - __main__ - INFO - Search unexpected status: 404
2026-04-07 17:38:19 +00:00: 2026-04-07 17:38:19,473 - __main__ - INFO - Search unexpected status: 404
2026-04-07 17:38:20 +00:00: 2026-04-07 17:38:20,588 - __main__ - INFO - Search unexpected status: 404
2026-04-07 17:38:21 +00:00: 2026-04-07 17:38:21,589 - __main__ - INFO - 📬 Reply strategy: 0 candidates
2026-04-07 17:38:22 +00:00: 2026-04-07 17:38:22,982 - __main__ - INFO - 📊 VIP DB: 1 candidates from events
2026-04-07 17:38:22 +00:00: 2026-04-07 17:38:22,983 - __main__ - INFO - 📡 VIP GraphQL fallback triggered — 1 DB candidates < 10
2026-04-07 17:38:23 +00:00: 2026-04-07 17:38:23,289 - __main__ - INFO - Could not resolve @DonHaci: 200
2026-04-07 17:38:26 +00:00: 2026-04-07 17:38:26,099 - __main__ - INFO - 📡 GraphQL timeline @CS2News_EN: 20 tweets, status=200
2026-04-07 17:38:26 +00:00: 2026-04-07 17:38:26,099 - __main__ - INFO - 📡 @CS2News_EN: 20 tweets via GraphQL
2026-04-07 17:38:28 +00:00: 2026-04-07 17:38:28,694 - __main__ - INFO - 📡 GraphQL timeline @EsportsInsider: 20 tweets, status=200
2026-04-07 17:38:28 +00:00: 2026-04-07 17:38:28,694 - __main__ - INFO - 📡 @EsportsInsider: 20 tweets via GraphQL
2026-04-07 17:38:31 +00:00: 2026-04-07 17:38:31,656 - __main__ - INFO - 📡 GraphQL timeline @CounterStrike: 20 tweets, status=200
2026-04-07 17:38:31 +00:00: 2026-04-07 17:38:31,656 - __main__ - INFO - 📡 @CounterStrike: 20 tweets via GraphQL
2026-04-07 17:38:33 +00:00: 2026-04-07 17:38:33,851 - __main__ - INFO - 📡 GraphQL timeline @hltv: 0 tweets, status=200
2026-04-07 17:38:36 +00:00: 2026-04-07 17:38:36,468 - __main__ - INFO - 📡 GraphQL timeline @BlastPremier: 10 tweets, status=200
2026-04-07 17:38:36 +00:00: 2026-04-07 17:38:36,469 - __main__ - INFO - 📡 @BlastPremier: 10 tweets via GraphQL
2026-04-07 17:38:38 +00:00: 2026-04-07 17:38:38,471 - __main__ - INFO - 📊 VIP strategy: 21 total candidates
2026-04-07 17:38:42 +00:00: 2026-04-07 17:38:42,483 - __main__ - INFO - 🎯 Engagement target strategy: 6 candidates
2026-04-07 17:38:43 +00:00: 2026-04-07 17:38:43,558 - __main__ - INFO - 📡 GraphQL timeline @Brehze: 0 tweets, status=200
2026-04-07 17:38:46 +00:00: 2026-04-07 17:38:46,158 - __main__ - INFO - 📡 GraphQL timeline @Twistzz: 20 tweets, status=200
2026-04-07 17:38:46 +00:00: 2026-04-07 17:38:46,158 - __main__ - INFO - 🌐 @Twistzz: 20 tweets via timeline scrape
2026-04-07 17:38:48 +00:00: 2026-04-07 17:38:48,983 - __main__ - INFO - 📡 GraphQL timeline @nilocsgo: 20 tweets, status=200
2026-04-07 17:38:48 +00:00: 2026-04-07 17:38:48,984 - __main__ - INFO - 🌐 @nilocsgo: 20 tweets via timeline scrape
2026-04-07 17:38:52 +00:00: 2026-04-07 17:38:52,531 - __main__ - INFO - ✅ Like cycle complete — liked 0 tweets (10/200 today)
2026-04-07 18:23:52 +00:00: 2026-04-07 18:23:52,630 - utils.db_utils - WARNING - ⚠️  DB connection stale — reconnecting…
2026-04-07 18:23:53 +00:00: 2026-04-07 18:23:53,573 - utils.db_utils - INFO - ✅ Reconnected to PostgreSQL
2026-04-07 18:23:53 +00:00: 2026-04-07 18:23:53,884 - __main__ - INFO - 💫 Like cycle starting — 10/200 today, budget: 40
2026-04-07 18:23:54 +00:00: 2026-04-07 18:23:54,818 - __main__ - INFO - 📬 Found 10 of our tweets to check for replies
2026-04-07 18:23:54 +00:00: 2026-04-07 18:23:54,984 - __main__ - INFO - Search unexpected status: 404
2026-04-07 18:23:56 +00:00: 2026-04-07 18:23:56,113 - __main__ - INFO - Search unexpected status: 404
2026-04-07 18:23:57 +00:00: 2026-04-07 18:23:57,234 - __main__ - INFO - Search unexpected status: 404
2026-04-07 18:23:58 +00:00: 2026-04-07 18:23:58,236 - __main__ - INFO - 📬 Reply strategy: 0 candidates
2026-04-07 18:23:59 +00:00: 2026-04-07 18:23:59,637 - __main__ - INFO - 📊 VIP DB: 1 candidates from events
2026-04-07 18:23:59 +00:00: 2026-04-07 18:23:59,637 - __main__ - INFO - 📡 VIP GraphQL fallback triggered — 1 DB candidates < 10
2026-04-07 18:24:00 +00:00: 2026-04-07 18:24:00,470 - __main__ - INFO - 📡 GraphQL timeline @CounterStrike: 20 tweets, status=200
2026-04-07 18:24:00 +00:00: 2026-04-07 18:24:00,470 - __main__ - INFO - 📡 @CounterStrike: 20 tweets via GraphQL
2026-04-07 18:24:03 +00:00: 2026-04-07 18:24:03,557 - __main__ - INFO - 📡 GraphQL timeline @EsportsInsider: 20 tweets, status=200
2026-04-07 18:24:03 +00:00: 2026-04-07 18:24:03,558 - __main__ - INFO - 📡 @EsportsInsider: 20 tweets via GraphQL
2026-04-07 18:24:05 +00:00: 2026-04-07 18:24:05,695 - __main__ - INFO - Could not resolve @RichardLewisTV: 200
2026-04-07 18:24:08 +00:00: 2026-04-07 18:24:08,324 - __main__ - INFO - 📡 GraphQL timeline @BlastPremier: 10 tweets, status=200
2026-04-07 18:24:08 +00:00: 2026-04-07 18:24:08,324 - __main__ - INFO - 📡 @BlastPremier: 10 tweets via GraphQL
2026-04-07 18:24:10 +00:00: 2026-04-07 18:24:10,470 - __main__ - INFO - 📡 GraphQL timeline @ABORCS: 0 tweets, status=200
2026-04-07 18:24:12 +00:00: 2026-04-07 18:24:12,643 - __main__ - INFO - 📡 GraphQL timeline @hltv: 0 tweets, status=200
2026-04-07 18:24:14 +00:00: 2026-04-07 18:24:14,645 - __main__ - INFO - 📊 VIP strategy: 16 total candidates
2026-04-07 18:24:17 +00:00: 2026-04-07 18:24:17,919 - __main__ - INFO - 🎯 Engagement target strategy: 6 candidates
2026-04-07 18:24:19 +00:00: 2026-04-07 18:24:19,577 - __main__ - INFO - 📡 GraphQL timeline @Complexity: 11 tweets, status=200
2026-04-07 18:24:19 +00:00: 2026-04-07 18:24:19,577 - __main__ - INFO - 🌐 @Complexity: 11 tweets via timeline scrape
2026-04-07 18:24:22 +00:00: 2026-04-07 18:24:22,438 - __main__ - INFO - 📡 GraphQL timeline @Twistzz: 20 tweets, status=200
2026-04-07 18:24:22 +00:00: 2026-04-07 18:24:22,438 - __main__ - INFO - 🌐 @Twistzz: 20 tweets via timeline scrape
2026-04-07 18:24:24 +00:00: 2026-04-07 18:24:24,577 - __main__ - INFO - Could not resolve @gaborcsgo: 200
2026-04-07 18:24:28 +00:00: 2026-04-07 18:24:28,129 - __main__ - INFO - ✅ Like cycle complete — liked 0 tweets (10/200 today)
2026-04-07 19:09:28 +00:00: 2026-04-07 19:09:28,232 - utils.db_utils - WARNING - ⚠️  DB connection stale — reconnecting…
2026-04-07 19:09:29 +00:00: 2026-04-07 19:09:29,289 - utils.db_utils - INFO - ✅ Reconnected to PostgreSQL
2026-04-07 19:09:29 +00:00: 2026-04-07 19:09:29,618 - __main__ - INFO - 💫 Like cycle starting — 10/200 today, budget: 40
2026-04-07 19:09:30 +00:00: 2026-04-07 19:09:30,604 - __main__ - INFO - 📬 Found 10 of our tweets to check for replies
2026-04-07 19:09:30 +00:00: 2026-04-07 19:09:30,761 - __main__ - INFO - Search unexpected status: 404
2026-04-07 19:09:31 +00:00: 2026-04-07 19:09:31,888 - __main__ - INFO - Search unexpected status: 404
2026-04-07 19:09:33 +00:00: 2026-04-07 19:09:33,016 - __main__ - INFO - Search unexpected status: 404
2026-04-07 19:09:34 +00:00: 2026-04-07 19:09:34,018 - __main__ - INFO - 📬 Reply strategy: 0 candidates
2026-04-07 19:09:35 +00:00: 2026-04-07 19:09:35,495 - __main__ - INFO - 📊 VIP DB: 1 candidates from events
2026-04-07 19:09:35 +00:00: 2026-04-07 19:09:35,496 - __main__ - INFO - 📡 VIP GraphQL fallback triggered — 1 DB candidates < 10
2026-04-07 19:09:36 +00:00: 2026-04-07 19:09:36,782 - __main__ - INFO - 📡 GraphQL timeline @Slasher: 20 tweets, status=200
2026-04-07 19:09:36 +00:00: 2026-04-07 19:09:36,782 - __main__ - INFO - 📡 @Slasher: 20 tweets via GraphQL
2026-04-07 19:09:38 +00:00: 2026-04-07 19:09:38,964 - __main__ - INFO - 📡 GraphQL timeline @hltv: 0 tweets, status=200
2026-04-07 19:09:42 +00:00: 2026-04-07 19:09:42,261 - __main__ - INFO - 📡 GraphQL timeline @CounterStrike: 20 tweets, status=200
2026-04-07 19:09:42 +00:00: 2026-04-07 19:09:42,262 - __main__ - INFO - 📡 @CounterStrike: 20 tweets via GraphQL
2026-04-07 19:09:44 +00:00: 2026-04-07 19:09:44,961 - __main__ - INFO - 📡 GraphQL timeline @BlastPremier: 10 tweets, status=200
2026-04-07 19:09:44 +00:00: 2026-04-07 19:09:44,961 - __main__ - INFO - 📡 @BlastPremier: 10 tweets via GraphQL
2026-04-07 19:09:47 +00:00: 2026-04-07 19:09:47,137 - __main__ - INFO - 📡 GraphQL timeline @Nors3: 0 tweets, status=200
2026-04-07 19:09:50 +00:00: 2026-04-07 19:09:50,475 - __main__ - INFO - 📡 GraphQL timeline @RazedEsport: 20 tweets, status=200
2026-04-07 19:09:50 +00:00: 2026-04-07 19:09:50,476 - __main__ - INFO - 📡 @RazedEsport: 20 tweets via GraphQL
2026-04-07 19:09:52 +00:00: 2026-04-07 19:09:52,478 - __main__ - INFO - 📊 VIP strategy: 21 total candidates
2026-04-07 19:09:56 +00:00: 2026-04-07 19:09:56,755 - __main__ - INFO - 🎯 Engagement target strategy: 6 candidates
2026-04-07 19:09:59 +00:00: 2026-04-07 19:09:59,044 - __main__ - INFO - 📡 GraphQL timeline @EliGE: 20 tweets, status=200
2026-04-07 19:09:59 +00:00: 2026-04-07 19:09:59,045 - __main__ - INFO - 🌐 @EliGE: 20 tweets via timeline scrape
2026-04-07 19:10:01 +00:00: 2026-04-07 19:10:01,919 - __main__ - INFO - 📡 GraphQL timeline @OGesports: 20 tweets, status=200
2026-04-07 19:10:01 +00:00: 2026-04-07 19:10:01,919 - __main__ - INFO - 🌐 @OGesports: 20 tweets via timeline scrape
2026-04-07 19:10:04 +00:00: 2026-04-07 19:10:04,801 - __main__ - INFO - 📡 GraphQL timeline @ESLCS: 20 tweets, status=200
2026-04-07 19:10:04 +00:00: 2026-04-07 19:10:04,802 - __main__ - INFO - 🌐 @ESLCS: 20 tweets via timeline scrape
2026-04-07 19:10:09 +00:00: 2026-04-07 19:10:09,273 - __main__ - INFO - ✅ Like cycle complete — liked 0 tweets (10/200 today)
2026-04-07 19:55:09 +00:00: 2026-04-07 19:55:09,376 - utils.db_utils - WARNING - ⚠️  DB connection stale — reconnecting…
2026-04-07 19:55:10 +00:00: 2026-04-07 19:55:10,323 - utils.db_utils - INFO - ✅ Reconnected to PostgreSQL
2026-04-07 19:55:10 +00:00: 2026-04-07 19:55:10,636 - __main__ - INFO - 💫 Like cycle starting — 10/200 today, budget: 40
2026-04-07 19:55:11 +00:00: 2026-04-07 19:55:11,571 - __main__ - INFO - 📬 Found 10 of our tweets to check for replies
2026-04-07 19:55:11 +00:00: 2026-04-07 19:55:11,769 - __main__ - INFO - 🔑 Guest token refreshed
2026-04-07 19:55:11 +00:00: 2026-04-07 19:55:11,959 - __main__ - INFO - Search unexpected status: 404
2026-04-07 19:55:13 +00:00: 2026-04-07 19:55:13,154 - __main__ - INFO - Search unexpected status: 404
2026-04-07 19:55:14 +00:00: 2026-04-07 19:55:14,341 - __main__ - INFO - Search unexpected status: 404
2026-04-07 19:55:15 +00:00: 2026-04-07 19:55:15,342 - __main__ - INFO - 📬 Reply strategy: 0 candidates
2026-04-07 19:55:16 +00:00: 2026-04-07 19:55:16,745 - __main__ - INFO - 📊 VIP DB: 1 candidates from events
2026-04-07 19:55:16 +00:00: 2026-04-07 19:55:16,745 - __main__ - INFO - 📡 VIP GraphQL fallback triggered — 1 DB candidates < 10
2026-04-07 19:55:17 +00:00: 2026-04-07 19:55:17,179 - __main__ - INFO - 📡 GraphQL timeline @hltv: 0 tweets, status=200
2026-04-07 19:55:19 +00:00: 2026-04-07 19:55:19,377 - __main__ - INFO - Could not resolve @RichardLewisTV: 200
2026-04-07 19:55:22 +00:00: 2026-04-07 19:55:22,418 - __main__ - INFO - 📡 GraphQL timeline @CounterStrike: 20 tweets, status=200
2026-04-07 19:55:22 +00:00: 2026-04-07 19:55:22,419 - __main__ - INFO - 📡 @CounterStrike: 20 tweets via GraphQL
2026-04-07 19:55:25 +00:00: 2026-04-07 19:55:25,404 - __main__ - INFO - 📡 GraphQL timeline @Slasher: 20 tweets, status=200
2026-04-07 19:55:25 +00:00: 2026-04-07 19:55:25,404 - __main__ - INFO - 📡 @Slasher: 20 tweets via GraphQL
2026-04-07 19:55:28 +00:00: 2026-04-07 19:55:28,685 - __main__ - INFO - 📡 GraphQL timeline @Dust2us: 20 tweets, status=200
2026-04-07 19:55:28 +00:00: 2026-04-07 19:55:28,685 - __main__ - INFO - 📡 @Dust2us: 20 tweets via GraphQL
2026-04-07 19:55:31 +00:00: 2026-04-07 19:55:31,582 - __main__ - INFO - 📡 GraphQL timeline @BlastPremier: 10 tweets, status=200
2026-04-07 19:55:31 +00:00: 2026-04-07 19:55:31,583 - __main__ - INFO - 📡 @BlastPremier: 10 tweets via GraphQL
2026-04-07 19:55:33 +00:00: 2026-04-07 19:55:33,585 - __main__ - INFO - 📊 VIP strategy: 21 total candidates
2026-04-07 19:55:37 +00:00: 2026-04-07 19:55:37,640 - __main__ - INFO - 🎯 Engagement target strategy: 6 candidates
2026-04-07 19:55:39 +00:00: 2026-04-07 19:55:39,600 - __main__ - INFO - 📡 GraphQL timeline @EliGE: 20 tweets, status=200
2026-04-07 19:55:39 +00:00: 2026-04-07 19:55:39,601 - __main__ - INFO - 🌐 @EliGE: 20 tweets via timeline scrape
2026-04-07 19:55:42 +00:00: 2026-04-07 19:55:42,558 - __main__ - INFO - 📡 GraphQL timeline @Complexity: 11 tweets, status=200
2026-04-07 19:55:42 +00:00: 2026-04-07 19:55:42,559 - __main__ - INFO - 🌐 @Complexity: 11 tweets via timeline scrape
2026-04-07 19:55:45 +00:00: 2026-04-07 19:55:45,493 - __main__ - INFO - 📡 GraphQL timeline @TeamLiquidCS: 20 tweets, status=200
2026-04-07 19:55:45 +00:00: 2026-04-07 19:55:45,494 - __main__ - INFO - 🌐 @TeamLiquidCS: 20 tweets via timeline scrape
2026-04-07 19:55:49 +00:00: 2026-04-07 19:55:49,840 - __main__ - INFO - ✅ Like cycle complete — liked 0 tweets (10/200 today)
2026-04-07 20:40:49 +00:00: 2026-04-07 20:40:49,846 - utils.db_utils - WARNING - ⚠️  DB connection stale — reconnecting…
2026-04-07 20:40:50 +00:00: 2026-04-07 20:40:50,783 - utils.db_utils - INFO - ✅ Reconnected to PostgreSQL
2026-04-07 20:40:51 +00:00: 2026-04-07 20:40:51,092 - __main__ - INFO - 💫 Like cycle starting — 10/200 today, budget: 40
2026-04-07 20:40:52 +00:00: 2026-04-07 20:40:52,021 - __main__ - INFO - 📬 Found 10 of our tweets to check for replies
2026-04-07 20:40:52 +00:00: 2026-04-07 20:40:52,162 - __main__ - INFO - Search unexpected status: 404
2026-04-07 20:40:53 +00:00: 2026-04-07 20:40:53,288 - __main__ - INFO - Search unexpected status: 404
2026-04-07 20:40:54 +00:00: 2026-04-07 20:40:54,404 - __main__ - INFO - Search unexpected status: 404
2026-04-07 20:40:55 +00:00: 2026-04-07 20:40:55,406 - __main__ - INFO - 📬 Reply strategy: 0 candidates
2026-04-07 20:40:56 +00:00: 2026-04-07 20:40:56,791 - __main__ - INFO - 📊 VIP DB: 1 candidates from events
2026-04-07 20:40:56 +00:00: 2026-04-07 20:40:56,792 - __main__ - INFO - 📡 VIP GraphQL fallback triggered — 1 DB candidates < 10
2026-04-07 20:40:57 +00:00: 2026-04-07 20:40:57,161 - __main__ - INFO - 📡 GraphQL timeline @ABORCS: 0 tweets, status=200
2026-04-07 20:40:59 +00:00: 2026-04-07 20:40:59,966 - __main__ - INFO - 📡 GraphQL timeline @BlastPremier: 10 tweets, status=200
2026-04-07 20:40:59 +00:00: 2026-04-07 20:40:59,966 - __main__ - INFO - 📡 @BlastPremier: 10 tweets via GraphQL
2026-04-07 20:41:02 +00:00: 2026-04-07 20:41:02,813 - __main__ - INFO - 📡 GraphQL timeline @LiquipediaCS: 20 tweets, status=200
2026-04-07 20:41:02 +00:00: 2026-04-07 20:41:02,814 - __main__ - INFO - 📡 @LiquipediaCS: 20 tweets via GraphQL
2026-04-07 20:41:05 +00:00: 2026-04-07 20:41:05,015 - __main__ - INFO - 📡 GraphQL timeline @hltv: 0 tweets, status=200
2026-04-07 20:41:07 +00:00: 2026-04-07 20:41:07,174 - __main__ - INFO - Could not resolve @DonHaci: 200
2026-04-07 20:41:10 +00:00: 2026-04-07 20:41:10,196 - __main__ - INFO - 📡 GraphQL timeline @CounterStrike: 20 tweets, status=200
2026-04-07 20:41:10 +00:00: 2026-04-07 20:41:10,197 - __main__ - INFO - 📡 @CounterStrike: 20 tweets via GraphQL
2026-04-07 20:41:12 +00:00: 2026-04-07 20:41:12,199 - __main__ - INFO - 📊 VIP strategy: 16 total candidates
2026-04-07 20:41:15 +00:00: 2026-04-07 20:41:15,434 - __main__ - INFO - 🎯 Engagement target strategy: 6 candidates
2026-04-07 20:41:16 +00:00: 2026-04-07 20:41:16,983 - __main__ - INFO - 📡 GraphQL timeline @Cloud9: 8 tweets, status=200
2026-04-07 20:41:16 +00:00: 2026-04-07 20:41:16,984 - __main__ - INFO - 🌐 @Cloud9: 8 tweets via timeline scrape
2026-04-07 20:41:19 +00:00: 2026-04-07 20:41:19,134 - __main__ - INFO - 📡 GraphQL timeline @PGL_Esports: 0 tweets, status=200
2026-04-07 20:41:21 +00:00: 2026-04-07 20:41:21,441 - __main__ - INFO - 📡 GraphQL timeline @rainCS: 0 tweets, status=200
2026-04-07 20:41:24 +00:00: 2026-04-07 20:41:24,212 - __main__ - INFO - ✅ Like cycle complete — liked 0 tweets (10/200 today)
2026-04-07 21:26:24 +00:00: 2026-04-07 21:26:24,316 - utils.db_utils - WARNING - ⚠️  DB connection stale — reconnecting…
2026-04-07 21:26:25 +00:00: 2026-04-07 21:26:25,322 - utils.db_utils - INFO - ✅ Reconnected to PostgreSQL
2026-04-07 21:26:25 +00:00: 2026-04-07 21:26:25,629 - __main__ - INFO - 💫 Like cycle starting — 10/200 today, budget: 40
2026-04-07 21:26:26 +00:00: 2026-04-07 21:26:26,548 - __main__ - INFO - 📬 Found 10 of our tweets to check for replies
2026-04-07 21:26:26 +00:00: 2026-04-07 21:26:26,741 - __main__ - INFO - Search unexpected status: 404
2026-04-07 21:26:27 +00:00: 2026-04-07 21:26:27,869 - __main__ - INFO - Search unexpected status: 404
2026-04-07 21:26:28 +00:00: 2026-04-07 21:26:28,985 - __main__ - INFO - Search unexpected status: 404
2026-04-07 21:26:29 +00:00: 2026-04-07 21:26:29,987 - __main__ - INFO - 📬 Reply strategy: 0 candidates
2026-04-07 21:26:31 +00:00: 2026-04-07 21:26:31,366 - __main__ - INFO - 📊 VIP DB: 1 candidates from events
2026-04-07 21:26:31 +00:00: 2026-04-07 21:26:31,366 - __main__ - INFO - 📡 VIP GraphQL fallback triggered — 1 DB candidates < 10
2026-04-07 21:26:32 +00:00: 2026-04-07 21:26:32,312 - __main__ - INFO - 📡 GraphQL timeline @EsportsInsider: 20 tweets, status=200
2026-04-07 21:26:32 +00:00: 2026-04-07 21:26:32,313 - __main__ - INFO - 📡 @EsportsInsider: 20 tweets via GraphQL
2026-04-07 21:26:35 +00:00: 2026-04-07 21:26:35,428 - __main__ - INFO - 📡 GraphQL timeline @Dust2us: 20 tweets, status=200
2026-04-07 21:26:35 +00:00: 2026-04-07 21:26:35,428 - __main__ - INFO - 📡 @Dust2us: 20 tweets via GraphQL
2026-04-07 21:26:37 +00:00: 2026-04-07 21:26:37,632 - __main__ - INFO - Could not resolve @DonHaci: 200
2026-04-07 21:26:39 +00:00: 2026-04-07 21:26:39,759 - __main__ - INFO - Could not resolve @RichardLewisTV: 200
2026-04-07 21:26:42 +00:00: 2026-04-07 21:26:42,620 - __main__ - INFO - 📡 GraphQL timeline @CounterStrike: 20 tweets, status=200
2026-04-07 21:26:42 +00:00: 2026-04-07 21:26:42,620 - __main__ - INFO - 📡 @CounterStrike: 20 tweets via GraphQL
2026-04-07 21:26:45 +00:00: 2026-04-07 21:26:45,223 - __main__ - INFO - 📡 GraphQL timeline @BlastPremier: 10 tweets, status=200
2026-04-07 21:26:45 +00:00: 2026-04-07 21:26:45,224 - __main__ - INFO - 📡 @BlastPremier: 10 tweets via GraphQL
2026-04-07 21:26:47 +00:00: 2026-04-07 21:26:47,226 - __main__ - INFO - 📊 VIP strategy: 21 total candidates
2026-04-07 21:26:51 +00:00: 2026-04-07 21:26:51,214 - __main__ - INFO - 🎯 Engagement target strategy: 6 candidates
2026-04-07 21:26:53 +00:00: 2026-04-07 21:26:53,149 - __main__ - INFO - 📡 GraphQL timeline @Karrigancsgo: 20 tweets, status=200
2026-04-07 21:26:53 +00:00: 2026-04-07 21:26:53,150 - __main__ - INFO - 🌐 @Karrigancsgo: 20 tweets via timeline scrape
2026-04-07 21:26:56 +00:00: 2026-04-07 21:26:56,281 - __main__ - INFO - 📡 GraphQL timeline @EliGE: 20 tweets, status=200
2026-04-07 21:26:56 +00:00: 2026-04-07 21:26:56,282 - __main__ - INFO - 🌐 @EliGE: 20 tweets via timeline scrape
2026-04-07 21:26:59 +00:00: 2026-04-07 21:26:59,409 - __main__ - INFO - 📡 GraphQL timeline @FACEIT: 0 tweets, status=200
2026-04-07 21:27:02 +00:00: 2026-04-07 21:27:02,941 - __main__ - INFO - ✅ Like cycle complete — liked 0 tweets (10/200 today)
2026-04-07 22:12:02 +00:00: 2026-04-07 22:12:02,950 - utils.db_utils - WARNING - ⚠️  DB connection stale — reconnecting…
2026-04-07 22:12:03 +00:00: 2026-04-07 22:12:03,867 - utils.db_utils - INFO - ✅ Reconnected to PostgreSQL
2026-04-07 22:12:04 +00:00: 2026-04-07 22:12:04,169 - __main__ - INFO - 💫 Like cycle starting — 10/200 today, budget: 40
2026-04-07 22:12:05 +00:00: 2026-04-07 22:12:05,078 - __main__ - INFO - 📬 Found 10 of our tweets to check for replies
2026-04-07 22:12:05 +00:00: 2026-04-07 22:12:05,368 - __main__ - INFO - 🔑 Guest token refreshed
2026-04-07 22:12:05 +00:00: 2026-04-07 22:12:05,525 - __main__ - INFO - Search unexpected status: 404
2026-04-07 22:12:06 +00:00: 2026-04-07 22:12:06,658 - __main__ - INFO - Search unexpected status: 404
2026-04-07 22:12:07 +00:00: 2026-04-07 22:12:07,800 - __main__ - INFO - Search unexpected status: 404
2026-04-07 22:12:08 +00:00: 2026-04-07 22:12:08,801 - __main__ - INFO - 📬 Reply strategy: 0 candidates
2026-04-07 22:12:10 +00:00: 2026-04-07 22:12:10,158 - __main__ - INFO - 📊 VIP DB: 1 candidates from events
2026-04-07 22:12:10 +00:00: 2026-04-07 22:12:10,159 - __main__ - INFO - 📡 VIP GraphQL fallback triggered — 1 DB candidates < 10
2026-04-07 22:12:10 +00:00: 2026-04-07 22:12:10,486 - __main__ - INFO - 📡 GraphQL timeline @Nors3: 0 tweets, status=200
2026-04-07 22:12:12 +00:00: 2026-04-07 22:12:12,751 - __main__ - INFO - 📡 GraphQL timeline @hltv: 0 tweets, status=200
2026-04-07 22:12:14 +00:00: 2026-04-07 22:12:14,907 - __main__ - INFO - Could not resolve @DonHaci: 200
2026-04-07 22:12:17 +00:00: 2026-04-07 22:12:17,858 - __main__ - INFO - 📡 GraphQL timeline @Slasher: 20 tweets, status=200
2026-04-07 22:12:17 +00:00: 2026-04-07 22:12:17,859 - __main__ - INFO - 📡 @Slasher: 20 tweets via GraphQL
2026-04-07 22:12:21 +00:00: 2026-04-07 22:12:21,019 - __main__ - INFO - 📡 GraphQL timeline @CounterStrike: 20 tweets, status=200
2026-04-07 22:12:21 +00:00: 2026-04-07 22:12:21,019 - __main__ - INFO - 📡 @CounterStrike: 20 tweets via GraphQL
2026-04-07 22:12:23 +00:00: 2026-04-07 22:12:23,974 - __main__ - INFO - 📡 GraphQL timeline @EsportsInsider: 20 tweets, status=200
2026-04-07 22:12:23 +00:00: 2026-04-07 22:12:23,975 - __main__ - INFO - 📡 @EsportsInsider: 20 tweets via GraphQL
2026-04-07 22:12:25 +00:00: 2026-04-07 22:12:25,977 - __main__ - INFO - 📊 VIP strategy: 16 total candidates
2026-04-07 22:12:29 +00:00: 2026-04-07 22:12:29,297 - __main__ - INFO - 🎯 Engagement target strategy: 6 candidates
2026-04-07 22:12:31 +00:00: 2026-04-07 22:12:31,297 - __main__ - INFO - 📡 GraphQL timeline @ESLCS: 20 tweets, status=200
2026-04-07 22:12:31 +00:00: 2026-04-07 22:12:31,298 - __main__ - INFO - 🌐 @ESLCS: 20 tweets via timeline scrape
2026-04-07 22:12:34 +00:00: 2026-04-07 22:12:34,100 - __main__ - INFO - 📡 GraphQL timeline @TeamLiquidCS: 20 tweets, status=200
2026-04-07 22:12:34 +00:00: 2026-04-07 22:12:34,101 - __main__ - INFO - 🌐 @TeamLiquidCS: 20 tweets via timeline scrape
2026-04-07 22:12:36 +00:00: 2026-04-07 22:12:36,255 - __main__ - INFO - Could not resolve @LOABORVRE_CS2: 200
2026-04-07 22:12:39 +00:00: 2026-04-07 22:12:39,764 - __main__ - INFO - ✅ Like cycle complete — liked 0 tweets (10/200 today)
2026-04-07 22:57:39 +00:00: 2026-04-07 22:57:39,834 - utils.db_utils - WARNING - ⚠️  DB connection stale — reconnecting…
2026-04-07 22:57:40 +00:00: 2026-04-07 22:57:40,756 - utils.db_utils - INFO - ✅ Reconnected to PostgreSQL
2026-04-07 22:57:41 +00:00: 2026-04-07 22:57:41,057 - __main__ - INFO - 💫 Like cycle starting — 10/200 today, budget: 40
2026-04-07 22:57:41 +00:00: 2026-04-07 22:57:41,960 - __main__ - INFO - 📬 Found 10 of our tweets to check for replies
2026-04-07 22:57:42 +00:00: 2026-04-07 22:57:42,111 - __main__ - INFO - Search unexpected status: 404
2026-04-07 22:57:43 +00:00: 2026-04-07 22:57:43,236 - __main__ - INFO - Search unexpected status: 404
2026-04-07 22:57:44 +00:00: 2026-04-07 22:57:44,358 - __main__ - INFO - Search unexpected status: 404
2026-04-07 22:57:45 +00:00: 2026-04-07 22:57:45,359 - __main__ - INFO - 📬 Reply strategy: 0 candidates
2026-04-07 22:57:46 +00:00: 2026-04-07 22:57:46,711 - __main__ - INFO - 📊 VIP DB: 1 candidates from events
2026-04-07 22:57:46 +00:00: 2026-04-07 22:57:46,711 - __main__ - INFO - 📡 VIP GraphQL fallback triggered — 1 DB candidates < 10
2026-04-07 22:57:47 +00:00: 2026-04-07 22:57:47,016 - __main__ - INFO - Could not resolve @DonHaci: 200
2026-04-07 22:57:50 +00:00: 2026-04-07 22:57:50,294 - __main__ - INFO - 📡 GraphQL timeline @CounterStrike: 20 tweets, status=200
2026-04-07 22:57:50 +00:00: 2026-04-07 22:57:50,295 - __main__ - INFO - 📡 @CounterStrike: 20 tweets via GraphQL
2026-04-07 22:57:52 +00:00: 2026-04-07 22:57:52,525 - __main__ - INFO - 📡 GraphQL timeline @hltv: 0 tweets, status=200
2026-04-07 22:57:55 +00:00: 2026-04-07 22:57:55,574 - __main__ - INFO - 📡 GraphQL timeline @Slasher: 20 tweets, status=200
2026-04-07 22:57:55 +00:00: 2026-04-07 22:57:55,575 - __main__ - INFO - 📡 @Slasher: 20 tweets via GraphQL
2026-04-07 22:57:58 +00:00: 2026-04-07 22:57:58,345 - __main__ - INFO - 📡 GraphQL timeline @BlastPremier: 10 tweets, status=200
2026-04-07 22:57:58 +00:00: 2026-04-07 22:57:58,346 - __main__ - INFO - 📡 @BlastPremier: 10 tweets via GraphQL
2026-04-07 22:58:01 +00:00: 2026-04-07 22:58:01,303 - __main__ - INFO - 📡 GraphQL timeline @Dust2us: 20 tweets, status=200
2026-04-07 22:58:01 +00:00: 2026-04-07 22:58:01,303 - __main__ - INFO - 📡 @Dust2us: 20 tweets via GraphQL
2026-04-07 22:58:03 +00:00: 2026-04-07 22:58:03,306 - __main__ - INFO - 📊 VIP strategy: 21 total candidates
2026-04-07 22:58:07 +00:00: 2026-04-07 22:58:07,215 - __main__ - INFO - 🎯 Engagement target strategy: 6 candidates
2026-04-07 22:58:08 +00:00: 2026-04-07 22:58:08,289 - __main__ - INFO - 📡 GraphQL timeline @PGL_Esports: 0 tweets, status=200
2026-04-07 22:58:11 +00:00: 2026-04-07 22:58:11,268 - __main__ - INFO - 📡 GraphQL timeline @OGesports: 20 tweets, status=200
2026-04-07 22:58:11 +00:00: 2026-04-07 22:58:11,268 - __main__ - INFO - 🌐 @OGesports: 20 tweets via timeline scrape
2026-04-07 22:58:14 +00:00: 2026-04-07 22:58:14,350 - __main__ - INFO - 📡 GraphQL timeline @ESLCS: 20 tweets, status=200
2026-04-07 22:58:14 +00:00: 2026-04-07 22:58:14,351 - __main__ - INFO - 🌐 @ESLCS: 20 tweets via timeline scrape
2026-04-07 22:58:17 +00:00: 2026-04-07 22:58:17,855 - __main__ - INFO - ✅ Like cycle complete — liked 0 tweets (10/200 today)
2026-04-07 23:43:17 +00:00: 2026-04-07 23:43:17,901 - utils.db_utils - WARNING - ⚠️  DB connection stale — reconnecting…
2026-04-07 23:43:18 +00:00: 2026-04-07 23:43:18,831 - utils.db_utils - INFO - ✅ Reconnected to PostgreSQL
2026-04-07 23:43:19 +00:00: 2026-04-07 23:43:19,137 - __main__ - INFO - 💫 Like cycle starting — 10/200 today, budget: 40
2026-04-07 23:43:20 +00:00: 2026-04-07 23:43:20,058 - __main__ - INFO - 📬 Found 10 of our tweets to check for replies
2026-04-07 23:43:20 +00:00: 2026-04-07 23:43:20,219 - __main__ - INFO - Search unexpected status: 404
2026-04-07 23:43:21 +00:00: 2026-04-07 23:43:21,347 - __main__ - INFO - Search unexpected status: 404
2026-04-07 23:43:22 +00:00: 2026-04-07 23:43:22,476 - __main__ - INFO - Search unexpected status: 404
2026-04-07 23:43:23 +00:00: 2026-04-07 23:43:23,478 - __main__ - INFO - 📬 Reply strategy: 0 candidates
2026-04-07 23:43:24 +00:00: 2026-04-07 23:43:24,854 - __main__ - INFO - 📊 VIP DB: 1 candidates from events
2026-04-07 23:43:24 +00:00: 2026-04-07 23:43:24,854 - __main__ - INFO - 📡 VIP GraphQL fallback triggered — 1 DB candidates < 10
2026-04-07 23:43:25 +00:00: 2026-04-07 23:43:25,244 - __main__ - INFO - 📡 GraphQL timeline @hltv: 0 tweets, status=200
2026-04-07 23:43:28 +00:00: 2026-04-07 23:43:28,551 - __main__ - INFO - 📡 GraphQL timeline @CounterStrike: 20 tweets, status=200
2026-04-07 23:43:28 +00:00: 2026-04-07 23:43:28,552 - __main__ - INFO - 📡 @CounterStrike: 20 tweets via GraphQL
2026-04-07 23:43:31 +00:00: 2026-04-07 23:43:31,593 - __main__ - INFO - 📡 GraphQL timeline @LiquipediaCS: 20 tweets, status=200
2026-04-07 23:43:31 +00:00: 2026-04-07 23:43:31,594 - __main__ - INFO - 📡 @LiquipediaCS: 20 tweets via GraphQL
2026-04-07 23:43:34 +00:00: 2026-04-07 23:43:34,534 - __main__ - INFO - 📡 GraphQL timeline @BlastPremier: 10 tweets, status=200
2026-04-07 23:43:34 +00:00: 2026-04-07 23:43:34,535 - __main__ - INFO - 📡 @BlastPremier: 10 tweets via GraphQL
2026-04-07 23:43:36 +00:00: 2026-04-07 23:43:36,731 - __main__ - INFO - Could not resolve @DonHaci: 200
2026-04-07 23:43:39 +00:00: 2026-04-07 23:43:39,641 - __main__ - INFO - 📡 GraphQL timeline @Slasher: 20 tweets, status=200
2026-04-07 23:43:39 +00:00: 2026-04-07 23:43:39,641 - __main__ - INFO - 📡 @Slasher: 20 tweets via GraphQL
2026-04-07 23:43:41 +00:00: 2026-04-07 23:43:41,644 - __main__ - INFO - 📊 VIP strategy: 21 total candidates
2026-04-07 23:43:45 +00:00: 2026-04-07 23:43:45,627 - __main__ - INFO - 🎯 Engagement target strategy: 6 candidates
2026-04-07 23:43:47 +00:00: 2026-04-07 23:43:47,112 - __main__ - INFO - 📡 GraphQL timeline @BIGCLANgg: 18 tweets, status=200
2026-04-07 23:43:47 +00:00: 2026-04-07 23:43:47,112 - __main__ - INFO - 🌐 @BIGCLANgg: 18 tweets via timeline scrape
2026-04-07 23:43:49 +00:00: 2026-04-07 23:43:49,405 - __main__ - INFO - Could not resolve @gaborcsgo: 200
2026-04-07 23:43:52 +00:00: 2026-04-07 23:43:52,221 - __main__ - INFO - 📡 GraphQL timeline @FACEIT: 0 tweets, status=200
2026-04-07 23:43:55 +00:00: 2026-04-07 23:43:55,795 - __main__ - INFO - ❤️  Liked tweet 204160032989296... by @BIGCLANgg (cs2_community:BIGCLANgg)
2026-04-07 23:44:05 +00:00: 2026-04-07 23:44:05,913 - __main__ - INFO - ❤️  Liked tweet 204160147944268... by @BIGCLANgg (cs2_community:BIGCLANgg)
2026-04-07 23:44:15 +00:00: 2026-04-07 23:44:15,847 - __main__ - INFO - ❤️  Liked tweet 204161713279907... by @BIGCLANgg (cs2_community:BIGCLANgg)
2026-04-07 23:44:25 +00:00: 2026-04-07 23:44:25,213 - __main__ - INFO - ❤️  Liked tweet 204161191047531... by @BIGCLANgg (cs2_community:BIGCLANgg)
2026-04-07 23:44:36 +00:00: 2026-04-07 23:44:36,983 - __main__ - INFO - ❤️  Liked tweet 204161471757196... by @BIGCLANgg (cs2_community:BIGCLANgg)
2026-04-07 23:44:42 +00:00: 2026-04-07 23:44:42,370 - __main__ - INFO - ✅ Like cycle complete — liked 5 tweets (15/200 today)
2026-04-08 00:29:43 +00:00: 2026-04-08 00:29:43,149 - __main__ - INFO - 💫 Like cycle starting — 0/200 today, budget: 40
2026-04-08 00:29:44 +00:00: 2026-04-08 00:29:44,068 - __main__ - INFO - 📬 Found 10 of our tweets to check for replies
2026-04-08 00:29:44 +00:00: 2026-04-08 00:29:44,305 - __main__ - INFO - 🔑 Guest token refreshed
2026-04-08 00:29:44 +00:00: 2026-04-08 00:29:44,526 - __main__ - INFO - Search unexpected status: 404
2026-04-08 00:29:45 +00:00: 2026-04-08 00:29:45,641 - __main__ - INFO - Search unexpected status: 404
2026-04-08 00:29:46 +00:00: 2026-04-08 00:29:46,761 - __main__ - INFO - Search unexpected status: 404
2026-04-08 00:29:47 +00:00: 2026-04-08 00:29:47,762 - __main__ - INFO - 📬 Reply strategy: 0 candidates
2026-04-08 00:29:49 +00:00: 2026-04-08 00:29:49,141 - __main__ - INFO - 📊 VIP DB: 1 candidates from events
2026-04-08 00:29:49 +00:00: 2026-04-08 00:29:49,141 - __main__ - INFO - 📡 VIP GraphQL fallback triggered — 1 DB candidates < 10
2026-04-08 00:29:49 +00:00: 2026-04-08 00:29:49,442 - __main__ - INFO - Could not resolve @DonHaci: 200
2026-04-08 00:29:51 +00:00: 2026-04-08 00:29:51,622 - __main__ - INFO - 📡 GraphQL timeline @hltv: 0 tweets, status=200
2026-04-08 00:29:54 +00:00: 2026-04-08 00:29:54,354 - __main__ - INFO - 📡 GraphQL timeline @Dust2us: 20 tweets, status=200
2026-04-08 00:29:54 +00:00: 2026-04-08 00:29:54,354 - __main__ - INFO - 📡 @Dust2us: 20 tweets via GraphQL
2026-04-08 00:29:56 +00:00: 2026-04-08 00:29:56,955 - __main__ - INFO - 📡 GraphQL timeline @EsportsInsider: 20 tweets, status=200
2026-04-08 00:29:56 +00:00: 2026-04-08 00:29:56,955 - __main__ - INFO - 📡 @EsportsInsider: 20 tweets via GraphQL
2026-04-08 00:29:59 +00:00: 2026-04-08 00:29:59,772 - __main__ - INFO - 📡 GraphQL timeline @Slasher: 20 tweets, status=200
2026-04-08 00:29:59 +00:00: 2026-04-08 00:29:59,772 - __main__ - INFO - 📡 @Slasher: 20 tweets via GraphQL
2026-04-08 00:30:02 +00:00: 2026-04-08 00:30:02,756 - __main__ - INFO - 📡 GraphQL timeline @CounterStrike: 20 tweets, status=200
2026-04-08 00:30:02 +00:00: 2026-04-08 00:30:02,756 - __main__ - INFO - 📡 @CounterStrike: 20 tweets via GraphQL
2026-04-08 00:30:04 +00:00: 2026-04-08 00:30:04,759 - __main__ - INFO - 📊 VIP strategy: 21 total candidates
2026-04-08 00:30:08 +00:00: 2026-04-08 00:30:08,896 - __main__ - INFO - 🎯 Engagement target strategy: 6 candidates
2026-04-08 00:30:10 +00:00: 2026-04-08 00:30:10,491 - __main__ - INFO - 📡 GraphQL timeline @Twistzz: 20 tweets, status=200
2026-04-08 00:30:10 +00:00: 2026-04-08 00:30:10,491 - __main__ - INFO - 🌐 @Twistzz: 20 tweets via timeline scrape
2026-04-08 00:30:13 +00:00: 2026-04-08 00:30:13,125 - __main__ - INFO - 📡 GraphQL timeline @BIGCLANgg: 18 tweets, status=200
2026-04-08 00:30:13 +00:00: 2026-04-08 00:30:13,126 - __main__ - INFO - 🌐 @BIGCLANgg: 18 tweets via timeline scrape
2026-04-08 00:30:16 +00:00: 2026-04-08 00:30:16,006 - __main__ - INFO - 📡 GraphQL timeline @Complexity: 11 tweets, status=200
2026-04-08 00:30:16 +00:00: 2026-04-08 00:30:16,006 - __main__ - INFO - 🌐 @Complexity: 11 tweets via timeline scrape
2026-04-08 00:30:20 +00:00: 2026-04-08 00:30:20,311 - __main__ - INFO - ✅ Like cycle complete — liked 0 tweets (0/200 today)
2026-04-08 02:00:20 +00:00: 2026-04-08 02:00:20,412 - utils.db_utils - WARNING - ⚠️  DB connection stale — reconnecting…
2026-04-08 02:00:21 +00:00: 2026-04-08 02:00:21,357 - utils.db_utils - INFO - ✅ Reconnected to PostgreSQL
2026-04-08 02:00:21 +00:00: 2026-04-08 02:00:21,665 - __main__ - INFO - 💫 Like cycle starting — 0/200 today, budget: 40
2026-04-08 02:00:22 +00:00: 2026-04-08 02:00:22,586 - __main__ - INFO - 📬 Found 10 of our tweets to check for replies
2026-04-08 02:00:22 +00:00: 2026-04-08 02:00:22,725 - __main__ - INFO - Search 403 — resetting guest token
2026-04-08 02:00:23 +00:00: 2026-04-08 02:00:23,893 - __main__ - INFO - 🔑 Guest token refreshed
2026-04-08 02:00:24 +00:00: 2026-04-08 02:00:24,011 - __main__ - INFO - Search unexpected status: 404
2026-04-08 02:00:25 +00:00: 2026-04-08 02:00:25,130 - __main__ - INFO - Search unexpected status: 404
2026-04-08 02:00:26 +00:00: 2026-04-08 02:00:26,132 - __main__ - INFO - 📬 Reply strategy: 0 candidates
2026-04-08 02:00:27 +00:00: 2026-04-08 02:00:27,515 - __main__ - INFO - 📊 VIP DB: 1 candidates from events
2026-04-08 02:00:27 +00:00: 2026-04-08 02:00:27,515 - __main__ - INFO - 📡 VIP GraphQL fallback triggered — 1 DB candidates < 10
2026-04-08 02:00:28 +00:00: 2026-04-08 02:00:28,545 - __main__ - INFO - 📡 GraphQL timeline @CounterStrike: 20 tweets, status=200
2026-04-08 02:00:28 +00:00: 2026-04-08 02:00:28,545 - __main__ - INFO - 📡 @CounterStrike: 20 tweets via GraphQL
2026-04-08 02:00:31 +00:00: 2026-04-08 02:00:31,654 - __main__ - INFO - 📡 GraphQL timeline @Dust2us: 20 tweets, status=200
2026-04-08 02:00:31 +00:00: 2026-04-08 02:00:31,655 - __main__ - INFO - 📡 @Dust2us: 20 tweets via GraphQL
2026-04-08 02:00:33 +00:00: 2026-04-08 02:00:33,784 - __main__ - INFO - Could not resolve @RichardLewisTV: 200
2026-04-08 02:00:35 +00:00: 2026-04-08 02:00:35,934 - __main__ - INFO - 📡 GraphQL timeline @Slasher: 0 tweets, status=200
2026-04-08 02:00:38 +00:00: 2026-04-08 02:00:38,580 - __main__ - INFO - 📡 GraphQL timeline @BlastPremier: 10 tweets, status=200
2026-04-08 02:00:38 +00:00: 2026-04-08 02:00:38,580 - __main__ - INFO - 📡 @BlastPremier: 10 tweets via GraphQL
2026-04-08 02:00:41 +00:00: 2026-04-08 02:00:41,262 - __main__ - INFO - 📡 GraphQL timeline @EsportsInsider: 20 tweets, status=200
2026-04-08 02:00:41 +00:00: 2026-04-08 02:00:41,263 - __main__ - INFO - 📡 @EsportsInsider: 20 tweets via GraphQL
2026-04-08 02:00:43 +00:00: 2026-04-08 02:00:43,265 - __main__ - INFO - 📊 VIP strategy: 21 total candidates
2026-04-08 02:00:47 +00:00: 2026-04-08 02:00:47,261 - __main__ - INFO - 🎯 Engagement target strategy: 6 candidates
2026-04-08 02:00:48 +00:00: 2026-04-08 02:00:48,321 - __main__ - INFO - 📡 GraphQL timeline @Brehze: 0 tweets, status=200
2026-04-08 02:00:50 +00:00: 2026-04-08 02:00:50,938 - __main__ - INFO - 📡 GraphQL timeline @ESLCS: 20 tweets, status=200
2026-04-08 02:00:50 +00:00: 2026-04-08 02:00:50,939 - __main__ - INFO - 🌐 @ESLCS: 20 tweets via timeline scrape
2026-04-08 02:00:53 +00:00: 2026-04-08 02:00:53,069 - __main__ - INFO - Could not resolve @LOABORVRE_CS2: 200
2026-04-08 02:00:55 +00:00: 2026-04-08 02:00:55,839 - __main__ - INFO - ✅ Like cycle complete — liked 0 tweets (0/200 today)
2026-04-08 03:30:55 +00:00: 2026-04-08 03:30:55,918 - utils.db_utils - WARNING - ⚠️  DB connection stale — reconnecting…
2026-04-08 03:30:56 +00:00: 2026-04-08 03:30:56,939 - utils.db_utils - INFO - ✅ Reconnected to PostgreSQL
2026-04-08 03:30:57 +00:00: 2026-04-08 03:30:57,275 - __main__ - INFO - 💫 Like cycle starting — 0/200 today, budget: 40
2026-04-08 03:30:58 +00:00: 2026-04-08 03:30:58,271 - __main__ - INFO - 📬 Found 10 of our tweets to check for replies
2026-04-08 03:30:58 +00:00: 2026-04-08 03:30:58,409 - __main__ - INFO - Search 403 — resetting guest token
2026-04-08 03:30:59 +00:00: 2026-04-08 03:30:59,595 - __main__ - INFO - 🔑 Guest token refreshed
2026-04-08 03:30:59 +00:00: 2026-04-08 03:30:59,706 - __main__ - INFO - Search unexpected status: 404
2026-04-08 03:31:00 +00:00: 2026-04-08 03:31:00,827 - __main__ - INFO - Search unexpected status: 404
2026-04-08 03:31:01 +00:00: 2026-04-08 03:31:01,828 - __main__ - INFO - 📬 Reply strategy: 0 candidates
2026-04-08 03:31:03 +00:00: 2026-04-08 03:31:03,322 - __main__ - INFO - 📊 VIP DB: 1 candidates from events
2026-04-08 03:31:03 +00:00: 2026-04-08 03:31:03,322 - __main__ - INFO - 📡 VIP GraphQL fallback triggered — 1 DB candidates < 10
2026-04-08 03:31:03 +00:00: 2026-04-08 03:31:03,650 - __main__ - INFO - 📡 GraphQL timeline @hltv: 0 tweets, status=200
2026-04-08 03:31:06 +00:00: 2026-04-08 03:31:06,497 - __main__ - INFO - 📡 GraphQL timeline @Slasher: 20 tweets, status=200
2026-04-08 03:31:06 +00:00: 2026-04-08 03:31:06,497 - __main__ - INFO - 📡 @Slasher: 20 tweets via GraphQL
2026-04-08 03:31:08 +00:00: 2026-04-08 03:31:08,644 - __main__ - INFO - Could not resolve @DonHaci: 200
2026-04-08 03:31:11 +00:00: 2026-04-08 03:31:11,534 - __main__ - INFO - 📡 GraphQL timeline @Dust2us: 20 tweets, status=200
2026-04-08 03:31:11 +00:00: 2026-04-08 03:31:11,535 - __main__ - INFO - 📡 @Dust2us: 20 tweets via GraphQL
2026-04-08 03:31:14 +00:00: 2026-04-08 03:31:14,122 - __main__ - INFO - 📡 GraphQL timeline @BlastPremier: 10 tweets, status=200
2026-04-08 03:31:14 +00:00: 2026-04-08 03:31:14,123 - __main__ - INFO - 📡 @BlastPremier: 10 tweets via GraphQL
2026-04-08 03:31:16 +00:00: 2026-04-08 03:31:16,662 - __main__ - INFO - 📡 GraphQL timeline @EsportsInsider: 20 tweets, status=200
2026-04-08 03:31:16 +00:00: 2026-04-08 03:31:16,662 - __main__ - INFO - 📡 @EsportsInsider: 20 tweets via GraphQL
2026-04-08 03:31:18 +00:00: 2026-04-08 03:31:18,665 - __main__ - INFO - 📊 VIP strategy: 21 total candidates
2026-04-08 03:31:22 +00:00: 2026-04-08 03:31:22,985 - __main__ - INFO - 🎯 Engagement target strategy: 6 candidates
2026-04-08 03:31:24 +00:00: 2026-04-08 03:31:24,667 - __main__ - INFO - 📡 GraphQL timeline @BIGCLANgg: 18 tweets, status=200
2026-04-08 03:31:24 +00:00: 2026-04-08 03:31:24,668 - __main__ - INFO - 🌐 @BIGCLANgg: 18 tweets via timeline scrape
2026-04-08 03:31:27 +00:00: 2026-04-08 03:31:27,510 - __main__ - INFO - 📡 GraphQL timeline @Cloud9: 8 tweets, status=200
2026-04-08 03:31:27 +00:00: 2026-04-08 03:31:27,510 - __main__ - INFO - 🌐 @Cloud9: 8 tweets via timeline scrape
2026-04-08 03:31:29 +00:00: 2026-04-08 03:31:29,640 - __main__ - INFO - Could not resolve @LOABORVRE_CS2: 200
2026-04-08 03:31:33 +00:00: 2026-04-08 03:31:33,306 - __main__ - INFO - ✅ Like cycle complete — liked 0 tweets (0/200 today)
2026-04-08 05:01:33 +00:00: 2026-04-08 05:01:33,342 - utils.db_utils - WARNING - ⚠️  DB connection stale — reconnecting…
2026-04-08 05:01:34 +00:00: 2026-04-08 05:01:34,264 - utils.db_utils - INFO - ✅ Reconnected to PostgreSQL
2026-04-08 05:01:34 +00:00: 2026-04-08 05:01:34,567 - __main__ - INFO - 💫 Like cycle starting — 0/200 today, budget: 40
2026-04-08 05:01:35 +00:00: 2026-04-08 05:01:35,475 - __main__ - INFO - 📬 Found 10 of our tweets to check for replies
2026-04-08 05:01:35 +00:00: 2026-04-08 05:01:35,627 - __main__ - INFO - Search 403 — resetting guest token
2026-04-08 05:01:36 +00:00: 2026-04-08 05:01:36,873 - __main__ - INFO - 🔑 Guest token refreshed
2026-04-08 05:01:37 +00:00: 2026-04-08 05:01:37,011 - __main__ - INFO - Search unexpected status: 404
2026-04-08 05:01:38 +00:00: 2026-04-08 05:01:38,150 - __main__ - INFO - Search unexpected status: 404
2026-04-08 05:01:39 +00:00: 2026-04-08 05:01:39,151 - __main__ - INFO - 📬 Reply strategy: 0 candidates
2026-04-08 05:01:40 +00:00: 2026-04-08 05:01:40,510 - __main__ - INFO - 📊 VIP DB: 1 candidates from events
2026-04-08 05:01:40 +00:00: 2026-04-08 05:01:40,511 - __main__ - INFO - 📡 VIP GraphQL fallback triggered — 1 DB candidates < 10
2026-04-08 05:01:40 +00:00: 2026-04-08 05:01:40,825 - __main__ - INFO - 📡 GraphQL timeline @hltv: 0 tweets, status=200
2026-04-08 05:01:43 +00:00: 2026-04-08 05:01:43,602 - __main__ - INFO - 📡 GraphQL timeline @Dust2us: 20 tweets, status=200
2026-04-08 05:01:43 +00:00: 2026-04-08 05:01:43,603 - __main__ - INFO - 📡 @Dust2us: 20 tweets via GraphQL
2026-04-08 05:01:46 +00:00: 2026-04-08 05:01:46,388 - __main__ - INFO - 📡 GraphQL timeline @Slasher: 20 tweets, status=200
2026-04-08 05:01:46 +00:00: 2026-04-08 05:01:46,389 - __main__ - INFO - 📡 @Slasher: 20 tweets via GraphQL
2026-04-08 05:01:48 +00:00: 2026-04-08 05:01:48,526 - __main__ - INFO - Could not resolve @RichardLewisTV: 200
2026-04-08 05:01:51 +00:00: 2026-04-08 05:01:51,474 - __main__ - INFO - 📡 GraphQL timeline @RazedEsport: 20 tweets, status=200
2026-04-08 05:01:51 +00:00: 2026-04-08 05:01:51,475 - __main__ - INFO - 📡 @RazedEsport: 20 tweets via GraphQL
2026-04-08 05:01:54 +00:00: 2026-04-08 05:01:54,283 - __main__ - INFO - 📡 GraphQL timeline @EsportsInsider: 20 tweets, status=200
2026-04-08 05:01:54 +00:00: 2026-04-08 05:01:54,284 - __main__ - INFO - 📡 @EsportsInsider: 20 tweets via GraphQL
2026-04-08 05:01:56 +00:00: 2026-04-08 05:01:56,286 - __main__ - INFO - 📊 VIP strategy: 21 total candidates
2026-04-08 05:02:00 +00:00: 2026-04-08 05:02:00,384 - __main__ - INFO - 🎯 Engagement target strategy: 6 candidates
2026-04-08 05:02:01 +00:00: 2026-04-08 05:02:01,847 - __main__ - INFO - 📡 GraphQL timeline @Cloud9: 8 tweets, status=200
2026-04-08 05:02:01 +00:00: 2026-04-08 05:02:01,848 - __main__ - INFO - 🌐 @Cloud9: 8 tweets via timeline scrape
2026-04-08 05:02:04 +00:00: 2026-04-08 05:02:04,573 - __main__ - INFO - 📡 GraphQL timeline @nilocsgo: 20 tweets, status=200
2026-04-08 05:02:04 +00:00: 2026-04-08 05:02:04,574 - __main__ - INFO - 🌐 @nilocsgo: 20 tweets via timeline scrape
2026-04-08 05:02:06 +00:00: 2026-04-08 05:02:06,711 - __main__ - INFO - Could not resolve @LOABORVRE_CS2: 200
2026-04-08 05:02:10 +00:00: 2026-04-08 05:02:10,226 - __main__ - INFO - ✅ Like cycle complete — liked 0 tweets (0/200 today)
2026-04-08 06:32:10 +00:00: 2026-04-08 06:32:10,333 - utils.db_utils - WARNING - ⚠️  DB connection stale — reconnecting…
2026-04-08 06:32:11 +00:00: 2026-04-08 06:32:11,260 - utils.db_utils - INFO - ✅ Reconnected to PostgreSQL
2026-04-08 06:32:11 +00:00: 2026-04-08 06:32:11,566 - __main__ - INFO - 💫 Like cycle starting — 0/200 today, budget: 40
2026-04-08 06:32:12 +00:00: 2026-04-08 06:32:12,482 - __main__ - INFO - 📬 Found 10 of our tweets to check for replies
2026-04-08 06:32:12 +00:00: 2026-04-08 06:32:12,644 - __main__ - INFO - Search 403 — resetting guest token
2026-04-08 06:32:13 +00:00: 2026-04-08 06:32:13,833 - __main__ - INFO - 🔑 Guest token refreshed
2026-04-08 06:32:13 +00:00: 2026-04-08 06:32:13,960 - __main__ - INFO - Search unexpected status: 404
2026-04-08 06:32:15 +00:00: 2026-04-08 06:32:15,096 - __main__ - INFO - Search unexpected status: 404
2026-04-08 06:32:16 +00:00: 2026-04-08 06:32:16,098 - __main__ - INFO - 📬 Reply strategy: 0 candidates
2026-04-08 06:32:17 +00:00: 2026-04-08 06:32:17,470 - __main__ - INFO - 📊 VIP DB: 1 candidates from events
2026-04-08 06:32:17 +00:00: 2026-04-08 06:32:17,471 - __main__ - INFO - 📡 VIP GraphQL fallback triggered — 1 DB candidates < 10
2026-04-08 06:32:18 +00:00: 2026-04-08 06:32:18,528 - __main__ - INFO - 📡 GraphQL timeline @BlastPremier: 10 tweets, status=200
2026-04-08 06:32:18 +00:00: 2026-04-08 06:32:18,529 - __main__ - INFO - 📡 @BlastPremier: 10 tweets via GraphQL
2026-04-08 06:32:20 +00:00: 2026-04-08 06:32:20,671 - __main__ - INFO - Could not resolve @RichardLewisTV: 200
2026-04-08 06:32:23 +00:00: 2026-04-08 06:32:23,392 - __main__ - INFO - 📡 GraphQL timeline @EsportsInsider: 20 tweets, status=200
2026-04-08 06:32:23 +00:00: 2026-04-08 06:32:23,392 - __main__ - INFO - 📡 @EsportsInsider: 20 tweets via GraphQL
2026-04-08 06:32:26 +00:00: 2026-04-08 06:32:26,523 - __main__ - INFO - 📡 GraphQL timeline @RazedEsport: 20 tweets, status=200
2026-04-08 06:32:26 +00:00: 2026-04-08 06:32:26,523 - __main__ - INFO - 📡 @RazedEsport: 20 tweets via GraphQL
2026-04-08 06:32:29 +00:00: 2026-04-08 06:32:29,454 - __main__ - INFO - 📡 GraphQL timeline @CounterStrike: 20 tweets, status=200
2026-04-08 06:32:29 +00:00: 2026-04-08 06:32:29,455 - __main__ - INFO - 📡 @CounterStrike: 20 tweets via GraphQL
2026-04-08 06:32:31 +00:00: 2026-04-08 06:32:31,625 - __main__ - INFO - 📡 GraphQL timeline @hltv: 0 tweets, status=200
2026-04-08 06:32:33 +00:00: 2026-04-08 06:32:33,627 - __main__ - INFO - 📊 VIP strategy: 21 total candidates
2026-04-08 06:32:37 +00:00: 2026-04-08 06:32:37,611 - __main__ - INFO - 🎯 Engagement target strategy: 6 candidates
2026-04-08 06:32:39 +00:00: 2026-04-08 06:32:39,508 - __main__ - INFO - 📡 GraphQL timeline @EliGE: 20 tweets, status=200
2026-04-08 06:32:39 +00:00: 2026-04-08 06:32:39,508 - __main__ - INFO - 🌐 @EliGE: 20 tweets via timeline scrape
2026-04-08 06:32:42 +00:00: 2026-04-08 06:32:42,734 - __main__ - INFO - 📡 GraphQL timeline @Twistzz: 20 tweets, status=200
2026-04-08 06:32:42 +00:00: 2026-04-08 06:32:42,735 - __main__ - INFO - 🌐 @Twistzz: 20 tweets via timeline scrape
2026-04-08 06:32:45 +00:00: 2026-04-08 06:32:45,291 - __main__ - INFO - 📡 GraphQL timeline @Cloud9: 8 tweets, status=200
2026-04-08 06:32:45 +00:00: 2026-04-08 06:32:45,291 - __main__ - INFO - 🌐 @Cloud9: 8 tweets via timeline scrape
2026-04-08 06:32:49 +00:00: 2026-04-08 06:32:49,588 - __main__ - INFO - ✅ Like cycle complete — liked 0 tweets (0/200 today)
2026-04-08 08:02:49 +00:00: 2026-04-08 08:02:49,612 - utils.db_utils - WARNING - ⚠️  DB connection stale — reconnecting…
2026-04-08 08:02:50 +00:00: 2026-04-08 08:02:50,531 - utils.db_utils - INFO - ✅ Reconnected to PostgreSQL
2026-04-08 08:02:50 +00:00: 2026-04-08 08:02:50,832 - __main__ - INFO - 💫 Like cycle starting — 0/200 today, budget: 40
2026-04-08 08:02:51 +00:00: 2026-04-08 08:02:51,735 - __main__ - INFO - 📬 Found 10 of our tweets to check for replies
2026-04-08 08:02:51 +00:00: 2026-04-08 08:02:51,879 - __main__ - INFO - Search 403 — resetting guest token
2026-04-08 08:02:53 +00:00: 2026-04-08 08:02:53,065 - __main__ - INFO - 🔑 Guest token refreshed
2026-04-08 08:02:53 +00:00: 2026-04-08 08:02:53,189 - __main__ - INFO - Search unexpected status: 404
2026-04-08 08:02:54 +00:00: 2026-04-08 08:02:54,307 - __main__ - INFO - Search unexpected status: 404
2026-04-08 08:02:55 +00:00: 2026-04-08 08:02:55,308 - __main__ - INFO - 📬 Reply strategy: 0 candidates
2026-04-08 08:02:56 +00:00: 2026-04-08 08:02:56,663 - __main__ - INFO - 📊 VIP DB: 1 candidates from events
2026-04-08 08:02:56 +00:00: 2026-04-08 08:02:56,664 - __main__ - INFO - 📡 VIP GraphQL fallback triggered — 1 DB candidates < 10
2026-04-08 08:02:57 +00:00: 2026-04-08 08:02:57,555 - __main__ - INFO - 📡 GraphQL timeline @CounterStrike: 20 tweets, status=200
2026-04-08 08:02:57 +00:00: 2026-04-08 08:02:57,556 - __main__ - INFO - 📡 @CounterStrike: 20 tweets via GraphQL
2026-04-08 08:02:59 +00:00: 2026-04-08 08:02:59,720 - __main__ - INFO - 📡 GraphQL timeline @hltv: 0 tweets, status=200
2026-04-08 08:03:02 +00:00: 2026-04-08 08:03:02,386 - __main__ - INFO - 📡 GraphQL timeline @Slasher: 20 tweets, status=200
2026-04-08 08:03:02 +00:00: 2026-04-08 08:03:02,387 - __main__ - INFO - 📡 @Slasher: 20 tweets via GraphQL
2026-04-08 08:03:05 +00:00: 2026-04-08 08:03:05,124 - __main__ - INFO - 📡 GraphQL timeline @BlastPremier: 10 tweets, status=200
2026-04-08 08:03:05 +00:00: 2026-04-08 08:03:05,125 - __main__ - INFO - 📡 @BlastPremier: 10 tweets via GraphQL
2026-04-08 08:03:07 +00:00: 2026-04-08 08:03:07,729 - __main__ - INFO - 📡 GraphQL timeline @LiquipediaCS: 20 tweets, status=200
2026-04-08 08:03:07 +00:00: 2026-04-08 08:03:07,730 - __main__ - INFO - 📡 @LiquipediaCS: 20 tweets via GraphQL
2026-04-08 08:03:10 +00:00: 2026-04-08 08:03:10,376 - __main__ - INFO - 📡 GraphQL timeline @EsportsInsider: 20 tweets, status=200
2026-04-08 08:03:10 +00:00: 2026-04-08 08:03:10,377 - __main__ - INFO - 📡 @EsportsInsider: 20 tweets via GraphQL
2026-04-08 08:03:12 +00:00: 2026-04-08 08:03:12,379 - __main__ - INFO - 📊 VIP strategy: 26 total candidates
2026-04-08 08:03:17 +00:00: 2026-04-08 08:03:17,035 - __main__ - INFO - 🎯 Engagement target strategy: 6 candidates
2026-04-08 08:03:18 +00:00: 2026-04-08 08:03:18,547 - __main__ - INFO - 📡 GraphQL timeline @ESLCS: 20 tweets, status=200
2026-04-08 08:03:18 +00:00: 2026-04-08 08:03:18,548 - __main__ - INFO - 🌐 @ESLCS: 20 tweets via timeline scrape
2026-04-08 08:03:20 +00:00: 2026-04-08 08:03:20,682 - __main__ - INFO - Could not resolve @gaborcsgo: 200
2026-04-08 08:03:23 +00:00: 2026-04-08 08:03:23,453 - __main__ - INFO - 📡 GraphQL timeline @Karrigancsgo: 20 tweets, status=200
2026-04-08 08:03:23 +00:00: 2026-04-08 08:03:23,453 - __main__ - INFO - 🌐 @Karrigancsgo: 20 tweets via timeline scrape
2026-04-08 08:03:26 +00:00: 2026-04-08 08:03:26,956 - __main__ - INFO - ✅ Like cycle complete — liked 0 tweets (0/200 today)
2026-04-08 09:33:26 +00:00: 2026-04-08 09:33:26,976 - utils.db_utils - WARNING - ⚠️  DB connection stale — reconnecting…
2026-04-08 09:33:27 +00:00: 2026-04-08 09:33:27,906 - utils.db_utils - INFO - ✅ Reconnected to PostgreSQL
2026-04-08 09:33:28 +00:00: 2026-04-08 09:33:28,211 - __main__ - INFO - 💫 Like cycle starting — 0/200 today, budget: 40
2026-04-08 09:33:29 +00:00: 2026-04-08 09:33:29,128 - __main__ - INFO - 📬 Found 10 of our tweets to check for replies
2026-04-08 09:33:29 +00:00: 2026-04-08 09:33:29,290 - __main__ - INFO - Search 403 — resetting guest token
2026-04-08 09:33:30 +00:00: 2026-04-08 09:33:30,473 - __main__ - INFO - 🔑 Guest token refreshed
2026-04-08 09:33:30 +00:00: 2026-04-08 09:33:30,600 - __main__ - INFO - Search unexpected status: 404
2026-04-08 09:33:31 +00:00: 2026-04-08 09:33:31,725 - __main__ - INFO - Search unexpected status: 404
2026-04-08 09:33:32 +00:00: 2026-04-08 09:33:32,726 - __main__ - INFO - 📬 Reply strategy: 0 candidates
2026-04-08 09:33:34 +00:00: 2026-04-08 09:33:34,098 - __main__ - INFO - 📊 VIP DB: 1 candidates from events
2026-04-08 09:33:34 +00:00: 2026-04-08 09:33:34,099 - __main__ - INFO - 📡 VIP GraphQL fallback triggered — 1 DB candidates < 10
2026-04-08 09:33:34 +00:00: 2026-04-08 09:33:34,934 - __main__ - INFO - 📡 GraphQL timeline @EsportsInsider: 20 tweets, status=200
2026-04-08 09:33:34 +00:00: 2026-04-08 09:33:34,935 - __main__ - INFO - 📡 @EsportsInsider: 20 tweets via GraphQL
2026-04-08 09:33:37 +00:00: 2026-04-08 09:33:37,596 - __main__ - INFO - 📡 GraphQL timeline @CounterStrike: 20 tweets, status=200
2026-04-08 09:33:37 +00:00: 2026-04-08 09:33:37,596 - __main__ - INFO - 📡 @CounterStrike: 20 tweets via GraphQL
2026-04-08 09:33:40 +00:00: 2026-04-08 09:33:40,373 - __main__ - INFO - 📡 GraphQL timeline @BlastPremier: 10 tweets, status=200
2026-04-08 09:33:40 +00:00: 2026-04-08 09:33:40,374 - __main__ - INFO - 📡 @BlastPremier: 10 tweets via GraphQL
2026-04-08 09:33:42 +00:00: 2026-04-08 09:33:42,539 - __main__ - INFO - 📡 GraphQL timeline @hltv: 0 tweets, status=200
2026-04-08 09:33:44 +00:00: 2026-04-08 09:33:44,703 - __main__ - INFO - 📡 GraphQL timeline @Nors3: 0 tweets, status=200
2026-04-08 09:33:47 +00:00: 2026-04-08 09:33:47,282 - __main__ - INFO - 📡 GraphQL timeline @Slasher: 20 tweets, status=200
2026-04-08 09:33:47 +00:00: 2026-04-08 09:33:47,283 - __main__ - INFO - 📡 @Slasher: 20 tweets via GraphQL
2026-04-08 09:33:49 +00:00: 2026-04-08 09:33:49,285 - __main__ - INFO - 📊 VIP strategy: 21 total candidates
2026-04-08 09:33:53 +00:00: 2026-04-08 09:33:53,257 - __main__ - INFO - 🎯 Engagement target strategy: 6 candidates
2026-04-08 09:33:55 +00:00: 2026-04-08 09:33:55,065 - __main__ - INFO - 📡 GraphQL timeline @nilocsgo: 20 tweets, status=200
2026-04-08 09:33:55 +00:00: 2026-04-08 09:33:55,066 - __main__ - INFO - 🌐 @nilocsgo: 20 tweets via timeline scrape
2026-04-08 09:33:57 +00:00: 2026-04-08 09:33:57,642 - __main__ - INFO - 📡 GraphQL timeline @TeamLiquidCS: 20 tweets, status=200
2026-04-08 09:33:57 +00:00: 2026-04-08 09:33:57,642 - __main__ - INFO - 🌐 @TeamLiquidCS: 20 tweets via timeline scrape
2026-04-08 09:33:59 +00:00: 2026-04-08 09:33:59,800 - __main__ - INFO - 📡 GraphQL timeline @PGL_Esports: 0 tweets, status=200
2026-04-08 09:34:03 +00:00: 2026-04-08 09:34:03,330 - __main__ - INFO - ✅ Like cycle complete — liked 0 tweets (0/200 today)
2026-04-08 11:04:03 +00:00: 2026-04-08 11:04:03,407 - utils.db_utils - WARNING - ⚠️  DB connection stale — reconnecting…
2026-04-08 11:04:04 +00:00: 2026-04-08 11:04:04,444 - utils.db_utils - INFO - ✅ Reconnected to PostgreSQL
2026-04-08 11:04:04 +00:00: 2026-04-08 11:04:04,773 - __main__ - INFO - 💫 Like cycle starting — 0/200 today, budget: 40
2026-04-08 11:04:05 +00:00: 2026-04-08 11:04:05,758 - __main__ - INFO - 📬 Found 10 of our tweets to check for replies
2026-04-08 11:04:05 +00:00: 2026-04-08 11:04:05,907 - __main__ - INFO - Search 403 — resetting guest token
2026-04-08 11:04:07 +00:00: 2026-04-08 11:04:07,092 - __main__ - INFO - 🔑 Guest token refreshed
2026-04-08 11:04:07 +00:00: 2026-04-08 11:04:07,213 - __main__ - INFO - Search unexpected status: 404
2026-04-08 11:04:08 +00:00: 2026-04-08 11:04:08,327 - __main__ - INFO - Search unexpected status: 404
2026-04-08 11:04:09 +00:00: 2026-04-08 11:04:09,328 - __main__ - INFO - 📬 Reply strategy: 0 candidates
2026-04-08 11:04:10 +00:00: 2026-04-08 11:04:10,805 - __main__ - INFO - 📊 VIP DB: 1 candidates from events
2026-04-08 11:04:10 +00:00: 2026-04-08 11:04:10,806 - __main__ - INFO - 📡 VIP GraphQL fallback triggered — 1 DB candidates < 10
2026-04-08 11:04:11 +00:00: 2026-04-08 11:04:11,120 - __main__ - INFO - 📡 GraphQL timeline @Nors3: 0 tweets, status=200
2026-04-08 11:04:13 +00:00: 2026-04-08 11:04:13,285 - __main__ - INFO - 📡 GraphQL timeline @hltv: 0 tweets, status=200
2026-04-08 11:04:15 +00:00: 2026-04-08 11:04:15,927 - __main__ - INFO - 📡 GraphQL timeline @EsportsInsider: 20 tweets, status=200
2026-04-08 11:04:15 +00:00: 2026-04-08 11:04:15,927 - __main__ - INFO - 📡 @EsportsInsider: 20 tweets via GraphQL
2026-04-08 11:04:19 +00:00: 2026-04-08 11:04:19,213 - __main__ - INFO - 📡 GraphQL timeline @Slasher: 20 tweets, status=200
2026-04-08 11:04:19 +00:00: 2026-04-08 11:04:19,213 - __main__ - INFO - 📡 @Slasher: 20 tweets via GraphQL
2026-04-08 11:04:22 +00:00: 2026-04-08 11:04:22,057 - __main__ - INFO - 📡 GraphQL timeline @BlastPremier: 10 tweets, status=200
2026-04-08 11:04:22 +00:00: 2026-04-08 11:04:22,057 - __main__ - INFO - 📡 @BlastPremier: 10 tweets via GraphQL
2026-04-08 11:04:24 +00:00: 2026-04-08 11:04:24,766 - __main__ - INFO - 📡 GraphQL timeline @CS2News_EN: 20 tweets, status=200
2026-04-08 11:04:24 +00:00: 2026-04-08 11:04:24,767 - __main__ - INFO - 📡 @CS2News_EN: 20 tweets via GraphQL
2026-04-08 11:04:26 +00:00: 2026-04-08 11:04:26,769 - __main__ - INFO - 📊 VIP strategy: 21 total candidates
2026-04-08 11:04:31 +00:00: 2026-04-08 11:04:31,039 - __main__ - INFO - 🎯 Engagement target strategy: 6 candidates
2026-04-08 11:04:32 +00:00: 2026-04-08 11:04:32,751 - __main__ - INFO - 📡 GraphQL timeline @TeamLiquidCS: 20 tweets, status=200
2026-04-08 11:04:32 +00:00: 2026-04-08 11:04:32,751 - __main__ - INFO - 🌐 @TeamLiquidCS: 20 tweets via timeline scrape
2026-04-08 11:04:34 +00:00: 2026-04-08 11:04:34,879 - __main__ - INFO - Could not resolve @gaborcsgo: 200
2026-04-08 11:04:37 +00:00: 2026-04-08 11:04:37,476 - __main__ - INFO - 📡 GraphQL timeline @OGesports: 20 tweets, status=200
2026-04-08 11:04:37 +00:00: 2026-04-08 11:04:37,476 - __main__ - INFO - 🌐 @OGesports: 20 tweets via timeline scrape
2026-04-08 11:04:41 +00:00: 2026-04-08 11:04:41,121 - __main__ - INFO - ✅ Like cycle complete — liked 0 tweets (0/200 today)
2026-04-08 12:34:41 +00:00: 2026-04-08 12:34:41,181 - utils.db_utils - WARNING - ⚠️  DB connection stale — reconnecting…
2026-04-08 12:34:42 +00:00: 2026-04-08 12:34:42,106 - utils.db_utils - INFO - ✅ Reconnected to PostgreSQL
2026-04-08 12:34:42 +00:00: 2026-04-08 12:34:42,412 - __main__ - INFO - 💫 Like cycle starting — 0/200 today, budget: 40
2026-04-08 12:34:43 +00:00: 2026-04-08 12:34:43,330 - __main__ - INFO - 📬 Found 10 of our tweets to check for replies
2026-04-08 12:34:43 +00:00: 2026-04-08 12:34:43,470 - __main__ - INFO - Search 403 — resetting guest token
2026-04-08 12:34:44 +00:00: 2026-04-08 12:34:44,718 - __main__ - INFO - 🔑 Guest token refreshed
2026-04-08 12:34:44 +00:00: 2026-04-08 12:34:44,833 - __main__ - INFO - Search unexpected status: 404
2026-04-08 12:34:45 +00:00: 2026-04-08 12:34:45,951 - __main__ - INFO - Search unexpected status: 404
2026-04-08 12:34:46 +00:00: 2026-04-08 12:34:46,952 - __main__ - INFO - 📬 Reply strategy: 0 candidates
2026-04-08 12:34:48 +00:00: 2026-04-08 12:34:48,321 - __main__ - INFO - 📊 VIP DB: 1 candidates from events
2026-04-08 12:34:48 +00:00: 2026-04-08 12:34:48,322 - __main__ - INFO - 📡 VIP GraphQL fallback triggered — 1 DB candidates < 10
2026-04-08 12:34:49 +00:00: 2026-04-08 12:34:49,286 - __main__ - INFO - 📡 GraphQL timeline @Slasher: 20 tweets, status=200
2026-04-08 12:34:49 +00:00: 2026-04-08 12:34:49,287 - __main__ - INFO - 📡 @Slasher: 20 tweets via GraphQL
2026-04-08 12:34:51 +00:00: 2026-04-08 12:34:51,442 - __main__ - INFO - 📡 GraphQL timeline @Nors3: 0 tweets, status=200
2026-04-08 12:34:53 +00:00: 2026-04-08 12:34:53,620 - __main__ - INFO - 📡 GraphQL timeline @hltv: 0 tweets, status=200
2026-04-08 12:34:56 +00:00: 2026-04-08 12:34:56,514 - __main__ - INFO - 📡 GraphQL timeline @CS2News_EN: 20 tweets, status=200
2026-04-08 12:34:56 +00:00: 2026-04-08 12:34:56,515 - __main__ - INFO - 📡 @CS2News_EN: 20 tweets via GraphQL
2026-04-08 12:34:59 +00:00: 2026-04-08 12:34:59,462 - __main__ - INFO - 📡 GraphQL timeline @EsportsInsider: 20 tweets, status=200
2026-04-08 12:34:59 +00:00: 2026-04-08 12:34:59,463 - __main__ - INFO - 📡 @EsportsInsider: 20 tweets via GraphQL
2026-04-08 12:35:02 +00:00: 2026-04-08 12:35:02,367 - __main__ - INFO - 📡 GraphQL timeline @CounterStrike: 20 tweets, status=200
2026-04-08 12:35:02 +00:00: 2026-04-08 12:35:02,367 - __main__ - INFO - 📡 @CounterStrike: 20 tweets via GraphQL
2026-04-08 12:35:04 +00:00: 2026-04-08 12:35:04,370 - __main__ - INFO - 📊 VIP strategy: 21 total candidates
2026-04-08 12:35:08 +00:00: 2026-04-08 12:35:08,485 - __main__ - INFO - 🎯 Engagement target strategy: 5 candidates
2026-04-08 12:35:09 +00:00: 2026-04-08 12:35:09,986 - __main__ - INFO - 📡 GraphQL timeline @Complexity: 11 tweets, status=200
2026-04-08 12:35:09 +00:00: 2026-04-08 12:35:09,987 - __main__ - INFO - 🌐 @Complexity: 11 tweets via timeline scrape
2026-04-08 12:35:13 +00:00: 2026-04-08 12:35:13,107 - __main__ - INFO - 📡 GraphQL timeline @FACEIT: 0 tweets, status=200
2026-04-08 12:35:15 +00:00: 2026-04-08 12:35:15,872 - __main__ - INFO - 📡 GraphQL timeline @Cloud9: 8 tweets, status=200
2026-04-08 12:35:15 +00:00: 2026-04-08 12:35:15,873 - __main__ - INFO - 🌐 @Cloud9: 8 tweets via timeline scrape
2026-04-08 12:35:19 +00:00: 2026-04-08 12:35:19,398 - __main__ - INFO - ✅ Like cycle complete — liked 0 tweets (0/200 today)
2026-04-08 14:05:19 +00:00: 2026-04-08 14:05:19,498 - utils.db_utils - WARNING - ⚠️  DB connection stale — reconnecting…
2026-04-08 14:05:20 +00:00: 2026-04-08 14:05:20,509 - utils.db_utils - INFO - ✅ Reconnected to PostgreSQL
2026-04-08 14:05:20 +00:00: 2026-04-08 14:05:20,833 - __main__ - INFO - 💫 Like cycle starting — 0/200 today, budget: 40
2026-04-08 14:05:21 +00:00: 2026-04-08 14:05:21,804 - __main__ - INFO - 📬 Found 10 of our tweets to check for replies
2026-04-08 14:05:21 +00:00: 2026-04-08 14:05:21,940 - __main__ - INFO - Search 403 — resetting guest token
2026-04-08 14:05:23 +00:00: 2026-04-08 14:05:23,153 - __main__ - INFO - 🔑 Guest token refreshed
2026-04-08 14:05:23 +00:00: 2026-04-08 14:05:23,266 - __main__ - INFO - Search unexpected status: 404
2026-04-08 14:05:24 +00:00: 2026-04-08 14:05:24,378 - __main__ - INFO - Search unexpected status: 404
2026-04-08 14:05:25 +00:00: 2026-04-08 14:05:25,379 - __main__ - INFO - 📬 Reply strategy: 0 candidates
2026-04-08 14:05:26 +00:00: 2026-04-08 14:05:26,836 - __main__ - INFO - 📊 VIP DB: 1 candidates from events
2026-04-08 14:05:26 +00:00: 2026-04-08 14:05:26,836 - __main__ - INFO - 📡 VIP GraphQL fallback triggered — 1 DB candidates < 10
2026-04-08 14:05:27 +00:00: 2026-04-08 14:05:27,938 - __main__ - INFO - 📡 GraphQL timeline @Dust2us: 20 tweets, status=200
2026-04-08 14:05:27 +00:00: 2026-04-08 14:05:27,939 - __main__ - INFO - 📡 @Dust2us: 20 tweets via GraphQL
2026-04-08 14:05:30 +00:00: 2026-04-08 14:05:30,977 - __main__ - INFO - 📡 GraphQL timeline @Slasher: 20 tweets, status=200
2026-04-08 14:05:30 +00:00: 2026-04-08 14:05:30,977 - __main__ - INFO - 📡 @Slasher: 20 tweets via GraphQL
2026-04-08 14:05:33 +00:00: 2026-04-08 14:05:33,767 - __main__ - INFO - 📡 GraphQL timeline @EsportsInsider: 20 tweets, status=200
2026-04-08 14:05:33 +00:00: 2026-04-08 14:05:33,767 - __main__ - INFO - 📡 @EsportsInsider: 20 tweets via GraphQL
2026-04-08 14:05:36 +00:00: 2026-04-08 14:05:36,932 - __main__ - INFO - 📡 GraphQL timeline @CounterStrike: 20 tweets, status=200
2026-04-08 14:05:36 +00:00: 2026-04-08 14:05:36,932 - __main__ - INFO - 📡 @CounterStrike: 20 tweets via GraphQL
2026-04-08 14:05:39 +00:00: 2026-04-08 14:05:39,069 - __main__ - INFO - 📡 GraphQL timeline @ABORCS: 0 tweets, status=200
2026-04-08 14:05:41 +00:00: 2026-04-08 14:05:41,305 - __main__ - INFO - 📡 GraphQL timeline @Nors3: 0 tweets, status=200
2026-04-08 14:05:43 +00:00: 2026-04-08 14:05:43,308 - __main__ - INFO - 📊 VIP strategy: 21 total candidates
2026-04-08 14:05:47 +00:00: 2026-04-08 14:05:47,679 - __main__ - INFO - 🎯 Engagement target strategy: 5 candidates
2026-04-08 14:05:49 +00:00: 2026-04-08 14:05:49,717 - __main__ - INFO - 📡 GraphQL timeline @Complexity: 11 tweets, status=200
2026-04-08 14:05:49 +00:00: 2026-04-08 14:05:49,718 - __main__ - INFO - 🌐 @Complexity: 11 tweets via timeline scrape
2026-04-08 14:05:52 +00:00: 2026-04-08 14:05:52,558 - __main__ - INFO - 📡 GraphQL timeline @EliGE: 20 tweets, status=200
2026-04-08 14:05:52 +00:00: 2026-04-08 14:05:52,559 - __main__ - INFO - 🌐 @EliGE: 20 tweets via timeline scrape
2026-04-08 14:05:55 +00:00: 2026-04-08 14:05:55,174 - __main__ - INFO - 📡 GraphQL timeline @ESLCS: 20 tweets, status=200
2026-04-08 14:05:55 +00:00: 2026-04-08 14:05:55,174 - __main__ - INFO - 🌐 @ESLCS: 20 tweets via timeline scrape
2026-04-08 14:05:59 +00:00: 2026-04-08 14:05:59,605 - __main__ - INFO - ✅ Like cycle complete — liked 0 tweets (0/200 today)
2026-04-08 14:50:59 +00:00: 2026-04-08 14:50:59,709 - utils.db_utils - WARNING - ⚠️  DB connection stale — reconnecting…
2026-04-08 14:51:00 +00:00: 2026-04-08 14:51:00,661 - utils.db_utils - INFO - ✅ Reconnected to PostgreSQL
2026-04-08 14:51:00 +00:00: 2026-04-08 14:51:00,966 - __main__ - INFO - 💫 Like cycle starting — 0/200 today, budget: 40
2026-04-08 14:51:01 +00:00: 2026-04-08 14:51:01,878 - __main__ - INFO - 📬 Found 10 of our tweets to check for replies
2026-04-08 14:51:02 +00:00: 2026-04-08 14:51:02,024 - __main__ - INFO - Search unexpected status: 404
2026-04-08 14:51:03 +00:00: 2026-04-08 14:51:03,144 - __main__ - INFO - Search unexpected status: 404
2026-04-08 14:51:04 +00:00: 2026-04-08 14:51:04,265 - __main__ - INFO - Search unexpected status: 404
2026-04-08 14:51:05 +00:00: 2026-04-08 14:51:05,266 - __main__ - INFO - 📬 Reply strategy: 0 candidates
2026-04-08 14:51:06 +00:00: 2026-04-08 14:51:06,626 - __main__ - INFO - 📊 VIP DB: 1 candidates from events
2026-04-08 14:51:06 +00:00: 2026-04-08 14:51:06,627 - __main__ - INFO - 📡 VIP GraphQL fallback triggered — 1 DB candidates < 10
2026-04-08 14:51:06 +00:00: 2026-04-08 14:51:06,949 - __main__ - INFO - 📡 GraphQL timeline @hltv: 0 tweets, status=200
2026-04-08 14:51:09 +00:00: 2026-04-08 14:51:09,993 - __main__ - INFO - 📡 GraphQL timeline @BlastPremier: 11 tweets, status=200
2026-04-08 14:51:09 +00:00: 2026-04-08 14:51:09,994 - __main__ - INFO - 📡 @BlastPremier: 11 tweets via GraphQL
2026-04-08 14:51:12 +00:00: 2026-04-08 14:51:12,146 - __main__ - INFO - 📡 GraphQL timeline @Nors3: 0 tweets, status=200
2026-04-08 14:51:15 +00:00: 2026-04-08 14:51:15,091 - __main__ - INFO - 📡 GraphQL timeline @Slasher: 20 tweets, status=200
2026-04-08 14:51:15 +00:00: 2026-04-08 14:51:15,092 - __main__ - INFO - 📡 @Slasher: 20 tweets via GraphQL
2026-04-08 14:51:17 +00:00: 2026-04-08 14:51:17,231 - __main__ - INFO - 📡 GraphQL timeline @ABORCS: 0 tweets, status=200
2026-04-08 14:51:20 +00:00: 2026-04-08 14:51:20,244 - __main__ - INFO - 📡 GraphQL timeline @CounterStrike: 20 tweets, status=200
2026-04-08 14:51:20 +00:00: 2026-04-08 14:51:20,245 - __main__ - INFO - 📡 @CounterStrike: 20 tweets via GraphQL
2026-04-08 14:51:22 +00:00: 2026-04-08 14:51:22,247 - __main__ - INFO - 📊 VIP strategy: 16 total candidates
2026-04-08 14:51:25 +00:00: 2026-04-08 14:51:25,387 - __main__ - INFO - ❤️  Liked tweet 204188849296005... by @BLASTPremier (vip_timeline)
2026-04-08 14:51:33 +00:00: 2026-04-08 14:51:33,124 - __main__ - INFO - 🎯 Engagement target strategy: 4 candidates
2026-04-08 14:51:34 +00:00: 2026-04-08 14:51:34,642 - __main__ - INFO - 📡 GraphQL timeline @Twistzz: 20 tweets, status=200
2026-04-08 14:51:34 +00:00: 2026-04-08 14:51:34,643 - __main__ - INFO - 🌐 @Twistzz: 20 tweets via timeline scrape
2026-04-08 14:51:37 +00:00: 2026-04-08 14:51:37,817 - __main__ - INFO - 📡 GraphQL timeline @FACEIT: 0 tweets, status=200
2026-04-08 14:51:40 +00:00: 2026-04-08 14:51:40,597 - __main__ - INFO - 📡 GraphQL timeline @TeamLiquidCS: 20 tweets, status=200
2026-04-08 14:51:40 +00:00: 2026-04-08 14:51:40,597 - __main__ - INFO - 🌐 @TeamLiquidCS: 20 tweets via timeline scrape
2026-04-08 14:51:44 +00:00: 2026-04-08 14:51:44,113 - __main__ - INFO - ✅ Like cycle complete — liked 1 tweets (1/200 today)
2026-04-08 15:36:44 +00:00: 2026-04-08 15:36:44,173 - utils.db_utils - WARNING - ⚠️  DB connection stale — reconnecting…
2026-04-08 15:36:45 +00:00: 2026-04-08 15:36:45,097 - utils.db_utils - INFO - ✅ Reconnected to PostgreSQL
2026-04-08 15:36:45 +00:00: 2026-04-08 15:36:45,399 - __main__ - INFO - 💫 Like cycle starting — 1/200 today, budget: 40
2026-04-08 15:36:46 +00:00: 2026-04-08 15:36:46,302 - __main__ - INFO - 📬 Found 10 of our tweets to check for replies
2026-04-08 15:36:46 +00:00: 2026-04-08 15:36:46,489 - __main__ - INFO - Search unexpected status: 404
2026-04-08 15:36:47 +00:00: 2026-04-08 15:36:47,606 - __main__ - INFO - Search unexpected status: 404
2026-04-08 15:36:48 +00:00: 2026-04-08 15:36:48,725 - __main__ - INFO - Search unexpected status: 404
2026-04-08 15:36:49 +00:00: 2026-04-08 15:36:49,727 - __main__ - INFO - 📬 Reply strategy: 0 candidates
2026-04-08 15:36:51 +00:00: 2026-04-08 15:36:51,083 - __main__ - INFO - 📊 VIP DB: 2 candidates from events
2026-04-08 15:36:51 +00:00: 2026-04-08 15:36:51,083 - __main__ - INFO - 📡 VIP GraphQL fallback triggered — 2 DB candidates < 10
2026-04-08 15:36:51 +00:00: 2026-04-08 15:36:51,739 - __main__ - INFO - 📡 GraphQL timeline @BlastPremier: 11 tweets, status=200
2026-04-08 15:36:51 +00:00: 2026-04-08 15:36:51,739 - __main__ - INFO - 📡 @BlastPremier: 11 tweets via GraphQL
2026-04-08 15:36:53 +00:00: 2026-04-08 15:36:53,870 - __main__ - INFO - Could not resolve @RichardLewisTV: 200
2026-04-08 15:36:56 +00:00: 2026-04-08 15:36:56,805 - __main__ - INFO - 📡 GraphQL timeline @Dust2us: 20 tweets, status=200
2026-04-08 15:36:56 +00:00: 2026-04-08 15:36:56,805 - __main__ - INFO - 📡 @Dust2us: 20 tweets via GraphQL
2026-04-08 15:37:00 +00:00: 2026-04-08 15:37:00,004 - __main__ - INFO - 📡 GraphQL timeline @RazedEsport: 20 tweets, status=200
2026-04-08 15:37:00 +00:00: 2026-04-08 15:37:00,005 - __main__ - INFO - 📡 @RazedEsport: 20 tweets via GraphQL
2026-04-08 15:37:02 +00:00: 2026-04-08 15:37:02,239 - __main__ - INFO - 📡 GraphQL timeline @hltv: 0 tweets, status=200
2026-04-08 15:37:05 +00:00: 2026-04-08 15:37:05,255 - __main__ - INFO - 📡 GraphQL timeline @CounterStrike: 20 tweets, status=200
2026-04-08 15:37:05 +00:00: 2026-04-08 15:37:05,255 - __main__ - INFO - 📡 @CounterStrike: 20 tweets via GraphQL
2026-04-08 15:37:07 +00:00: 2026-04-08 15:37:07,258 - __main__ - INFO - 📊 VIP strategy: 22 total candidates
2026-04-08 15:37:11 +00:00: 2026-04-08 15:37:11,173 - __main__ - INFO - 🎯 Engagement target strategy: 5 candidates
2026-04-08 15:37:12 +00:00: 2026-04-08 15:37:12,935 - __main__ - INFO - 📡 GraphQL timeline @TeamLiquidCS: 20 tweets, status=200
2026-04-08 15:37:12 +00:00: 2026-04-08 15:37:12,936 - __main__ - INFO - 🌐 @TeamLiquidCS: 20 tweets via timeline scrape
2026-04-08 15:37:15 +00:00: 2026-04-08 15:37:15,088 - __main__ - INFO - 📡 GraphQL timeline @rainCS: 0 tweets, status=200
2026-04-08 15:37:17 +00:00: 2026-04-08 15:37:17,240 - __main__ - INFO - Could not resolve @LOABORVRE_CS2: 200
2026-04-08 15:37:19 +00:00: 2026-04-08 15:37:19,996 - __main__ - INFO - ✅ Like cycle complete — liked 0 tweets (1/200 today)
2026-04-08 16:22:20 +00:00: 2026-04-08 16:22:20,099 - utils.db_utils - WARNING - ⚠️  DB connection stale — reconnecting…
2026-04-08 16:22:20 +00:00: 2026-04-08 16:22:20,994 - utils.db_utils - INFO - ✅ Reconnected to PostgreSQL
2026-04-08 16:22:21 +00:00: 2026-04-08 16:22:21,290 - __main__ - INFO - 💫 Like cycle starting — 1/200 today, budget: 40
2026-04-08 16:22:22 +00:00: 2026-04-08 16:22:22,170 - __main__ - INFO - 📬 Found 10 of our tweets to check for replies
2026-04-08 16:22:22 +00:00: 2026-04-08 16:22:22,351 - __main__ - INFO - 🔑 Guest token refreshed
2026-04-08 16:22:22 +00:00: 2026-04-08 16:22:22,488 - __main__ - INFO - Search unexpected status: 404
2026-04-08 16:22:23 +00:00: 2026-04-08 16:22:23,619 - __main__ - INFO - Search unexpected status: 404
2026-04-08 16:22:24 +00:00: 2026-04-08 16:22:24,738 - __main__ - INFO - Search unexpected status: 404
2026-04-08 16:22:25 +00:00: 2026-04-08 16:22:25,740 - __main__ - INFO - 📬 Reply strategy: 0 candidates
2026-04-08 16:22:27 +00:00: 2026-04-08 16:22:27,064 - __main__ - INFO - 📊 VIP DB: 2 candidates from events
2026-04-08 16:22:27 +00:00: 2026-04-08 16:22:27,064 - __main__ - INFO - 📡 VIP GraphQL fallback triggered — 2 DB candidates < 10
2026-04-08 16:22:27 +00:00: 2026-04-08 16:22:27,391 - __main__ - INFO - 📡 GraphQL timeline @hltv: 0 tweets, status=200
2026-04-08 16:22:30 +00:00: 2026-04-08 16:22:30,034 - __main__ - INFO - 📡 GraphQL timeline @BlastPremier: 11 tweets, status=200
2026-04-08 16:22:30 +00:00: 2026-04-08 16:22:30,035 - __main__ - INFO - 📡 @BlastPremier: 11 tweets via GraphQL
2026-04-08 16:22:32 +00:00: 2026-04-08 16:22:32,755 - __main__ - INFO - 📡 GraphQL timeline @EsportsInsider: 20 tweets, status=200
2026-04-08 16:22:32 +00:00: 2026-04-08 16:22:32,756 - __main__ - INFO - 📡 @EsportsInsider: 20 tweets via GraphQL
2026-04-08 16:22:34 +00:00: 2026-04-08 16:22:34,906 - __main__ - INFO - 📡 GraphQL timeline @Nors3: 0 tweets, status=200
2026-04-08 16:22:37 +00:00: 2026-04-08 16:22:37,711 - __main__ - INFO - 📡 GraphQL timeline @Slasher: 20 tweets, status=200
2026-04-08 16:22:37 +00:00: 2026-04-08 16:22:37,712 - __main__ - INFO - 📡 @Slasher: 20 tweets via GraphQL
2026-04-08 16:22:40 +00:00: 2026-04-08 16:22:40,719 - __main__ - INFO - 📡 GraphQL timeline @CounterStrike: 20 tweets, status=200
2026-04-08 16:22:40 +00:00: 2026-04-08 16:22:40,719 - __main__ - INFO - 📡 @CounterStrike: 20 tweets via GraphQL
2026-04-08 16:22:42 +00:00: 2026-04-08 16:22:42,722 - __main__ - INFO - 📊 VIP strategy: 22 total candidates
2026-04-08 16:22:46 +00:00: 2026-04-08 16:22:46,540 - __main__ - INFO - 🎯 Engagement target strategy: 4 candidates
2026-04-08 16:22:47 +00:00: 2026-04-08 16:22:47,264 - __main__ - INFO - Could not resolve @LOABORVRE_CS2: 200
2026-04-08 16:22:49 +00:00: 2026-04-08 16:22:49,418 - __main__ - INFO - 📡 GraphQL timeline @PGL_Esports: 0 tweets, status=200
2026-04-08 16:22:52 +00:00: 2026-04-08 16:22:52,196 - __main__ - INFO - 📡 GraphQL timeline @Complexity: 11 tweets, status=200
2026-04-08 16:22:52 +00:00: 2026-04-08 16:22:52,196 - __main__ - INFO - 🌐 @Complexity: 11 tweets via timeline scrape
2026-04-08 16:22:54 +00:00: 2026-04-08 16:22:54,933 - __main__ - INFO - ✅ Like cycle complete — liked 0 tweets (1/200 today)
2026-04-08 17:07:55 +00:00: 2026-04-08 17:07:55,004 - utils.db_utils - WARNING - ⚠️  DB connection stale — reconnecting…
2026-04-08 17:07:55 +00:00: 2026-04-08 17:07:55,911 - utils.db_utils - INFO - ✅ Reconnected to PostgreSQL
2026-04-08 17:07:56 +00:00: 2026-04-08 17:07:56,209 - __main__ - INFO - 💫 Like cycle starting — 1/200 today, budget: 40
2026-04-08 17:07:57 +00:00: 2026-04-08 17:07:57,102 - __main__ - INFO - 📬 Found 10 of our tweets to check for replies
2026-04-08 17:07:57 +00:00: 2026-04-08 17:07:57,244 - __main__ - INFO - Search unexpected status: 404
2026-04-08 17:07:58 +00:00: 2026-04-08 17:07:58,363 - __main__ - INFO - Search unexpected status: 404
2026-04-08 17:07:59 +00:00: 2026-04-08 17:07:59,484 - __main__ - INFO - Search unexpected status: 404
2026-04-08 17:08:00 +00:00: 2026-04-08 17:08:00,486 - __main__ - INFO - 📬 Reply strategy: 0 candidates
2026-04-08 17:08:01 +00:00: 2026-04-08 17:08:01,825 - __main__ - INFO - 📊 VIP DB: 2 candidates from events
2026-04-08 17:08:01 +00:00: 2026-04-08 17:08:01,826 - __main__ - INFO - 📡 VIP GraphQL fallback triggered — 2 DB candidates < 10
2026-04-08 17:08:02 +00:00: 2026-04-08 17:08:02,866 - __main__ - INFO - 📡 GraphQL timeline @BlastPremier: 11 tweets, status=200
2026-04-08 17:08:02 +00:00: 2026-04-08 17:08:02,866 - __main__ - INFO - 📡 @BlastPremier: 11 tweets via GraphQL
2026-04-08 17:08:05 +00:00: 2026-04-08 17:08:05,899 - __main__ - INFO - 📡 GraphQL timeline @Slasher: 20 tweets, status=200
2026-04-08 17:08:05 +00:00: 2026-04-08 17:08:05,900 - __main__ - INFO - 📡 @Slasher: 20 tweets via GraphQL
2026-04-08 17:08:08 +00:00: 2026-04-08 17:08:08,042 - __main__ - INFO - Could not resolve @RichardLewisTV: 200
2026-04-08 17:08:10 +00:00: 2026-04-08 17:08:10,231 - __main__ - INFO - 📡 GraphQL timeline @hltv: 0 tweets, status=200
2026-04-08 17:08:13 +00:00: 2026-04-08 17:08:13,295 - __main__ - INFO - 📡 GraphQL timeline @CounterStrike: 20 tweets, status=200
2026-04-08 17:08:13 +00:00: 2026-04-08 17:08:13,295 - __main__ - INFO - 📡 @CounterStrike: 20 tweets via GraphQL
2026-04-08 17:08:16 +00:00: 2026-04-08 17:08:16,280 - __main__ - INFO - 📡 GraphQL timeline @EsportsInsider: 20 tweets, status=200
2026-04-08 17:08:16 +00:00: 2026-04-08 17:08:16,281 - __main__ - INFO - 📡 @EsportsInsider: 20 tweets via GraphQL
2026-04-08 17:08:18 +00:00: 2026-04-08 17:08:18,283 - __main__ - INFO - 📊 VIP strategy: 22 total candidates
2026-04-08 17:08:22 +00:00: 2026-04-08 17:08:22,159 - __main__ - INFO - 🎯 Engagement target strategy: 4 candidates
2026-04-08 17:08:22 +00:00: 2026-04-08 17:08:22,889 - __main__ - INFO - Could not resolve @LOABORVRE_CS2: 200
2026-04-08 17:08:25 +00:00: 2026-04-08 17:08:25,800 - __main__ - INFO - 📡 GraphQL timeline @TeamLiquidCS: 20 tweets, status=200
2026-04-08 17:08:25 +00:00: 2026-04-08 17:08:25,800 - __main__ - INFO - 🌐 @TeamLiquidCS: 20 tweets via timeline scrape
2026-04-08 17:08:28 +00:00: 2026-04-08 17:08:28,868 - __main__ - INFO - 📡 GraphQL timeline @OGesports: 20 tweets, status=200
2026-04-08 17:08:28 +00:00: 2026-04-08 17:08:28,869 - __main__ - INFO - 🌐 @OGesports: 20 tweets via timeline scrape
2026-04-08 17:08:32 +00:00: 2026-04-08 17:08:32,355 - __main__ - INFO - ✅ Like cycle complete — liked 0 tweets (1/200 today)
2026-04-08 17:53:32 +00:00: 2026-04-08 17:53:32,389 - utils.db_utils - WARNING - ⚠️  DB connection stale — reconnecting…
2026-04-08 17:53:33 +00:00: 2026-04-08 17:53:33,440 - utils.db_utils - INFO - ✅ Reconnected to PostgreSQL
2026-04-08 17:53:33 +00:00: 2026-04-08 17:53:33,765 - __main__ - INFO - 💫 Like cycle starting — 1/200 today, budget: 40
2026-04-08 17:53:34 +00:00: 2026-04-08 17:53:34,740 - __main__ - INFO - 📬 Found 10 of our tweets to check for replies
2026-04-08 17:53:34 +00:00: 2026-04-08 17:53:34,890 - __main__ - INFO - Search unexpected status: 404
2026-04-08 17:53:36 +00:00: 2026-04-08 17:53:36,013 - __main__ - INFO - Search unexpected status: 404
2026-04-08 17:53:37 +00:00: 2026-04-08 17:53:37,141 - __main__ - INFO - Search unexpected status: 404
2026-04-08 17:53:38 +00:00: 2026-04-08 17:53:38,143 - __main__ - INFO - 📬 Reply strategy: 0 candidates
2026-04-08 17:53:39 +00:00: 2026-04-08 17:53:39,599 - __main__ - INFO - 📊 VIP DB: 2 candidates from events
2026-04-08 17:53:39 +00:00: 2026-04-08 17:53:39,600 - __main__ - INFO - 📡 VIP GraphQL fallback triggered — 2 DB candidates < 10
2026-04-08 17:53:40 +00:00: 2026-04-08 17:53:40,697 - __main__ - INFO - 📡 GraphQL timeline @CounterStrike: 20 tweets, status=200
2026-04-08 17:53:40 +00:00: 2026-04-08 17:53:40,698 - __main__ - INFO - 📡 @CounterStrike: 20 tweets via GraphQL
2026-04-08 17:53:42 +00:00: 2026-04-08 17:53:42,853 - __main__ - INFO - 📡 GraphQL timeline @ABORCS: 0 tweets, status=200
2026-04-08 17:53:45 +00:00: 2026-04-08 17:53:45,006 - __main__ - INFO - Could not resolve @DonHaci: 200
2026-04-08 17:53:48 +00:00: 2026-04-08 17:53:48,000 - __main__ - INFO - 📡 GraphQL timeline @Slasher: 20 tweets, status=200
2026-04-08 17:53:48 +00:00: 2026-04-08 17:53:48,001 - __main__ - INFO - 📡 @Slasher: 20 tweets via GraphQL
2026-04-08 17:53:50 +00:00: 2026-04-08 17:53:50,846 - __main__ - INFO - 📡 GraphQL timeline @EsportsInsider: 20 tweets, status=200
2026-04-08 17:53:50 +00:00: 2026-04-08 17:53:50,847 - __main__ - INFO - 📡 @EsportsInsider: 20 tweets via GraphQL
2026-04-08 17:53:53 +00:00: 2026-04-08 17:53:53,022 - __main__ - INFO - 📡 GraphQL timeline @hltv: 0 tweets, status=200
2026-04-08 17:53:55 +00:00: 2026-04-08 17:53:55,025 - __main__ - INFO - 📊 VIP strategy: 17 total candidates
2026-04-08 17:53:58 +00:00: 2026-04-08 17:53:58,745 - __main__ - INFO - 🎯 Engagement target strategy: 4 candidates
2026-04-08 17:54:00 +00:00: 2026-04-08 17:54:00,301 - __main__ - INFO - 📡 GraphQL timeline @OGesports: 20 tweets, status=200
2026-04-08 17:54:00 +00:00: 2026-04-08 17:54:00,302 - __main__ - INFO - 🌐 @OGesports: 20 tweets via timeline scrape
2026-04-08 17:54:02 +00:00: 2026-04-08 17:54:02,964 - __main__ - INFO - 📡 GraphQL timeline @Cloud9: 8 tweets, status=200
2026-04-08 17:54:02 +00:00: 2026-04-08 17:54:02,965 - __main__ - INFO - 🌐 @Cloud9: 8 tweets via timeline scrape
2026-04-08 17:54:05 +00:00: 2026-04-08 17:54:05,925 - __main__ - INFO - 📡 GraphQL timeline @FACEIT: 0 tweets, status=200
2026-04-08 17:54:09 +00:00: 2026-04-08 17:54:09,547 - __main__ - INFO - ✅ Like cycle complete — liked 0 tweets (1/200 today)
2026-04-08 18:39:09 +00:00: 2026-04-08 18:39:09,603 - utils.db_utils - WARNING - ⚠️  DB connection stale — reconnecting…
2026-04-08 18:39:10 +00:00: 2026-04-08 18:39:10,618 - utils.db_utils - INFO - ✅ Reconnected to PostgreSQL
2026-04-08 18:39:10 +00:00: 2026-04-08 18:39:10,920 - __main__ - INFO - 💫 Like cycle starting — 1/200 today, budget: 40
2026-04-08 18:39:11 +00:00: 2026-04-08 18:39:11,825 - __main__ - INFO - 📬 Found 10 of our tweets to check for replies
2026-04-08 18:39:12 +00:00: 2026-04-08 18:39:12,051 - __main__ - INFO - 🔑 Guest token refreshed
2026-04-08 18:39:12 +00:00: 2026-04-08 18:39:12,181 - __main__ - INFO - Search unexpected status: 404
2026-04-08 18:39:13 +00:00: 2026-04-08 18:39:13,300 - __main__ - INFO - Search unexpected status: 404
2026-04-08 18:39:14 +00:00: 2026-04-08 18:39:14,413 - __main__ - INFO - Search unexpected status: 404
2026-04-08 18:39:15 +00:00: 2026-04-08 18:39:15,414 - __main__ - INFO - 📬 Reply strategy: 0 candidates
2026-04-08 18:39:16 +00:00: 2026-04-08 18:39:16,770 - __main__ - INFO - 📊 VIP DB: 3 candidates from events
2026-04-08 18:39:16 +00:00: 2026-04-08 18:39:16,770 - __main__ - INFO - 📡 VIP GraphQL fallback triggered — 3 DB candidates < 10
2026-04-08 18:39:17 +00:00: 2026-04-08 18:39:17,836 - __main__ - INFO - 📡 GraphQL timeline @CounterStrike: 20 tweets, status=200
2026-04-08 18:39:17 +00:00: 2026-04-08 18:39:17,836 - __main__ - INFO - 📡 @CounterStrike: 20 tweets via GraphQL
2026-04-08 18:39:20 +00:00: 2026-04-08 18:39:20,733 - __main__ - INFO - 📡 GraphQL timeline @Dust2us: 20 tweets, status=200
2026-04-08 18:39:20 +00:00: 2026-04-08 18:39:20,734 - __main__ - INFO - 📡 @Dust2us: 20 tweets via GraphQL
2026-04-08 18:39:23 +00:00: 2026-04-08 18:39:23,503 - __main__ - INFO - 📡 GraphQL timeline @BlastPremier: 11 tweets, status=200
2026-04-08 18:39:23 +00:00: 2026-04-08 18:39:23,504 - __main__ - INFO - 📡 @BlastPremier: 11 tweets via GraphQL
2026-04-08 18:39:26 +00:00: 2026-04-08 18:39:26,420 - __main__ - INFO - 📡 GraphQL timeline @EsportsInsider: 20 tweets, status=200
2026-04-08 18:39:26 +00:00: 2026-04-08 18:39:26,421 - __main__ - INFO - 📡 @EsportsInsider: 20 tweets via GraphQL
2026-04-08 18:39:29 +00:00: 2026-04-08 18:39:29,259 - __main__ - INFO - 📡 GraphQL timeline @Slasher: 20 tweets, status=200
2026-04-08 18:39:29 +00:00: 2026-04-08 18:39:29,260 - __main__ - INFO - 📡 @Slasher: 20 tweets via GraphQL
2026-04-08 18:39:31 +00:00: 2026-04-08 18:39:31,418 - __main__ - INFO - 📡 GraphQL timeline @hltv: 0 tweets, status=200
2026-04-08 18:39:33 +00:00: 2026-04-08 18:39:33,421 - __main__ - INFO - 📊 VIP strategy: 28 total candidates
2026-04-08 18:39:37 +00:00: 2026-04-08 18:39:37,615 - __main__ - INFO - ❤️  Liked tweet 204193858872879... by @mousesports (vip_from_events)
2026-04-08 18:39:46 +00:00: 2026-04-08 18:39:46,044 - __main__ - INFO - 🎯 Engagement target strategy: 5 candidates
2026-04-08 18:39:47 +00:00: 2026-04-08 18:39:47,987 - __main__ - INFO - 📡 GraphQL timeline @Complexity: 11 tweets, status=200
2026-04-08 18:39:47 +00:00: 2026-04-08 18:39:47,988 - __main__ - INFO - 🌐 @Complexity: 11 tweets via timeline scrape
2026-04-08 18:39:50 +00:00: 2026-04-08 18:39:50,117 - __main__ - INFO - 📡 GraphQL timeline @Brehze: 0 tweets, status=200
2026-04-08 18:39:52 +00:00: 2026-04-08 18:39:52,244 - __main__ - INFO - Could not resolve @gaborcsgo: 200
2026-04-08 18:39:55 +00:00: 2026-04-08 18:39:55,004 - __main__ - INFO - ✅ Like cycle complete — liked 1 tweets (2/200 today)
2026-04-08 19:24:55 +00:00: 2026-04-08 19:24:55,055 - utils.db_utils - WARNING - ⚠️  DB connection stale — reconnecting…
2026-04-08 19:24:56 +00:00: 2026-04-08 19:24:56,051 - utils.db_utils - INFO - ✅ Reconnected to PostgreSQL
2026-04-08 19:24:56 +00:00: 2026-04-08 19:24:56,378 - __main__ - INFO - 💫 Like cycle starting — 2/200 today, budget: 40
2026-04-08 19:24:57 +00:00: 2026-04-08 19:24:57,356 - __main__ - INFO - 📬 Found 10 of our tweets to check for replies
2026-04-08 19:24:57 +00:00: 2026-04-08 19:24:57,491 - __main__ - INFO - Search unexpected status: 404
2026-04-08 19:24:58 +00:00: 2026-04-08 19:24:58,607 - __main__ - INFO - Search unexpected status: 404
2026-04-08 19:24:59 +00:00: 2026-04-08 19:24:59,722 - __main__ - INFO - Search unexpected status: 404
2026-04-08 19:25:00 +00:00: 2026-04-08 19:25:00,724 - __main__ - INFO - 📬 Reply strategy: 0 candidates
2026-04-08 19:25:02 +00:00: 2026-04-08 19:25:02,192 - __main__ - INFO - 📊 VIP DB: 3 candidates from events
2026-04-08 19:25:02 +00:00: 2026-04-08 19:25:02,193 - __main__ - INFO - 📡 VIP GraphQL fallback triggered — 3 DB candidates < 10
2026-04-08 19:25:02 +00:00: 2026-04-08 19:25:02,534 - __main__ - INFO - 📡 GraphQL timeline @ABORCS: 0 tweets, status=200
2026-04-08 19:25:04 +00:00: 2026-04-08 19:25:04,783 - __main__ - INFO - 📡 GraphQL timeline @hltv: 0 tweets, status=200
2026-04-08 19:25:07 +00:00: 2026-04-08 19:25:07,532 - __main__ - INFO - 📡 GraphQL timeline @CounterStrike: 20 tweets, status=200
2026-04-08 19:25:07 +00:00: 2026-04-08 19:25:07,533 - __main__ - INFO - 📡 @CounterStrike: 20 tweets via GraphQL
2026-04-08 19:25:10 +00:00: 2026-04-08 19:25:10,681 - __main__ - INFO - 📡 GraphQL timeline @CS2News_EN: 20 tweets, status=200
2026-04-08 19:25:10 +00:00: 2026-04-08 19:25:10,682 - __main__ - INFO - 📡 @CS2News_EN: 20 tweets via GraphQL
2026-04-08 19:25:13 +00:00: 2026-04-08 19:25:13,548 - __main__ - INFO - 📡 GraphQL timeline @LiquipediaCS: 20 tweets, status=200
2026-04-08 19:25:13 +00:00: 2026-04-08 19:25:13,549 - __main__ - INFO - 📡 @LiquipediaCS: 20 tweets via GraphQL
2026-04-08 19:25:16 +00:00: 2026-04-08 19:25:16,107 - __main__ - INFO - 📡 GraphQL timeline @BlastPremier: 11 tweets, status=200
2026-04-08 19:25:16 +00:00: 2026-04-08 19:25:16,108 - __main__ - INFO - 📡 @BlastPremier: 11 tweets via GraphQL
2026-04-08 19:25:18 +00:00: 2026-04-08 19:25:18,110 - __main__ - INFO - 📊 VIP strategy: 23 total candidates
2026-04-08 19:25:22 +00:00: 2026-04-08 19:25:22,512 - __main__ - INFO - 🎯 Engagement target strategy: 5 candidates
2026-04-08 19:25:24 +00:00: 2026-04-08 19:25:24,065 - __main__ - INFO - 📡 GraphQL timeline @TeamLiquidCS: 20 tweets, status=200
2026-04-08 19:25:24 +00:00: 2026-04-08 19:25:24,065 - __main__ - INFO - 🌐 @TeamLiquidCS: 20 tweets via timeline scrape
2026-04-08 19:25:27 +00:00: 2026-04-08 19:25:27,080 - __main__ - INFO - 📡 GraphQL timeline @Karrigancsgo: 20 tweets, status=200
2026-04-08 19:25:27 +00:00: 2026-04-08 19:25:27,081 - __main__ - INFO - 🌐 @Karrigancsgo: 20 tweets via timeline scrape
2026-04-08 19:25:29 +00:00: 2026-04-08 19:25:29,896 - __main__ - INFO - 📡 GraphQL timeline @EliGE: 20 tweets, status=200
2026-04-08 19:25:29 +00:00: 2026-04-08 19:25:29,897 - __main__ - INFO - 🌐 @EliGE: 20 tweets via timeline scrape
2026-04-08 19:25:34 +00:00: 2026-04-08 19:25:34,347 - __main__ - INFO - ✅ Like cycle complete — liked 0 tweets (2/200 today)
2026-04-08 20:10:34 +00:00: 2026-04-08 20:10:34,446 - utils.db_utils - WARNING - ⚠️  DB connection stale — reconnecting…
2026-04-08 20:10:35 +00:00: 2026-04-08 20:10:35,363 - utils.db_utils - INFO - ✅ Reconnected to PostgreSQL
2026-04-08 20:10:35 +00:00: 2026-04-08 20:10:35,661 - __main__ - INFO - 💫 Like cycle starting — 2/200 today, budget: 40
2026-04-08 20:10:36 +00:00: 2026-04-08 20:10:36,551 - __main__ - INFO - 📬 Found 10 of our tweets to check for replies
2026-04-08 20:10:36 +00:00: 2026-04-08 20:10:36,686 - __main__ - INFO - Search unexpected status: 404
2026-04-08 20:10:37 +00:00: 2026-04-08 20:10:37,804 - __main__ - INFO - Search unexpected status: 404
2026-04-08 20:10:38 +00:00: 2026-04-08 20:10:38,925 - __main__ - INFO - Search unexpected status: 404
2026-04-08 20:10:39 +00:00: 2026-04-08 20:10:39,927 - __main__ - INFO - 📬 Reply strategy: 0 candidates
2026-04-08 20:10:41 +00:00: 2026-04-08 20:10:41,260 - __main__ - INFO - 📊 VIP DB: 3 candidates from events
2026-04-08 20:10:41 +00:00: 2026-04-08 20:10:41,261 - __main__ - INFO - 📡 VIP GraphQL fallback triggered — 3 DB candidates < 10
2026-04-08 20:10:41 +00:00: 2026-04-08 20:10:41,583 - __main__ - INFO - 📡 GraphQL timeline @hltv: 0 tweets, status=200
2026-04-08 20:10:44 +00:00: 2026-04-08 20:10:44,553 - __main__ - INFO - 📡 GraphQL timeline @Dust2us: 20 tweets, status=200
2026-04-08 20:10:44 +00:00: 2026-04-08 20:10:44,553 - __main__ - INFO - 📡 @Dust2us: 20 tweets via GraphQL
2026-04-08 20:10:47 +00:00: 2026-04-08 20:10:47,430 - __main__ - INFO - 📡 GraphQL timeline @Slasher: 20 tweets, status=200
2026-04-08 20:10:47 +00:00: 2026-04-08 20:10:47,430 - __main__ - INFO - 📡 @Slasher: 20 tweets via GraphQL
2026-04-08 20:10:49 +00:00: 2026-04-08 20:10:49,998 - __main__ - INFO - 📡 GraphQL timeline @CS2News_EN: 20 tweets, status=200
2026-04-08 20:10:49 +00:00: 2026-04-08 20:10:49,998 - __main__ - INFO - 📡 @CS2News_EN: 20 tweets via GraphQL
2026-04-08 20:10:52 +00:00: 2026-04-08 20:10:52,150 - __main__ - INFO - Could not resolve @DonHaci: 200
2026-04-08 20:10:54 +00:00: 2026-04-08 20:10:54,733 - __main__ - INFO - 📡 GraphQL timeline @EsportsInsider: 20 tweets, status=200
2026-04-08 20:10:54 +00:00: 2026-04-08 20:10:54,734 - __main__ - INFO - 📡 @EsportsInsider: 20 tweets via GraphQL
2026-04-08 20:10:56 +00:00: 2026-04-08 20:10:56,736 - __main__ - INFO - 📊 VIP strategy: 23 total candidates
2026-04-08 20:11:01 +00:00: 2026-04-08 20:11:01,041 - __main__ - INFO - 🎯 Engagement target strategy: 5 candidates
2026-04-08 20:11:02 +00:00: 2026-04-08 20:11:02,623 - __main__ - INFO - 📡 GraphQL timeline @ESLCS: 20 tweets, status=200
2026-04-08 20:11:02 +00:00: 2026-04-08 20:11:02,625 - __main__ - INFO - 🌐 @ESLCS: 20 tweets via timeline scrape
2026-04-08 20:11:04 +00:00: 2026-04-08 20:11:04,777 - __main__ - INFO - 📡 GraphQL timeline @rainCS: 0 tweets, status=200
2026-04-08 20:11:07 +00:00: 2026-04-08 20:11:07,486 - __main__ - INFO - 📡 GraphQL timeline @Karrigancsgo: 20 tweets, status=200
2026-04-08 20:11:07 +00:00: 2026-04-08 20:11:07,487 - __main__ - INFO - 🌐 @Karrigancsgo: 20 tweets via timeline scrape
2026-04-08 20:11:10 +00:00: 2026-04-08 20:11:10,971 - __main__ - INFO - ✅ Like cycle complete — liked 0 tweets (2/200 today)
2026-04-08 20:56:11 +00:00: 2026-04-08 20:56:11,055 - utils.db_utils - WARNING - ⚠️  DB connection stale — reconnecting…
2026-04-08 20:56:11 +00:00: 2026-04-08 20:56:11,985 - utils.db_utils - INFO - ✅ Reconnected to PostgreSQL
2026-04-08 20:56:12 +00:00: 2026-04-08 20:56:12,289 - __main__ - INFO - 💫 Like cycle starting — 2/200 today, budget: 40
2026-04-08 20:56:13 +00:00: 2026-04-08 20:56:13,202 - __main__ - INFO - 📬 Found 10 of our tweets to check for replies
2026-04-08 20:56:13 +00:00: 2026-04-08 20:56:13,391 - __main__ - INFO - 🔑 Guest token refreshed
2026-04-08 20:56:13 +00:00: 2026-04-08 20:56:13,542 - __main__ - INFO - Search error: Input is a zero-length, empty document: line 1 column 1 (char 0)
2026-04-08 20:56:14 +00:00: 2026-04-08 20:56:14,817 - __main__ - INFO - Search unexpected status: 404
2026-04-08 20:56:16 +00:00: 2026-04-08 20:56:16,009 - __main__ - INFO - Search unexpected status: 404
2026-04-08 20:56:17 +00:00: 2026-04-08 20:56:17,010 - __main__ - INFO - 📬 Reply strategy: 0 candidates
2026-04-08 20:56:18 +00:00: 2026-04-08 20:56:18,374 - __main__ - INFO - 📊 VIP DB: 3 candidates from events
2026-04-08 20:56:18 +00:00: 2026-04-08 20:56:18,374 - __main__ - INFO - 📡 VIP GraphQL fallback triggered — 3 DB candidates < 10
2026-04-08 20:56:18 +00:00: 2026-04-08 20:56:18,691 - __main__ - INFO - 📡 GraphQL timeline @ABORCS: 0 tweets, status=200
2026-04-08 20:56:21 +00:00: 2026-04-08 20:56:21,710 - __main__ - INFO - 📡 GraphQL timeline @CounterStrike: 20 tweets, status=200
2026-04-08 20:56:21 +00:00: 2026-04-08 20:56:21,710 - __main__ - INFO - 📡 @CounterStrike: 20 tweets via GraphQL
2026-04-08 20:56:24 +00:00: 2026-04-08 20:56:24,660 - __main__ - INFO - 📡 GraphQL timeline @EsportsInsider: 20 tweets, status=200
2026-04-08 20:56:24 +00:00: 2026-04-08 20:56:24,660 - __main__ - INFO - 📡 @EsportsInsider: 20 tweets via GraphQL
2026-04-08 20:56:27 +00:00: 2026-04-08 20:56:27,717 - __main__ - INFO - 📡 GraphQL timeline @Slasher: 20 tweets, status=200
2026-04-08 20:56:27 +00:00: 2026-04-08 20:56:27,717 - __main__ - INFO - 📡 @Slasher: 20 tweets via GraphQL
2026-04-08 20:56:29 +00:00: 2026-04-08 20:56:29,987 - __main__ - INFO - 📡 GraphQL timeline @Nors3: 0 tweets, status=200
2026-04-08 20:56:32 +00:00: 2026-04-08 20:56:32,870 - __main__ - INFO - 📡 GraphQL timeline @Dust2us: 20 tweets, status=200
2026-04-08 20:56:32 +00:00: 2026-04-08 20:56:32,871 - __main__ - INFO - 📡 @Dust2us: 20 tweets via GraphQL
2026-04-08 20:56:34 +00:00: 2026-04-08 20:56:34,873 - __main__ - INFO - 📊 VIP strategy: 23 total candidates
2026-04-08 20:56:39 +00:00: 2026-04-08 20:56:39,275 - __main__ - INFO - 🎯 Engagement target strategy: 5 candidates
2026-04-08 20:56:40 +00:00: 2026-04-08 20:56:40,852 - __main__ - INFO - 📡 GraphQL timeline @Karrigancsgo: 20 tweets, status=200
2026-04-08 20:56:40 +00:00: 2026-04-08 20:56:40,852 - __main__ - INFO - 🌐 @Karrigancsgo: 20 tweets via timeline scrape
2026-04-08 20:56:43 +00:00: 2026-04-08 20:56:43,807 - __main__ - INFO - 📡 GraphQL timeline @Twistzz: 20 tweets, status=200
2026-04-08 20:56:43 +00:00: 2026-04-08 20:56:43,808 - __main__ - INFO - 🌐 @Twistzz: 20 tweets via timeline scrape
2026-04-08 20:56:46 +00:00: 2026-04-08 20:56:46,725 - __main__ - INFO - 📡 GraphQL timeline @ESLCS: 20 tweets, status=200
2026-04-08 20:56:46 +00:00: 2026-04-08 20:56:46,725 - __main__ - INFO - 🌐 @ESLCS: 20 tweets via timeline scrape
2026-04-08 20:56:51 +00:00: 2026-04-08 20:56:51,006 - __main__ - INFO - ✅ Like cycle complete — liked 0 tweets (2/200 today)
2026-04-08 21:41:51 +00:00: 2026-04-08 21:41:51,060 - utils.db_utils - WARNING - ⚠️  DB connection stale — reconnecting…
2026-04-08 21:41:52 +00:00: 2026-04-08 21:41:52,033 - utils.db_utils - INFO - ✅ Reconnected to PostgreSQL
2026-04-08 21:41:52 +00:00: 2026-04-08 21:41:52,327 - __main__ - INFO - 💫 Like cycle starting — 2/200 today, budget: 40
2026-04-08 21:41:53 +00:00: 2026-04-08 21:41:53,207 - __main__ - INFO - 📬 Found 10 of our tweets to check for replies
2026-04-08 21:41:53 +00:00: 2026-04-08 21:41:53,363 - __main__ - INFO - Search unexpected status: 404
2026-04-08 21:41:54 +00:00: 2026-04-08 21:41:54,488 - __main__ - INFO - Search unexpected status: 404
2026-04-08 21:41:55 +00:00: 2026-04-08 21:41:55,614 - __main__ - INFO - Search unexpected status: 404
2026-04-08 21:41:56 +00:00: 2026-04-08 21:41:56,615 - __main__ - INFO - 📬 Reply strategy: 0 candidates
2026-04-08 21:41:57 +00:00: 2026-04-08 21:41:57,934 - __main__ - INFO - 📊 VIP DB: 3 candidates from events
2026-04-08 21:41:57 +00:00: 2026-04-08 21:41:57,935 - __main__ - INFO - 📡 VIP GraphQL fallback triggered — 3 DB candidates < 10
2026-04-08 21:41:58 +00:00: 2026-04-08 21:41:58,259 - __main__ - INFO - 📡 GraphQL timeline @hltv: 0 tweets, status=200
2026-04-08 21:42:00 +00:00: 2026-04-08 21:42:00,415 - __main__ - INFO - Could not resolve @DonHaci: 200
2026-04-08 21:42:03 +00:00: 2026-04-08 21:42:03,419 - __main__ - INFO - 📡 GraphQL timeline @EsportsInsider: 20 tweets, status=200
2026-04-08 21:42:03 +00:00: 2026-04-08 21:42:03,420 - __main__ - INFO - 📡 @EsportsInsider: 20 tweets via GraphQL
2026-04-08 21:42:05 +00:00: 2026-04-08 21:42:05,565 - __main__ - INFO - Could not resolve @RichardLewisTV: 200
2026-04-08 21:42:08 +00:00: 2026-04-08 21:42:08,461 - __main__ - INFO - 📡 GraphQL timeline @BlastPremier: 11 tweets, status=200
2026-04-08 21:42:08 +00:00: 2026-04-08 21:42:08,462 - __main__ - INFO - 📡 @BlastPremier: 11 tweets via GraphQL
2026-04-08 21:42:11 +00:00: 2026-04-08 21:42:11,479 - __main__ - INFO - 📡 GraphQL timeline @CounterStrike: 20 tweets, status=200
2026-04-08 21:42:11 +00:00: 2026-04-08 21:42:11,480 - __main__ - INFO - 📡 @CounterStrike: 20 tweets via GraphQL
2026-04-08 21:42:13 +00:00: 2026-04-08 21:42:13,483 - __main__ - INFO - 📊 VIP strategy: 18 total candidates
2026-04-08 21:42:16 +00:00: 2026-04-08 21:42:16,710 - __main__ - INFO - 🎯 Engagement target strategy: 5 candidates
2026-04-08 21:42:18 +00:00: 2026-04-08 21:42:18,272 - __main__ - INFO - 📡 GraphQL timeline @OGesports: 20 tweets, status=200
2026-04-08 21:42:18 +00:00: 2026-04-08 21:42:18,273 - __main__ - INFO - 🌐 @OGesports: 20 tweets via timeline scrape
2026-04-08 21:42:21 +00:00: 2026-04-08 21:42:21,531 - __main__ - INFO - 📡 GraphQL timeline @Complexity: 11 tweets, status=200
2026-04-08 21:42:21 +00:00: 2026-04-08 21:42:21,532 - __main__ - INFO - 🌐 @Complexity: 11 tweets via timeline scrape
2026-04-08 21:42:24 +00:00: 2026-04-08 21:42:24,501 - __main__ - INFO - 📡 GraphQL timeline @FACEIT: 0 tweets, status=200
2026-04-08 21:42:27 +00:00: 2026-04-08 21:42:27,970 - __main__ - INFO - ✅ Like cycle complete — liked 0 tweets (2/200 today)
2026-04-08 22:27:28 +00:00: 2026-04-08 22:27:28,059 - utils.db_utils - WARNING - ⚠️  DB connection stale — reconnecting…
2026-04-08 22:27:28 +00:00: 2026-04-08 22:27:28,956 - utils.db_utils - INFO - ✅ Reconnected to PostgreSQL
2026-04-08 22:27:29 +00:00: 2026-04-08 22:27:29,251 - __main__ - INFO - 💫 Like cycle starting — 2/200 today, budget: 40
2026-04-08 22:27:30 +00:00: 2026-04-08 22:27:30,133 - __main__ - INFO - 📬 Found 10 of our tweets to check for replies
2026-04-08 22:27:30 +00:00: 2026-04-08 22:27:30,280 - __main__ - INFO - Search unexpected status: 404
2026-04-08 22:27:31 +00:00: 2026-04-08 22:27:31,405 - __main__ - INFO - Search unexpected status: 404
2026-04-08 22:27:32 +00:00: 2026-04-08 22:27:32,530 - __main__ - INFO - Search unexpected status: 404
2026-04-08 22:27:33 +00:00: 2026-04-08 22:27:33,531 - __main__ - INFO - 📬 Reply strategy: 0 candidates
2026-04-08 22:27:34 +00:00: 2026-04-08 22:27:34,850 - __main__ - INFO - 📊 VIP DB: 3 candidates from events
2026-04-08 22:27:34 +00:00: 2026-04-08 22:27:34,850 - __main__ - INFO - 📡 VIP GraphQL fallback triggered — 3 DB candidates < 10
2026-04-08 22:27:35 +00:00: 2026-04-08 22:27:35,808 - __main__ - INFO - 📡 GraphQL timeline @Dust2us: 20 tweets, status=200
2026-04-08 22:27:35 +00:00: 2026-04-08 22:27:35,808 - __main__ - INFO - 📡 @Dust2us: 20 tweets via GraphQL
2026-04-08 22:27:38 +00:00: 2026-04-08 22:27:38,624 - __main__ - INFO - 📡 GraphQL timeline @CounterStrike: 20 tweets, status=200
2026-04-08 22:27:38 +00:00: 2026-04-08 22:27:38,625 - __main__ - INFO - 📡 @CounterStrike: 20 tweets via GraphQL
2026-04-08 22:27:40 +00:00: 2026-04-08 22:27:40,824 - __main__ - INFO - 📡 GraphQL timeline @hltv: 0 tweets, status=200
2026-04-08 22:27:43 +00:00: 2026-04-08 22:27:43,620 - __main__ - INFO - 📡 GraphQL timeline @EsportsInsider: 20 tweets, status=200
2026-04-08 22:27:43 +00:00: 2026-04-08 22:27:43,621 - __main__ - INFO - 📡 @EsportsInsider: 20 tweets via GraphQL
2026-04-08 22:27:46 +00:00: 2026-04-08 22:27:46,194 - __main__ - INFO - 📡 GraphQL timeline @BlastPremier: 11 tweets, status=200
2026-04-08 22:27:46 +00:00: 2026-04-08 22:27:46,195 - __main__ - INFO - 📡 @BlastPremier: 11 tweets via GraphQL
2026-04-08 22:27:49 +00:00: 2026-04-08 22:27:49,228 - __main__ - INFO - 📡 GraphQL timeline @RazedEsport: 20 tweets, status=200
2026-04-08 22:27:49 +00:00: 2026-04-08 22:27:49,228 - __main__ - INFO - 📡 @RazedEsport: 20 tweets via GraphQL
2026-04-08 22:27:51 +00:00: 2026-04-08 22:27:51,231 - __main__ - INFO - 📊 VIP strategy: 28 total candidates
2026-04-08 22:27:55 +00:00: 2026-04-08 22:27:55,925 - __main__ - INFO - 🎯 Engagement target strategy: 5 candidates
2026-04-08 22:27:57 +00:00: 2026-04-08 22:27:57,525 - __main__ - INFO - 📡 GraphQL timeline @EliGE: 20 tweets, status=200
2026-04-08 22:27:57 +00:00: 2026-04-08 22:27:57,526 - __main__ - INFO - 🌐 @EliGE: 20 tweets via timeline scrape
2026-04-08 22:27:59 +00:00: 2026-04-08 22:27:59,658 - __main__ - INFO - Could not resolve @LOABORVRE_CS2: 200
2026-04-08 22:28:02 +00:00: 2026-04-08 22:28:02,412 - __main__ - INFO - 📡 GraphQL timeline @TeamLiquidCS: 20 tweets, status=200
2026-04-08 22:28:02 +00:00: 2026-04-08 22:28:02,413 - __main__ - INFO - 🌐 @TeamLiquidCS: 20 tweets via timeline scrape
2026-04-08 22:28:05 +00:00: 2026-04-08 22:28:05,883 - __main__ - INFO - ✅ Like cycle complete — liked 0 tweets (2/200 today)
2026-04-08 23:13:05 +00:00: 2026-04-08 23:13:05,920 - utils.db_utils - WARNING - ⚠️  DB connection stale — reconnecting…
2026-04-08 23:13:06 +00:00: 2026-04-08 23:13:06,883 - utils.db_utils - INFO - ✅ Reconnected to PostgreSQL
2026-04-08 23:13:07 +00:00: 2026-04-08 23:13:07,179 - __main__ - INFO - 💫 Like cycle starting — 2/200 today, budget: 40
2026-04-08 23:13:08 +00:00: 2026-04-08 23:13:08,057 - __main__ - INFO - 📬 Found 10 of our tweets to check for replies
2026-04-08 23:13:08 +00:00: 2026-04-08 23:13:08,219 - __main__ - INFO - 🔑 Guest token refreshed
2026-04-08 23:13:08 +00:00: 2026-04-08 23:13:08,352 - __main__ - INFO - Search unexpected status: 404
2026-04-08 23:13:09 +00:00: 2026-04-08 23:13:09,470 - __main__ - INFO - Search unexpected status: 404
2026-04-08 23:13:10 +00:00: 2026-04-08 23:13:10,588 - __main__ - INFO - Search unexpected status: 404
2026-04-08 23:13:11 +00:00: 2026-04-08 23:13:11,589 - __main__ - INFO - 📬 Reply strategy: 0 candidates
2026-04-08 23:13:12 +00:00: 2026-04-08 23:13:12,905 - __main__ - INFO - 📊 VIP DB: 3 candidates from events
2026-04-08 23:13:12 +00:00: 2026-04-08 23:13:12,905 - __main__ - INFO - 📡 VIP GraphQL fallback triggered — 3 DB candidates < 10
2026-04-08 23:13:13 +00:00: 2026-04-08 23:13:13,217 - __main__ - INFO - 📡 GraphQL timeline @hltv: 0 tweets, status=200
2026-04-08 23:13:16 +00:00: 2026-04-08 23:13:16,196 - __main__ - INFO - 📡 GraphQL timeline @Slasher: 20 tweets, status=200
2026-04-08 23:13:16 +00:00: 2026-04-08 23:13:16,196 - __main__ - INFO - 📡 @Slasher: 20 tweets via GraphQL
2026-04-08 23:13:19 +00:00: 2026-04-08 23:13:19,160 - __main__ - INFO - 📡 GraphQL timeline @CounterStrike: 20 tweets, status=200
2026-04-08 23:13:19 +00:00: 2026-04-08 23:13:19,161 - __main__ - INFO - 📡 @CounterStrike: 20 tweets via GraphQL
2026-04-08 23:13:21 +00:00: 2026-04-08 23:13:21,953 - __main__ - INFO - 📡 GraphQL timeline @EsportsInsider: 20 tweets, status=200
2026-04-08 23:13:21 +00:00: 2026-04-08 23:13:21,953 - __main__ - INFO - 📡 @EsportsInsider: 20 tweets via GraphQL
2026-04-08 23:13:24 +00:00: 2026-04-08 23:13:24,102 - __main__ - INFO - Could not resolve @DonHaci: 200
2026-04-08 23:13:26 +00:00: 2026-04-08 23:13:26,810 - __main__ - INFO - 📡 GraphQL timeline @BlastPremier: 11 tweets, status=200
2026-04-08 23:13:26 +00:00: 2026-04-08 23:13:26,811 - __main__ - INFO - 📡 @BlastPremier: 11 tweets via GraphQL
2026-04-08 23:13:28 +00:00: 2026-04-08 23:13:28,812 - __main__ - INFO - 📊 VIP strategy: 23 total candidates
2026-04-08 23:13:32 +00:00: 2026-04-08 23:13:32,767 - __main__ - INFO - 🎯 Engagement target strategy: 5 candidates
2026-04-08 23:13:34 +00:00: 2026-04-08 23:13:34,411 - __main__ - INFO - 📡 GraphQL timeline @Karrigancsgo: 20 tweets, status=200
2026-04-08 23:13:34 +00:00: 2026-04-08 23:13:34,412 - __main__ - INFO - 🌐 @Karrigancsgo: 20 tweets via timeline scrape
2026-04-08 23:13:37 +00:00: 2026-04-08 23:13:37,112 - __main__ - INFO - 📡 GraphQL timeline @Complexity: 11 tweets, status=200
2026-04-08 23:13:37 +00:00: 2026-04-08 23:13:37,112 - __main__ - INFO - 🌐 @Complexity: 11 tweets via timeline scrape
2026-04-08 23:13:39 +00:00: 2026-04-08 23:13:39,848 - __main__ - INFO - 📡 GraphQL timeline @ESLCS: 20 tweets, status=200
2026-04-08 23:13:39 +00:00: 2026-04-08 23:13:39,849 - __main__ - INFO - 🌐 @ESLCS: 20 tweets via timeline scrape
2026-04-08 23:13:44 +00:00: 2026-04-08 23:13:44,047 - __main__ - INFO - ✅ Like cycle complete — liked 0 tweets (2/200 today)
2026-04-08 23:58:44 +00:00: 2026-04-08 23:58:44,078 - utils.db_utils - WARNING - ⚠️  DB connection stale — reconnecting…
2026-04-08 23:58:45 +00:00: 2026-04-08 23:58:45,001 - utils.db_utils - INFO - ✅ Reconnected to PostgreSQL
2026-04-08 23:58:45 +00:00: 2026-04-08 23:58:45,302 - __main__ - INFO - 💫 Like cycle starting — 2/200 today, budget: 40
2026-04-08 23:58:46 +00:00: 2026-04-08 23:58:46,206 - __main__ - INFO - 📬 Found 10 of our tweets to check for replies
2026-04-08 23:58:46 +00:00: 2026-04-08 23:58:46,347 - __main__ - INFO - Search unexpected status: 404
2026-04-08 23:58:47 +00:00: 2026-04-08 23:58:47,468 - __main__ - INFO - Search unexpected status: 404
2026-04-08 23:58:48 +00:00: 2026-04-08 23:58:48,591 - __main__ - INFO - Search unexpected status: 404
2026-04-08 23:58:49 +00:00: 2026-04-08 23:58:49,592 - __main__ - INFO - 📬 Reply strategy: 0 candidates
2026-04-08 23:58:50 +00:00: 2026-04-08 23:58:50,948 - __main__ - INFO - 📊 VIP DB: 3 candidates from events
2026-04-08 23:58:50 +00:00: 2026-04-08 23:58:50,949 - __main__ - INFO - 📡 VIP GraphQL fallback triggered — 3 DB candidates < 10
2026-04-08 23:58:52 +00:00: 2026-04-08 23:58:52,261 - __main__ - INFO - 📡 GraphQL timeline @CounterStrike: 20 tweets, status=200
2026-04-08 23:58:52 +00:00: 2026-04-08 23:58:52,262 - __main__ - INFO - 📡 @CounterStrike: 20 tweets via GraphQL
2026-04-08 23:58:55 +00:00: 2026-04-08 23:58:55,254 - __main__ - INFO - 📡 GraphQL timeline @RazedEsport: 20 tweets, status=200
2026-04-08 23:58:55 +00:00: 2026-04-08 23:58:55,254 - __main__ - INFO - 📡 @RazedEsport: 20 tweets via GraphQL
2026-04-08 23:58:57 +00:00: 2026-04-08 23:58:57,413 - __main__ - INFO - 📡 GraphQL timeline @hltv: 0 tweets, status=200
2026-04-08 23:59:00 +00:00: 2026-04-08 23:59:00,393 - __main__ - INFO - 📡 GraphQL timeline @Slasher: 20 tweets, status=200
2026-04-08 23:59:00 +00:00: 2026-04-08 23:59:00,394 - __main__ - INFO - 📡 @Slasher: 20 tweets via GraphQL
2026-04-08 23:59:03 +00:00: 2026-04-08 23:59:03,059 - __main__ - INFO - 📡 GraphQL timeline @BlastPremier: 11 tweets, status=200
2026-04-08 23:59:03 +00:00: 2026-04-08 23:59:03,059 - __main__ - INFO - 📡 @BlastPremier: 11 tweets via GraphQL
2026-04-08 23:59:06 +00:00: 2026-04-08 23:59:06,093 - __main__ - INFO - 📡 GraphQL timeline @EsportsInsider: 20 tweets, status=200
2026-04-08 23:59:06 +00:00: 2026-04-08 23:59:06,093 - __main__ - INFO - 📡 @EsportsInsider: 20 tweets via GraphQL
2026-04-08 23:59:08 +00:00: 2026-04-08 23:59:08,096 - __main__ - INFO - 📊 VIP strategy: 28 total candidates
2026-04-08 23:59:12 +00:00: 2026-04-08 23:59:12,932 - __main__ - INFO - 🎯 Engagement target strategy: 5 candidates
2026-04-08 23:59:14 +00:00: 2026-04-08 23:59:14,654 - __main__ - INFO - 📡 GraphQL timeline @EliGE: 20 tweets, status=200
2026-04-08 23:59:14 +00:00: 2026-04-08 23:59:14,654 - __main__ - INFO - 🌐 @EliGE: 20 tweets via timeline scrape
2026-04-08 23:59:16 +00:00: 2026-04-08 23:59:16,806 - __main__ - INFO - 📡 GraphQL timeline @rainCS: 0 tweets, status=200
2026-04-08 23:59:18 +00:00: 2026-04-08 23:59:18,941 - __main__ - INFO - Could not resolve @LOABORVRE_CS2: 200
2026-04-08 23:59:21 +00:00: 2026-04-08 23:59:21,695 - __main__ - INFO - ✅ Like cycle complete — liked 0 tweets (2/200 today)
2026-04-09 00:44:21 +00:00: 2026-04-09 00:44:21,727 - utils.db_utils - WARNING - ⚠️  DB connection stale — reconnecting…
2026-04-09 00:44:22 +00:00: 2026-04-09 00:44:22,704 - utils.db_utils - INFO - ✅ Reconnected to PostgreSQL
2026-04-09 00:44:23 +00:00: 2026-04-09 00:44:23,004 - __main__ - INFO - 💫 Like cycle starting — 0/200 today, budget: 40
2026-04-09 00:44:23 +00:00: 2026-04-09 00:44:23,903 - __main__ - INFO - 📬 Found 10 of our tweets to check for replies
2026-04-09 00:44:24 +00:00: 2026-04-09 00:44:24,052 - __main__ - INFO - Search unexpected status: 404
2026-04-09 00:44:25 +00:00: 2026-04-09 00:44:25,173 - __main__ - INFO - Search unexpected status: 404
2026-04-09 00:44:26 +00:00: 2026-04-09 00:44:26,384 - __main__ - INFO - Search unexpected status: 404
2026-04-09 00:44:27 +00:00: 2026-04-09 00:44:27,386 - __main__ - INFO - 📬 Reply strategy: 0 candidates
2026-04-09 00:44:28 +00:00: 2026-04-09 00:44:28,737 - __main__ - INFO - 📊 VIP DB: 3 candidates from events
2026-04-09 00:44:28 +00:00: 2026-04-09 00:44:28,737 - __main__ - INFO - 📡 VIP GraphQL fallback triggered — 3 DB candidates < 10
2026-04-09 00:44:29 +00:00: 2026-04-09 00:44:29,389 - __main__ - INFO - 📡 GraphQL timeline @BlastPremier: 11 tweets, status=200
2026-04-09 00:44:29 +00:00: 2026-04-09 00:44:29,391 - __main__ - INFO - 📡 @BlastPremier: 11 tweets via GraphQL
2026-04-09 00:44:32 +00:00: 2026-04-09 00:44:32,208 - __main__ - INFO - 📡 GraphQL timeline @CounterStrike: 20 tweets, status=200
2026-04-09 00:44:32 +00:00: 2026-04-09 00:44:32,209 - __main__ - INFO - 📡 @CounterStrike: 20 tweets via GraphQL
2026-04-09 00:44:34 +00:00: 2026-04-09 00:44:34,806 - __main__ - INFO - 📡 GraphQL timeline @LiquipediaCS: 20 tweets, status=200
2026-04-09 00:44:34 +00:00: 2026-04-09 00:44:34,806 - __main__ - INFO - 📡 @LiquipediaCS: 20 tweets via GraphQL
2026-04-09 00:44:37 +00:00: 2026-04-09 00:44:37,459 - __main__ - INFO - 📡 GraphQL timeline @CS2News_EN: 20 tweets, status=200
2026-04-09 00:44:37 +00:00: 2026-04-09 00:44:37,460 - __main__ - INFO - 📡 @CS2News_EN: 20 tweets via GraphQL
2026-04-09 00:44:39 +00:00: 2026-04-09 00:44:39,595 - __main__ - INFO - 📡 GraphQL timeline @ABORCS: 0 tweets, status=200
2026-04-09 00:44:41 +00:00: 2026-04-09 00:44:41,755 - __main__ - INFO - 📡 GraphQL timeline @hltv: 0 tweets, status=200
2026-04-09 00:44:43 +00:00: 2026-04-09 00:44:43,757 - __main__ - INFO - 📊 VIP strategy: 23 total candidates
2026-04-09 00:44:47 +00:00: 2026-04-09 00:44:47,808 - __main__ - INFO - 🎯 Engagement target strategy: 5 candidates
2026-04-09 00:44:48 +00:00: 2026-04-09 00:44:48,687 - __main__ - INFO - 📡 GraphQL timeline @Brehze: 0 tweets, status=200
2026-04-09 00:44:50 +00:00: 2026-04-09 00:44:50,833 - __main__ - INFO - 📡 GraphQL timeline @rainCS: 0 tweets, status=200
2026-04-09 00:44:52 +00:00: 2026-04-09 00:44:52,962 - __main__ - INFO - Could not resolve @LOABORVRE_CS2: 200
2026-04-09 00:44:54 +00:00: 2026-04-09 00:44:54,965 - __main__ - INFO - ✅ Like cycle complete — liked 0 tweets (0/200 today)
2026-04-09 02:14:55 +00:00: 2026-04-09 02:14:55,067 - utils.db_utils - WARNING - ⚠️  DB connection stale — reconnecting…
2026-04-09 02:14:56 +00:00: 2026-04-09 02:14:56,035 - utils.db_utils - INFO - ✅ Reconnected to PostgreSQL
2026-04-09 02:14:56 +00:00: 2026-04-09 02:14:56,334 - __main__ - INFO - 💫 Like cycle starting — 0/200 today, budget: 40
2026-04-09 02:14:57 +00:00: 2026-04-09 02:14:57,228 - __main__ - INFO - 📬 Found 10 of our tweets to check for replies
2026-04-09 02:14:57 +00:00: 2026-04-09 02:14:57,425 - __main__ - INFO - 🔑 Guest token refreshed
2026-04-09 02:14:57 +00:00: 2026-04-09 02:14:57,568 - __main__ - INFO - Search unexpected status: 404
2026-04-09 02:14:58 +00:00: 2026-04-09 02:14:58,689 - __main__ - INFO - Search unexpected status: 404
2026-04-09 02:14:59 +00:00: 2026-04-09 02:14:59,812 - __main__ - INFO - Search unexpected status: 404
2026-04-09 02:15:00 +00:00: 2026-04-09 02:15:00,814 - __main__ - INFO - 📬 Reply strategy: 0 candidates
2026-04-09 02:15:02 +00:00: 2026-04-09 02:15:02,168 - __main__ - INFO - 📊 VIP DB: 3 candidates from events
2026-04-09 02:15:02 +00:00: 2026-04-09 02:15:02,168 - __main__ - INFO - 📡 VIP GraphQL fallback triggered — 3 DB candidates < 10
2026-04-09 02:15:03 +00:00: 2026-04-09 02:15:03,217 - __main__ - INFO - 📡 GraphQL timeline @Slasher: 20 tweets, status=200
2026-04-09 02:15:03 +00:00: 2026-04-09 02:15:03,217 - __main__ - INFO - 📡 @Slasher: 20 tweets via GraphQL
2026-04-09 02:15:05 +00:00: 2026-04-09 02:15:05,366 - __main__ - INFO - 📡 GraphQL timeline @Nors3: 0 tweets, status=200
2026-04-09 02:15:08 +00:00: 2026-04-09 02:15:08,372 - __main__ - INFO - 📡 GraphQL timeline @LiquipediaCS: 20 tweets, status=200
2026-04-09 02:15:08 +00:00: 2026-04-09 02:15:08,372 - __main__ - INFO - 📡 @LiquipediaCS: 20 tweets via GraphQL
2026-04-09 02:15:10 +00:00: 2026-04-09 02:15:10,535 - __main__ - INFO - 📡 GraphQL timeline @hltv: 0 tweets, status=200
2026-04-09 02:15:13 +00:00: 2026-04-09 02:15:13,459 - __main__ - INFO - 📡 GraphQL timeline @CounterStrike: 20 tweets, status=200
2026-04-09 02:15:13 +00:00: 2026-04-09 02:15:13,459 - __main__ - INFO - 📡 @CounterStrike: 20 tweets via GraphQL
2026-04-09 02:15:16 +00:00: 2026-04-09 02:15:16,072 - __main__ - INFO - 📡 GraphQL timeline @BlastPremier: 11 tweets, status=200
2026-04-09 02:15:16 +00:00: 2026-04-09 02:15:16,072 - __main__ - INFO - 📡 @BlastPremier: 11 tweets via GraphQL
2026-04-09 02:15:18 +00:00: 2026-04-09 02:15:18,074 - __main__ - INFO - 📊 VIP strategy: 23 total candidates
2026-04-09 02:15:22 +00:00: 2026-04-09 02:15:22,099 - __main__ - INFO - 🎯 Engagement target strategy: 5 candidates
2026-04-09 02:15:23 +00:00: 2026-04-09 02:15:23,438 - __main__ - INFO - 📡 GraphQL timeline @BIGCLANgg: 17 tweets, status=200
2026-04-09 02:15:23 +00:00: 2026-04-09 02:15:23,440 - __main__ - INFO - 🌐 @BIGCLANgg: 17 tweets via timeline scrape
2026-04-09 02:15:25 +00:00: 2026-04-09 02:15:25,579 - __main__ - INFO - Could not resolve @gaborcsgo: 200
2026-04-09 02:15:27 +00:00: 2026-04-09 02:15:27,730 - __main__ - INFO - 📡 GraphQL timeline @rainCS: 0 tweets, status=200
2026-04-09 02:15:31 +00:00: 2026-04-09 02:15:31,299 - __main__ - INFO - ❤️  Liked tweet 204195362280877... by @BIGCLANgg (cs2_community:BIGCLANgg)
2026-04-09 02:15:42 +00:00: 2026-04-09 02:15:42,865 - __main__ - INFO - ❤️  Liked tweet 204197555136405... by @BIGCLANgg (cs2_community:BIGCLANgg)
2026-04-09 02:15:49 +00:00: 2026-04-09 02:15:49,655 - __main__ - INFO - ❤️  Liked tweet 204191600129862... by @BIGCLANgg (cs2_community:BIGCLANgg)
2026-04-09 02:15:59 +00:00: 2026-04-09 02:15:59,842 - __main__ - INFO - ❤️  Liked tweet 204197867705591... by @BIGCLANgg (cs2_community:BIGCLANgg)
2026-04-09 02:16:11 +00:00: 2026-04-09 02:16:11,238 - __main__ - INFO - ❤️  Liked tweet 204192563967081... by @BIGCLANgg (cs2_community:BIGCLANgg)
2026-04-09 02:16:20 +00:00: 2026-04-09 02:16:20,866 - __main__ - INFO - ✅ Like cycle complete — liked 5 tweets (5/200 today)
2026-04-09 03:46:21 +00:00: 2026-04-09 03:46:21,670 - __main__ - INFO - 💫 Like cycle starting — 5/200 today, budget: 40
2026-04-09 03:46:22 +00:00: 2026-04-09 03:46:22,563 - __main__ - INFO - 📬 Found 10 of our tweets to check for replies
2026-04-09 03:46:22 +00:00: 2026-04-09 03:46:22,706 - __main__ - INFO - Search 403 — resetting guest token
2026-04-09 03:46:23 +00:00: 2026-04-09 03:46:23,903 - __main__ - INFO - 🔑 Guest token refreshed
2026-04-09 03:46:24 +00:00: 2026-04-09 03:46:24,020 - __main__ - INFO - Search unexpected status: 404
2026-04-09 03:46:25 +00:00: 2026-04-09 03:46:25,141 - __main__ - INFO - Search unexpected status: 404
2026-04-09 03:46:26 +00:00: 2026-04-09 03:46:26,142 - __main__ - INFO - 📬 Reply strategy: 0 candidates
2026-04-09 03:46:27 +00:00: 2026-04-09 03:46:27,485 - __main__ - INFO - 📊 VIP DB: 3 candidates from events
2026-04-09 03:46:27 +00:00: 2026-04-09 03:46:27,485 - __main__ - INFO - 📡 VIP GraphQL fallback triggered — 3 DB candidates < 10
2026-04-09 03:46:27 +00:00: 2026-04-09 03:46:27,794 - __main__ - INFO - 📡 GraphQL timeline @hltv: 0 tweets, status=200
2026-04-09 03:46:30 +00:00: 2026-04-09 03:46:30,414 - __main__ - INFO - 📡 GraphQL timeline @BlastPremier: 11 tweets, status=200
2026-04-09 03:46:30 +00:00: 2026-04-09 03:46:30,415 - __main__ - INFO - 📡 @BlastPremier: 11 tweets via GraphQL
2026-04-09 03:46:33 +00:00: 2026-04-09 03:46:33,241 - __main__ - INFO - 📡 GraphQL timeline @Slasher: 20 tweets, status=200
2026-04-09 03:46:33 +00:00: 2026-04-09 03:46:33,242 - __main__ - INFO - 📡 @Slasher: 20 tweets via GraphQL
2026-04-09 03:46:36 +00:00: 2026-04-09 03:46:36,084 - __main__ - INFO - 📡 GraphQL timeline @CounterStrike: 20 tweets, status=200
2026-04-09 03:46:36 +00:00: 2026-04-09 03:46:36,085 - __main__ - INFO - 📡 @CounterStrike: 20 tweets via GraphQL
2026-04-09 03:46:38 +00:00: 2026-04-09 03:46:38,281 - __main__ - INFO - 📡 GraphQL timeline @Nors3: 0 tweets, status=200
2026-04-09 03:46:40 +00:00: 2026-04-09 03:46:40,414 - __main__ - INFO - 📡 GraphQL timeline @ABORCS: 0 tweets, status=200
2026-04-09 03:46:42 +00:00: 2026-04-09 03:46:42,417 - __main__ - INFO - 📊 VIP strategy: 18 total candidates
2026-04-09 03:46:45 +00:00: 2026-04-09 03:46:45,713 - __main__ - INFO - 🎯 Engagement target strategy: 5 candidates
2026-04-09 03:46:46 +00:00: 2026-04-09 03:46:46,595 - __main__ - INFO - 📡 GraphQL timeline @Brehze: 0 tweets, status=200
2026-04-09 03:46:48 +00:00: 2026-04-09 03:46:48,747 - __main__ - INFO - 📡 GraphQL timeline @rainCS: 0 tweets, status=200
2026-04-09 03:46:51 +00:00: 2026-04-09 03:46:51,254 - __main__ - INFO - 📡 GraphQL timeline @BIGCLANgg: 17 tweets, status=200
2026-04-09 03:46:51 +00:00: 2026-04-09 03:46:51,254 - __main__ - INFO - 🌐 @BIGCLANgg: 17 tweets via timeline scrape
2026-04-09 03:46:54 +00:00: 2026-04-09 03:46:54,002 - __main__ - INFO - ✅ Like cycle complete — liked 0 tweets (5/200 today)
2026-04-09 05:16:54 +00:00: 2026-04-09 05:16:54,105 - utils.db_utils - WARNING - ⚠️  DB connection stale — reconnecting…
2026-04-09 05:16:55 +00:00: 2026-04-09 05:16:55,151 - utils.db_utils - INFO - ✅ Reconnected to PostgreSQL
2026-04-09 05:16:55 +00:00: 2026-04-09 05:16:55,481 - __main__ - INFO - 💫 Like cycle starting — 5/200 today, budget: 40
2026-04-09 05:16:56 +00:00: 2026-04-09 05:16:56,474 - __main__ - INFO - 📬 Found 10 of our tweets to check for replies
2026-04-09 05:16:56 +00:00: 2026-04-09 05:16:56,610 - __main__ - INFO - Search 403 — resetting guest token
2026-04-09 05:16:57 +00:00: 2026-04-09 05:16:57,743 - __main__ - INFO - 🔑 Guest token refreshed
2026-04-09 05:16:57 +00:00: 2026-04-09 05:16:57,855 - __main__ - INFO - Search unexpected status: 404
2026-04-09 05:16:58 +00:00: 2026-04-09 05:16:58,969 - __main__ - INFO - Search unexpected status: 404
2026-04-09 05:16:59 +00:00: 2026-04-09 05:16:59,971 - __main__ - INFO - 📬 Reply strategy: 0 candidates
2026-04-09 05:17:01 +00:00: 2026-04-09 05:17:01,454 - __main__ - INFO - 📊 VIP DB: 3 candidates from events
2026-04-09 05:17:01 +00:00: 2026-04-09 05:17:01,454 - __main__ - INFO - 📡 VIP GraphQL fallback triggered — 3 DB candidates < 10
2026-04-09 05:17:02 +00:00: 2026-04-09 05:17:02,317 - __main__ - INFO - 📡 GraphQL timeline @Slasher: 20 tweets, status=200
2026-04-09 05:17:02 +00:00: 2026-04-09 05:17:02,317 - __main__ - INFO - 📡 @Slasher: 20 tweets via GraphQL
2026-04-09 05:17:04 +00:00: 2026-04-09 05:17:04,937 - __main__ - INFO - 📡 GraphQL timeline @BlastPremier: 11 tweets, status=200
2026-04-09 05:17:04 +00:00: 2026-04-09 05:17:04,938 - __main__ - INFO - 📡 @BlastPremier: 11 tweets via GraphQL
2026-04-09 05:17:07 +00:00: 2026-04-09 05:17:07,917 - __main__ - INFO - 📡 GraphQL timeline @CounterStrike: 20 tweets, status=200
2026-04-09 05:17:07 +00:00: 2026-04-09 05:17:07,918 - __main__ - INFO - 📡 @CounterStrike: 20 tweets via GraphQL
2026-04-09 05:17:10 +00:00: 2026-04-09 05:17:10,526 - __main__ - INFO - 📡 GraphQL timeline @EsportsInsider: 20 tweets, status=200
2026-04-09 05:17:10 +00:00: 2026-04-09 05:17:10,527 - __main__ - INFO - 📡 @EsportsInsider: 20 tweets via GraphQL
2026-04-09 05:17:13 +00:00: 2026-04-09 05:17:13,259 - __main__ - INFO - 📡 GraphQL timeline @RazedEsport: 20 tweets, status=200
2026-04-09 05:17:13 +00:00: 2026-04-09 05:17:13,259 - __main__ - INFO - 📡 @RazedEsport: 20 tweets via GraphQL
2026-04-09 05:17:16 +00:00: 2026-04-09 05:17:16,151 - __main__ - INFO - 📡 GraphQL timeline @Dust2us: 20 tweets, status=200
2026-04-09 05:17:16 +00:00: 2026-04-09 05:17:16,151 - __main__ - INFO - 📡 @Dust2us: 20 tweets via GraphQL
2026-04-09 05:17:18 +00:00: 2026-04-09 05:17:18,154 - __main__ - INFO - 📊 VIP strategy: 33 total candidates
2026-04-09 05:17:24 +00:00: 2026-04-09 05:17:24,247 - __main__ - INFO - 🎯 Engagement target strategy: 5 candidates
2026-04-09 05:17:25 +00:00: 2026-04-09 05:17:25,202 - __main__ - INFO - Could not resolve @gaborcsgo: 200
2026-04-09 05:17:27 +00:00: 2026-04-09 05:17:27,351 - __main__ - INFO - 📡 GraphQL timeline @rainCS: 0 tweets, status=200
2026-04-09 05:17:30 +00:00: 2026-04-09 05:17:30,211 - __main__ - INFO - 📡 GraphQL timeline @ESLCS: 20 tweets, status=200
2026-04-09 05:17:30 +00:00: 2026-04-09 05:17:30,212 - __main__ - INFO - 🌐 @ESLCS: 20 tweets via timeline scrape
2026-04-09 05:17:33 +00:00: 2026-04-09 05:17:33,037 - __main__ - INFO - ✅ Like cycle complete — liked 0 tweets (5/200 today)
2026-04-09 06:47:33 +00:00: 2026-04-09 06:47:33,066 - utils.db_utils - WARNING - ⚠️  DB connection stale — reconnecting…
2026-04-09 06:47:33 +00:00: 2026-04-09 06:47:33,990 - utils.db_utils - INFO - ✅ Reconnected to PostgreSQL
2026-04-09 06:47:34 +00:00: 2026-04-09 06:47:34,294 - __main__ - INFO - 💫 Like cycle starting — 5/200 today, budget: 40
2026-04-09 06:47:35 +00:00: 2026-04-09 06:47:35,203 - __main__ - INFO - 📬 Found 10 of our tweets to check for replies
2026-04-09 06:47:35 +00:00: 2026-04-09 06:47:35,353 - __main__ - INFO - Search 403 — resetting guest token
2026-04-09 06:47:36 +00:00: 2026-04-09 06:47:36,521 - __main__ - INFO - 🔑 Guest token refreshed
2026-04-09 06:47:36 +00:00: 2026-04-09 06:47:36,639 - __main__ - INFO - Search unexpected status: 404
2026-04-09 06:47:37 +00:00: 2026-04-09 06:47:37,762 - __main__ - INFO - Search unexpected status: 404
2026-04-09 06:47:38 +00:00: 2026-04-09 06:47:38,763 - __main__ - INFO - 📬 Reply strategy: 0 candidates
2026-04-09 06:47:40 +00:00: 2026-04-09 06:47:40,129 - __main__ - INFO - 📊 VIP DB: 3 candidates from events
2026-04-09 06:47:40 +00:00: 2026-04-09 06:47:40,129 - __main__ - INFO - 📡 VIP GraphQL fallback triggered — 3 DB candidates < 10
2026-04-09 06:47:40 +00:00: 2026-04-09 06:47:40,896 - __main__ - INFO - 📡 GraphQL timeline @EsportsInsider: 20 tweets, status=200
2026-04-09 06:47:40 +00:00: 2026-04-09 06:47:40,897 - __main__ - INFO - 📡 @EsportsInsider: 20 tweets via GraphQL
2026-04-09 06:47:43 +00:00: 2026-04-09 06:47:43,595 - __main__ - INFO - 📡 GraphQL timeline @CounterStrike: 20 tweets, status=200
2026-04-09 06:47:43 +00:00: 2026-04-09 06:47:43,595 - __main__ - INFO - 📡 @CounterStrike: 20 tweets via GraphQL
2026-04-09 06:47:45 +00:00: 2026-04-09 06:47:45,767 - __main__ - INFO - 📡 GraphQL timeline @hltv: 0 tweets, status=200
2026-04-09 06:47:48 +00:00: 2026-04-09 06:47:48,535 - __main__ - INFO - 📡 GraphQL timeline @RazedEsport: 20 tweets, status=200
2026-04-09 06:47:48 +00:00: 2026-04-09 06:47:48,536 - __main__ - INFO - 📡 @RazedEsport: 20 tweets via GraphQL
2026-04-09 06:47:51 +00:00: 2026-04-09 06:47:51,252 - __main__ - INFO - 📡 GraphQL timeline @Slasher: 20 tweets, status=200
2026-04-09 06:47:51 +00:00: 2026-04-09 06:47:51,252 - __main__ - INFO - 📡 @Slasher: 20 tweets via GraphQL
2026-04-09 06:47:53 +00:00: 2026-04-09 06:47:53,879 - __main__ - INFO - 📡 GraphQL timeline @Dust2us: 20 tweets, status=200
2026-04-09 06:47:53 +00:00: 2026-04-09 06:47:53,880 - __main__ - INFO - 📡 @Dust2us: 20 tweets via GraphQL
2026-04-09 06:47:55 +00:00: 2026-04-09 06:47:55,882 - __main__ - INFO - 📊 VIP strategy: 28 total candidates
2026-04-09 06:48:01 +00:00: 2026-04-09 06:48:01,031 - __main__ - INFO - 🎯 Engagement target strategy: 5 candidates
2026-04-09 06:48:02 +00:00: 2026-04-09 06:48:02,569 - __main__ - INFO - 📡 GraphQL timeline @EliGE: 20 tweets, status=200
2026-04-09 06:48:02 +00:00: 2026-04-09 06:48:02,570 - __main__ - INFO - 🌐 @EliGE: 20 tweets via timeline scrape
2026-04-09 06:48:04 +00:00: 2026-04-09 06:48:04,733 - __main__ - INFO - 📡 GraphQL timeline @rainCS: 0 tweets, status=200
2026-04-09 06:48:06 +00:00: 2026-04-09 06:48:06,874 - __main__ - INFO - 📡 GraphQL timeline @Brehze: 0 tweets, status=200
2026-04-09 06:48:09 +00:00: 2026-04-09 06:48:09,635 - __main__ - INFO - ✅ Like cycle complete — liked 0 tweets (5/200 today)
2026-04-09 08:18:09 +00:00: 2026-04-09 08:18:09,664 - utils.db_utils - WARNING - ⚠️  DB connection stale — reconnecting…
2026-04-09 08:18:10 +00:00: 2026-04-09 08:18:10,648 - utils.db_utils - INFO - ✅ Reconnected to PostgreSQL
2026-04-09 08:18:10 +00:00: 2026-04-09 08:18:10,972 - __main__ - INFO - 💫 Like cycle starting — 5/200 today, budget: 40
2026-04-09 08:18:11 +00:00: 2026-04-09 08:18:11,942 - __main__ - INFO - 📬 Found 10 of our tweets to check for replies
2026-04-09 08:18:12 +00:00: 2026-04-09 08:18:12,085 - __main__ - INFO - Search 403 — resetting guest token
2026-04-09 08:18:13 +00:00: 2026-04-09 08:18:13,275 - __main__ - INFO - 🔑 Guest token refreshed
2026-04-09 08:18:13 +00:00: 2026-04-09 08:18:13,390 - __main__ - INFO - Search unexpected status: 404
2026-04-09 08:18:14 +00:00: 2026-04-09 08:18:14,507 - __main__ - INFO - Search unexpected status: 404
2026-04-09 08:18:15 +00:00: 2026-04-09 08:18:15,508 - __main__ - INFO - 📬 Reply strategy: 0 candidates
2026-04-09 08:18:16 +00:00: 2026-04-09 08:18:16,966 - __main__ - INFO - 📊 VIP DB: 3 candidates from events
2026-04-09 08:18:16 +00:00: 2026-04-09 08:18:16,967 - __main__ - INFO - 📡 VIP GraphQL fallback triggered — 3 DB candidates < 10
2026-04-09 08:18:17 +00:00: 2026-04-09 08:18:17,665 - __main__ - INFO - 📡 GraphQL timeline @BlastPremier: 11 tweets, status=200
2026-04-09 08:18:17 +00:00: 2026-04-09 08:18:17,666 - __main__ - INFO - 📡 @BlastPremier: 11 tweets via GraphQL
2026-04-09 08:18:19 +00:00: 2026-04-09 08:18:19,818 - __main__ - INFO - Could not resolve @DonHaci: 200
2026-04-09 08:18:22 +00:00: 2026-04-09 08:18:22,454 - __main__ - INFO - 📡 GraphQL timeline @EsportsInsider: 20 tweets, status=200
2026-04-09 08:18:22 +00:00: 2026-04-09 08:18:22,455 - __main__ - INFO - 📡 @EsportsInsider: 20 tweets via GraphQL
2026-04-09 08:18:24 +00:00: 2026-04-09 08:18:24,617 - __main__ - INFO - 📡 GraphQL timeline @hltv: 0 tweets, status=200
2026-04-09 08:18:27 +00:00: 2026-04-09 08:18:27,303 - __main__ - INFO - 📡 GraphQL timeline @Slasher: 20 tweets, status=200
2026-04-09 08:18:27 +00:00: 2026-04-09 08:18:27,304 - __main__ - INFO - 📡 @Slasher: 20 tweets via GraphQL
2026-04-09 08:18:29 +00:00: 2026-04-09 08:18:29,433 - __main__ - INFO - Could not resolve @RichardLewisTV: 200
2026-04-09 08:18:31 +00:00: 2026-04-09 08:18:31,436 - __main__ - INFO - 📊 VIP strategy: 18 total candidates
2026-04-09 08:18:34 +00:00: 2026-04-09 08:18:34,996 - __main__ - INFO - 🎯 Engagement target strategy: 5 candidates
2026-04-09 08:18:36 +00:00: 2026-04-09 08:18:36,701 - __main__ - INFO - 📡 GraphQL timeline @nilocsgo: 20 tweets, status=200
2026-04-09 08:18:36 +00:00: 2026-04-09 08:18:36,701 - __main__ - INFO - 🌐 @nilocsgo: 20 tweets via timeline scrape
2026-04-09 08:18:39 +00:00: 2026-04-09 08:18:39,271 - __main__ - INFO - 📡 GraphQL timeline @TeamLiquidCS: 20 tweets, status=200
2026-04-09 08:18:39 +00:00: 2026-04-09 08:18:39,272 - __main__ - INFO - 🌐 @TeamLiquidCS: 20 tweets via timeline scrape
2026-04-09 08:18:41 +00:00: 2026-04-09 08:18:41,961 - __main__ - INFO - 📡 GraphQL timeline @Complexity: 11 tweets, status=200
2026-04-09 08:18:41 +00:00: 2026-04-09 08:18:41,962 - __main__ - INFO - 🌐 @Complexity: 11 tweets via timeline scrape
2026-04-09 08:18:46 +00:00: 2026-04-09 08:18:46,395 - __main__ - INFO - ✅ Like cycle complete — liked 0 tweets (5/200 today)
2026-04-09 09:48:46 +00:00: 2026-04-09 09:48:46,406 - utils.db_utils - WARNING - ⚠️  DB connection stale — reconnecting…
2026-04-09 09:48:47 +00:00: 2026-04-09 09:48:47,324 - utils.db_utils - INFO - ✅ Reconnected to PostgreSQL
2026-04-09 09:48:47 +00:00: 2026-04-09 09:48:47,627 - __main__ - INFO - 💫 Like cycle starting — 5/200 today, budget: 40
2026-04-09 09:48:48 +00:00: 2026-04-09 09:48:48,534 - __main__ - INFO - 📬 Found 10 of our tweets to check for replies
2026-04-09 09:48:48 +00:00: 2026-04-09 09:48:48,684 - __main__ - INFO - Search 403 — resetting guest token
2026-04-09 09:48:49 +00:00: 2026-04-09 09:48:49,881 - __main__ - INFO - 🔑 Guest token refreshed
2026-04-09 09:48:50 +00:00: 2026-04-09 09:48:50,003 - __main__ - INFO - Search unexpected status: 404
2026-04-09 09:48:51 +00:00: 2026-04-09 09:48:51,132 - __main__ - INFO - Search unexpected status: 404
2026-04-09 09:48:52 +00:00: 2026-04-09 09:48:52,133 - __main__ - INFO - 📬 Reply strategy: 0 candidates
2026-04-09 09:48:53 +00:00: 2026-04-09 09:48:53,493 - __main__ - INFO - 📊 VIP DB: 3 candidates from events
2026-04-09 09:48:53 +00:00: 2026-04-09 09:48:53,493 - __main__ - INFO - 📡 VIP GraphQL fallback triggered — 3 DB candidates < 10
2026-04-09 09:48:54 +00:00: 2026-04-09 09:48:54,386 - __main__ - INFO - 📡 GraphQL timeline @LiquipediaCS: 20 tweets, status=200
2026-04-09 09:48:54 +00:00: 2026-04-09 09:48:54,386 - __main__ - INFO - 📡 @LiquipediaCS: 20 tweets via GraphQL
2026-04-09 09:48:56 +00:00: 2026-04-09 09:48:56,550 - __main__ - INFO - 📡 GraphQL timeline @hltv: 0 tweets, status=200
2026-04-09 09:48:59 +00:00: 2026-04-09 09:48:59,249 - __main__ - INFO - 📡 GraphQL timeline @EsportsInsider: 20 tweets, status=200
2026-04-09 09:48:59 +00:00: 2026-04-09 09:48:59,250 - __main__ - INFO - 📡 @EsportsInsider: 20 tweets via GraphQL
2026-04-09 09:49:02 +00:00: 2026-04-09 09:49:02,389 - __main__ - INFO - 📡 GraphQL timeline @CounterStrike: 20 tweets, status=200
2026-04-09 09:49:02 +00:00: 2026-04-09 09:49:02,389 - __main__ - INFO - 📡 @CounterStrike: 20 tweets via GraphQL
2026-04-09 09:49:05 +00:00: 2026-04-09 09:49:05,049 - __main__ - INFO - 📡 GraphQL timeline @Slasher: 20 tweets, status=200
2026-04-09 09:49:05 +00:00: 2026-04-09 09:49:05,050 - __main__ - INFO - 📡 @Slasher: 20 tweets via GraphQL
2026-04-09 09:49:07 +00:00: 2026-04-09 09:49:07,232 - __main__ - INFO - Could not resolve @DonHaci: 200
2026-04-09 09:49:09 +00:00: 2026-04-09 09:49:09,235 - __main__ - INFO - 📊 VIP strategy: 23 total candidates
2026-04-09 09:49:13 +00:00: 2026-04-09 09:49:13,620 - __main__ - INFO - 🎯 Engagement target strategy: 5 candidates
2026-04-09 09:49:14 +00:00: 2026-04-09 09:49:14,862 - __main__ - INFO - 📡 GraphQL timeline @BIGCLANgg: 17 tweets, status=200
2026-04-09 09:49:14 +00:00: 2026-04-09 09:49:14,863 - __main__ - INFO - 🌐 @BIGCLANgg: 17 tweets via timeline scrape
2026-04-09 09:49:16 +00:00: 2026-04-09 09:49:16,994 - __main__ - INFO - Could not resolve @LOABORVRE_CS2: 200
2026-04-09 09:49:19 +00:00: 2026-04-09 09:49:19,604 - __main__ - INFO - 📡 GraphQL timeline @nilocsgo: 20 tweets, status=200
2026-04-09 09:49:19 +00:00: 2026-04-09 09:49:19,605 - __main__ - INFO - 🌐 @nilocsgo: 20 tweets via timeline scrape
2026-04-09 09:49:23 +00:00: 2026-04-09 09:49:23,516 - __main__ - INFO - ❤️  Liked tweet 204216562890822... by @BIGCLANgg (cs2_community:BIGCLANgg)
2026-04-09 09:49:30 +00:00: 2026-04-09 09:49:30,908 - __main__ - INFO - ✅ Like cycle complete — liked 1 tweets (6/200 today)
2026-04-09 11:19:30 +00:00: 2026-04-09 11:19:30,988 - utils.db_utils - WARNING - ⚠️  DB connection stale — reconnecting…
2026-04-09 11:19:31 +00:00: 2026-04-09 11:19:31,895 - utils.db_utils - INFO - ✅ Reconnected to PostgreSQL
2026-04-09 11:19:32 +00:00: 2026-04-09 11:19:32,194 - __main__ - INFO - 💫 Like cycle starting — 6/200 today, budget: 40
2026-04-09 11:19:33 +00:00: 2026-04-09 11:19:33,089 - __main__ - INFO - 📬 Found 10 of our tweets to check for replies
2026-04-09 11:19:33 +00:00: 2026-04-09 11:19:33,264 - __main__ - INFO - Search 403 — resetting guest token
2026-04-09 11:19:34 +00:00: 2026-04-09 11:19:34,429 - __main__ - INFO - 🔑 Guest token refreshed
2026-04-09 11:19:34 +00:00: 2026-04-09 11:19:34,547 - __main__ - INFO - Search unexpected status: 404
2026-04-09 11:19:35 +00:00: 2026-04-09 11:19:35,665 - __main__ - INFO - Search unexpected status: 404
2026-04-09 11:19:36 +00:00: 2026-04-09 11:19:36,667 - __main__ - INFO - 📬 Reply strategy: 0 candidates
2026-04-09 11:19:38 +00:00: 2026-04-09 11:19:38,009 - __main__ - INFO - 📊 VIP DB: 3 candidates from events
2026-04-09 11:19:38 +00:00: 2026-04-09 11:19:38,010 - __main__ - INFO - 📡 VIP GraphQL fallback triggered — 3 DB candidates < 10
2026-04-09 11:19:38 +00:00: 2026-04-09 11:19:38,320 - __main__ - INFO - 📡 GraphQL timeline @hltv: 0 tweets, status=200
2026-04-09 11:19:41 +00:00: 2026-04-09 11:19:41,353 - __main__ - INFO - 📡 GraphQL timeline @Slasher: 20 tweets, status=200
2026-04-09 11:19:41 +00:00: 2026-04-09 11:19:41,354 - __main__ - INFO - 📡 @Slasher: 20 tweets via GraphQL
2026-04-09 11:19:43 +00:00: 2026-04-09 11:19:43,500 - __main__ - INFO - Could not resolve @DonHaci: 200
2026-04-09 11:19:46 +00:00: 2026-04-09 11:19:46,424 - __main__ - INFO - 📡 GraphQL timeline @Dust2us: 20 tweets, status=200
2026-04-09 11:19:46 +00:00: 2026-04-09 11:19:46,425 - __main__ - INFO - 📡 @Dust2us: 20 tweets via GraphQL
2026-04-09 11:19:49 +00:00: 2026-04-09 11:19:49,366 - __main__ - INFO - 📡 GraphQL timeline @CS2News_EN: 20 tweets, status=200
2026-04-09 11:19:49 +00:00: 2026-04-09 11:19:49,367 - __main__ - INFO - 📡 @CS2News_EN: 20 tweets via GraphQL
2026-04-09 11:19:51 +00:00: 2026-04-09 11:19:51,997 - __main__ - INFO - 📡 GraphQL timeline @BlastPremier: 10 tweets, status=200
2026-04-09 11:19:51 +00:00: 2026-04-09 11:19:51,998 - __main__ - INFO - 📡 @BlastPremier: 10 tweets via GraphQL
2026-04-09 11:19:54 +00:00: 2026-04-09 11:19:54,000 - __main__ - INFO - 📊 VIP strategy: 23 total candidates
2026-04-09 11:19:58 +00:00: 2026-04-09 11:19:58,029 - __main__ - INFO - 🎯 Engagement target strategy: 5 candidates
2026-04-09 11:19:59 +00:00: 2026-04-09 11:19:59,878 - __main__ - INFO - 📡 GraphQL timeline @Cloud9: 8 tweets, status=200
2026-04-09 11:19:59 +00:00: 2026-04-09 11:19:59,878 - __main__ - INFO - 🌐 @Cloud9: 8 tweets via timeline scrape
2026-04-09 11:20:02 +00:00: 2026-04-09 11:20:02,816 - __main__ - INFO - 📡 GraphQL timeline @Complexity: 11 tweets, status=200
2026-04-09 11:20:02 +00:00: 2026-04-09 11:20:02,816 - __main__ - INFO - 🌐 @Complexity: 11 tweets via timeline scrape
2026-04-09 11:20:05 +00:00: 2026-04-09 11:20:05,617 - __main__ - INFO - 📡 GraphQL timeline @TeamLiquidCS: 20 tweets, status=200
2026-04-09 11:20:05 +00:00: 2026-04-09 11:20:05,617 - __main__ - INFO - 🌐 @TeamLiquidCS: 20 tweets via timeline scrape
2026-04-09 11:20:09 +00:00: 2026-04-09 11:20:09,797 - __main__ - INFO - ❤️  Liked tweet 204195423063079... by @Cloud9 (cs2_community:Cloud9)
2026-04-09 11:20:15 +00:00: 2026-04-09 11:20:15,638 - __main__ - INFO - ✅ Like cycle complete — liked 1 tweets (7/200 today)
2026-04-09 12:50:15 +00:00: 2026-04-09 12:50:15,740 - utils.db_utils - WARNING - ⚠️  DB connection stale — reconnecting…
2026-04-09 12:50:16 +00:00: 2026-04-09 12:50:16,636 - utils.db_utils - INFO - ✅ Reconnected to PostgreSQL
2026-04-09 12:50:16 +00:00: 2026-04-09 12:50:16,930 - __main__ - INFO - 💫 Like cycle starting — 7/200 today, budget: 40
2026-04-09 12:50:17 +00:00: 2026-04-09 12:50:17,811 - __main__ - INFO - 📬 Found 10 of our tweets to check for replies
2026-04-09 12:50:17 +00:00: 2026-04-09 12:50:17,962 - __main__ - INFO - Search 403 — resetting guest token
2026-04-09 12:50:19 +00:00: 2026-04-09 12:50:19,162 - __main__ - INFO - 🔑 Guest token refreshed
2026-04-09 12:50:19 +00:00: 2026-04-09 12:50:19,283 - __main__ - INFO - Search unexpected status: 404
2026-04-09 12:50:20 +00:00: 2026-04-09 12:50:20,403 - __main__ - INFO - Search unexpected status: 404
2026-04-09 12:50:21 +00:00: 2026-04-09 12:50:21,405 - __main__ - INFO - 📬 Reply strategy: 0 candidates
2026-04-09 12:50:22 +00:00: 2026-04-09 12:50:22,726 - __main__ - INFO - 📊 VIP DB: 3 candidates from events
2026-04-09 12:50:22 +00:00: 2026-04-09 12:50:22,727 - __main__ - INFO - 📡 VIP GraphQL fallback triggered — 3 DB candidates < 10
2026-04-09 12:50:23 +00:00: 2026-04-09 12:50:23,704 - __main__ - INFO - 📡 GraphQL timeline @Slasher: 20 tweets, status=200
2026-04-09 12:50:23 +00:00: 2026-04-09 12:50:23,705 - __main__ - INFO - 📡 @Slasher: 20 tweets via GraphQL
2026-04-09 12:50:26 +00:00: 2026-04-09 12:50:26,670 - __main__ - INFO - 📡 GraphQL timeline @CS2News_EN: 20 tweets, status=200
2026-04-09 12:50:26 +00:00: 2026-04-09 12:50:26,670 - __main__ - INFO - 📡 @CS2News_EN: 20 tweets via GraphQL
2026-04-09 12:50:28 +00:00: 2026-04-09 12:50:28,813 - __main__ - INFO - Could not resolve @RichardLewisTV: 200
2026-04-09 12:50:30 +00:00: 2026-04-09 12:50:30,958 - __main__ - INFO - Could not resolve @DonHaci: 200
2026-04-09 12:50:33 +00:00: 2026-04-09 12:50:33,702 - __main__ - INFO - 📡 GraphQL timeline @BlastPremier: 10 tweets, status=200
2026-04-09 12:50:33 +00:00: 2026-04-09 12:50:33,702 - __main__ - INFO - 📡 @BlastPremier: 10 tweets via GraphQL
2026-04-09 12:50:36 +00:00: 2026-04-09 12:50:36,464 - __main__ - INFO - 📡 GraphQL timeline @CounterStrike: 20 tweets, status=200
2026-04-09 12:50:36 +00:00: 2026-04-09 12:50:36,464 - __main__ - INFO - 📡 @CounterStrike: 20 tweets via GraphQL
2026-04-09 12:50:38 +00:00: 2026-04-09 12:50:38,466 - __main__ - INFO - 📊 VIP strategy: 23 total candidates
2026-04-09 12:50:42 +00:00: 2026-04-09 12:50:42,427 - __main__ - INFO - 🎯 Engagement target strategy: 5 candidates
2026-04-09 12:50:43 +00:00: 2026-04-09 12:50:43,944 - __main__ - INFO - 📡 GraphQL timeline @OGesports: 20 tweets, status=200
2026-04-09 12:50:43 +00:00: 2026-04-09 12:50:43,944 - __main__ - INFO - 🌐 @OGesports: 20 tweets via timeline scrape
2026-04-09 12:50:46 +00:00: 2026-04-09 12:50:46,087 - __main__ - INFO - 📡 GraphQL timeline @Brehze: 0 tweets, status=200
2026-04-09 12:50:48 +00:00: 2026-04-09 12:50:48,996 - __main__ - INFO - 📡 GraphQL timeline @Twistzz: 20 tweets, status=200
2026-04-09 12:50:48 +00:00: 2026-04-09 12:50:48,997 - __main__ - INFO - 🌐 @Twistzz: 20 tweets via timeline scrape
2026-04-09 12:50:52 +00:00: 2026-04-09 12:50:52,466 - __main__ - INFO - ✅ Like cycle complete — liked 0 tweets (7/200 today)
2026-04-09 14:20:52 +00:00: 2026-04-09 14:20:52,538 - utils.db_utils - WARNING - ⚠️  DB connection stale — reconnecting…
2026-04-09 14:20:53 +00:00: 2026-04-09 14:20:53,516 - utils.db_utils - INFO - ✅ Reconnected to PostgreSQL
2026-04-09 14:20:53 +00:00: 2026-04-09 14:20:53,820 - __main__ - INFO - 💫 Like cycle starting — 7/200 today, budget: 40
2026-04-09 14:20:54 +00:00: 2026-04-09 14:20:54,722 - __main__ - INFO - 📬 Found 10 of our tweets to check for replies
2026-04-09 14:20:54 +00:00: 2026-04-09 14:20:54,877 - __main__ - INFO - Search 403 — resetting guest token
2026-04-09 14:20:56 +00:00: 2026-04-09 14:20:56,067 - __main__ - INFO - 🔑 Guest token refreshed
2026-04-09 14:20:56 +00:00: 2026-04-09 14:20:56,188 - __main__ - INFO - Search unexpected status: 404
2026-04-09 14:20:57 +00:00: 2026-04-09 14:20:57,309 - __main__ - INFO - Search unexpected status: 404
2026-04-09 14:20:58 +00:00: 2026-04-09 14:20:58,310 - __main__ - INFO - 📬 Reply strategy: 0 candidates
2026-04-09 14:20:59 +00:00: 2026-04-09 14:20:59,661 - __main__ - INFO - 📊 VIP DB: 3 candidates from events
2026-04-09 14:20:59 +00:00: 2026-04-09 14:20:59,661 - __main__ - INFO - 📡 VIP GraphQL fallback triggered — 3 DB candidates < 10
2026-04-09 14:21:00 +00:00: 2026-04-09 14:21:00,696 - __main__ - INFO - 📡 GraphQL timeline @EsportsInsider: 20 tweets, status=200
2026-04-09 14:21:00 +00:00: 2026-04-09 14:21:00,697 - __main__ - INFO - 📡 @EsportsInsider: 20 tweets via GraphQL
2026-04-09 14:21:03 +00:00: 2026-04-09 14:21:03,545 - __main__ - INFO - 📡 GraphQL timeline @Slasher: 20 tweets, status=200
2026-04-09 14:21:03 +00:00: 2026-04-09 14:21:03,545 - __main__ - INFO - 📡 @Slasher: 20 tweets via GraphQL
2026-04-09 14:21:05 +00:00: 2026-04-09 14:21:05,719 - __main__ - INFO - 📡 GraphQL timeline @hltv: 0 tweets, status=200
2026-04-09 14:21:08 +00:00: 2026-04-09 14:21:08,304 - __main__ - INFO - 📡 GraphQL timeline @BlastPremier: 10 tweets, status=200
2026-04-09 14:21:08 +00:00: 2026-04-09 14:21:08,305 - __main__ - INFO - 📡 @BlastPremier: 10 tweets via GraphQL
2026-04-09 14:21:10 +00:00: 2026-04-09 14:21:10,455 - __main__ - INFO - Could not resolve @DonHaci: 200
2026-04-09 14:21:13 +00:00: 2026-04-09 14:21:13,321 - __main__ - INFO - 📡 GraphQL timeline @LiquipediaCS: 20 tweets, status=200
2026-04-09 14:21:13 +00:00: 2026-04-09 14:21:13,322 - __main__ - INFO - 📡 @LiquipediaCS: 20 tweets via GraphQL
2026-04-09 14:21:15 +00:00: 2026-04-09 14:21:15,324 - __main__ - INFO - 📊 VIP strategy: 23 total candidates
2026-04-09 14:21:19 +00:00: 2026-04-09 14:21:19,374 - __main__ - INFO - 🎯 Engagement target strategy: 5 candidates
2026-04-09 14:21:20 +00:00: 2026-04-09 14:21:20,890 - __main__ - INFO - 📡 GraphQL timeline @OGesports: 20 tweets, status=200
2026-04-09 14:21:20 +00:00: 2026-04-09 14:21:20,891 - __main__ - INFO - 🌐 @OGesports: 20 tweets via timeline scrape
2026-04-09 14:21:23 +00:00: 2026-04-09 14:21:23,046 - __main__ - INFO - 📡 GraphQL timeline @PGL_Esports: 0 tweets, status=200
2026-04-09 14:21:25 +00:00: 2026-04-09 14:21:25,804 - __main__ - INFO - 📡 GraphQL timeline @Cloud9: 8 tweets, status=200
2026-04-09 14:21:25 +00:00: 2026-04-09 14:21:25,805 - __main__ - INFO - 🌐 @Cloud9: 8 tweets via timeline scrape
2026-04-09 14:21:29 +00:00: 2026-04-09 14:21:29,310 - __main__ - INFO - ✅ Like cycle complete — liked 0 tweets (7/200 today)
2026-04-09 15:06:29 +00:00: 2026-04-09 15:06:29,380 - utils.db_utils - WARNING - ⚠️  DB connection stale — reconnecting…
2026-04-09 15:06:30 +00:00: 2026-04-09 15:06:30,413 - utils.db_utils - INFO - ✅ Reconnected to PostgreSQL
2026-04-09 15:06:30 +00:00: 2026-04-09 15:06:30,721 - __main__ - INFO - 💫 Like cycle starting — 7/200 today, budget: 40
2026-04-09 15:06:31 +00:00: 2026-04-09 15:06:31,640 - __main__ - INFO - 📬 Found 10 of our tweets to check for replies
2026-04-09 15:06:31 +00:00: 2026-04-09 15:06:31,792 - __main__ - INFO - Search unexpected status: 404
2026-04-09 15:06:32 +00:00: 2026-04-09 15:06:32,916 - __main__ - INFO - Search unexpected status: 404
2026-04-09 15:06:34 +00:00: 2026-04-09 15:06:34,040 - __main__ - INFO - Search unexpected status: 404
2026-04-09 15:06:35 +00:00: 2026-04-09 15:06:35,042 - __main__ - INFO - 📬 Reply strategy: 0 candidates
2026-04-09 15:06:36 +00:00: 2026-04-09 15:06:36,420 - __main__ - INFO - 📊 VIP DB: 3 candidates from events
2026-04-09 15:06:36 +00:00: 2026-04-09 15:06:36,421 - __main__ - INFO - 📡 VIP GraphQL fallback triggered — 3 DB candidates < 10
2026-04-09 15:06:37 +00:00: 2026-04-09 15:06:37,553 - __main__ - INFO - 📡 GraphQL timeline @RazedEsport: 20 tweets, status=200
2026-04-09 15:06:37 +00:00: 2026-04-09 15:06:37,554 - __main__ - INFO - 📡 @RazedEsport: 20 tweets via GraphQL
2026-04-09 15:06:40 +00:00: 2026-04-09 15:06:40,430 - __main__ - INFO - 📡 GraphQL timeline @Slasher: 20 tweets, status=200
2026-04-09 15:06:40 +00:00: 2026-04-09 15:06:40,431 - __main__ - INFO - 📡 @Slasher: 20 tweets via GraphQL
2026-04-09 15:06:43 +00:00: 2026-04-09 15:06:43,140 - __main__ - INFO - 📡 GraphQL timeline @BlastPremier: 10 tweets, status=200
2026-04-09 15:06:43 +00:00: 2026-04-09 15:06:43,141 - __main__ - INFO - 📡 @BlastPremier: 10 tweets via GraphQL
2026-04-09 15:06:45 +00:00: 2026-04-09 15:06:45,331 - __main__ - INFO - 📡 GraphQL timeline @hltv: 0 tweets, status=200
2026-04-09 15:06:48 +00:00: 2026-04-09 15:06:48,091 - __main__ - INFO - 📡 GraphQL timeline @EsportsInsider: 20 tweets, status=200
2026-04-09 15:06:48 +00:00: 2026-04-09 15:06:48,091 - __main__ - INFO - 📡 @EsportsInsider: 20 tweets via GraphQL
2026-04-09 15:06:50 +00:00: 2026-04-09 15:06:50,883 - __main__ - INFO - Could not resolve @RichardLewisTV: 200
2026-04-09 15:06:52 +00:00: 2026-04-09 15:06:52,886 - __main__ - INFO - 📊 VIP strategy: 23 total candidates
2026-04-09 15:06:57 +00:00: 2026-04-09 15:06:57,025 - __main__ - INFO - 🎯 Engagement target strategy: 5 candidates
2026-04-09 15:06:57 +00:00: 2026-04-09 15:06:57,927 - __main__ - INFO - 📡 GraphQL timeline @Brehze: 0 tweets, status=200
2026-04-09 15:07:00 +00:00: 2026-04-09 15:07:00,080 - __main__ - INFO - Could not resolve @gaborcsgo: 200
2026-04-09 15:07:02 +00:00: 2026-04-09 15:07:02,917 - __main__ - INFO - 📡 GraphQL timeline @Cloud9: 8 tweets, status=200
2026-04-09 15:07:02 +00:00: 2026-04-09 15:07:02,918 - __main__ - INFO - 🌐 @Cloud9: 8 tweets via timeline scrape
2026-04-09 15:07:05 +00:00: 2026-04-09 15:07:05,686 - __main__ - INFO - ✅ Like cycle complete — liked 0 tweets (7/200 today)
2026-04-09 15:52:05 +00:00: 2026-04-09 15:52:05,777 - utils.db_utils - WARNING - ⚠️  DB connection stale — reconnecting…
2026-04-09 15:52:06 +00:00: 2026-04-09 15:52:06,730 - utils.db_utils - INFO - ✅ Reconnected to PostgreSQL
2026-04-09 15:52:07 +00:00: 2026-04-09 15:52:07,043 - __main__ - INFO - 💫 Like cycle starting — 7/200 today, budget: 40
2026-04-09 15:52:07 +00:00: 2026-04-09 15:52:07,978 - __main__ - INFO - 📬 Found 10 of our tweets to check for replies
2026-04-09 15:52:08 +00:00: 2026-04-09 15:52:08,113 - __main__ - INFO - Search unexpected status: 404
2026-04-09 15:52:09 +00:00: 2026-04-09 15:52:09,230 - __main__ - INFO - Search unexpected status: 404
2026-04-09 15:52:10 +00:00: 2026-04-09 15:52:10,347 - __main__ - INFO - Search unexpected status: 404
2026-04-09 15:52:11 +00:00: 2026-04-09 15:52:11,348 - __main__ - INFO - 📬 Reply strategy: 0 candidates
2026-04-09 15:52:12 +00:00: 2026-04-09 15:52:12,750 - __main__ - INFO - 📊 VIP DB: 3 candidates from events
2026-04-09 15:52:12 +00:00: 2026-04-09 15:52:12,750 - __main__ - INFO - 📡 VIP GraphQL fallback triggered — 3 DB candidates < 10
2026-04-09 15:52:13 +00:00: 2026-04-09 15:52:13,962 - __main__ - INFO - 📡 GraphQL timeline @CounterStrike: 20 tweets, status=200
2026-04-09 15:52:13 +00:00: 2026-04-09 15:52:13,962 - __main__ - INFO - 📡 @CounterStrike: 20 tweets via GraphQL
2026-04-09 15:52:16 +00:00: 2026-04-09 15:52:16,739 - __main__ - INFO - 📡 GraphQL timeline @CS2News_EN: 20 tweets, status=200
2026-04-09 15:52:16 +00:00: 2026-04-09 15:52:16,739 - __main__ - INFO - 📡 @CS2News_EN: 20 tweets via GraphQL
2026-04-09 15:52:19 +00:00: 2026-04-09 15:52:19,688 - __main__ - INFO - 📡 GraphQL timeline @LiquipediaCS: 20 tweets, status=200
2026-04-09 15:52:19 +00:00: 2026-04-09 15:52:19,688 - __main__ - INFO - 📡 @LiquipediaCS: 20 tweets via GraphQL
2026-04-09 15:52:21 +00:00: 2026-04-09 15:52:21,828 - __main__ - INFO - 📡 GraphQL timeline @ABORCS: 0 tweets, status=200
2026-04-09 15:52:24 +00:00: 2026-04-09 15:52:24,549 - __main__ - INFO - 📡 GraphQL timeline @EsportsInsider: 20 tweets, status=200
2026-04-09 15:52:24 +00:00: 2026-04-09 15:52:24,550 - __main__ - INFO - 📡 @EsportsInsider: 20 tweets via GraphQL
2026-04-09 15:52:27 +00:00: 2026-04-09 15:52:27,130 - __main__ - INFO - 📡 GraphQL timeline @BlastPremier: 10 tweets, status=200
2026-04-09 15:52:27 +00:00: 2026-04-09 15:52:27,130 - __main__ - INFO - 📡 @BlastPremier: 10 tweets via GraphQL
2026-04-09 15:52:29 +00:00: 2026-04-09 15:52:29,133 - __main__ - INFO - 📊 VIP strategy: 28 total candidates
2026-04-09 15:52:34 +00:00: 2026-04-09 15:52:34,112 - __main__ - INFO - 🎯 Engagement target strategy: 5 candidates
2026-04-09 15:52:35 +00:00: 2026-04-09 15:52:35,796 - __main__ - INFO - 📡 GraphQL timeline @FACEIT: 0 tweets, status=200
2026-04-09 15:52:37 +00:00: 2026-04-09 15:52:37,928 - __main__ - INFO - Could not resolve @gaborcsgo: 200
2026-04-09 15:52:40 +00:00: 2026-04-09 15:52:40,786 - __main__ - INFO - 📡 GraphQL timeline @Karrigancsgo: 20 tweets, status=200
2026-04-09 15:52:40 +00:00: 2026-04-09 15:52:40,787 - __main__ - INFO - 🌐 @Karrigancsgo: 20 tweets via timeline scrape
2026-04-09 15:52:43 +00:00: 2026-04-09 15:52:43,568 - __main__ - INFO - ✅ Like cycle complete — liked 0 tweets (7/200 today)
2026-04-09 16:37:43 +00:00: 2026-04-09 16:37:43,671 - utils.db_utils - WARNING - ⚠️  DB connection stale — reconnecting…
2026-04-09 16:37:44 +00:00: 2026-04-09 16:37:44,724 - utils.db_utils - INFO - ✅ Reconnected to PostgreSQL
2026-04-09 16:37:45 +00:00: 2026-04-09 16:37:45,061 - __main__ - INFO - 💫 Like cycle starting — 7/200 today, budget: 40
2026-04-09 16:37:46 +00:00: 2026-04-09 16:37:46,068 - __main__ - INFO - 📬 Found 10 of our tweets to check for replies
2026-04-09 16:37:46 +00:00: 2026-04-09 16:37:46,337 - __main__ - INFO - 🔑 Guest token refreshed
2026-04-09 16:37:46 +00:00: 2026-04-09 16:37:46,484 - __main__ - INFO - Search unexpected status: 404
2026-04-09 16:37:47 +00:00: 2026-04-09 16:37:47,605 - __main__ - INFO - Search unexpected status: 404
2026-04-09 16:37:48 +00:00: 2026-04-09 16:37:48,726 - __main__ - INFO - Search unexpected status: 404
2026-04-09 16:37:49 +00:00: 2026-04-09 16:37:49,727 - __main__ - INFO - 📬 Reply strategy: 0 candidates
2026-04-09 16:37:51 +00:00: 2026-04-09 16:37:51,234 - __main__ - INFO - 📊 VIP DB: 3 candidates from events
2026-04-09 16:37:51 +00:00: 2026-04-09 16:37:51,235 - __main__ - INFO - 📡 VIP GraphQL fallback triggered — 3 DB candidates < 10
2026-04-09 16:37:52 +00:00: 2026-04-09 16:37:52,909 - __main__ - INFO - 📡 GraphQL timeline @RazedEsport: 20 tweets, status=200
2026-04-09 16:37:52 +00:00: 2026-04-09 16:37:52,909 - __main__ - INFO - 📡 @RazedEsport: 20 tweets via GraphQL
2026-04-09 16:37:55 +00:00: 2026-04-09 16:37:55,117 - __main__ - INFO - 📡 GraphQL timeline @hltv: 0 tweets, status=200
2026-04-09 16:37:57 +00:00: 2026-04-09 16:37:57,266 - __main__ - INFO - Could not resolve @DonHaci: 200
2026-04-09 16:37:59 +00:00: 2026-04-09 16:37:59,401 - __main__ - INFO - Could not resolve @RichardLewisTV: 200
2026-04-09 16:38:02 +00:00: 2026-04-09 16:38:02,180 - __main__ - INFO - 📡 GraphQL timeline @BlastPremier: 10 tweets, status=200
2026-04-09 16:38:02 +00:00: 2026-04-09 16:38:02,181 - __main__ - INFO - 📡 @BlastPremier: 10 tweets via GraphQL
2026-04-09 16:38:04 +00:00: 2026-04-09 16:38:04,893 - __main__ - INFO - 📡 GraphQL timeline @Slasher: 20 tweets, status=200
2026-04-09 16:38:04 +00:00: 2026-04-09 16:38:04,894 - __main__ - INFO - 📡 @Slasher: 20 tweets via GraphQL
2026-04-09 16:38:06 +00:00: 2026-04-09 16:38:06,896 - __main__ - INFO - 📊 VIP strategy: 18 total candidates
2026-04-09 16:38:10 +00:00: 2026-04-09 16:38:10,582 - __main__ - INFO - 🎯 Engagement target strategy: 5 candidates
2026-04-09 16:38:12 +00:00: 2026-04-09 16:38:12,272 - __main__ - INFO - 📡 GraphQL timeline @Twistzz: 20 tweets, status=200
2026-04-09 16:38:12 +00:00: 2026-04-09 16:38:12,272 - __main__ - INFO - 🌐 @Twistzz: 20 tweets via timeline scrape
2026-04-09 16:38:14 +00:00: 2026-04-09 16:38:14,409 - __main__ - INFO - Could not resolve @LOABORVRE_CS2: 200
2026-04-09 16:38:17 +00:00: 2026-04-09 16:38:17,031 - __main__ - INFO - 📡 GraphQL timeline @OGesports: 20 tweets, status=200
2026-04-09 16:38:17 +00:00: 2026-04-09 16:38:17,032 - __main__ - INFO - 🌐 @OGesports: 20 tweets via timeline scrape
2026-04-09 16:38:20 +00:00: 2026-04-09 16:38:20,707 - __main__ - INFO - ✅ Like cycle complete — liked 0 tweets (7/200 today)
2026-04-09 17:23:20 +00:00: 2026-04-09 17:23:20,718 - utils.db_utils - WARNING - ⚠️  DB connection stale — reconnecting…
2026-04-09 17:23:21 +00:00: 2026-04-09 17:23:21,671 - utils.db_utils - INFO - ✅ Reconnected to PostgreSQL
2026-04-09 17:23:21 +00:00: 2026-04-09 17:23:21,985 - __main__ - INFO - 💫 Like cycle starting — 7/200 today, budget: 40
2026-04-09 17:23:22 +00:00: 2026-04-09 17:23:22,931 - __main__ - INFO - 📬 Found 10 of our tweets to check for replies
2026-04-09 17:23:23 +00:00: 2026-04-09 17:23:23,085 - __main__ - INFO - Search unexpected status: 404
2026-04-09 17:23:24 +00:00: 2026-04-09 17:23:24,209 - __main__ - INFO - Search unexpected status: 404
2026-04-09 17:23:25 +00:00: 2026-04-09 17:23:25,331 - __main__ - INFO - Search unexpected status: 404
2026-04-09 17:23:26 +00:00: 2026-04-09 17:23:26,332 - __main__ - INFO - 📬 Reply strategy: 0 candidates
2026-04-09 17:23:27 +00:00: 2026-04-09 17:23:27,745 - __main__ - INFO - 📊 VIP DB: 3 candidates from events
2026-04-09 17:23:27 +00:00: 2026-04-09 17:23:27,745 - __main__ - INFO - 📡 VIP GraphQL fallback triggered — 3 DB candidates < 10
2026-04-09 17:23:28 +00:00: 2026-04-09 17:23:28,707 - __main__ - INFO - 📡 GraphQL timeline @Dust2us: 20 tweets, status=200
2026-04-09 17:23:28 +00:00: 2026-04-09 17:23:28,708 - __main__ - INFO - 📡 @Dust2us: 20 tweets via GraphQL
2026-04-09 17:23:31 +00:00: 2026-04-09 17:23:31,563 - __main__ - INFO - 📡 GraphQL timeline @EsportsInsider: 20 tweets, status=200
2026-04-09 17:23:31 +00:00: 2026-04-09 17:23:31,564 - __main__ - INFO - 📡 @EsportsInsider: 20 tweets via GraphQL
2026-04-09 17:23:33 +00:00: 2026-04-09 17:23:33,703 - __main__ - INFO - 📡 GraphQL timeline @ABORCS: 0 tweets, status=200
2026-04-09 17:23:36 +00:00: 2026-04-09 17:23:36,926 - __main__ - INFO - 📡 GraphQL timeline @BlastPremier: 10 tweets, status=200
2026-04-09 17:23:36 +00:00: 2026-04-09 17:23:36,927 - __main__ - INFO - 📡 @BlastPremier: 10 tweets via GraphQL
2026-04-09 17:23:39 +00:00: 2026-04-09 17:23:39,127 - __main__ - INFO - 📡 GraphQL timeline @hltv: 0 tweets, status=200
2026-04-09 17:23:42 +00:00: 2026-04-09 17:23:42,027 - __main__ - INFO - 📡 GraphQL timeline @Slasher: 20 tweets, status=200
2026-04-09 17:23:42 +00:00: 2026-04-09 17:23:42,028 - __main__ - INFO - 📡 @Slasher: 20 tweets via GraphQL
2026-04-09 17:23:44 +00:00: 2026-04-09 17:23:44,030 - __main__ - INFO - 📊 VIP strategy: 23 total candidates
2026-04-09 17:23:48 +00:00: 2026-04-09 17:23:48,266 - __main__ - INFO - 🎯 Engagement target strategy: 5 candidates
2026-04-09 17:23:49 +00:00: 2026-04-09 17:23:49,191 - __main__ - INFO - Could not resolve @LOABORVRE_CS2: 200
2026-04-09 17:23:51 +00:00: 2026-04-09 17:23:51,790 - __main__ - INFO - 📡 GraphQL timeline @ESLCS: 20 tweets, status=200
2026-04-09 17:23:51 +00:00: 2026-04-09 17:23:51,790 - __main__ - INFO - 🌐 @ESLCS: 20 tweets via timeline scrape
2026-04-09 17:23:54 +00:00: 2026-04-09 17:23:54,553 - __main__ - INFO - 📡 GraphQL timeline @nilocsgo: 20 tweets, status=200
2026-04-09 17:23:54 +00:00: 2026-04-09 17:23:54,554 - __main__ - INFO - 🌐 @nilocsgo: 20 tweets via timeline scrape
2026-04-09 17:23:58 +00:00: 2026-04-09 17:23:58,125 - __main__ - INFO - ✅ Like cycle complete — liked 0 tweets (7/200 today)
2026-04-09 18:08:58 +00:00: 2026-04-09 18:08:58,138 - utils.db_utils - WARNING - ⚠️  DB connection stale — reconnecting…
2026-04-09 18:08:59 +00:00: 2026-04-09 18:08:59,108 - utils.db_utils - INFO - ✅ Reconnected to PostgreSQL
2026-04-09 18:08:59 +00:00: 2026-04-09 18:08:59,410 - __main__ - INFO - 💫 Like cycle starting — 7/200 today, budget: 40
2026-04-09 18:09:00 +00:00: 2026-04-09 18:09:00,313 - __main__ - INFO - 📬 Found 10 of our tweets to check for replies
2026-04-09 18:09:00 +00:00: 2026-04-09 18:09:00,462 - __main__ - INFO - Search unexpected status: 404
2026-04-09 18:09:01 +00:00: 2026-04-09 18:09:01,586 - __main__ - INFO - Search unexpected status: 404
2026-04-09 18:09:02 +00:00: 2026-04-09 18:09:02,714 - __main__ - INFO - Search unexpected status: 404
2026-04-09 18:09:03 +00:00: 2026-04-09 18:09:03,716 - __main__ - INFO - 📬 Reply strategy: 0 candidates
2026-04-09 18:09:05 +00:00: 2026-04-09 18:09:05,065 - __main__ - INFO - 📊 VIP DB: 3 candidates from events
2026-04-09 18:09:05 +00:00: 2026-04-09 18:09:05,066 - __main__ - INFO - 📡 VIP GraphQL fallback triggered — 3 DB candidates < 10
2026-04-09 18:09:05 +00:00: 2026-04-09 18:09:05,405 - __main__ - INFO - 📡 GraphQL timeline @hltv: 0 tweets, status=200
2026-04-09 18:09:08 +00:00: 2026-04-09 18:09:08,110 - __main__ - INFO - 📡 GraphQL timeline @EsportsInsider: 20 tweets, status=200
2026-04-09 18:09:08 +00:00: 2026-04-09 18:09:08,110 - __main__ - INFO - 📡 @EsportsInsider: 20 tweets via GraphQL
2026-04-09 18:09:10 +00:00: 2026-04-09 18:09:10,961 - __main__ - INFO - 📡 GraphQL timeline @CounterStrike: 20 tweets, status=200
2026-04-09 18:09:10 +00:00: 2026-04-09 18:09:10,961 - __main__ - INFO - 📡 @CounterStrike: 20 tweets via GraphQL
2026-04-09 18:09:13 +00:00: 2026-04-09 18:09:13,574 - __main__ - INFO - 📡 GraphQL timeline @LiquipediaCS: 20 tweets, status=200
2026-04-09 18:09:13 +00:00: 2026-04-09 18:09:13,575 - __main__ - INFO - 📡 @LiquipediaCS: 20 tweets via GraphQL
2026-04-09 18:09:16 +00:00: 2026-04-09 18:09:16,115 - __main__ - INFO - 📡 GraphQL timeline @BlastPremier: 10 tweets, status=200
2026-04-09 18:09:16 +00:00: 2026-04-09 18:09:16,116 - __main__ - INFO - 📡 @BlastPremier: 10 tweets via GraphQL
2026-04-09 18:09:19 +00:00: 2026-04-09 18:09:19,007 - __main__ - INFO - 📡 GraphQL timeline @Dust2us: 20 tweets, status=200
2026-04-09 18:09:19 +00:00: 2026-04-09 18:09:19,008 - __main__ - INFO - 📡 @Dust2us: 20 tweets via GraphQL
2026-04-09 18:09:21 +00:00: 2026-04-09 18:09:21,010 - __main__ - INFO - 📊 VIP strategy: 28 total candidates
2026-04-09 18:09:25 +00:00: 2026-04-09 18:09:25,813 - __main__ - INFO - 🎯 Engagement target strategy: 5 candidates
2026-04-09 18:09:26 +00:00: 2026-04-09 18:09:26,719 - __main__ - INFO - 📡 GraphQL timeline @rainCS: 0 tweets, status=200
2026-04-09 18:09:29 +00:00: 2026-04-09 18:09:29,615 - __main__ - INFO - 📡 GraphQL timeline @Twistzz: 20 tweets, status=200
2026-04-09 18:09:29 +00:00: 2026-04-09 18:09:29,616 - __main__ - INFO - 🌐 @Twistzz: 20 tweets via timeline scrape
2026-04-09 18:09:32 +00:00: 2026-04-09 18:09:32,455 - __main__ - INFO - 📡 GraphQL timeline @EliGE: 20 tweets, status=200
2026-04-09 18:09:32 +00:00: 2026-04-09 18:09:32,455 - __main__ - INFO - 🌐 @EliGE: 20 tweets via timeline scrape
2026-04-09 18:09:35 +00:00: 2026-04-09 18:09:35,967 - __main__ - INFO - ✅ Like cycle complete — liked 0 tweets (7/200 today)
2026-04-09 18:54:36 +00:00: 2026-04-09 18:54:36,065 - utils.db_utils - WARNING - ⚠️  DB connection stale — reconnecting…
2026-04-09 18:54:37 +00:00: 2026-04-09 18:54:37,120 - utils.db_utils - INFO - ✅ Reconnected to PostgreSQL
2026-04-09 18:54:37 +00:00: 2026-04-09 18:54:37,439 - __main__ - INFO - 💫 Like cycle starting — 7/200 today, budget: 40
2026-04-09 18:54:38 +00:00: 2026-04-09 18:54:38,391 - __main__ - INFO - 📬 Found 10 of our tweets to check for replies
2026-04-09 18:54:38 +00:00: 2026-04-09 18:54:38,607 - __main__ - INFO - 🔑 Guest token refreshed
2026-04-09 18:54:38 +00:00: 2026-04-09 18:54:38,742 - __main__ - INFO - Search unexpected status: 404
2026-04-09 18:54:39 +00:00: 2026-04-09 18:54:39,861 - __main__ - INFO - Search unexpected status: 404
2026-04-09 18:54:40 +00:00: 2026-04-09 18:54:40,977 - __main__ - INFO - Search unexpected status: 404
2026-04-09 18:54:41 +00:00: 2026-04-09 18:54:41,979 - __main__ - INFO - 📬 Reply strategy: 0 candidates
2026-04-09 18:54:43 +00:00: 2026-04-09 18:54:43,404 - __main__ - INFO - 📊 VIP DB: 3 candidates from events
2026-04-09 18:54:43 +00:00: 2026-04-09 18:54:43,404 - __main__ - INFO - 📡 VIP GraphQL fallback triggered — 3 DB candidates < 10
2026-04-09 18:54:44 +00:00: 2026-04-09 18:54:44,233 - __main__ - INFO - 📡 GraphQL timeline @BlastPremier: 10 tweets, status=200
2026-04-09 18:54:44 +00:00: 2026-04-09 18:54:44,234 - __main__ - INFO - 📡 @BlastPremier: 10 tweets via GraphQL
2026-04-09 18:54:47 +00:00: 2026-04-09 18:54:47,096 - __main__ - INFO - 📡 GraphQL timeline @RazedEsport: 20 tweets, status=200
2026-04-09 18:54:47 +00:00: 2026-04-09 18:54:47,096 - __main__ - INFO - 📡 @RazedEsport: 20 tweets via GraphQL
2026-04-09 18:54:49 +00:00: 2026-04-09 18:54:49,229 - __main__ - INFO - Could not resolve @RichardLewisTV: 200
2026-04-09 18:54:51 +00:00: 2026-04-09 18:54:51,391 - __main__ - INFO - 📡 GraphQL timeline @hltv: 0 tweets, status=200
2026-04-09 18:54:54 +00:00: 2026-04-09 18:54:54,179 - __main__ - INFO - 📡 GraphQL timeline @Dust2us: 20 tweets, status=200
2026-04-09 18:54:54 +00:00: 2026-04-09 18:54:54,180 - __main__ - INFO - 📡 @Dust2us: 20 tweets via GraphQL
2026-04-09 18:54:56 +00:00: 2026-04-09 18:54:56,988 - __main__ - INFO - 📡 GraphQL timeline @Slasher: 20 tweets, status=200
2026-04-09 18:54:56 +00:00: 2026-04-09 18:54:56,988 - __main__ - INFO - 📡 @Slasher: 20 tweets via GraphQL
2026-04-09 18:54:58 +00:00: 2026-04-09 18:54:58,990 - __main__ - INFO - 📊 VIP strategy: 23 total candidates
2026-04-09 18:55:03 +00:00: 2026-04-09 18:55:03,269 - __main__ - INFO - 🎯 Engagement target strategy: 5 candidates
2026-04-09 18:55:04 +00:00: 2026-04-09 18:55:04,913 - __main__ - INFO - 📡 GraphQL timeline @Complexity: 11 tweets, status=200
2026-04-09 18:55:04 +00:00: 2026-04-09 18:55:04,913 - __main__ - INFO - 🌐 @Complexity: 11 tweets via timeline scrape
2026-04-09 18:55:07 +00:00: 2026-04-09 18:55:07,728 - __main__ - INFO - 📡 GraphQL timeline @Twistzz: 20 tweets, status=200
2026-04-09 18:55:07 +00:00: 2026-04-09 18:55:07,729 - __main__ - INFO - 🌐 @Twistzz: 20 tweets via timeline scrape
2026-04-09 18:55:10 +00:00: 2026-04-09 18:55:10,636 - __main__ - INFO - 📡 GraphQL timeline @EliGE: 20 tweets, status=200
2026-04-09 18:55:10 +00:00: 2026-04-09 18:55:10,636 - __main__ - INFO - 🌐 @EliGE: 20 tweets via timeline scrape
2026-04-09 18:55:15 +00:00: 2026-04-09 18:55:15,018 - __main__ - INFO - ✅ Like cycle complete — liked 0 tweets (7/200 today)
2026-04-09 19:40:15 +00:00: 2026-04-09 19:40:15,042 - utils.db_utils - WARNING - ⚠️  DB connection stale — reconnecting…
2026-04-09 19:40:16 +00:00: 2026-04-09 19:40:16,071 - utils.db_utils - INFO - ✅ Reconnected to PostgreSQL
2026-04-09 19:40:16 +00:00: 2026-04-09 19:40:16,407 - __main__ - INFO - 💫 Like cycle starting — 7/200 today, budget: 40
2026-04-09 19:40:17 +00:00: 2026-04-09 19:40:17,414 - __main__ - INFO - 📬 Found 10 of our tweets to check for replies
2026-04-09 19:40:17 +00:00: 2026-04-09 19:40:17,578 - __main__ - INFO - Search unexpected status: 404
2026-04-09 19:40:18 +00:00: 2026-04-09 19:40:18,704 - __main__ - INFO - Search unexpected status: 404
2026-04-09 19:40:19 +00:00: 2026-04-09 19:40:19,828 - __main__ - INFO - Search unexpected status: 404
2026-04-09 19:40:20 +00:00: 2026-04-09 19:40:20,829 - __main__ - INFO - 📬 Reply strategy: 0 candidates
2026-04-09 19:40:22 +00:00: 2026-04-09 19:40:22,340 - __main__ - INFO - 📊 VIP DB: 3 candidates from events
2026-04-09 19:40:22 +00:00: 2026-04-09 19:40:22,340 - __main__ - INFO - 📡 VIP GraphQL fallback triggered — 3 DB candidates < 10
2026-04-09 19:40:23 +00:00: 2026-04-09 19:40:23,407 - __main__ - INFO - 📡 GraphQL timeline @EsportsInsider: 20 tweets, status=200
2026-04-09 19:40:23 +00:00: 2026-04-09 19:40:23,408 - __main__ - INFO - 📡 @EsportsInsider: 20 tweets via GraphQL
2026-04-09 19:40:26 +00:00: 2026-04-09 19:40:26,425 - __main__ - INFO - 📡 GraphQL timeline @Slasher: 20 tweets, status=200
2026-04-09 19:40:26 +00:00: 2026-04-09 19:40:26,426 - __main__ - INFO - 📡 @Slasher: 20 tweets via GraphQL
2026-04-09 19:40:28 +00:00: 2026-04-09 19:40:28,599 - __main__ - INFO - 📡 GraphQL timeline @hltv: 0 tweets, status=200
2026-04-09 19:40:31 +00:00: 2026-04-09 19:40:31,276 - __main__ - INFO - 📡 GraphQL timeline @LiquipediaCS: 20 tweets, status=200
2026-04-09 19:40:31 +00:00: 2026-04-09 19:40:31,277 - __main__ - INFO - 📡 @LiquipediaCS: 20 tweets via GraphQL
2026-04-09 19:40:33 +00:00: 2026-04-09 19:40:33,460 - __main__ - INFO - 📡 GraphQL timeline @Nors3: 0 tweets, status=200
2026-04-09 19:40:36 +00:00: 2026-04-09 19:40:36,272 - __main__ - INFO - 📡 GraphQL timeline @RazedEsport: 20 tweets, status=200
2026-04-09 19:40:36 +00:00: 2026-04-09 19:40:36,272 - __main__ - INFO - 📡 @RazedEsport: 20 tweets via GraphQL
2026-04-09 19:40:38 +00:00: 2026-04-09 19:40:38,274 - __main__ - INFO - 📊 VIP strategy: 23 total candidates
2026-04-09 19:40:43 +00:00: 2026-04-09 19:40:43,141 - __main__ - INFO - 🎯 Engagement target strategy: 5 candidates
2026-04-09 19:40:44 +00:00: 2026-04-09 19:40:44,138 - __main__ - INFO - 📡 GraphQL timeline @PGL_Esports: 0 tweets, status=200
2026-04-09 19:40:46 +00:00: 2026-04-09 19:40:46,293 - __main__ - INFO - 📡 GraphQL timeline @rainCS: 0 tweets, status=200
2026-04-09 19:40:48 +00:00: 2026-04-09 19:40:48,865 - __main__ - INFO - 📡 GraphQL timeline @BIGCLANgg: 18 tweets, status=200
2026-04-09 19:40:48 +00:00: 2026-04-09 19:40:48,866 - __main__ - INFO - 🌐 @BIGCLANgg: 18 tweets via timeline scrape
2026-04-09 19:40:52 +00:00: 2026-04-09 19:40:52,538 - __main__ - INFO - ❤️  Liked tweet 204226741557725... by @BIGCLANgg (cs2_community:BIGCLANgg)
2026-04-09 19:41:00 +00:00: 2026-04-09 19:41:00,563 - __main__ - INFO - ❤️  Liked tweet 204225103346052... by @BIGCLANgg (cs2_community:BIGCLANgg)
2026-04-09 19:41:07 +00:00: 2026-04-09 19:41:07,623 - __main__ - INFO - ❤️  Liked tweet 204227083808736... by @BIGCLANgg (cs2_community:BIGCLANgg)
2026-04-09 19:41:18 +00:00: 2026-04-09 19:41:18,959 - __main__ - INFO - ❤️  Liked tweet 204226725715006... by @BIGCLANgg (cs2_community:BIGCLANgg)
2026-04-09 19:41:25 +00:00: 2026-04-09 19:41:25,343 - __main__ - INFO - ❤️  Liked tweet 204224819631584... by @BIGCLANgg (cs2_community:BIGCLANgg)
2026-04-09 19:41:31 +00:00: 2026-04-09 19:41:31,792 - __main__ - INFO - ✅ Like cycle complete — liked 5 tweets (12/200 today)
2026-04-09 20:26:32 +00:00: 2026-04-09 20:26:32,643 - __main__ - INFO - 💫 Like cycle starting — 12/200 today, budget: 40
2026-04-09 20:26:33 +00:00: 2026-04-09 20:26:33,655 - __main__ - INFO - 📬 Found 10 of our tweets to check for replies
2026-04-09 20:26:33 +00:00: 2026-04-09 20:26:33,815 - __main__ - INFO - Search unexpected status: 404
2026-04-09 20:26:34 +00:00: 2026-04-09 20:26:34,939 - __main__ - INFO - Search unexpected status: 404
2026-04-09 20:26:36 +00:00: 2026-04-09 20:26:36,063 - __main__ - INFO - Search unexpected status: 404
2026-04-09 20:26:37 +00:00: 2026-04-09 20:26:37,064 - __main__ - INFO - 📬 Reply strategy: 0 candidates
2026-04-09 20:26:38 +00:00: 2026-04-09 20:26:38,582 - __main__ - INFO - 📊 VIP DB: 3 candidates from events
2026-04-09 20:26:38 +00:00: 2026-04-09 20:26:38,582 - __main__ - INFO - 📡 VIP GraphQL fallback triggered — 3 DB candidates < 10
2026-04-09 20:26:39 +00:00: 2026-04-09 20:26:39,162 - __main__ - INFO - Could not resolve @RichardLewisTV: 200
2026-04-09 20:26:41 +00:00: 2026-04-09 20:26:41,724 - __main__ - INFO - 📡 GraphQL timeline @BlastPremier: 10 tweets, status=200
2026-04-09 20:26:41 +00:00: 2026-04-09 20:26:41,725 - __main__ - INFO - 📡 @BlastPremier: 10 tweets via GraphQL
2026-04-09 20:26:44 +00:00: 2026-04-09 20:26:44,591 - __main__ - INFO - 📡 GraphQL timeline @RazedEsport: 20 tweets, status=200
2026-04-09 20:26:44 +00:00: 2026-04-09 20:26:44,592 - __main__ - INFO - 📡 @RazedEsport: 20 tweets via GraphQL
2026-04-09 20:26:47 +00:00: 2026-04-09 20:26:47,419 - __main__ - INFO - 📡 GraphQL timeline @Dust2us: 20 tweets, status=200
2026-04-09 20:26:47 +00:00: 2026-04-09 20:26:47,419 - __main__ - INFO - 📡 @Dust2us: 20 tweets via GraphQL
2026-04-09 20:26:50 +00:00: 2026-04-09 20:26:50,364 - __main__ - INFO - 📡 GraphQL timeline @CounterStrike: 20 tweets, status=200
2026-04-09 20:26:50 +00:00: 2026-04-09 20:26:50,365 - __main__ - INFO - 📡 @CounterStrike: 20 tweets via GraphQL
2026-04-09 20:26:52 +00:00: 2026-04-09 20:26:52,535 - __main__ - INFO - 📡 GraphQL timeline @hltv: 0 tweets, status=200
2026-04-09 20:26:54 +00:00: 2026-04-09 20:26:54,536 - __main__ - INFO - 📊 VIP strategy: 23 total candidates
2026-04-09 20:26:59 +00:00: 2026-04-09 20:26:59,087 - __main__ - INFO - 🎯 Engagement target strategy: 5 candidates
2026-04-09 20:27:00 +00:00: 2026-04-09 20:27:00,732 - __main__ - INFO - 📡 GraphQL timeline @Karrigancsgo: 20 tweets, status=200
2026-04-09 20:27:00 +00:00: 2026-04-09 20:27:00,733 - __main__ - INFO - 🌐 @Karrigancsgo: 20 tweets via timeline scrape
2026-04-09 20:27:02 +00:00: 2026-04-09 20:27:02,891 - __main__ - INFO - 📡 GraphQL timeline @PGL_Esports: 0 tweets, status=200
2026-04-09 20:27:05 +00:00: 2026-04-09 20:27:05,031 - __main__ - INFO - Could not resolve @LOABORVRE_CS2: 200
2026-04-09 20:27:07 +00:00: 2026-04-09 20:27:07,876 - __main__ - INFO - ✅ Like cycle complete — liked 0 tweets (12/200 today)
2026-04-09 21:12:07 +00:00: 2026-04-09 21:12:07,927 - utils.db_utils - WARNING - ⚠️  DB connection stale — reconnecting…
2026-04-09 21:12:09 +00:00: 2026-04-09 21:12:09,020 - utils.db_utils - INFO - ✅ Reconnected to PostgreSQL
2026-04-09 21:12:09 +00:00: 2026-04-09 21:12:09,360 - __main__ - INFO - 💫 Like cycle starting — 12/200 today, budget: 40
2026-04-09 21:12:10 +00:00: 2026-04-09 21:12:10,378 - __main__ - INFO - 📬 Found 10 of our tweets to check for replies
2026-04-09 21:12:10 +00:00: 2026-04-09 21:12:10,669 - __main__ - INFO - 🔑 Guest token refreshed
2026-04-09 21:12:10 +00:00: 2026-04-09 21:12:10,818 - __main__ - INFO - Search unexpected status: 404
2026-04-09 21:12:11 +00:00: 2026-04-09 21:12:11,943 - __main__ - INFO - Search unexpected status: 404
2026-04-09 21:12:13 +00:00: 2026-04-09 21:12:13,067 - __main__ - INFO - Search unexpected status: 404
2026-04-09 21:12:14 +00:00: 2026-04-09 21:12:14,069 - __main__ - INFO - 📬 Reply strategy: 0 candidates
2026-04-09 21:12:15 +00:00: 2026-04-09 21:12:15,601 - __main__ - INFO - 📊 VIP DB: 3 candidates from events
2026-04-09 21:12:15 +00:00: 2026-04-09 21:12:15,602 - __main__ - INFO - 📡 VIP GraphQL fallback triggered — 3 DB candidates < 10
2026-04-09 21:12:15 +00:00: 2026-04-09 21:12:15,934 - __main__ - INFO - 📡 GraphQL timeline @Nors3: 0 tweets, status=200
2026-04-09 21:12:18 +00:00: 2026-04-09 21:12:18,586 - __main__ - INFO - 📡 GraphQL timeline @CounterStrike: 20 tweets, status=200
2026-04-09 21:12:18 +00:00: 2026-04-09 21:12:18,586 - __main__ - INFO - 📡 @CounterStrike: 20 tweets via GraphQL
2026-04-09 21:12:21 +00:00: 2026-04-09 21:12:21,278 - __main__ - INFO - 📡 GraphQL timeline @BlastPremier: 10 tweets, status=200
2026-04-09 21:12:21 +00:00: 2026-04-09 21:12:21,279 - __main__ - INFO - 📡 @BlastPremier: 10 tweets via GraphQL
2026-04-09 21:12:23 +00:00: 2026-04-09 21:12:23,967 - __main__ - INFO - 📡 GraphQL timeline @Slasher: 20 tweets, status=200
2026-04-09 21:12:23 +00:00: 2026-04-09 21:12:23,968 - __main__ - INFO - 📡 @Slasher: 20 tweets via GraphQL
2026-04-09 21:12:26 +00:00: 2026-04-09 21:12:26,599 - __main__ - INFO - 📡 GraphQL timeline @EsportsInsider: 20 tweets, status=200
2026-04-09 21:12:26 +00:00: 2026-04-09 21:12:26,599 - __main__ - INFO - 📡 @EsportsInsider: 20 tweets via GraphQL
2026-04-09 21:12:28 +00:00: 2026-04-09 21:12:28,822 - __main__ - INFO - 📡 GraphQL timeline @hltv: 0 tweets, status=200
2026-04-09 21:12:30 +00:00: 2026-04-09 21:12:30,825 - __main__ - INFO - 📊 VIP strategy: 23 total candidates
2026-04-09 21:12:35 +00:00: 2026-04-09 21:12:35,379 - __main__ - INFO - 🎯 Engagement target strategy: 5 candidates
2026-04-09 21:12:37 +00:00: 2026-04-09 21:12:37,036 - __main__ - INFO - 📡 GraphQL timeline @OGesports: 20 tweets, status=200
2026-04-09 21:12:37 +00:00: 2026-04-09 21:12:37,036 - __main__ - INFO - 🌐 @OGesports: 20 tweets via timeline scrape
2026-04-09 21:12:39 +00:00: 2026-04-09 21:12:39,832 - __main__ - INFO - 📡 GraphQL timeline @FACEIT: 0 tweets, status=200
2026-04-09 21:12:42 +00:00: 2026-04-09 21:12:42,636 - __main__ - INFO - 📡 GraphQL timeline @nilocsgo: 20 tweets, status=200
2026-04-09 21:12:42 +00:00: 2026-04-09 21:12:42,637 - __main__ - INFO - 🌐 @nilocsgo: 20 tweets via timeline scrape
2026-04-09 21:12:46 +00:00: 2026-04-09 21:12:46,327 - __main__ - INFO - ✅ Like cycle complete — liked 0 tweets (12/200 today)
2026-04-09 21:57:46 +00:00: 2026-04-09 21:57:46,383 - utils.db_utils - WARNING - ⚠️  DB connection stale — reconnecting…
2026-04-09 21:57:47 +00:00: 2026-04-09 21:57:47,423 - utils.db_utils - INFO - ✅ Reconnected to PostgreSQL
2026-04-09 21:57:47 +00:00: 2026-04-09 21:57:47,741 - __main__ - INFO - 💫 Like cycle starting — 12/200 today, budget: 40
2026-04-09 21:57:48 +00:00: 2026-04-09 21:57:48,692 - __main__ - INFO - 📬 Found 10 of our tweets to check for replies
2026-04-09 21:57:48 +00:00: 2026-04-09 21:57:48,834 - __main__ - INFO - Search unexpected status: 404
2026-04-09 21:57:49 +00:00: 2026-04-09 21:57:49,957 - __main__ - INFO - Search unexpected status: 404
2026-04-09 21:57:51 +00:00: 2026-04-09 21:57:51,121 - __main__ - INFO - Search unexpected status: 404
2026-04-09 21:57:52 +00:00: 2026-04-09 21:57:52,123 - __main__ - INFO - 📬 Reply strategy: 0 candidates
2026-04-09 21:57:53 +00:00: 2026-04-09 21:57:53,547 - __main__ - INFO - 📊 VIP DB: 3 candidates from events
2026-04-09 21:57:53 +00:00: 2026-04-09 21:57:53,547 - __main__ - INFO - 📡 VIP GraphQL fallback triggered — 3 DB candidates < 10
2026-04-09 21:57:54 +00:00: 2026-04-09 21:57:54,516 - __main__ - INFO - 📡 GraphQL timeline @CounterStrike: 20 tweets, status=200
2026-04-09 21:57:54 +00:00: 2026-04-09 21:57:54,516 - __main__ - INFO - 📡 @CounterStrike: 20 tweets via GraphQL
2026-04-09 21:57:57 +00:00: 2026-04-09 21:57:57,403 - __main__ - INFO - 📡 GraphQL timeline @Slasher: 20 tweets, status=200
2026-04-09 21:57:57 +00:00: 2026-04-09 21:57:57,404 - __main__ - INFO - 📡 @Slasher: 20 tweets via GraphQL
2026-04-09 21:58:00 +00:00: 2026-04-09 21:58:00,338 - __main__ - INFO - 📡 GraphQL timeline @Dust2us: 20 tweets, status=200
2026-04-09 21:58:00 +00:00: 2026-04-09 21:58:00,339 - __main__ - INFO - 📡 @Dust2us: 20 tweets via GraphQL
2026-04-09 21:58:02 +00:00: 2026-04-09 21:58:02,504 - __main__ - INFO - 📡 GraphQL timeline @hltv: 0 tweets, status=200
2026-04-09 21:58:05 +00:00: 2026-04-09 21:58:05,442 - __main__ - INFO - 📡 GraphQL timeline @EsportsInsider: 20 tweets, status=200
2026-04-09 21:58:05 +00:00: 2026-04-09 21:58:05,442 - __main__ - INFO - 📡 @EsportsInsider: 20 tweets via GraphQL
2026-04-09 21:58:07 +00:00: 2026-04-09 21:58:07,575 - __main__ - INFO - Could not resolve @RichardLewisTV: 200
2026-04-09 21:58:09 +00:00: 2026-04-09 21:58:09,578 - __main__ - INFO - 📊 VIP strategy: 23 total candidates
2026-04-09 21:58:14 +00:00: 2026-04-09 21:58:14,168 - __main__ - INFO - 🎯 Engagement target strategy: 5 candidates
2026-04-09 21:58:15 +00:00: 2026-04-09 21:58:15,854 - __main__ - INFO - 📡 GraphQL timeline @TeamLiquidCS: 20 tweets, status=200
2026-04-09 21:58:15 +00:00: 2026-04-09 21:58:15,854 - __main__ - INFO - 🌐 @TeamLiquidCS: 20 tweets via timeline scrape
2026-04-09 21:58:18 +00:00: 2026-04-09 21:58:18,727 - __main__ - INFO - 📡 GraphQL timeline @ESLCS: 20 tweets, status=200
2026-04-09 21:58:18 +00:00: 2026-04-09 21:58:18,727 - __main__ - INFO - 🌐 @ESLCS: 20 tweets via timeline scrape
2026-04-09 21:58:20 +00:00: 2026-04-09 21:58:20,862 - __main__ - INFO - Could not resolve @LOABORVRE_CS2: 200
2026-04-09 21:58:24 +00:00: 2026-04-09 21:58:24,446 - __main__ - INFO - ✅ Like cycle complete — liked 0 tweets (12/200 today)
2026-04-09 22:43:24 +00:00: 2026-04-09 22:43:24,550 - utils.db_utils - WARNING - ⚠️  DB connection stale — reconnecting…
2026-04-09 22:43:25 +00:00: 2026-04-09 22:43:25,498 - utils.db_utils - INFO - ✅ Reconnected to PostgreSQL
2026-04-09 22:43:25 +00:00: 2026-04-09 22:43:25,810 - __main__ - INFO - 💫 Like cycle starting — 12/200 today, budget: 40
2026-04-09 22:43:26 +00:00: 2026-04-09 22:43:26,750 - __main__ - INFO - 📬 Found 10 of our tweets to check for replies
2026-04-09 22:43:26 +00:00: 2026-04-09 22:43:26,893 - __main__ - INFO - Search unexpected status: 404
2026-04-09 22:43:28 +00:00: 2026-04-09 22:43:28,010 - __main__ - INFO - Search unexpected status: 404
2026-04-09 22:43:29 +00:00: 2026-04-09 22:43:29,130 - __main__ - INFO - Search unexpected status: 404
2026-04-09 22:43:30 +00:00: 2026-04-09 22:43:30,132 - __main__ - INFO - 📬 Reply strategy: 0 candidates
2026-04-09 22:43:31 +00:00: 2026-04-09 22:43:31,533 - __main__ - INFO - 📊 VIP DB: 3 candidates from events
2026-04-09 22:43:31 +00:00: 2026-04-09 22:43:31,533 - __main__ - INFO - 📡 VIP GraphQL fallback triggered — 3 DB candidates < 10
2026-04-09 22:43:32 +00:00: 2026-04-09 22:43:32,519 - __main__ - INFO - 📡 GraphQL timeline @EsportsInsider: 20 tweets, status=200
2026-04-09 22:43:32 +00:00: 2026-04-09 22:43:32,519 - __main__ - INFO - 📡 @EsportsInsider: 20 tweets via GraphQL
2026-04-09 22:43:35 +00:00: 2026-04-09 22:43:35,596 - __main__ - INFO - 📡 GraphQL timeline @CounterStrike: 20 tweets, status=200
2026-04-09 22:43:35 +00:00: 2026-04-09 22:43:35,597 - __main__ - INFO - 📡 @CounterStrike: 20 tweets via GraphQL
2026-04-09 22:43:38 +00:00: 2026-04-09 22:43:38,225 - __main__ - INFO - 📡 GraphQL timeline @BlastPremier: 10 tweets, status=200
2026-04-09 22:43:38 +00:00: 2026-04-09 22:43:38,225 - __main__ - INFO - 📡 @BlastPremier: 10 tweets via GraphQL
2026-04-09 22:43:40 +00:00: 2026-04-09 22:43:40,360 - __main__ - INFO - 📡 GraphQL timeline @ABORCS: 0 tweets, status=200
2026-04-09 22:43:42 +00:00: 2026-04-09 22:43:42,523 - __main__ - INFO - 📡 GraphQL timeline @hltv: 0 tweets, status=200
2026-04-09 22:43:44 +00:00: 2026-04-09 22:43:44,670 - __main__ - INFO - 📡 GraphQL timeline @Nors3: 0 tweets, status=200
2026-04-09 22:43:46 +00:00: 2026-04-09 22:43:46,673 - __main__ - INFO - 📊 VIP strategy: 18 total candidates
2026-04-09 22:43:50 +00:00: 2026-04-09 22:43:50,110 - __main__ - INFO - 🎯 Engagement target strategy: 5 candidates
2026-04-09 22:43:51 +00:00: 2026-04-09 22:43:51,583 - __main__ - INFO - 📡 GraphQL timeline @OGesports: 20 tweets, status=200
2026-04-09 22:43:51 +00:00: 2026-04-09 22:43:51,584 - __main__ - INFO - 🌐 @OGesports: 20 tweets via timeline scrape
2026-04-09 22:43:53 +00:00: 2026-04-09 22:43:53,717 - __main__ - INFO - Could not resolve @LOABORVRE_CS2: 200
2026-04-09 22:43:56 +00:00: 2026-04-09 22:43:56,345 - __main__ - INFO - 📡 GraphQL timeline @Karrigancsgo: 20 tweets, status=200
2026-04-09 22:43:56 +00:00: 2026-04-09 22:43:56,346 - __main__ - INFO - 🌐 @Karrigancsgo: 20 tweets via timeline scrape
2026-04-09 22:43:59 +00:00: 2026-04-09 22:43:59,907 - __main__ - INFO - ✅ Like cycle complete — liked 0 tweets (12/200 today)
2026-04-09 23:28:59 +00:00: 2026-04-09 23:28:59,968 - utils.db_utils - WARNING - ⚠️  DB connection stale — reconnecting…
2026-04-09 23:29:00 +00:00: 2026-04-09 23:29:00,957 - utils.db_utils - INFO - ✅ Reconnected to PostgreSQL
2026-04-09 23:29:01 +00:00: 2026-04-09 23:29:01,276 - __main__ - INFO - 💫 Like cycle starting — 12/200 today, budget: 40
2026-04-09 23:29:02 +00:00: 2026-04-09 23:29:02,217 - __main__ - INFO - 📬 Found 10 of our tweets to check for replies
2026-04-09 23:29:02 +00:00: 2026-04-09 23:29:02,432 - __main__ - INFO - 🔑 Guest token refreshed
2026-04-09 23:29:02 +00:00: 2026-04-09 23:29:02,600 - __main__ - INFO - Search unexpected status: 404
2026-04-09 23:29:03 +00:00: 2026-04-09 23:29:03,723 - __main__ - INFO - Search unexpected status: 404
2026-04-09 23:29:04 +00:00: 2026-04-09 23:29:04,853 - __main__ - INFO - Search unexpected status: 404
2026-04-09 23:29:05 +00:00: 2026-04-09 23:29:05,854 - __main__ - INFO - 📬 Reply strategy: 0 candidates
2026-04-09 23:29:07 +00:00: 2026-04-09 23:29:07,266 - __main__ - INFO - 📊 VIP DB: 3 candidates from events
2026-04-09 23:29:07 +00:00: 2026-04-09 23:29:07,266 - __main__ - INFO - 📡 VIP GraphQL fallback triggered — 3 DB candidates < 10
2026-04-09 23:29:08 +00:00: 2026-04-09 23:29:08,258 - __main__ - INFO - 📡 GraphQL timeline @RazedEsport: 20 tweets, status=200
2026-04-09 23:29:08 +00:00: 2026-04-09 23:29:08,259 - __main__ - INFO - 📡 @RazedEsport: 20 tweets via GraphQL
2026-04-09 23:29:11 +00:00: 2026-04-09 23:29:11,102 - __main__ - INFO - 📡 GraphQL timeline @Dust2us: 20 tweets, status=200
2026-04-09 23:29:11 +00:00: 2026-04-09 23:29:11,103 - __main__ - INFO - 📡 @Dust2us: 20 tweets via GraphQL
2026-04-09 23:29:13 +00:00: 2026-04-09 23:29:13,252 - __main__ - INFO - Could not resolve @RichardLewisTV: 200
2026-04-09 23:29:15 +00:00: 2026-04-09 23:29:15,943 - __main__ - INFO - 📡 GraphQL timeline @EsportsInsider: 20 tweets, status=200
2026-04-09 23:29:15 +00:00: 2026-04-09 23:29:15,944 - __main__ - INFO - 📡 @EsportsInsider: 20 tweets via GraphQL
2026-04-09 23:29:18 +00:00: 2026-04-09 23:29:18,631 - __main__ - INFO - 📡 GraphQL timeline @Slasher: 20 tweets, status=200
2026-04-09 23:29:18 +00:00: 2026-04-09 23:29:18,632 - __main__ - INFO - 📡 @Slasher: 20 tweets via GraphQL
2026-04-09 23:29:21 +00:00: 2026-04-09 23:29:21,202 - __main__ - INFO - 📡 GraphQL timeline @BlastPremier: 10 tweets, status=200
2026-04-09 23:29:21 +00:00: 2026-04-09 23:29:21,203 - __main__ - INFO - 📡 @BlastPremier: 10 tweets via GraphQL
2026-04-09 23:29:23 +00:00: 2026-04-09 23:29:23,205 - __main__ - INFO - 📊 VIP strategy: 28 total candidates
2026-04-09 23:29:28 +00:00: 2026-04-09 23:29:28,223 - __main__ - INFO - 🎯 Engagement target strategy: 5 candidates
2026-04-09 23:29:29 +00:00: 2026-04-09 23:29:29,162 - __main__ - INFO - 📡 GraphQL timeline @rainCS: 0 tweets, status=200
2026-04-09 23:29:32 +00:00: 2026-04-09 23:29:32,013 - __main__ - INFO - 📡 GraphQL timeline @Karrigancsgo: 20 tweets, status=200
2026-04-09 23:29:32 +00:00: 2026-04-09 23:29:32,013 - __main__ - INFO - 🌐 @Karrigancsgo: 20 tweets via timeline scrape
2026-04-09 23:29:34 +00:00: 2026-04-09 23:29:34,169 - __main__ - INFO - 📡 GraphQL timeline @PGL_Esports: 0 tweets, status=200
2026-04-09 23:29:36 +00:00: 2026-04-09 23:29:36,955 - __main__ - INFO - ✅ Like cycle complete — liked 0 tweets (12/200 today)
2026-04-10 00:14:36 +00:00: 2026-04-10 00:14:36,983 - utils.db_utils - WARNING - ⚠️  DB connection stale — reconnecting…
2026-04-10 00:14:37 +00:00: 2026-04-10 00:14:37,964 - utils.db_utils - INFO - ✅ Reconnected to PostgreSQL
2026-04-10 00:14:38 +00:00: 2026-04-10 00:14:38,285 - __main__ - INFO - 💫 Like cycle starting — 0/200 today, budget: 40
2026-04-10 00:14:39 +00:00: 2026-04-10 00:14:39,247 - __main__ - INFO - 📬 Found 10 of our tweets to check for replies
2026-04-10 00:14:39 +00:00: 2026-04-10 00:14:39,384 - __main__ - INFO - Search unexpected status: 404
2026-04-10 00:14:40 +00:00: 2026-04-10 00:14:40,503 - __main__ - INFO - Search unexpected status: 404
2026-04-10 00:14:41 +00:00: 2026-04-10 00:14:41,622 - __main__ - INFO - Search unexpected status: 404
2026-04-10 00:14:42 +00:00: 2026-04-10 00:14:42,624 - __main__ - INFO - 📬 Reply strategy: 0 candidates
2026-04-10 00:14:44 +00:00: 2026-04-10 00:14:44,067 - __main__ - INFO - 📊 VIP DB: 3 candidates from events
2026-04-10 00:14:44 +00:00: 2026-04-10 00:14:44,068 - __main__ - INFO - 📡 VIP GraphQL fallback triggered — 3 DB candidates < 10
2026-04-10 00:14:44 +00:00: 2026-04-10 00:14:44,960 - __main__ - INFO - 📡 GraphQL timeline @CS2News_EN: 20 tweets, status=200
2026-04-10 00:14:44 +00:00: 2026-04-10 00:14:44,961 - __main__ - INFO - 📡 @CS2News_EN: 20 tweets via GraphQL
2026-04-10 00:14:47 +00:00: 2026-04-10 00:14:47,120 - __main__ - INFO - 📡 GraphQL timeline @hltv: 0 tweets, status=200
2026-04-10 00:14:49 +00:00: 2026-04-10 00:14:49,925 - __main__ - INFO - 📡 GraphQL timeline @Slasher: 20 tweets, status=200
2026-04-10 00:14:49 +00:00: 2026-04-10 00:14:49,926 - __main__ - INFO - 📡 @Slasher: 20 tweets via GraphQL
2026-04-10 00:14:52 +00:00: 2026-04-10 00:14:52,668 - __main__ - INFO - 📡 GraphQL timeline @EsportsInsider: 20 tweets, status=200
2026-04-10 00:14:52 +00:00: 2026-04-10 00:14:52,669 - __main__ - INFO - 📡 @EsportsInsider: 20 tweets via GraphQL
2026-04-10 00:14:55 +00:00: 2026-04-10 00:14:55,590 - __main__ - INFO - 📡 GraphQL timeline @LiquipediaCS: 20 tweets, status=200
2026-04-10 00:14:55 +00:00: 2026-04-10 00:14:55,590 - __main__ - INFO - 📡 @LiquipediaCS: 20 tweets via GraphQL
2026-04-10 00:14:58 +00:00: 2026-04-10 00:14:58,291 - __main__ - INFO - 📡 GraphQL timeline @BlastPremier: 10 tweets, status=200
2026-04-10 00:14:58 +00:00: 2026-04-10 00:14:58,292 - __main__ - INFO - 📡 @BlastPremier: 10 tweets via GraphQL
2026-04-10 00:15:00 +00:00: 2026-04-10 00:15:00,294 - __main__ - INFO - 📊 VIP strategy: 28 total candidates
2026-04-10 00:15:05 +00:00: 2026-04-10 00:15:05,426 - __main__ - INFO - 🎯 Engagement target strategy: 5 candidates
2026-04-10 00:15:06 +00:00: 2026-04-10 00:15:06,883 - __main__ - INFO - 📡 GraphQL timeline @Complexity: 11 tweets, status=200
2026-04-10 00:15:06 +00:00: 2026-04-10 00:15:06,884 - __main__ - INFO - 🌐 @Complexity: 11 tweets via timeline scrape
2026-04-10 00:15:09 +00:00: 2026-04-10 00:15:09,736 - __main__ - INFO - 📡 GraphQL timeline @Karrigancsgo: 20 tweets, status=200
2026-04-10 00:15:09 +00:00: 2026-04-10 00:15:09,737 - __main__ - INFO - 🌐 @Karrigancsgo: 20 tweets via timeline scrape
2026-04-10 00:15:12 +00:00: 2026-04-10 00:15:12,440 - __main__ - INFO - 📡 GraphQL timeline @ESLCS: 20 tweets, status=200
2026-04-10 00:15:12 +00:00: 2026-04-10 00:15:12,440 - __main__ - INFO - 🌐 @ESLCS: 20 tweets via timeline scrape
2026-04-10 00:15:16 +00:00: 2026-04-10 00:15:16,852 - __main__ - INFO - ✅ Like cycle complete — liked 0 tweets (0/200 today)
2026-04-10 01:45:16 +00:00: 2026-04-10 01:45:16,887 - utils.db_utils - WARNING - ⚠️  DB connection stale — reconnecting…
2026-04-10 01:45:17 +00:00: 2026-04-10 01:45:17,939 - utils.db_utils - INFO - ✅ Reconnected to PostgreSQL
2026-04-10 01:45:18 +00:00: 2026-04-10 01:45:18,255 - __main__ - INFO - 💫 Like cycle starting — 0/200 today, budget: 40
2026-04-10 01:45:19 +00:00: 2026-04-10 01:45:19,200 - __main__ - INFO - 📬 Found 10 of our tweets to check for replies
2026-04-10 01:45:19 +00:00: 2026-04-10 01:45:19,440 - __main__ - INFO - 🔑 Guest token refreshed
2026-04-10 01:45:19 +00:00: 2026-04-10 01:45:19,569 - __main__ - INFO - Search unexpected status: 404
2026-04-10 01:45:20 +00:00: 2026-04-10 01:45:20,684 - __main__ - INFO - Search unexpected status: 404
2026-04-10 01:45:21 +00:00: 2026-04-10 01:45:21,797 - __main__ - INFO - Search unexpected status: 404
2026-04-10 01:45:22 +00:00: 2026-04-10 01:45:22,798 - __main__ - INFO - 📬 Reply strategy: 0 candidates
2026-04-10 01:45:24 +00:00: 2026-04-10 01:45:24,216 - __main__ - INFO - 📊 VIP DB: 3 candidates from events
2026-04-10 01:45:24 +00:00: 2026-04-10 01:45:24,216 - __main__ - INFO - 📡 VIP GraphQL fallback triggered — 3 DB candidates < 10
2026-04-10 01:45:25 +00:00: 2026-04-10 01:45:25,403 - __main__ - INFO - 📡 GraphQL timeline @CounterStrike: 20 tweets, status=200
2026-04-10 01:45:25 +00:00: 2026-04-10 01:45:25,404 - __main__ - INFO - 📡 @CounterStrike: 20 tweets via GraphQL
2026-04-10 01:45:27 +00:00: 2026-04-10 01:45:27,562 - __main__ - INFO - 📡 GraphQL timeline @hltv: 0 tweets, status=200
2026-04-10 01:45:30 +00:00: 2026-04-10 01:45:30,407 - __main__ - INFO - 📡 GraphQL timeline @EsportsInsider: 20 tweets, status=200
2026-04-10 01:45:30 +00:00: 2026-04-10 01:45:30,408 - __main__ - INFO - 📡 @EsportsInsider: 20 tweets via GraphQL
2026-04-10 01:45:32 +00:00: 2026-04-10 01:45:32,552 - __main__ - INFO - 📡 GraphQL timeline @Nors3: 0 tweets, status=200
2026-04-10 01:45:35 +00:00: 2026-04-10 01:45:35,299 - __main__ - INFO - 📡 GraphQL timeline @BlastPremier: 10 tweets, status=200
2026-04-10 01:45:35 +00:00: 2026-04-10 01:45:35,300 - __main__ - INFO - 📡 @BlastPremier: 10 tweets via GraphQL
2026-04-10 01:45:38 +00:00: 2026-04-10 01:45:38,499 - __main__ - INFO - 📡 GraphQL timeline @Slasher: 20 tweets, status=200
2026-04-10 01:45:38 +00:00: 2026-04-10 01:45:38,499 - __main__ - INFO - 📡 @Slasher: 20 tweets via GraphQL
2026-04-10 01:45:40 +00:00: 2026-04-10 01:45:40,500 - __main__ - INFO - 📊 VIP strategy: 23 total candidates
2026-04-10 01:45:44 +00:00: 2026-04-10 01:45:44,750 - __main__ - INFO - 🎯 Engagement target strategy: 5 candidates
2026-04-10 01:45:46 +00:00: 2026-04-10 01:45:46,206 - __main__ - INFO - 📡 GraphQL timeline @BIGCLANgg: 18 tweets, status=200
2026-04-10 01:45:46 +00:00: 2026-04-10 01:45:46,206 - __main__ - INFO - 🌐 @BIGCLANgg: 18 tweets via timeline scrape
2026-04-10 01:45:48 +00:00: 2026-04-10 01:45:48,356 - __main__ - INFO - 📡 GraphQL timeline @rainCS: 0 tweets, status=200
2026-04-10 01:45:51 +00:00: 2026-04-10 01:45:51,504 - __main__ - INFO - 📡 GraphQL timeline @nilocsgo: 20 tweets, status=200
2026-04-10 01:45:51 +00:00: 2026-04-10 01:45:51,504 - __main__ - INFO - 🌐 @nilocsgo: 20 tweets via timeline scrape
2026-04-10 01:45:55 +00:00: 2026-04-10 01:45:55,082 - __main__ - INFO - ✅ Like cycle complete — liked 0 tweets (0/200 today)
2026-04-10 03:15:55 +00:00: 2026-04-10 03:15:55,185 - utils.db_utils - WARNING - ⚠️  DB connection stale — reconnecting…
2026-04-10 03:15:56 +00:00: 2026-04-10 03:15:56,136 - utils.db_utils - INFO - ✅ Reconnected to PostgreSQL
2026-04-10 03:15:56 +00:00: 2026-04-10 03:15:56,447 - __main__ - INFO - 💫 Like cycle starting — 0/200 today, budget: 40
2026-04-10 03:15:57 +00:00: 2026-04-10 03:15:57,380 - __main__ - INFO - 📬 Found 10 of our tweets to check for replies
2026-04-10 03:15:57 +00:00: 2026-04-10 03:15:57,532 - __main__ - INFO - Search 403 — resetting guest token
2026-04-10 03:15:58 +00:00: 2026-04-10 03:15:58,734 - __main__ - INFO - 🔑 Guest token refreshed
2026-04-10 03:15:58 +00:00: 2026-04-10 03:15:58,855 - __main__ - INFO - Search unexpected status: 404
2026-04-10 03:15:59 +00:00: 2026-04-10 03:15:59,979 - __main__ - INFO - Search unexpected status: 404
2026-04-10 03:16:00 +00:00: 2026-04-10 03:16:00,980 - __main__ - INFO - 📬 Reply strategy: 0 candidates
2026-04-10 03:16:02 +00:00: 2026-04-10 03:16:02,379 - __main__ - INFO - 📊 VIP DB: 3 candidates from events
2026-04-10 03:16:02 +00:00: 2026-04-10 03:16:02,380 - __main__ - INFO - 📡 VIP GraphQL fallback triggered — 3 DB candidates < 10
2026-04-10 03:16:03 +00:00: 2026-04-10 03:16:03,358 - __main__ - INFO - 📡 GraphQL timeline @CounterStrike: 20 tweets, status=200
2026-04-10 03:16:03 +00:00: 2026-04-10 03:16:03,358 - __main__ - INFO - 📡 @CounterStrike: 20 tweets via GraphQL
2026-04-10 03:16:06 +00:00: 2026-04-10 03:16:06,191 - __main__ - INFO - 📡 GraphQL timeline @EsportsInsider: 20 tweets, status=200
2026-04-10 03:16:06 +00:00: 2026-04-10 03:16:06,192 - __main__ - INFO - 📡 @EsportsInsider: 20 tweets via GraphQL
2026-04-10 03:16:08 +00:00: 2026-04-10 03:16:08,361 - __main__ - INFO - 📡 GraphQL timeline @hltv: 0 tweets, status=200
2026-04-10 03:16:11 +00:00: 2026-04-10 03:16:11,250 - __main__ - INFO - 📡 GraphQL timeline @LiquipediaCS: 20 tweets, status=200
2026-04-10 03:16:11 +00:00: 2026-04-10 03:16:11,251 - __main__ - INFO - 📡 @LiquipediaCS: 20 tweets via GraphQL
2026-04-10 03:16:13 +00:00: 2026-04-10 03:16:13,388 - __main__ - INFO - 📡 GraphQL timeline @ABORCS: 0 tweets, status=200
2026-04-10 03:16:15 +00:00: 2026-04-10 03:16:15,558 - __main__ - INFO - 📡 GraphQL timeline @Nors3: 0 tweets, status=200
2026-04-10 03:16:17 +00:00: 2026-04-10 03:16:17,561 - __main__ - INFO - 📊 VIP strategy: 18 total candidates
2026-04-10 03:16:21 +00:00: 2026-04-10 03:16:21,289 - __main__ - INFO - 🎯 Engagement target strategy: 5 candidates
2026-04-10 03:16:22 +00:00: 2026-04-10 03:16:22,743 - __main__ - INFO - 📡 GraphQL timeline @ESLCS: 20 tweets, status=200
2026-04-10 03:16:22 +00:00: 2026-04-10 03:16:22,744 - __main__ - INFO - 🌐 @ESLCS: 20 tweets via timeline scrape
2026-04-10 03:16:25 +00:00: 2026-04-10 03:16:25,212 - __main__ - INFO - 📡 GraphQL timeline @BIGCLANgg: 18 tweets, status=200
2026-04-10 03:16:25 +00:00: 2026-04-10 03:16:25,213 - __main__ - INFO - 🌐 @BIGCLANgg: 18 tweets via timeline scrape
2026-04-10 03:16:28 +00:00: 2026-04-10 03:16:28,046 - __main__ - INFO - 📡 GraphQL timeline @TeamLiquidCS: 20 tweets, status=200
2026-04-10 03:16:28 +00:00: 2026-04-10 03:16:28,047 - __main__ - INFO - 🌐 @TeamLiquidCS: 20 tweets via timeline scrape
2026-04-10 03:16:32 +00:00: 2026-04-10 03:16:32,382 - __main__ - INFO - ✅ Like cycle complete — liked 0 tweets (0/200 today)
2026-04-10 04:46:32 +00:00: 2026-04-10 04:46:32,485 - utils.db_utils - WARNING - ⚠️  DB connection stale — reconnecting…
2026-04-10 04:46:33 +00:00: 2026-04-10 04:46:33,467 - utils.db_utils - INFO - ✅ Reconnected to PostgreSQL
2026-04-10 04:46:33 +00:00: 2026-04-10 04:46:33,781 - __main__ - INFO - 💫 Like cycle starting — 0/200 today, budget: 40
2026-04-10 04:46:34 +00:00: 2026-04-10 04:46:34,718 - __main__ - INFO - 📬 Found 10 of our tweets to check for replies
2026-04-10 04:46:34 +00:00: 2026-04-10 04:46:34,862 - __main__ - INFO - Search 403 — resetting guest token
2026-04-10 04:46:36 +00:00: 2026-04-10 04:46:36,064 - __main__ - INFO - 🔑 Guest token refreshed
2026-04-10 04:46:36 +00:00: 2026-04-10 04:46:36,176 - __main__ - INFO - Search unexpected status: 404
2026-04-10 04:46:37 +00:00: 2026-04-10 04:46:37,289 - __main__ - INFO - Search unexpected status: 404
2026-04-10 04:46:38 +00:00: 2026-04-10 04:46:38,290 - __main__ - INFO - 📬 Reply strategy: 0 candidates
2026-04-10 04:46:39 +00:00: 2026-04-10 04:46:39,692 - __main__ - INFO - 📊 VIP DB: 3 candidates from events
2026-04-10 04:46:39 +00:00: 2026-04-10 04:46:39,692 - __main__ - INFO - 📡 VIP GraphQL fallback triggered — 3 DB candidates < 10
2026-04-10 04:46:39 +00:00: 2026-04-10 04:46:39,976 - __main__ - INFO - 📡 GraphQL timeline @ABORCS: 0 tweets, status=200
2026-04-10 04:46:42 +00:00: 2026-04-10 04:46:42,492 - __main__ - INFO - 📡 GraphQL timeline @EsportsInsider: 20 tweets, status=200
2026-04-10 04:46:42 +00:00: 2026-04-10 04:46:42,492 - __main__ - INFO - 📡 @EsportsInsider: 20 tweets via GraphQL
2026-04-10 04:46:45 +00:00: 2026-04-10 04:46:45,052 - __main__ - INFO - 📡 GraphQL timeline @CounterStrike: 20 tweets, status=200
2026-04-10 04:46:45 +00:00: 2026-04-10 04:46:45,053 - __main__ - INFO - 📡 @CounterStrike: 20 tweets via GraphQL
2026-04-10 04:46:47 +00:00: 2026-04-10 04:46:47,196 - __main__ - INFO - 📡 GraphQL timeline @Nors3: 0 tweets, status=200
2026-04-10 04:46:49 +00:00: 2026-04-10 04:46:49,779 - __main__ - INFO - 📡 GraphQL timeline @Slasher: 20 tweets, status=200
2026-04-10 04:46:49 +00:00: 2026-04-10 04:46:49,780 - __main__ - INFO - 📡 @Slasher: 20 tweets via GraphQL
2026-04-10 04:46:51 +00:00: 2026-04-10 04:46:51,936 - __main__ - INFO - 📡 GraphQL timeline @hltv: 0 tweets, status=200
2026-04-10 04:46:53 +00:00: 2026-04-10 04:46:53,938 - __main__ - INFO - 📊 VIP strategy: 18 total candidates
2026-04-10 04:46:57 +00:00: 2026-04-10 04:46:57,683 - __main__ - INFO - 🎯 Engagement target strategy: 5 candidates
2026-04-10 04:46:58 +00:00: 2026-04-10 04:46:58,970 - __main__ - INFO - 📡 GraphQL timeline @Cloud9: 11 tweets, status=200
2026-04-10 04:46:58 +00:00: 2026-04-10 04:46:58,971 - __main__ - INFO - 🌐 @Cloud9: 11 tweets via timeline scrape
2026-04-10 04:47:01 +00:00: 2026-04-10 04:47:01,375 - __main__ - INFO - 📡 GraphQL timeline @BIGCLANgg: 18 tweets, status=200
2026-04-10 04:47:01 +00:00: 2026-04-10 04:47:01,376 - __main__ - INFO - 🌐 @BIGCLANgg: 18 tweets via timeline scrape
2026-04-10 04:47:03 +00:00: 2026-04-10 04:47:03,906 - __main__ - INFO - 📡 GraphQL timeline @EliGE: 20 tweets, status=200
2026-04-10 04:47:03 +00:00: 2026-04-10 04:47:03,906 - __main__ - INFO - 🌐 @EliGE: 20 tweets via timeline scrape
2026-04-10 04:47:08 +00:00: 2026-04-10 04:47:08,677 - __main__ - INFO - ❤️  Liked tweet 204240736675112... by @Cloud9 (cs2_community:Cloud9)
2026-04-10 04:47:19 +00:00: 2026-04-10 04:47:19,919 - __main__ - INFO - ❤️  Liked tweet 204240691154751... by @Cloud9 (cs2_community:Cloud9)
2026-04-10 04:47:31 +00:00: 2026-04-10 04:47:31,086 - __main__ - INFO - ❤️  Liked tweet 204243864803837... by @Cloud9 (cs2_community:Cloud9)
2026-04-10 04:47:38 +00:00: 2026-04-10 04:47:38,447 - __main__ - INFO - ❤️  Liked tweet 204238327161547... by @Cloud9 (cs2_community:Cloud9)
2026-04-10 04:47:48 +00:00: 2026-04-10 04:47:48,282 - __main__ - INFO - ✅ Like cycle complete — liked 4 tweets (4/200 today)
2026-04-10 06:17:49 +00:00: 2026-04-10 06:17:49,151 - __main__ - INFO - 💫 Like cycle starting — 4/200 today, budget: 40
2026-04-10 06:17:50 +00:00: 2026-04-10 06:17:50,096 - __main__ - INFO - 📬 Found 10 of our tweets to check for replies
2026-04-10 06:17:50 +00:00: 2026-04-10 06:17:50,261 - __main__ - INFO - Search 403 — resetting guest token
2026-04-10 06:17:51 +00:00: 2026-04-10 06:17:51,521 - __main__ - INFO - 🔑 Guest token refreshed
2026-04-10 06:17:51 +00:00: 2026-04-10 06:17:51,656 - __main__ - INFO - Search unexpected status: 404
2026-04-10 06:17:52 +00:00: 2026-04-10 06:17:52,788 - __main__ - INFO - Search unexpected status: 404
2026-04-10 06:17:53 +00:00: 2026-04-10 06:17:53,790 - __main__ - INFO - 📬 Reply strategy: 0 candidates
2026-04-10 06:17:55 +00:00: 2026-04-10 06:17:55,202 - __main__ - INFO - 📊 VIP DB: 3 candidates from events
2026-04-10 06:17:55 +00:00: 2026-04-10 06:17:55,202 - __main__ - INFO - 📡 VIP GraphQL fallback triggered — 3 DB candidates < 10
2026-04-10 06:17:56 +00:00: 2026-04-10 06:17:56,104 - __main__ - INFO - 📡 GraphQL timeline @Slasher: 20 tweets, status=200
2026-04-10 06:17:56 +00:00: 2026-04-10 06:17:56,105 - __main__ - INFO - 📡 @Slasher: 20 tweets via GraphQL
2026-04-10 06:17:58 +00:00: 2026-04-10 06:17:58,678 - __main__ - INFO - 📡 GraphQL timeline @BlastPremier: 10 tweets, status=200
2026-04-10 06:17:58 +00:00: 2026-04-10 06:17:58,679 - __main__ - INFO - 📡 @BlastPremier: 10 tweets via GraphQL
2026-04-10 06:18:01 +00:00: 2026-04-10 06:18:01,431 - __main__ - INFO - 📡 GraphQL timeline @CounterStrike: 20 tweets, status=200
2026-04-10 06:18:01 +00:00: 2026-04-10 06:18:01,432 - __main__ - INFO - 📡 @CounterStrike: 20 tweets via GraphQL
2026-04-10 06:18:04 +00:00: 2026-04-10 06:18:04,063 - __main__ - INFO - 📡 GraphQL timeline @CS2News_EN: 20 tweets, status=200
2026-04-10 06:18:04 +00:00: 2026-04-10 06:18:04,064 - __main__ - INFO - 📡 @CS2News_EN: 20 tweets via GraphQL
2026-04-10 06:18:06 +00:00: 2026-04-10 06:18:06,973 - __main__ - INFO - 📡 GraphQL timeline @EsportsInsider: 20 tweets, status=200
2026-04-10 06:18:06 +00:00: 2026-04-10 06:18:06,973 - __main__ - INFO - 📡 @EsportsInsider: 20 tweets via GraphQL
2026-04-10 06:18:09 +00:00: 2026-04-10 06:18:09,773 - __main__ - INFO - 📡 GraphQL timeline @Dust2us: 20 tweets, status=200
2026-04-10 06:18:09 +00:00: 2026-04-10 06:18:09,774 - __main__ - INFO - 📡 @Dust2us: 20 tweets via GraphQL
2026-04-10 06:18:11 +00:00: 2026-04-10 06:18:11,776 - __main__ - INFO - 📊 VIP strategy: 33 total candidates
2026-04-10 06:18:17 +00:00: 2026-04-10 06:18:17,634 - __main__ - INFO - 🎯 Engagement target strategy: 5 candidates
2026-04-10 06:18:19 +00:00: 2026-04-10 06:18:19,042 - __main__ - INFO - 📡 GraphQL timeline @FACEIT: 0 tweets, status=200
2026-04-10 06:18:21 +00:00: 2026-04-10 06:18:21,686 - __main__ - INFO - 📡 GraphQL timeline @Complexity: 11 tweets, status=200
2026-04-10 06:18:21 +00:00: 2026-04-10 06:18:21,686 - __main__ - INFO - 🌐 @Complexity: 11 tweets via timeline scrape
2026-04-10 06:18:24 +00:00: 2026-04-10 06:18:24,325 - __main__ - INFO - 📡 GraphQL timeline @Cloud9: 11 tweets, status=200
2026-04-10 06:18:24 +00:00: 2026-04-10 06:18:24,326 - __main__ - INFO - 🌐 @Cloud9: 11 tweets via timeline scrape
2026-04-10 06:18:27 +00:00: 2026-04-10 06:18:27,905 - __main__ - INFO - ✅ Like cycle complete — liked 0 tweets (4/200 today)
2026-04-10 07:48:27 +00:00: 2026-04-10 07:48:27,971 - utils.db_utils - WARNING - ⚠️  DB connection stale — reconnecting…
2026-04-10 07:48:29 +00:00: 2026-04-10 07:48:29,098 - utils.db_utils - INFO - ✅ Reconnected to PostgreSQL
2026-04-10 07:48:29 +00:00: 2026-04-10 07:48:29,445 - __main__ - INFO - 💫 Like cycle starting — 4/200 today, budget: 40
2026-04-10 07:48:30 +00:00: 2026-04-10 07:48:30,482 - __main__ - INFO - 📬 Found 10 of our tweets to check for replies
2026-04-10 07:48:30 +00:00: 2026-04-10 07:48:30,624 - __main__ - INFO - Search 403 — resetting guest token
2026-04-10 07:48:31 +00:00: 2026-04-10 07:48:31,808 - __main__ - INFO - 🔑 Guest token refreshed
2026-04-10 07:48:31 +00:00: 2026-04-10 07:48:31,925 - __main__ - INFO - Search unexpected status: 404
2026-04-10 07:48:33 +00:00: 2026-04-10 07:48:33,041 - __main__ - INFO - Search unexpected status: 404
2026-04-10 07:48:34 +00:00: 2026-04-10 07:48:34,043 - __main__ - INFO - 📬 Reply strategy: 0 candidates
2026-04-10 07:48:35 +00:00: 2026-04-10 07:48:35,596 - __main__ - INFO - 📊 VIP DB: 3 candidates from events
2026-04-10 07:48:35 +00:00: 2026-04-10 07:48:35,596 - __main__ - INFO - 📡 VIP GraphQL fallback triggered — 3 DB candidates < 10
2026-04-10 07:48:35 +00:00: 2026-04-10 07:48:35,929 - __main__ - INFO - 📡 GraphQL timeline @hltv: 0 tweets, status=200
2026-04-10 07:48:38 +00:00: 2026-04-10 07:48:38,401 - __main__ - INFO - 📡 GraphQL timeline @BlastPremier: 10 tweets, status=200
2026-04-10 07:48:38 +00:00: 2026-04-10 07:48:38,402 - __main__ - INFO - 📡 @BlastPremier: 10 tweets via GraphQL
2026-04-10 07:48:40 +00:00: 2026-04-10 07:48:40,967 - __main__ - INFO - 📡 GraphQL timeline @Dust2us: 20 tweets, status=200
2026-04-10 07:48:40 +00:00: 2026-04-10 07:48:40,968 - __main__ - INFO - 📡 @Dust2us: 20 tweets via GraphQL
2026-04-10 07:48:43 +00:00: 2026-04-10 07:48:43,100 - __main__ - INFO - Could not resolve @RichardLewisTV: 200
2026-04-10 07:48:45 +00:00: 2026-04-10 07:48:45,661 - __main__ - INFO - 📡 GraphQL timeline @EsportsInsider: 20 tweets, status=200
2026-04-10 07:48:45 +00:00: 2026-04-10 07:48:45,662 - __main__ - INFO - 📡 @EsportsInsider: 20 tweets via GraphQL
2026-04-10 07:48:48 +00:00: 2026-04-10 07:48:48,230 - __main__ - INFO - 📡 GraphQL timeline @RazedEsport: 20 tweets, status=200
2026-04-10 07:48:48 +00:00: 2026-04-10 07:48:48,230 - __main__ - INFO - 📡 @RazedEsport: 20 tweets via GraphQL
2026-04-10 07:48:50 +00:00: 2026-04-10 07:48:50,233 - __main__ - INFO - 📊 VIP strategy: 23 total candidates
2026-04-10 07:48:54 +00:00: 2026-04-10 07:48:54,898 - __main__ - INFO - 🎯 Engagement target strategy: 5 candidates
2026-04-10 07:48:56 +00:00: 2026-04-10 07:48:56,279 - __main__ - INFO - 📡 GraphQL timeline @nilocsgo: 20 tweets, status=200
2026-04-10 07:48:56 +00:00: 2026-04-10 07:48:56,280 - __main__ - INFO - 🌐 @nilocsgo: 20 tweets via timeline scrape
2026-04-10 07:48:58 +00:00: 2026-04-10 07:48:58,765 - __main__ - INFO - 📡 GraphQL timeline @TeamLiquidCS: 20 tweets, status=200
2026-04-10 07:48:58 +00:00: 2026-04-10 07:48:58,766 - __main__ - INFO - 🌐 @TeamLiquidCS: 20 tweets via timeline scrape
2026-04-10 07:49:01 +00:00: 2026-04-10 07:49:01,553 - __main__ - INFO - 📡 GraphQL timeline @OGesports: 20 tweets, status=200
2026-04-10 07:49:01 +00:00: 2026-04-10 07:49:01,554 - __main__ - INFO - 🌐 @OGesports: 20 tweets via timeline scrape
2026-04-10 07:49:06 +00:00: 2026-04-10 07:49:06,146 - __main__ - INFO - ✅ Like cycle complete — liked 0 tweets (4/200 today)
2026-04-10 09:19:06 +00:00: 2026-04-10 09:19:06,177 - utils.db_utils - WARNING - ⚠️  DB connection stale — reconnecting…
2026-04-10 09:19:07 +00:00: 2026-04-10 09:19:07,463 - utils.db_utils - INFO - ✅ Reconnected to PostgreSQL
2026-04-10 09:19:07 +00:00: 2026-04-10 09:19:07,809 - __main__ - INFO - 💫 Like cycle starting — 4/200 today, budget: 40
2026-04-10 09:19:08 +00:00: 2026-04-10 09:19:08,840 - __main__ - INFO - 📬 Found 10 of our tweets to check for replies
2026-04-10 09:19:09 +00:00: 2026-04-10 09:19:09,001 - __main__ - INFO - Search 403 — resetting guest token
2026-04-10 09:19:10 +00:00: 2026-04-10 09:19:10,175 - __main__ - INFO - 🔑 Guest token refreshed
2026-04-10 09:19:10 +00:00: 2026-04-10 09:19:10,298 - __main__ - INFO - Search unexpected status: 404
2026-04-10 09:19:11 +00:00: 2026-04-10 09:19:11,420 - __main__ - INFO - Search unexpected status: 404
2026-04-10 09:19:12 +00:00: 2026-04-10 09:19:12,421 - __main__ - INFO - 📬 Reply strategy: 0 candidates
2026-04-10 09:19:13 +00:00: 2026-04-10 09:19:13,972 - __main__ - INFO - 📊 VIP DB: 3 candidates from events
2026-04-10 09:19:13 +00:00: 2026-04-10 09:19:13,972 - __main__ - INFO - 📡 VIP GraphQL fallback triggered — 3 DB candidates < 10
2026-04-10 09:19:14 +00:00: 2026-04-10 09:19:14,315 - __main__ - INFO - 📡 GraphQL timeline @hltv: 0 tweets, status=200
2026-04-10 09:19:16 +00:00: 2026-04-10 09:19:16,866 - __main__ - INFO - 📡 GraphQL timeline @Slasher: 20 tweets, status=200
2026-04-10 09:19:16 +00:00: 2026-04-10 09:19:16,866 - __main__ - INFO - 📡 @Slasher: 20 tweets via GraphQL
2026-04-10 09:19:19 +00:00: 2026-04-10 09:19:19,547 - __main__ - INFO - 📡 GraphQL timeline @RazedEsport: 20 tweets, status=200
2026-04-10 09:19:19 +00:00: 2026-04-10 09:19:19,547 - __main__ - INFO - 📡 @RazedEsport: 20 tweets via GraphQL
2026-04-10 09:19:21 +00:00: 2026-04-10 09:19:21,682 - __main__ - INFO - Could not resolve @RichardLewisTV: 200
2026-04-10 09:19:24 +00:00: 2026-04-10 09:19:24,366 - __main__ - INFO - 📡 GraphQL timeline @CounterStrike: 20 tweets, status=200
2026-04-10 09:19:24 +00:00: 2026-04-10 09:19:24,366 - __main__ - INFO - 📡 @CounterStrike: 20 tweets via GraphQL
2026-04-10 09:19:26 +00:00: 2026-04-10 09:19:26,985 - __main__ - INFO - 📡 GraphQL timeline @EsportsInsider: 20 tweets, status=200
2026-04-10 09:19:26 +00:00: 2026-04-10 09:19:26,985 - __main__ - INFO - 📡 @EsportsInsider: 20 tweets via GraphQL
2026-04-10 09:19:28 +00:00: 2026-04-10 09:19:28,987 - __main__ - INFO - 📊 VIP strategy: 23 total candidates
2026-04-10 09:19:33 +00:00: 2026-04-10 09:19:33,980 - __main__ - INFO - 🎯 Engagement target strategy: 5 candidates
2026-04-10 09:19:34 +00:00: 2026-04-10 09:19:34,975 - __main__ - INFO - Could not resolve @LOABORVRE_CS2: 200
2026-04-10 09:19:37 +00:00: 2026-04-10 09:19:37,113 - __main__ - INFO - Could not resolve @gaborcsgo: 200
2026-04-10 09:19:39 +00:00: 2026-04-10 09:19:39,626 - __main__ - INFO - 📡 GraphQL timeline @Complexity: 11 tweets, status=200
2026-04-10 09:19:39 +00:00: 2026-04-10 09:19:39,627 - __main__ - INFO - 🌐 @Complexity: 11 tweets via timeline scrape
2026-04-10 09:19:42 +00:00: 2026-04-10 09:19:42,489 - __main__ - INFO - ✅ Like cycle complete — liked 0 tweets (4/200 today)
2026-04-10 10:49:42 +00:00: 2026-04-10 10:49:42,590 - utils.db_utils - WARNING - ⚠️  DB connection stale — reconnecting…
2026-04-10 10:49:43 +00:00: 2026-04-10 10:49:43,546 - utils.db_utils - INFO - ✅ Reconnected to PostgreSQL
2026-04-10 10:49:43 +00:00: 2026-04-10 10:49:43,860 - __main__ - INFO - 💫 Like cycle starting — 4/200 today, budget: 40
2026-04-10 10:49:44 +00:00: 2026-04-10 10:49:44,803 - __main__ - INFO - 📬 Found 10 of our tweets to check for replies
2026-04-10 10:49:44 +00:00: 2026-04-10 10:49:44,964 - __main__ - INFO - Search 403 — resetting guest token
2026-04-10 10:49:46 +00:00: 2026-04-10 10:49:46,176 - __main__ - INFO - 🔑 Guest token refreshed
2026-04-10 10:49:46 +00:00: 2026-04-10 10:49:46,301 - __main__ - INFO - Search unexpected status: 404
2026-04-10 10:49:47 +00:00: 2026-04-10 10:49:47,467 - __main__ - INFO - Search unexpected status: 404
2026-04-10 10:49:48 +00:00: 2026-04-10 10:49:48,469 - __main__ - INFO - 📬 Reply strategy: 0 candidates
2026-04-10 10:49:49 +00:00: 2026-04-10 10:49:49,877 - __main__ - INFO - 📊 VIP DB: 3 candidates from events
2026-04-10 10:49:49 +00:00: 2026-04-10 10:49:49,878 - __main__ - INFO - 📡 VIP GraphQL fallback triggered — 3 DB candidates < 10
2026-04-10 10:49:50 +00:00: 2026-04-10 10:49:50,832 - __main__ - INFO - 📡 GraphQL timeline @Dust2us: 20 tweets, status=200
2026-04-10 10:49:50 +00:00: 2026-04-10 10:49:50,833 - __main__ - INFO - 📡 @Dust2us: 20 tweets via GraphQL
2026-04-10 10:49:53 +00:00: 2026-04-10 10:49:53,598 - __main__ - INFO - 📡 GraphQL timeline @EsportsInsider: 20 tweets, status=200
2026-04-10 10:49:53 +00:00: 2026-04-10 10:49:53,598 - __main__ - INFO - 📡 @EsportsInsider: 20 tweets via GraphQL
2026-04-10 10:49:56 +00:00: 2026-04-10 10:49:56,473 - __main__ - INFO - 📡 GraphQL timeline @Slasher: 20 tweets, status=200
2026-04-10 10:49:56 +00:00: 2026-04-10 10:49:56,474 - __main__ - INFO - 📡 @Slasher: 20 tweets via GraphQL
2026-04-10 10:49:58 +00:00: 2026-04-10 10:49:58,651 - __main__ - INFO - 📡 GraphQL timeline @hltv: 0 tweets, status=200
2026-04-10 10:50:01 +00:00: 2026-04-10 10:50:01,391 - __main__ - INFO - 📡 GraphQL timeline @CounterStrike: 20 tweets, status=200
2026-04-10 10:50:01 +00:00: 2026-04-10 10:50:01,392 - __main__ - INFO - 📡 @CounterStrike: 20 tweets via GraphQL
2026-04-10 10:50:03 +00:00: 2026-04-10 10:50:03,540 - __main__ - INFO - Could not resolve @DonHaci: 200
2026-04-10 10:50:05 +00:00: 2026-04-10 10:50:05,543 - __main__ - INFO - 📊 VIP strategy: 23 total candidates
2026-04-10 10:50:10 +00:00: 2026-04-10 10:50:10,085 - __main__ - INFO - 🎯 Engagement target strategy: 5 candidates
2026-04-10 10:50:11 +00:00: 2026-04-10 10:50:11,004 - __main__ - INFO - Could not resolve @gaborcsgo: 200
2026-04-10 10:50:13 +00:00: 2026-04-10 10:50:13,639 - __main__ - INFO - 📡 GraphQL timeline @FACEIT: 0 tweets, status=200
2026-04-10 10:50:15 +00:00: 2026-04-10 10:50:15,788 - __main__ - INFO - 📡 GraphQL timeline @Brehze: 0 tweets, status=200
2026-04-10 10:50:17 +00:00: 2026-04-10 10:50:17,790 - __main__ - INFO - ✅ Like cycle complete — liked 0 tweets (4/200 today)
2026-04-10 12:20:17 +00:00: 2026-04-10 12:20:17,862 - utils.db_utils - WARNING - ⚠️  DB connection stale — reconnecting…
2026-04-10 12:20:18 +00:00: 2026-04-10 12:20:18,823 - utils.db_utils - INFO - ✅ Reconnected to PostgreSQL
2026-04-10 12:20:19 +00:00: 2026-04-10 12:20:19,138 - __main__ - INFO - 💫 Like cycle starting — 4/200 today, budget: 40
2026-04-10 12:20:20 +00:00: 2026-04-10 12:20:20,081 - __main__ - INFO - 📬 Found 10 of our tweets to check for replies
2026-04-10 12:20:20 +00:00: 2026-04-10 12:20:20,245 - __main__ - INFO - Search 403 — resetting guest token
2026-04-10 12:20:21 +00:00: 2026-04-10 12:20:21,494 - __main__ - INFO - 🔑 Guest token refreshed
2026-04-10 12:20:21 +00:00: 2026-04-10 12:20:21,620 - __main__ - INFO - Search unexpected status: 404
2026-04-10 12:20:22 +00:00: 2026-04-10 12:20:22,745 - __main__ - INFO - Search unexpected status: 404
2026-04-10 12:20:23 +00:00: 2026-04-10 12:20:23,747 - __main__ - INFO - 📬 Reply strategy: 0 candidates
2026-04-10 12:20:25 +00:00: 2026-04-10 12:20:25,159 - __main__ - INFO - 📊 VIP DB: 3 candidates from events
2026-04-10 12:20:25 +00:00: 2026-04-10 12:20:25,160 - __main__ - INFO - 📡 VIP GraphQL fallback triggered — 3 DB candidates < 10
2026-04-10 12:20:26 +00:00: 2026-04-10 12:20:26,390 - __main__ - INFO - 📡 GraphQL timeline @EsportsInsider: 20 tweets, status=200
2026-04-10 12:20:26 +00:00: 2026-04-10 12:20:26,391 - __main__ - INFO - 📡 @EsportsInsider: 20 tweets via GraphQL
2026-04-10 12:20:29 +00:00: 2026-04-10 12:20:29,060 - __main__ - INFO - 📡 GraphQL timeline @BlastPremier: 8 tweets, status=200
2026-04-10 12:20:29 +00:00: 2026-04-10 12:20:29,060 - __main__ - INFO - 📡 @BlastPremier: 8 tweets via GraphQL
2026-04-10 12:20:31 +00:00: 2026-04-10 12:20:31,843 - __main__ - INFO - 📡 GraphQL timeline @Dust2us: 20 tweets, status=200
2026-04-10 12:20:31 +00:00: 2026-04-10 12:20:31,843 - __main__ - INFO - 📡 @Dust2us: 20 tweets via GraphQL
2026-04-10 12:20:34 +00:00: 2026-04-10 12:20:34,537 - __main__ - INFO - 📡 GraphQL timeline @Slasher: 20 tweets, status=200
2026-04-10 12:20:34 +00:00: 2026-04-10 12:20:34,538 - __main__ - INFO - 📡 @Slasher: 20 tweets via GraphQL
2026-04-10 12:20:36 +00:00: 2026-04-10 12:20:36,709 - __main__ - INFO - 📡 GraphQL timeline @hltv: 0 tweets, status=200
2026-04-10 12:20:39 +00:00: 2026-04-10 12:20:39,415 - __main__ - INFO - 📡 GraphQL timeline @CS2News_EN: 20 tweets, status=200
2026-04-10 12:20:39 +00:00: 2026-04-10 12:20:39,415 - __main__ - INFO - 📡 @CS2News_EN: 20 tweets via GraphQL
2026-04-10 12:20:41 +00:00: 2026-04-10 12:20:41,417 - __main__ - INFO - 📊 VIP strategy: 28 total candidates
2026-04-10 12:20:46 +00:00: 2026-04-10 12:20:46,446 - __main__ - INFO - 🎯 Engagement target strategy: 5 candidates
2026-04-10 12:20:47 +00:00: 2026-04-10 12:20:47,374 - __main__ - INFO - 📡 GraphQL timeline @Brehze: 0 tweets, status=200
2026-04-10 12:20:50 +00:00: 2026-04-10 12:20:50,066 - __main__ - INFO - 📡 GraphQL timeline @TeamLiquidCS: 20 tweets, status=200
2026-04-10 12:20:50 +00:00: 2026-04-10 12:20:50,067 - __main__ - INFO - 🌐 @TeamLiquidCS: 20 tweets via timeline scrape
2026-04-10 12:20:52 +00:00: 2026-04-10 12:20:52,957 - __main__ - INFO - 📡 GraphQL timeline @FACEIT: 0 tweets, status=200
2026-04-10 12:20:55 +00:00: 2026-04-10 12:20:55,745 - __main__ - INFO - ✅ Like cycle complete — liked 0 tweets (4/200 today)
2026-04-10 13:50:55 +00:00: 2026-04-10 13:50:55,848 - utils.db_utils - WARNING - ⚠️  DB connection stale — reconnecting…
2026-04-10 13:50:56 +00:00: 2026-04-10 13:50:56,847 - utils.db_utils - INFO - ✅ Reconnected to PostgreSQL
2026-04-10 13:50:57 +00:00: 2026-04-10 13:50:57,159 - __main__ - INFO - 💫 Like cycle starting — 4/200 today, budget: 40
2026-04-10 13:50:58 +00:00: 2026-04-10 13:50:58,090 - __main__ - INFO - 📬 Found 10 of our tweets to check for replies
2026-04-10 13:50:58 +00:00: 2026-04-10 13:50:58,246 - __main__ - INFO - Search 403 — resetting guest token
2026-04-10 13:50:59 +00:00: 2026-04-10 13:50:59,454 - __main__ - INFO - 🔑 Guest token refreshed
2026-04-10 13:50:59 +00:00: 2026-04-10 13:50:59,577 - __main__ - INFO - Search unexpected status: 404
2026-04-10 13:51:00 +00:00: 2026-04-10 13:51:00,700 - __main__ - INFO - Search unexpected status: 404
2026-04-10 13:51:01 +00:00: 2026-04-10 13:51:01,701 - __main__ - INFO - 📬 Reply strategy: 0 candidates
2026-04-10 13:51:03 +00:00: 2026-04-10 13:51:03,098 - __main__ - INFO - 📊 VIP DB: 2 candidates from events
2026-04-10 13:51:03 +00:00: 2026-04-10 13:51:03,099 - __main__ - INFO - 📡 VIP GraphQL fallback triggered — 2 DB candidates < 10
2026-04-10 13:51:03 +00:00: 2026-04-10 13:51:03,833 - __main__ - INFO - 📡 GraphQL timeline @EsportsInsider: 20 tweets, status=200
2026-04-10 13:51:03 +00:00: 2026-04-10 13:51:03,833 - __main__ - INFO - 📡 @EsportsInsider: 20 tweets via GraphQL
2026-04-10 13:51:05 +00:00: 2026-04-10 13:51:05,979 - __main__ - INFO - Could not resolve @RichardLewisTV: 200
2026-04-10 13:51:08 +00:00: 2026-04-10 13:51:08,760 - __main__ - INFO - 📡 GraphQL timeline @Slasher: 20 tweets, status=200
2026-04-10 13:51:08 +00:00: 2026-04-10 13:51:08,760 - __main__ - INFO - 📡 @Slasher: 20 tweets via GraphQL
2026-04-10 13:51:10 +00:00: 2026-04-10 13:51:10,913 - __main__ - INFO - Could not resolve @DonHaci: 200
2026-04-10 13:51:13 +00:00: 2026-04-10 13:51:13,088 - __main__ - INFO - 📡 GraphQL timeline @hltv: 0 tweets, status=200
2026-04-10 13:51:15 +00:00: 2026-04-10 13:51:15,653 - __main__ - INFO - 📡 GraphQL timeline @BlastPremier: 8 tweets, status=200
2026-04-10 13:51:15 +00:00: 2026-04-10 13:51:15,654 - __main__ - INFO - 📡 @BlastPremier: 8 tweets via GraphQL
2026-04-10 13:51:17 +00:00: 2026-04-10 13:51:17,656 - __main__ - INFO - 📊 VIP strategy: 17 total candidates
2026-04-10 13:51:21 +00:00: 2026-04-10 13:51:21,074 - __main__ - INFO - 🎯 Engagement target strategy: 5 candidates
2026-04-10 13:51:22 +00:00: 2026-04-10 13:51:22,008 - __main__ - INFO - 📡 GraphQL timeline @PGL_Esports: 0 tweets, status=200
2026-04-10 13:51:24 +00:00: 2026-04-10 13:51:24,150 - __main__ - INFO - Could not resolve @gaborcsgo: 200
2026-04-10 13:51:26 +00:00: 2026-04-10 13:51:26,300 - __main__ - INFO - 📡 GraphQL timeline @Brehze: 0 tweets, status=200
2026-04-10 13:51:28 +00:00: 2026-04-10 13:51:28,303 - __main__ - INFO - ✅ Like cycle complete — liked 0 tweets (4/200 today)
2026-04-10 15:21:28 +00:00: 2026-04-10 15:21:28,406 - utils.db_utils - WARNING - ⚠️  DB connection stale — reconnecting…
2026-04-10 15:21:29 +00:00: 2026-04-10 15:21:29,382 - utils.db_utils - INFO - ✅ Reconnected to PostgreSQL
2026-04-10 15:21:29 +00:00: 2026-04-10 15:21:29,695 - __main__ - INFO - 💫 Like cycle starting — 4/200 today, budget: 40
2026-04-10 15:21:30 +00:00: 2026-04-10 15:21:30,629 - __main__ - INFO - 📬 Found 10 of our tweets to check for replies
2026-04-10 15:21:30 +00:00: 2026-04-10 15:21:30,794 - __main__ - INFO - Search 403 — resetting guest token
2026-04-10 15:21:31 +00:00: 2026-04-10 15:21:31,989 - __main__ - INFO - 🔑 Guest token refreshed
2026-04-10 15:21:32 +00:00: 2026-04-10 15:21:32,124 - __main__ - INFO - Search unexpected status: 404
2026-04-10 15:21:33 +00:00: 2026-04-10 15:21:33,252 - __main__ - INFO - Search unexpected status: 404
2026-04-10 15:21:34 +00:00: 2026-04-10 15:21:34,253 - __main__ - INFO - 📬 Reply strategy: 0 candidates
2026-04-10 15:21:35 +00:00: 2026-04-10 15:21:35,656 - __main__ - INFO - 📊 VIP DB: 2 candidates from events
2026-04-10 15:21:35 +00:00: 2026-04-10 15:21:35,657 - __main__ - INFO - 📡 VIP GraphQL fallback triggered — 2 DB candidates < 10
2026-04-10 15:21:36 +00:00: 2026-04-10 15:21:36,431 - __main__ - INFO - 📡 GraphQL timeline @BlastPremier: 8 tweets, status=200
2026-04-10 15:21:36 +00:00: 2026-04-10 15:21:36,431 - __main__ - INFO - 📡 @BlastPremier: 8 tweets via GraphQL
2026-04-10 15:21:38 +00:00: 2026-04-10 15:21:38,605 - __main__ - INFO - 📡 GraphQL timeline @hltv: 0 tweets, status=200
2026-04-10 15:21:40 +00:00: 2026-04-10 15:21:40,761 - __main__ - INFO - Could not resolve @DonHaci: 200
2026-04-10 15:21:43 +00:00: 2026-04-10 15:21:43,497 - __main__ - INFO - 📡 GraphQL timeline @LiquipediaCS: 20 tweets, status=200
2026-04-10 15:21:43 +00:00: 2026-04-10 15:21:43,497 - __main__ - INFO - 📡 @LiquipediaCS: 20 tweets via GraphQL
2026-04-10 15:21:46 +00:00: 2026-04-10 15:21:46,203 - __main__ - INFO - 📡 GraphQL timeline @EsportsInsider: 20 tweets, status=200
2026-04-10 15:21:46 +00:00: 2026-04-10 15:21:46,204 - __main__ - INFO - 📡 @EsportsInsider: 20 tweets via GraphQL
2026-04-10 15:21:48 +00:00: 2026-04-10 15:21:48,963 - __main__ - INFO - 📡 GraphQL timeline @CS2News_EN: 20 tweets, status=200
2026-04-10 15:21:48 +00:00: 2026-04-10 15:21:48,963 - __main__ - INFO - 📡 @CS2News_EN: 20 tweets via GraphQL
2026-04-10 15:21:50 +00:00: 2026-04-10 15:21:50,966 - __main__ - INFO - 📊 VIP strategy: 22 total candidates
2026-04-10 15:21:55 +00:00: 2026-04-10 15:21:55,175 - __main__ - INFO - 🎯 Engagement target strategy: 3 candidates
2026-04-10 15:21:56 +00:00: 2026-04-10 15:21:56,575 - __main__ - INFO - 📡 GraphQL timeline @FACEIT: 0 tweets, status=200
2026-04-10 15:21:58 +00:00: 2026-04-10 15:21:58,713 - __main__ - INFO - Could not resolve @gaborcsgo: 200
2026-04-10 15:22:00 +00:00: 2026-04-10 15:22:00,855 - __main__ - INFO - Could not resolve @LOABORVRE_CS2: 200
2026-04-10 15:22:02 +00:00: 2026-04-10 15:22:02,858 - __main__ - INFO - ✅ Like cycle complete — liked 0 tweets (4/200 today)
2026-04-10 16:07:02 +00:00: 2026-04-10 16:07:02,959 - utils.db_utils - WARNING - ⚠️  DB connection stale — reconnecting…
2026-04-10 16:07:03 +00:00: 2026-04-10 16:07:03,995 - utils.db_utils - INFO - ✅ Reconnected to PostgreSQL
2026-04-10 16:07:04 +00:00: 2026-04-10 16:07:04,306 - __main__ - INFO - 💫 Like cycle starting — 4/200 today, budget: 40
2026-04-10 16:07:05 +00:00: 2026-04-10 16:07:05,238 - __main__ - INFO - 📬 Found 10 of our tweets to check for replies
2026-04-10 16:07:05 +00:00: 2026-04-10 16:07:05,401 - __main__ - INFO - Search unexpected status: 404
2026-04-10 16:07:06 +00:00: 2026-04-10 16:07:06,529 - __main__ - INFO - Search unexpected status: 404
2026-04-10 16:07:07 +00:00: 2026-04-10 16:07:07,654 - __main__ - INFO - Search unexpected status: 404
2026-04-10 16:07:08 +00:00: 2026-04-10 16:07:08,655 - __main__ - INFO - 📬 Reply strategy: 0 candidates
2026-04-10 16:07:10 +00:00: 2026-04-10 16:07:10,061 - __main__ - INFO - 📊 VIP DB: 2 candidates from events
2026-04-10 16:07:10 +00:00: 2026-04-10 16:07:10,061 - __main__ - INFO - 📡 VIP GraphQL fallback triggered — 2 DB candidates < 10
2026-04-10 16:07:10 +00:00: 2026-04-10 16:07:10,800 - __main__ - INFO - 📡 GraphQL timeline @BlastPremier: 8 tweets, status=200
2026-04-10 16:07:10 +00:00: 2026-04-10 16:07:10,800 - __main__ - INFO - 📡 @BlastPremier: 8 tweets via GraphQL
2026-04-10 16:07:12 +00:00: 2026-04-10 16:07:12,995 - __main__ - INFO - 📡 GraphQL timeline @hltv: 0 tweets, status=200
2026-04-10 16:07:15 +00:00: 2026-04-10 16:07:15,594 - __main__ - INFO - 📡 GraphQL timeline @EsportsInsider: 20 tweets, status=200
2026-04-10 16:07:15 +00:00: 2026-04-10 16:07:15,596 - __main__ - INFO - 📡 @EsportsInsider: 20 tweets via GraphQL
2026-04-10 16:07:18 +00:00: 2026-04-10 16:07:18,186 - __main__ - INFO - 📡 GraphQL timeline @Slasher: 20 tweets, status=200
2026-04-10 16:07:18 +00:00: 2026-04-10 16:07:18,186 - __main__ - INFO - 📡 @Slasher: 20 tweets via GraphQL
2026-04-10 16:07:20 +00:00: 2026-04-10 16:07:20,865 - __main__ - INFO - 📡 GraphQL timeline @RazedEsport: 20 tweets, status=200
2026-04-10 16:07:20 +00:00: 2026-04-10 16:07:20,865 - __main__ - INFO - 📡 @RazedEsport: 20 tweets via GraphQL
2026-04-10 16:07:23 +00:00: 2026-04-10 16:07:23,419 - __main__ - INFO - 📡 GraphQL timeline @CounterStrike: 20 tweets, status=200
2026-04-10 16:07:23 +00:00: 2026-04-10 16:07:23,420 - __main__ - INFO - 📡 @CounterStrike: 20 tweets via GraphQL
2026-04-10 16:07:25 +00:00: 2026-04-10 16:07:25,422 - __main__ - INFO - 📊 VIP strategy: 27 total candidates
2026-04-10 16:07:30 +00:00: 2026-04-10 16:07:30,394 - __main__ - INFO - 🎯 Engagement target strategy: 3 candidates
2026-04-10 16:07:31 +00:00: 2026-04-10 16:07:31,452 - __main__ - INFO - 📡 GraphQL timeline @Karrigancsgo: 20 tweets, status=200
2026-04-10 16:07:31 +00:00: 2026-04-10 16:07:31,453 - __main__ - INFO - 🌐 @Karrigancsgo: 20 tweets via timeline scrape
2026-04-10 16:07:34 +00:00: 2026-04-10 16:07:34,004 - __main__ - INFO - 📡 GraphQL timeline @Complexity: 11 tweets, status=200
2026-04-10 16:07:34 +00:00: 2026-04-10 16:07:34,005 - __main__ - INFO - 🌐 @Complexity: 11 tweets via timeline scrape
2026-04-10 16:07:36 +00:00: 2026-04-10 16:07:36,492 - __main__ - INFO - 📡 GraphQL timeline @OGesports: 20 tweets, status=200
2026-04-10 16:07:36 +00:00: 2026-04-10 16:07:36,492 - __main__ - INFO - 🌐 @OGesports: 20 tweets via timeline scrape
2026-04-10 16:07:40 +00:00: 2026-04-10 16:07:40,826 - __main__ - INFO - ✅ Like cycle complete — liked 0 tweets (4/200 today)
2026-04-10 16:52:40 +00:00: 2026-04-10 16:52:40,853 - utils.db_utils - WARNING - ⚠️  DB connection stale — reconnecting…
2026-04-10 16:52:41 +00:00: 2026-04-10 16:52:41,822 - utils.db_utils - INFO - ✅ Reconnected to PostgreSQL
2026-04-10 16:52:42 +00:00: 2026-04-10 16:52:42,138 - __main__ - INFO - 💫 Like cycle starting — 4/200 today, budget: 40
2026-04-10 16:52:43 +00:00: 2026-04-10 16:52:43,085 - __main__ - INFO - 📬 Found 10 of our tweets to check for replies
2026-04-10 16:52:43 +00:00: 2026-04-10 16:52:43,246 - __main__ - INFO - Search unexpected status: 404
2026-04-10 16:52:44 +00:00: 2026-04-10 16:52:44,373 - __main__ - INFO - Search unexpected status: 404
2026-04-10 16:52:45 +00:00: 2026-04-10 16:52:45,503 - __main__ - INFO - Search unexpected status: 404
2026-04-10 16:52:46 +00:00: 2026-04-10 16:52:46,505 - __main__ - INFO - 📬 Reply strategy: 0 candidates
2026-04-10 16:52:47 +00:00: 2026-04-10 16:52:47,921 - __main__ - INFO - 📊 VIP DB: 2 candidates from events
2026-04-10 16:52:47 +00:00: 2026-04-10 16:52:47,921 - __main__ - INFO - 📡 VIP GraphQL fallback triggered — 2 DB candidates < 10
2026-04-10 16:52:48 +00:00: 2026-04-10 16:52:48,647 - __main__ - INFO - 📡 GraphQL timeline @LiquipediaCS: 20 tweets, status=200
2026-04-10 16:52:48 +00:00: 2026-04-10 16:52:48,648 - __main__ - INFO - 📡 @LiquipediaCS: 20 tweets via GraphQL
2026-04-10 16:52:50 +00:00: 2026-04-10 16:52:50,818 - __main__ - INFO - 📡 GraphQL timeline @hltv: 0 tweets, status=200
2026-04-10 16:52:53 +00:00: 2026-04-10 16:52:53,451 - __main__ - INFO - 📡 GraphQL timeline @CounterStrike: 20 tweets, status=200
2026-04-10 16:52:53 +00:00: 2026-04-10 16:52:53,452 - __main__ - INFO - 📡 @CounterStrike: 20 tweets via GraphQL
2026-04-10 16:52:55 +00:00: 2026-04-10 16:52:55,979 - __main__ - INFO - 📡 GraphQL timeline @Slasher: 20 tweets, status=200
2026-04-10 16:52:55 +00:00: 2026-04-10 16:52:55,979 - __main__ - INFO - 📡 @Slasher: 20 tweets via GraphQL
2026-04-10 16:52:58 +00:00: 2026-04-10 16:52:58,125 - __main__ - INFO - 📡 GraphQL timeline @ABORCS: 0 tweets, status=200
2026-04-10 16:53:00 +00:00: 2026-04-10 16:53:00,673 - __main__ - INFO - 📡 GraphQL timeline @CS2News_EN: 20 tweets, status=200
2026-04-10 16:53:00 +00:00: 2026-04-10 16:53:00,673 - __main__ - INFO - 📡 @CS2News_EN: 20 tweets via GraphQL
2026-04-10 16:53:02 +00:00: 2026-04-10 16:53:02,676 - __main__ - INFO - 📊 VIP strategy: 22 total candidates
2026-04-10 16:53:07 +00:00: 2026-04-10 16:53:07,095 - __main__ - INFO - 🎯 Engagement target strategy: 3 candidates
2026-04-10 16:53:08 +00:00: 2026-04-10 16:53:08,274 - __main__ - INFO - 📡 GraphQL timeline @Twistzz: 20 tweets, status=200
2026-04-10 16:53:08 +00:00: 2026-04-10 16:53:08,274 - __main__ - INFO - 🌐 @Twistzz: 20 tweets via timeline scrape
2026-04-10 16:53:10 +00:00: 2026-04-10 16:53:10,878 - __main__ - INFO - 📡 GraphQL timeline @FACEIT: 0 tweets, status=200
2026-04-10 16:53:13 +00:00: 2026-04-10 16:53:13,411 - __main__ - INFO - 📡 GraphQL timeline @OGesports: 20 tweets, status=200
2026-04-10 16:53:13 +00:00: 2026-04-10 16:53:13,412 - __main__ - INFO - 🌐 @OGesports: 20 tweets via timeline scrape
2026-04-10 16:53:16 +00:00: 2026-04-10 16:53:16,992 - __main__ - INFO - ✅ Like cycle complete — liked 0 tweets (4/200 today)
2026-04-10 17:38:17 +00:00: 2026-04-10 17:38:17,074 - utils.db_utils - WARNING - ⚠️  DB connection stale — reconnecting…
2026-04-10 17:38:18 +00:00: 2026-04-10 17:38:18,018 - utils.db_utils - INFO - ✅ Reconnected to PostgreSQL
2026-04-10 17:38:18 +00:00: 2026-04-10 17:38:18,330 - __main__ - INFO - 💫 Like cycle starting — 4/200 today, budget: 40
2026-04-10 17:38:19 +00:00: 2026-04-10 17:38:19,263 - __main__ - INFO - 📬 Found 10 of our tweets to check for replies
2026-04-10 17:38:19 +00:00: 2026-04-10 17:38:19,496 - __main__ - INFO - 🔑 Guest token refreshed
2026-04-10 17:38:19 +00:00: 2026-04-10 17:38:19,648 - __main__ - INFO - Search unexpected status: 404
2026-04-10 17:38:20 +00:00: 2026-04-10 17:38:20,774 - __main__ - INFO - Search unexpected status: 404
2026-04-10 17:38:21 +00:00: 2026-04-10 17:38:21,947 - __main__ - INFO - Search unexpected status: 404
2026-04-10 17:38:22 +00:00: 2026-04-10 17:38:22,948 - __main__ - INFO - 📬 Reply strategy: 0 candidates
2026-04-10 17:38:24 +00:00: 2026-04-10 17:38:24,349 - __main__ - INFO - 📊 VIP DB: 2 candidates from events
2026-04-10 17:38:24 +00:00: 2026-04-10 17:38:24,349 - __main__ - INFO - 📡 VIP GraphQL fallback triggered — 2 DB candidates < 10
2026-04-10 17:38:25 +00:00: 2026-04-10 17:38:25,115 - __main__ - INFO - 📡 GraphQL timeline @Slasher: 20 tweets, status=200
2026-04-10 17:38:25 +00:00: 2026-04-10 17:38:25,116 - __main__ - INFO - 📡 @Slasher: 20 tweets via GraphQL
2026-04-10 17:38:27 +00:00: 2026-04-10 17:38:27,283 - __main__ - INFO - 📡 GraphQL timeline @hltv: 0 tweets, status=200
2026-04-10 17:38:29 +00:00: 2026-04-10 17:38:29,890 - __main__ - INFO - 📡 GraphQL timeline @Dust2us: 20 tweets, status=200
2026-04-10 17:38:29 +00:00: 2026-04-10 17:38:29,891 - __main__ - INFO - 📡 @Dust2us: 20 tweets via GraphQL
2026-04-10 17:38:32 +00:00: 2026-04-10 17:38:32,583 - __main__ - INFO - 📡 GraphQL timeline @RazedEsport: 20 tweets, status=200
2026-04-10 17:38:32 +00:00: 2026-04-10 17:38:32,584 - __main__ - INFO - 📡 @RazedEsport: 20 tweets via GraphQL
2026-04-10 17:38:35 +00:00: 2026-04-10 17:38:35,103 - __main__ - INFO - 📡 GraphQL timeline @EsportsInsider: 20 tweets, status=200
2026-04-10 17:38:35 +00:00: 2026-04-10 17:38:35,104 - __main__ - INFO - 📡 @EsportsInsider: 20 tweets via GraphQL
2026-04-10 17:38:37 +00:00: 2026-04-10 17:38:37,638 - __main__ - INFO - 📡 GraphQL timeline @BlastPremier: 8 tweets, status=200
2026-04-10 17:38:37 +00:00: 2026-04-10 17:38:37,638 - __main__ - INFO - 📡 @BlastPremier: 8 tweets via GraphQL
2026-04-10 17:38:39 +00:00: 2026-04-10 17:38:39,641 - __main__ - INFO - 📊 VIP strategy: 27 total candidates
2026-04-10 17:38:44 +00:00: 2026-04-10 17:38:44,613 - __main__ - INFO - 🎯 Engagement target strategy: 3 candidates
2026-04-10 17:38:45 +00:00: 2026-04-10 17:38:45,797 - __main__ - INFO - 📡 GraphQL timeline @EliGE: 20 tweets, status=200
2026-04-10 17:38:45 +00:00: 2026-04-10 17:38:45,797 - __main__ - INFO - 🌐 @EliGE: 20 tweets via timeline scrape
2026-04-10 17:38:47 +00:00: 2026-04-10 17:38:47,958 - __main__ - INFO - 📡 GraphQL timeline @PGL_Esports: 0 tweets, status=200
2026-04-10 17:38:50 +00:00: 2026-04-10 17:38:50,518 - __main__ - INFO - 📡 GraphQL timeline @Twistzz: 20 tweets, status=200
2026-04-10 17:38:50 +00:00: 2026-04-10 17:38:50,519 - __main__ - INFO - 🌐 @Twistzz: 20 tweets via timeline scrape
2026-04-10 17:38:54 +00:00: 2026-04-10 17:38:54,077 - __main__ - INFO - ✅ Like cycle complete — liked 0 tweets (4/200 today)
2026-04-10 18:23:54 +00:00: 2026-04-10 18:23:54,173 - utils.db_utils - WARNING - ⚠️  DB connection stale — reconnecting…
2026-04-10 18:23:55 +00:00: 2026-04-10 18:23:55,158 - utils.db_utils - INFO - ✅ Reconnected to PostgreSQL
2026-04-10 18:23:55 +00:00: 2026-04-10 18:23:55,485 - __main__ - INFO - 💫 Like cycle starting — 4/200 today, budget: 40
2026-04-10 18:23:56 +00:00: 2026-04-10 18:23:56,460 - __main__ - INFO - 📬 Found 10 of our tweets to check for replies
2026-04-10 18:23:56 +00:00: 2026-04-10 18:23:56,625 - __main__ - INFO - Search unexpected status: 404
2026-04-10 18:23:57 +00:00: 2026-04-10 18:23:57,759 - __main__ - INFO - Search unexpected status: 404
2026-04-10 18:23:58 +00:00: 2026-04-10 18:23:58,887 - __main__ - INFO - Search unexpected status: 404
2026-04-10 18:23:59 +00:00: 2026-04-10 18:23:59,889 - __main__ - INFO - 📬 Reply strategy: 0 candidates
2026-04-10 18:24:01 +00:00: 2026-04-10 18:24:01,351 - __main__ - INFO - 📊 VIP DB: 2 candidates from events
2026-04-10 18:24:01 +00:00: 2026-04-10 18:24:01,351 - __main__ - INFO - 📡 VIP GraphQL fallback triggered — 2 DB candidates < 10
2026-04-10 18:24:01 +00:00: 2026-04-10 18:24:01,688 - __main__ - INFO - 📡 GraphQL timeline @hltv: 0 tweets, status=200
2026-04-10 18:24:04 +00:00: 2026-04-10 18:24:04,257 - __main__ - INFO - 📡 GraphQL timeline @LiquipediaCS: 20 tweets, status=200
2026-04-10 18:24:04 +00:00: 2026-04-10 18:24:04,258 - __main__ - INFO - 📡 @LiquipediaCS: 20 tweets via GraphQL
2026-04-10 18:24:06 +00:00: 2026-04-10 18:24:06,851 - __main__ - INFO - 📡 GraphQL timeline @EsportsInsider: 20 tweets, status=200
2026-04-10 18:24:06 +00:00: 2026-04-10 18:24:06,851 - __main__ - INFO - 📡 @EsportsInsider: 20 tweets via GraphQL
2026-04-10 18:24:09 +00:00: 2026-04-10 18:24:09,457 - __main__ - INFO - 📡 GraphQL timeline @CounterStrike: 20 tweets, status=200
2026-04-10 18:24:09 +00:00: 2026-04-10 18:24:09,457 - __main__ - INFO - 📡 @CounterStrike: 20 tweets via GraphQL
2026-04-10 18:24:12 +00:00: 2026-04-10 18:24:12,042 - __main__ - INFO - 📡 GraphQL timeline @CS2News_EN: 20 tweets, status=200
2026-04-10 18:24:12 +00:00: 2026-04-10 18:24:12,042 - __main__ - INFO - 📡 @CS2News_EN: 20 tweets via GraphQL
2026-04-10 18:24:14 +00:00: 2026-04-10 18:24:14,620 - __main__ - INFO - 📡 GraphQL timeline @Slasher: 20 tweets, status=200
2026-04-10 18:24:14 +00:00: 2026-04-10 18:24:14,620 - __main__ - INFO - 📡 @Slasher: 20 tweets via GraphQL
2026-04-10 18:24:16 +00:00: 2026-04-10 18:24:16,620 - __main__ - INFO - 📊 VIP strategy: 27 total candidates
2026-04-10 18:24:21 +00:00: 2026-04-10 18:24:21,972 - __main__ - INFO - 🎯 Engagement target strategy: 3 candidates
2026-04-10 18:24:22 +00:00: 2026-04-10 18:24:22,981 - __main__ - INFO - 📡 GraphQL timeline @Cloud9: 11 tweets, status=200
2026-04-10 18:24:22 +00:00: 2026-04-10 18:24:22,982 - __main__ - INFO - 🌐 @Cloud9: 11 tweets via timeline scrape
2026-04-10 18:24:25 +00:00: 2026-04-10 18:24:25,537 - __main__ - INFO - 📡 GraphQL timeline @nilocsgo: 20 tweets, status=200
2026-04-10 18:24:25 +00:00: 2026-04-10 18:24:25,538 - __main__ - INFO - 🌐 @nilocsgo: 20 tweets via timeline scrape
2026-04-10 18:24:27 +00:00: 2026-04-10 18:24:27,684 - __main__ - INFO - Could not resolve @gaborcsgo: 200
2026-04-10 18:24:32 +00:00: 2026-04-10 18:24:32,392 - __main__ - INFO - ❤️  Liked tweet 204266416832371... by @Cloud9 (cs2_community:Cloud9)
2026-04-10 18:24:41 +00:00: 2026-04-10 18:24:41,089 - __main__ - INFO - ✅ Like cycle complete — liked 1 tweets (5/200 today)
2026-04-10 19:09:41 +00:00: 2026-04-10 19:09:41,189 - utils.db_utils - WARNING - ⚠️  DB connection stale — reconnecting…
2026-04-10 19:09:42 +00:00: 2026-04-10 19:09:42,167 - utils.db_utils - INFO - ✅ Reconnected to PostgreSQL
2026-04-10 19:09:42 +00:00: 2026-04-10 19:09:42,486 - __main__ - INFO - 💫 Like cycle starting — 5/200 today, budget: 40
2026-04-10 19:09:43 +00:00: 2026-04-10 19:09:43,445 - __main__ - INFO - 📬 Found 10 of our tweets to check for replies
2026-04-10 19:09:43 +00:00: 2026-04-10 19:09:43,618 - __main__ - INFO - Search unexpected status: 404
2026-04-10 19:09:44 +00:00: 2026-04-10 19:09:44,747 - __main__ - INFO - Search unexpected status: 404
2026-04-10 19:09:45 +00:00: 2026-04-10 19:09:45,881 - __main__ - INFO - Search unexpected status: 404
2026-04-10 19:09:46 +00:00: 2026-04-10 19:09:46,882 - __main__ - INFO - 📬 Reply strategy: 0 candidates
2026-04-10 19:09:48 +00:00: 2026-04-10 19:09:48,317 - __main__ - INFO - 📊 VIP DB: 2 candidates from events
2026-04-10 19:09:48 +00:00: 2026-04-10 19:09:48,317 - __main__ - INFO - 📡 VIP GraphQL fallback triggered — 2 DB candidates < 10
2026-04-10 19:09:48 +00:00: 2026-04-10 19:09:48,616 - __main__ - INFO - Could not resolve @RichardLewisTV: 200
2026-04-10 19:09:51 +00:00: 2026-04-10 19:09:51,314 - __main__ - INFO - 📡 GraphQL timeline @RazedEsport: 20 tweets, status=200
2026-04-10 19:09:51 +00:00: 2026-04-10 19:09:51,314 - __main__ - INFO - 📡 @RazedEsport: 20 tweets via GraphQL
2026-04-10 19:09:53 +00:00: 2026-04-10 19:09:53,840 - __main__ - INFO - 📡 GraphQL timeline @EsportsInsider: 20 tweets, status=200
2026-04-10 19:09:53 +00:00: 2026-04-10 19:09:53,841 - __main__ - INFO - 📡 @EsportsInsider: 20 tweets via GraphQL
2026-04-10 19:09:56 +00:00: 2026-04-10 19:09:56,391 - __main__ - INFO - 📡 GraphQL timeline @CounterStrike: 20 tweets, status=200
2026-04-10 19:09:56 +00:00: 2026-04-10 19:09:56,391 - __main__ - INFO - 📡 @CounterStrike: 20 tweets via GraphQL
2026-04-10 19:09:58 +00:00: 2026-04-10 19:09:58,565 - __main__ - INFO - 📡 GraphQL timeline @hltv: 0 tweets, status=200
2026-04-10 19:10:01 +00:00: 2026-04-10 19:10:01,128 - __main__ - INFO - 📡 GraphQL timeline @Slasher: 20 tweets, status=200
2026-04-10 19:10:01 +00:00: 2026-04-10 19:10:01,128 - __main__ - INFO - 📡 @Slasher: 20 tweets via GraphQL
2026-04-10 19:10:03 +00:00: 2026-04-10 19:10:03,131 - __main__ - INFO - 📊 VIP strategy: 22 total candidates
2026-04-10 19:10:07 +00:00: 2026-04-10 19:10:07,599 - __main__ - INFO - 🎯 Engagement target strategy: 3 candidates
2026-04-10 19:10:08 +00:00: 2026-04-10 19:10:08,231 - __main__ - INFO - Could not resolve @gaborcsgo: 200
2026-04-10 19:10:10 +00:00: 2026-04-10 19:10:10,805 - __main__ - INFO - 📡 GraphQL timeline @nilocsgo: 20 tweets, status=200
2026-04-10 19:10:10 +00:00: 2026-04-10 19:10:10,806 - __main__ - INFO - 🌐 @nilocsgo: 20 tweets via timeline scrape
2026-04-10 19:10:13 +00:00: 2026-04-10 19:10:13,473 - __main__ - INFO - 📡 GraphQL timeline @Twistzz: 20 tweets, status=200
2026-04-10 19:10:13 +00:00: 2026-04-10 19:10:13,474 - __main__ - INFO - 🌐 @Twistzz: 20 tweets via timeline scrape
2026-04-10 19:10:17 +00:00: 2026-04-10 19:10:17,071 - __main__ - INFO - ✅ Like cycle complete — liked 0 tweets (5/200 today)
2026-04-10 19:55:17 +00:00: 2026-04-10 19:55:17,118 - utils.db_utils - WARNING - ⚠️  DB connection stale — reconnecting…
2026-04-10 19:55:18 +00:00: 2026-04-10 19:55:18,072 - utils.db_utils - INFO - ✅ Reconnected to PostgreSQL
2026-04-10 19:55:18 +00:00: 2026-04-10 19:55:18,387 - __main__ - INFO - 💫 Like cycle starting — 5/200 today, budget: 40
2026-04-10 19:55:19 +00:00: 2026-04-10 19:55:19,326 - __main__ - INFO - 📬 Found 10 of our tweets to check for replies
2026-04-10 19:55:19 +00:00: 2026-04-10 19:55:19,548 - __main__ - INFO - 🔑 Guest token refreshed
2026-04-10 19:55:19 +00:00: 2026-04-10 19:55:19,684 - __main__ - INFO - Search unexpected status: 404
2026-04-10 19:55:20 +00:00: 2026-04-10 19:55:20,813 - __main__ - INFO - Search unexpected status: 404
2026-04-10 19:55:21 +00:00: 2026-04-10 19:55:21,934 - __main__ - INFO - Search unexpected status: 404
2026-04-10 19:55:22 +00:00: 2026-04-10 19:55:22,935 - __main__ - INFO - 📬 Reply strategy: 0 candidates
2026-04-10 19:55:24 +00:00: 2026-04-10 19:55:24,343 - __main__ - INFO - 📊 VIP DB: 2 candidates from events
2026-04-10 19:55:24 +00:00: 2026-04-10 19:55:24,343 - __main__ - INFO - 📡 VIP GraphQL fallback triggered — 2 DB candidates < 10
2026-04-10 19:55:25 +00:00: 2026-04-10 19:55:25,079 - __main__ - INFO - 📡 GraphQL timeline @CounterStrike: 20 tweets, status=200
2026-04-10 19:55:25 +00:00: 2026-04-10 19:55:25,080 - __main__ - INFO - 📡 @CounterStrike: 20 tweets via GraphQL
2026-04-10 19:55:27 +00:00: 2026-04-10 19:55:27,569 - __main__ - INFO - 📡 GraphQL timeline @BlastPremier: 8 tweets, status=200
2026-04-10 19:55:27 +00:00: 2026-04-10 19:55:27,569 - __main__ - INFO - 📡 @BlastPremier: 8 tweets via GraphQL
2026-04-10 19:55:29 +00:00: 2026-04-10 19:55:29,705 - __main__ - INFO - 📡 GraphQL timeline @ABORCS: 0 tweets, status=200
2026-04-10 19:55:31 +00:00: 2026-04-10 19:55:31,867 - __main__ - INFO - 📡 GraphQL timeline @hltv: 0 tweets, status=200
2026-04-10 19:55:34 +00:00: 2026-04-10 19:55:34,410 - __main__ - INFO - 📡 GraphQL timeline @Slasher: 20 tweets, status=200
2026-04-10 19:55:34 +00:00: 2026-04-10 19:55:34,411 - __main__ - INFO - 📡 @Slasher: 20 tweets via GraphQL
2026-04-10 19:55:36 +00:00: 2026-04-10 19:55:36,993 - __main__ - INFO - 📡 GraphQL timeline @EsportsInsider: 20 tweets, status=200
2026-04-10 19:55:36 +00:00: 2026-04-10 19:55:36,994 - __main__ - INFO - 📡 @EsportsInsider: 20 tweets via GraphQL
2026-04-10 19:55:38 +00:00: 2026-04-10 19:55:38,996 - __main__ - INFO - 📊 VIP strategy: 22 total candidates
2026-04-10 19:55:43 +00:00: 2026-04-10 19:55:43,230 - __main__ - INFO - 🎯 Engagement target strategy: 3 candidates
2026-04-10 19:55:44 +00:00: 2026-04-10 19:55:44,206 - __main__ - INFO - 📡 GraphQL timeline @Twistzz: 20 tweets, status=200
2026-04-10 19:55:44 +00:00: 2026-04-10 19:55:44,207 - __main__ - INFO - 🌐 @Twistzz: 20 tweets via timeline scrape
2026-04-10 19:55:46 +00:00: 2026-04-10 19:55:46,758 - __main__ - INFO - 📡 GraphQL timeline @TeamLiquidCS: 20 tweets, status=200
2026-04-10 19:55:46 +00:00: 2026-04-10 19:55:46,759 - __main__ - INFO - 🌐 @TeamLiquidCS: 20 tweets via timeline scrape
2026-04-10 19:55:49 +00:00: 2026-04-10 19:55:49,263 - __main__ - INFO - 📡 GraphQL timeline @Karrigancsgo: 20 tweets, status=200
2026-04-10 19:55:49 +00:00: 2026-04-10 19:55:49,263 - __main__ - INFO - 🌐 @Karrigancsgo: 20 tweets via timeline scrape
2026-04-10 19:55:53 +00:00: 2026-04-10 19:55:53,621 - __main__ - INFO - ✅ Like cycle complete — liked 0 tweets (5/200 today)
2026-04-10 20:40:53 +00:00: 2026-04-10 20:40:53,724 - utils.db_utils - WARNING - ⚠️  DB connection stale — reconnecting…
2026-04-10 20:40:54 +00:00: 2026-04-10 20:40:54,676 - utils.db_utils - INFO - ✅ Reconnected to PostgreSQL
2026-04-10 20:40:54 +00:00: 2026-04-10 20:40:54,991 - __main__ - INFO - 💫 Like cycle starting — 5/200 today, budget: 40
2026-04-10 20:40:55 +00:00: 2026-04-10 20:40:55,926 - __main__ - INFO - 📬 Found 10 of our tweets to check for replies
2026-04-10 20:40:56 +00:00: 2026-04-10 20:40:56,092 - __main__ - INFO - Search unexpected status: 404
2026-04-10 20:40:57 +00:00: 2026-04-10 20:40:57,221 - __main__ - INFO - Search unexpected status: 404
2026-04-10 20:40:58 +00:00: 2026-04-10 20:40:58,346 - __main__ - INFO - Search unexpected status: 404
2026-04-10 20:40:59 +00:00: 2026-04-10 20:40:59,348 - __main__ - INFO - 📬 Reply strategy: 0 candidates
2026-04-10 20:41:00 +00:00: 2026-04-10 20:41:00,750 - __main__ - INFO - 📊 VIP DB: 2 candidates from events
2026-04-10 20:41:00 +00:00: 2026-04-10 20:41:00,751 - __main__ - INFO - 📡 VIP GraphQL fallback triggered — 2 DB candidates < 10
2026-04-10 20:41:01 +00:00: 2026-04-10 20:41:01,435 - __main__ - INFO - 📡 GraphQL timeline @CS2News_EN: 20 tweets, status=200
2026-04-10 20:41:01 +00:00: 2026-04-10 20:41:01,435 - __main__ - INFO - 📡 @CS2News_EN: 20 tweets via GraphQL
2026-04-10 20:41:04 +00:00: 2026-04-10 20:41:04,056 - __main__ - INFO - 📡 GraphQL timeline @CounterStrike: 20 tweets, status=200
2026-04-10 20:41:04 +00:00: 2026-04-10 20:41:04,057 - __main__ - INFO - 📡 @CounterStrike: 20 tweets via GraphQL
2026-04-10 20:41:06 +00:00: 2026-04-10 20:41:06,607 - __main__ - INFO - 📡 GraphQL timeline @LiquipediaCS: 20 tweets, status=200
2026-04-10 20:41:06 +00:00: 2026-04-10 20:41:06,608 - __main__ - INFO - 📡 @LiquipediaCS: 20 tweets via GraphQL
2026-04-10 20:41:09 +00:00: 2026-04-10 20:41:09,167 - __main__ - INFO - 📡 GraphQL timeline @BlastPremier: 8 tweets, status=200
2026-04-10 20:41:09 +00:00: 2026-04-10 20:41:09,168 - __main__ - INFO - 📡 @BlastPremier: 8 tweets via GraphQL
2026-04-10 20:41:11 +00:00: 2026-04-10 20:41:11,336 - __main__ - INFO - 📡 GraphQL timeline @hltv: 0 tweets, status=200
2026-04-10 20:41:13 +00:00: 2026-04-10 20:41:13,478 - __main__ - INFO - Could not resolve @RichardLewisTV: 200
2026-04-10 20:41:15 +00:00: 2026-04-10 20:41:15,480 - __main__ - INFO - 📊 VIP strategy: 22 total candidates
2026-04-10 20:41:19 +00:00: 2026-04-10 20:41:19,686 - __main__ - INFO - 🎯 Engagement target strategy: 3 candidates
2026-04-10 20:41:20 +00:00: 2026-04-10 20:41:20,289 - __main__ - INFO - Could not resolve @gaborcsgo: 200
2026-04-10 20:41:22 +00:00: 2026-04-10 20:41:22,835 - __main__ - INFO - 📡 GraphQL timeline @TeamLiquidCS: 20 tweets, status=200
2026-04-10 20:41:22 +00:00: 2026-04-10 20:41:22,836 - __main__ - INFO - 🌐 @TeamLiquidCS: 20 tweets via timeline scrape
2026-04-10 20:41:25 +00:00: 2026-04-10 20:41:25,359 - __main__ - INFO - 📡 GraphQL timeline @ESLCS: 20 tweets, status=200
2026-04-10 20:41:25 +00:00: 2026-04-10 20:41:25,360 - __main__ - INFO - 🌐 @ESLCS: 20 tweets via timeline scrape
2026-04-10 20:41:28 +00:00: 2026-04-10 20:41:28,930 - __main__ - INFO - ✅ Like cycle complete — liked 0 tweets (5/200 today)
2026-04-10 21:26:28 +00:00: 2026-04-10 21:26:28,934 - utils.db_utils - WARNING - ⚠️  DB connection stale — reconnecting…
2026-04-10 21:26:29 +00:00: 2026-04-10 21:26:29,968 - utils.db_utils - INFO - ✅ Reconnected to PostgreSQL
2026-04-10 21:26:30 +00:00: 2026-04-10 21:26:30,284 - __main__ - INFO - 💫 Like cycle starting — 5/200 today, budget: 40
2026-04-10 21:26:31 +00:00: 2026-04-10 21:26:31,227 - __main__ - INFO - 📬 Found 10 of our tweets to check for replies
2026-04-10 21:26:31 +00:00: 2026-04-10 21:26:31,366 - __main__ - INFO - Search unexpected status: 404
2026-04-10 21:26:32 +00:00: 2026-04-10 21:26:32,484 - __main__ - INFO - Search unexpected status: 404
2026-04-10 21:26:33 +00:00: 2026-04-10 21:26:33,729 - __main__ - INFO - Search unexpected status: 404
2026-04-10 21:26:34 +00:00: 2026-04-10 21:26:34,731 - __main__ - INFO - 📬 Reply strategy: 0 candidates
2026-04-10 21:26:36 +00:00: 2026-04-10 21:26:36,147 - __main__ - INFO - 📊 VIP DB: 2 candidates from events
2026-04-10 21:26:36 +00:00: 2026-04-10 21:26:36,148 - __main__ - INFO - 📡 VIP GraphQL fallback triggered — 2 DB candidates < 10
2026-04-10 21:26:37 +00:00: 2026-04-10 21:26:37,041 - __main__ - INFO - 📡 GraphQL timeline @RazedEsport: 20 tweets, status=200
2026-04-10 21:26:37 +00:00: 2026-04-10 21:26:37,041 - __main__ - INFO - 📡 @RazedEsport: 20 tweets via GraphQL
2026-04-10 21:26:39 +00:00: 2026-04-10 21:26:39,514 - __main__ - INFO - 📡 GraphQL timeline @BlastPremier: 8 tweets, status=200
2026-04-10 21:26:39 +00:00: 2026-04-10 21:26:39,515 - __main__ - INFO - 📡 @BlastPremier: 8 tweets via GraphQL
2026-04-10 21:26:42 +00:00: 2026-04-10 21:26:42,101 - __main__ - INFO - 📡 GraphQL timeline @EsportsInsider: 20 tweets, status=200
2026-04-10 21:26:42 +00:00: 2026-04-10 21:26:42,101 - __main__ - INFO - 📡 @EsportsInsider: 20 tweets via GraphQL
2026-04-10 21:26:44 +00:00: 2026-04-10 21:26:44,676 - __main__ - INFO - 📡 GraphQL timeline @Dust2us: 20 tweets, status=200
2026-04-10 21:26:44 +00:00: 2026-04-10 21:26:44,677 - __main__ - INFO - 📡 @Dust2us: 20 tweets via GraphQL
2026-04-10 21:26:46 +00:00: 2026-04-10 21:26:46,843 - __main__ - INFO - 📡 GraphQL timeline @hltv: 0 tweets, status=200
2026-04-10 21:26:49 +00:00: 2026-04-10 21:26:49,411 - __main__ - INFO - 📡 GraphQL timeline @CounterStrike: 20 tweets, status=200
2026-04-10 21:26:49 +00:00: 2026-04-10 21:26:49,412 - __main__ - INFO - 📡 @CounterStrike: 20 tweets via GraphQL
2026-04-10 21:26:51 +00:00: 2026-04-10 21:26:51,414 - __main__ - INFO - 📊 VIP strategy: 27 total candidates
2026-04-10 21:26:56 +00:00: 2026-04-10 21:26:56,448 - __main__ - INFO - 🎯 Engagement target strategy: 3 candidates
2026-04-10 21:26:57 +00:00: 2026-04-10 21:26:57,065 - __main__ - INFO - 📡 GraphQL timeline @PGL_Esports: 0 tweets, status=200
2026-04-10 21:26:59 +00:00: 2026-04-10 21:26:59,618 - __main__ - INFO - 📡 GraphQL timeline @EliGE: 20 tweets, status=200
2026-04-10 21:26:59 +00:00: 2026-04-10 21:26:59,618 - __main__ - INFO - 🌐 @EliGE: 20 tweets via timeline scrape
2026-04-10 21:27:02 +00:00: 2026-04-10 21:27:02,163 - __main__ - INFO - 📡 GraphQL timeline @ESLCS: 20 tweets, status=200
2026-04-10 21:27:02 +00:00: 2026-04-10 21:27:02,163 - __main__ - INFO - 🌐 @ESLCS: 20 tweets via timeline scrape
2026-04-10 21:27:05 +00:00: 2026-04-10 21:27:05,737 - __main__ - INFO - ✅ Like cycle complete — liked 0 tweets (5/200 today)
2026-04-10 22:12:05 +00:00: 2026-04-10 22:12:05,840 - utils.db_utils - WARNING - ⚠️  DB connection stale — reconnecting…
2026-04-10 22:12:06 +00:00: 2026-04-10 22:12:06,826 - utils.db_utils - INFO - ✅ Reconnected to PostgreSQL
2026-04-10 22:12:07 +00:00: 2026-04-10 22:12:07,144 - __main__ - INFO - 💫 Like cycle starting — 5/200 today, budget: 40
2026-04-10 22:12:08 +00:00: 2026-04-10 22:12:08,090 - __main__ - INFO - 📬 Found 10 of our tweets to check for replies
2026-04-10 22:12:08 +00:00: 2026-04-10 22:12:08,289 - __main__ - INFO - 🔑 Guest token refreshed
2026-04-10 22:12:08 +00:00: 2026-04-10 22:12:08,446 - __main__ - INFO - Search unexpected status: 404
2026-04-10 22:12:09 +00:00: 2026-04-10 22:12:09,569 - __main__ - INFO - Search unexpected status: 404
2026-04-10 22:12:10 +00:00: 2026-04-10 22:12:10,693 - __main__ - INFO - Search unexpected status: 404
2026-04-10 22:12:11 +00:00: 2026-04-10 22:12:11,695 - __main__ - INFO - 📬 Reply strategy: 0 candidates
2026-04-10 22:12:13 +00:00: 2026-04-10 22:12:13,114 - __main__ - INFO - 📊 VIP DB: 2 candidates from events
2026-04-10 22:12:13 +00:00: 2026-04-10 22:12:13,114 - __main__ - INFO - 📡 VIP GraphQL fallback triggered — 2 DB candidates < 10
2026-04-10 22:12:13 +00:00: 2026-04-10 22:12:13,469 - __main__ - INFO - Could not resolve @RichardLewisTV: 200
2026-04-10 22:12:16 +00:00: 2026-04-10 22:12:16,012 - __main__ - INFO - 📡 GraphQL timeline @EsportsInsider: 20 tweets, status=200
2026-04-10 22:12:16 +00:00: 2026-04-10 22:12:16,013 - __main__ - INFO - 📡 @EsportsInsider: 20 tweets via GraphQL
2026-04-10 22:12:18 +00:00: 2026-04-10 22:12:18,562 - __main__ - INFO - 📡 GraphQL timeline @CS2News_EN: 20 tweets, status=200
2026-04-10 22:12:18 +00:00: 2026-04-10 22:12:18,562 - __main__ - INFO - 📡 @CS2News_EN: 20 tweets via GraphQL
2026-04-10 22:12:21 +00:00: 2026-04-10 22:12:21,131 - __main__ - INFO - 📡 GraphQL timeline @LiquipediaCS: 20 tweets, status=200
2026-04-10 22:12:21 +00:00: 2026-04-10 22:12:21,132 - __main__ - INFO - 📡 @LiquipediaCS: 20 tweets via GraphQL
2026-04-10 22:12:23 +00:00: 2026-04-10 22:12:23,297 - __main__ - INFO - 📡 GraphQL timeline @hltv: 0 tweets, status=200
2026-04-10 22:12:25 +00:00: 2026-04-10 22:12:25,850 - __main__ - INFO - 📡 GraphQL timeline @BlastPremier: 8 tweets, status=200
2026-04-10 22:12:25 +00:00: 2026-04-10 22:12:25,850 - __main__ - INFO - 📡 @BlastPremier: 8 tweets via GraphQL
2026-04-10 22:12:27 +00:00: 2026-04-10 22:12:27,852 - __main__ - INFO - 📊 VIP strategy: 22 total candidates
2026-04-10 22:12:32 +00:00: 2026-04-10 22:12:32,109 - __main__ - INFO - 🎯 Engagement target strategy: 3 candidates
2026-04-10 22:12:33 +00:00: 2026-04-10 22:12:33,173 - __main__ - INFO - 📡 GraphQL timeline @EliGE: 20 tweets, status=200
2026-04-10 22:12:33 +00:00: 2026-04-10 22:12:33,174 - __main__ - INFO - 🌐 @EliGE: 20 tweets via timeline scrape
2026-04-10 22:12:35 +00:00: 2026-04-10 22:12:35,665 - __main__ - INFO - 📡 GraphQL timeline @Cloud9: 12 tweets, status=200
2026-04-10 22:12:35 +00:00: 2026-04-10 22:12:35,666 - __main__ - INFO - 🌐 @Cloud9: 12 tweets via timeline scrape
2026-04-10 22:12:37 +00:00: 2026-04-10 22:12:37,805 - __main__ - INFO - 📡 GraphQL timeline @Brehze: 0 tweets, status=200
2026-04-10 22:12:42 +00:00: 2026-04-10 22:12:42,552 - __main__ - INFO - ❤️  Liked tweet 204271650496206... by @Cloud9 (cs2_community:Cloud9)
2026-04-10 22:12:52 +00:00: 2026-04-10 22:12:52,142 - __main__ - INFO - ✅ Like cycle complete — liked 1 tweets (6/200 today)
2026-04-10 22:57:52 +00:00: 2026-04-10 22:57:52,165 - utils.db_utils - WARNING - ⚠️  DB connection stale — reconnecting…
2026-04-10 22:57:53 +00:00: 2026-04-10 22:57:53,190 - utils.db_utils - INFO - ✅ Reconnected to PostgreSQL
2026-04-10 22:57:53 +00:00: 2026-04-10 22:57:53,517 - __main__ - INFO - 💫 Like cycle starting — 6/200 today, budget: 40
2026-04-10 22:57:54 +00:00: 2026-04-10 22:57:54,497 - __main__ - INFO - 📬 Found 10 of our tweets to check for replies
2026-04-10 22:57:54 +00:00: 2026-04-10 22:57:54,654 - __main__ - INFO - Search unexpected status: 404
2026-04-10 22:57:55 +00:00: 2026-04-10 22:57:55,784 - __main__ - INFO - Search unexpected status: 404
2026-04-10 22:57:56 +00:00: 2026-04-10 22:57:56,906 - __main__ - INFO - Search unexpected status: 404
2026-04-10 22:57:57 +00:00: 2026-04-10 22:57:57,908 - __main__ - INFO - 📬 Reply strategy: 0 candidates
2026-04-10 22:57:59 +00:00: 2026-04-10 22:57:59,382 - __main__ - INFO - 📊 VIP DB: 2 candidates from events
2026-04-10 22:57:59 +00:00: 2026-04-10 22:57:59,382 - __main__ - INFO - 📡 VIP GraphQL fallback triggered — 2 DB candidates < 10
2026-04-10 22:57:59 +00:00: 2026-04-10 22:57:59,709 - __main__ - INFO - 📡 GraphQL timeline @hltv: 0 tweets, status=200
2026-04-10 22:58:02 +00:00: 2026-04-10 22:58:02,516 - __main__ - INFO - 📡 GraphQL timeline @Dust2us: 20 tweets, status=200
2026-04-10 22:58:02 +00:00: 2026-04-10 22:58:02,517 - __main__ - INFO - 📡 @Dust2us: 20 tweets via GraphQL
2026-04-10 22:58:05 +00:00: 2026-04-10 22:58:05,271 - __main__ - INFO - 📡 GraphQL timeline @BlastPremier: 8 tweets, status=200
2026-04-10 22:58:05 +00:00: 2026-04-10 22:58:05,272 - __main__ - INFO - 📡 @BlastPremier: 8 tweets via GraphQL
2026-04-10 22:58:07 +00:00: 2026-04-10 22:58:07,408 - __main__ - INFO - Could not resolve @RichardLewisTV: 200
2026-04-10 22:58:10 +00:00: 2026-04-10 22:58:10,186 - __main__ - INFO - 📡 GraphQL timeline @Slasher: 20 tweets, status=200
2026-04-10 22:58:10 +00:00: 2026-04-10 22:58:10,186 - __main__ - INFO - 📡 @Slasher: 20 tweets via GraphQL
2026-04-10 22:58:12 +00:00: 2026-04-10 22:58:12,955 - __main__ - INFO - 📡 GraphQL timeline @CounterStrike: 20 tweets, status=200
2026-04-10 22:58:12 +00:00: 2026-04-10 22:58:12,956 - __main__ - INFO - 📡 @CounterStrike: 20 tweets via GraphQL
2026-04-10 22:58:14 +00:00: 2026-04-10 22:58:14,958 - __main__ - INFO - 📊 VIP strategy: 22 total candidates
2026-04-10 22:58:19 +00:00: 2026-04-10 22:58:19,371 - __main__ - INFO - 🎯 Engagement target strategy: 3 candidates
2026-04-10 22:58:20 +00:00: 2026-04-10 22:58:20,628 - __main__ - INFO - 📡 GraphQL timeline @Twistzz: 20 tweets, status=200
2026-04-10 22:58:20 +00:00: 2026-04-10 22:58:20,629 - __main__ - INFO - 🌐 @Twistzz: 20 tweets via timeline scrape
2026-04-10 22:58:23 +00:00: 2026-04-10 22:58:23,464 - __main__ - INFO - 📡 GraphQL timeline @TeamLiquidCS: 20 tweets, status=200
2026-04-10 22:58:23 +00:00: 2026-04-10 22:58:23,464 - __main__ - INFO - 🌐 @TeamLiquidCS: 20 tweets via timeline scrape
2026-04-10 22:58:25 +00:00: 2026-04-10 22:58:25,602 - __main__ - INFO - Could not resolve @LOABORVRE_CS2: 200
2026-04-10 22:58:29 +00:00: 2026-04-10 22:58:29,247 - __main__ - INFO - ✅ Like cycle complete — liked 0 tweets (6/200 today)
2026-04-10 23:43:29 +00:00: 2026-04-10 23:43:29,350 - utils.db_utils - WARNING - ⚠️  DB connection stale — reconnecting…
2026-04-10 23:43:30 +00:00: 2026-04-10 23:43:30,330 - utils.db_utils - INFO - ✅ Reconnected to PostgreSQL
2026-04-10 23:43:30 +00:00: 2026-04-10 23:43:30,652 - __main__ - INFO - 💫 Like cycle starting — 6/200 today, budget: 40
2026-04-10 23:43:31 +00:00: 2026-04-10 23:43:31,617 - __main__ - INFO - 📬 Found 10 of our tweets to check for replies
2026-04-10 23:43:31 +00:00: 2026-04-10 23:43:31,774 - __main__ - INFO - Search unexpected status: 404
2026-04-10 23:43:32 +00:00: 2026-04-10 23:43:32,911 - __main__ - INFO - Search unexpected status: 404
2026-04-10 23:43:34 +00:00: 2026-04-10 23:43:34,035 - __main__ - INFO - Search error: Input is a zero-length, empty document: line 1 column 1 (char 0)
2026-04-10 23:43:35 +00:00: 2026-04-10 23:43:35,036 - __main__ - INFO - 📬 Reply strategy: 0 candidates
2026-04-10 23:43:36 +00:00: 2026-04-10 23:43:36,481 - __main__ - INFO - 📊 VIP DB: 2 candidates from events
2026-04-10 23:43:36 +00:00: 2026-04-10 23:43:36,482 - __main__ - INFO - 📡 VIP GraphQL fallback triggered — 2 DB candidates < 10
2026-04-10 23:43:37 +00:00: 2026-04-10 23:43:37,187 - __main__ - INFO - 📡 GraphQL timeline @CounterStrike: 20 tweets, status=200
2026-04-10 23:43:37 +00:00: 2026-04-10 23:43:37,187 - __main__ - INFO - 📡 @CounterStrike: 20 tweets via GraphQL
2026-04-10 23:43:39 +00:00: 2026-04-10 23:43:39,357 - __main__ - INFO - 📡 GraphQL timeline @hltv: 0 tweets, status=200
2026-04-10 23:43:41 +00:00: 2026-04-10 23:43:41,507 - __main__ - INFO - 📡 GraphQL timeline @Nors3: 0 tweets, status=200
2026-04-10 23:43:44 +00:00: 2026-04-10 23:43:44,085 - __main__ - INFO - 📡 GraphQL timeline @Slasher: 20 tweets, status=200
2026-04-10 23:43:44 +00:00: 2026-04-10 23:43:44,085 - __main__ - INFO - 📡 @Slasher: 20 tweets via GraphQL
2026-04-10 23:43:46 +00:00: 2026-04-10 23:43:46,652 - __main__ - INFO - 📡 GraphQL timeline @BlastPremier: 8 tweets, status=200
2026-04-10 23:43:46 +00:00: 2026-04-10 23:43:46,653 - __main__ - INFO - 📡 @BlastPremier: 8 tweets via GraphQL
2026-04-10 23:43:48 +00:00: 2026-04-10 23:43:48,798 - __main__ - INFO - 📡 GraphQL timeline @ABORCS: 0 tweets, status=200
2026-04-10 23:43:50 +00:00: 2026-04-10 23:43:50,800 - __main__ - INFO - 📊 VIP strategy: 17 total candidates
2026-04-10 23:43:54 +00:00: 2026-04-10 23:43:54,332 - __main__ - INFO - 🎯 Engagement target strategy: 3 candidates
2026-04-10 23:43:55 +00:00: 2026-04-10 23:43:55,465 - __main__ - INFO - 📡 GraphQL timeline @Twistzz: 20 tweets, status=200
2026-04-10 23:43:55 +00:00: 2026-04-10 23:43:55,466 - __main__ - INFO - 🌐 @Twistzz: 20 tweets via timeline scrape
2026-04-10 23:43:57 +00:00: 2026-04-10 23:43:57,624 - __main__ - INFO - 📡 GraphQL timeline @PGL_Esports: 0 tweets, status=200
2026-04-10 23:44:00 +00:00: 2026-04-10 23:44:00,289 - __main__ - INFO - 📡 GraphQL timeline @FACEIT: 0 tweets, status=200
2026-04-10 23:44:03 +00:00: 2026-04-10 23:44:03,094 - __main__ - INFO - ✅ Like cycle complete — liked 0 tweets (6/200 today)
2026-04-11 00:29:03 +00:00: 2026-04-11 00:29:03,132 - utils.db_utils - WARNING - ⚠️  DB connection stale — reconnecting…
2026-04-11 00:29:04 +00:00: 2026-04-11 00:29:04,179 - utils.db_utils - INFO - ✅ Reconnected to PostgreSQL
2026-04-11 00:29:04 +00:00: 2026-04-11 00:29:04,499 - __main__ - INFO - 💫 Like cycle starting — 0/200 today, budget: 40
2026-04-11 00:29:05 +00:00: 2026-04-11 00:29:05,453 - __main__ - INFO - 📬 Found 10 of our tweets to check for replies
2026-04-11 00:29:05 +00:00: 2026-04-11 00:29:05,667 - __main__ - INFO - 🔑 Guest token refreshed
2026-04-11 00:29:05 +00:00: 2026-04-11 00:29:05,796 - __main__ - INFO - Search unexpected status: 404
2026-04-11 00:29:06 +00:00: 2026-04-11 00:29:06,911 - __main__ - INFO - Search unexpected status: 404
2026-04-11 00:29:08 +00:00: 2026-04-11 00:29:08,023 - __main__ - INFO - Search unexpected status: 404
2026-04-11 00:29:09 +00:00: 2026-04-11 00:29:09,025 - __main__ - INFO - 📬 Reply strategy: 0 candidates
2026-04-11 00:29:10 +00:00: 2026-04-11 00:29:10,457 - __main__ - INFO - 📊 VIP DB: 2 candidates from events
2026-04-11 00:29:10 +00:00: 2026-04-11 00:29:10,458 - __main__ - INFO - 📡 VIP GraphQL fallback triggered — 2 DB candidates < 10
2026-04-11 00:29:10 +00:00: 2026-04-11 00:29:10,810 - __main__ - INFO - 📡 GraphQL timeline @hltv: 0 tweets, status=200
2026-04-11 00:29:13 +00:00: 2026-04-11 00:29:13,467 - __main__ - INFO - 📡 GraphQL timeline @RazedEsport: 20 tweets, status=200
2026-04-11 00:29:13 +00:00: 2026-04-11 00:29:13,468 - __main__ - INFO - 📡 @RazedEsport: 20 tweets via GraphQL
2026-04-11 00:29:15 +00:00: 2026-04-11 00:29:15,992 - __main__ - INFO - 📡 GraphQL timeline @Slasher: 20 tweets, status=200
2026-04-11 00:29:15 +00:00: 2026-04-11 00:29:15,992 - __main__ - INFO - 📡 @Slasher: 20 tweets via GraphQL
2026-04-11 00:29:18 +00:00: 2026-04-11 00:29:18,532 - __main__ - INFO - 📡 GraphQL timeline @EsportsInsider: 20 tweets, status=200
2026-04-11 00:29:18 +00:00: 2026-04-11 00:29:18,532 - __main__ - INFO - 📡 @EsportsInsider: 20 tweets via GraphQL
2026-04-11 00:29:21 +00:00: 2026-04-11 00:29:21,107 - __main__ - INFO - 📡 GraphQL timeline @CounterStrike: 20 tweets, status=200
2026-04-11 00:29:21 +00:00: 2026-04-11 00:29:21,107 - __main__ - INFO - 📡 @CounterStrike: 20 tweets via GraphQL
2026-04-11 00:29:23 +00:00: 2026-04-11 00:29:23,573 - __main__ - INFO - 📡 GraphQL timeline @BlastPremier: 8 tweets, status=200
2026-04-11 00:29:23 +00:00: 2026-04-11 00:29:23,574 - __main__ - INFO - 📡 @BlastPremier: 8 tweets via GraphQL
2026-04-11 00:29:25 +00:00: 2026-04-11 00:29:25,576 - __main__ - INFO - 📊 VIP strategy: 27 total candidates
2026-04-11 00:29:30 +00:00: 2026-04-11 00:29:30,671 - __main__ - INFO - 🎯 Engagement target strategy: 3 candidates
2026-04-11 00:29:31 +00:00: 2026-04-11 00:29:31,713 - __main__ - INFO - 📡 GraphQL timeline @EliGE: 20 tweets, status=200
2026-04-11 00:29:31 +00:00: 2026-04-11 00:29:31,714 - __main__ - INFO - 🌐 @EliGE: 20 tweets via timeline scrape
2026-04-11 00:29:33 +00:00: 2026-04-11 00:29:33,863 - __main__ - INFO - 📡 GraphQL timeline @PGL_Esports: 0 tweets, status=200
2026-04-11 00:29:36 +00:00: 2026-04-11 00:29:36,327 - __main__ - INFO - 📡 GraphQL timeline @BIGCLANgg: 17 tweets, status=200
2026-04-11 00:29:36 +00:00: 2026-04-11 00:29:36,328 - __main__ - INFO - 🌐 @BIGCLANgg: 17 tweets via timeline scrape
2026-04-11 00:29:40 +00:00: 2026-04-11 00:29:40,623 - __main__ - INFO - ❤️  Liked tweet 204264990915782... by @BIGCLANgg (cs2_community:BIGCLANgg)
2026-04-11 00:29:48 +00:00: 2026-04-11 00:29:48,293 - __main__ - INFO - ❤️  Liked tweet 204264284106358... by @BIGCLANgg (cs2_community:BIGCLANgg)
2026-04-11 00:29:59 +00:00: 2026-04-11 00:29:59,220 - __main__ - INFO - ❤️  Liked tweet 204266121444297... by @BIGCLANgg (cs2_community:BIGCLANgg)
2026-04-11 00:30:10 +00:00: 2026-04-11 00:30:10,846 - __main__ - INFO - ❤️  Liked tweet 204264551262547... by @BIGCLANgg (cs2_community:BIGCLANgg)
2026-04-11 00:30:16 +00:00: 2026-04-11 00:30:16,733 - __main__ - INFO - ❤️  Liked tweet 204264743660306... by @BIGCLANgg (cs2_community:BIGCLANgg)
2026-04-11 00:30:25 +00:00: 2026-04-11 00:30:25,528 - __main__ - INFO - ✅ Like cycle complete — liked 5 tweets (5/200 today)
2026-04-11 02:00:26 +00:00: 2026-04-11 02:00:26,374 - __main__ - INFO - 💫 Like cycle starting — 5/200 today, budget: 40
2026-04-11 02:00:27 +00:00: 2026-04-11 02:00:27,333 - __main__ - INFO - 📬 Found 10 of our tweets to check for replies
2026-04-11 02:00:27 +00:00: 2026-04-11 02:00:27,469 - __main__ - INFO - Search 403 — resetting guest token
2026-04-11 02:00:28 +00:00: 2026-04-11 02:00:28,643 - __main__ - INFO - 🔑 Guest token refreshed
2026-04-11 02:00:28 +00:00: 2026-04-11 02:00:28,757 - __main__ - INFO - Search unexpected status: 404
2026-04-11 02:00:29 +00:00: 2026-04-11 02:00:29,871 - __main__ - INFO - Search unexpected status: 404
2026-04-11 02:00:30 +00:00: 2026-04-11 02:00:30,872 - __main__ - INFO - 📬 Reply strategy: 0 candidates
2026-04-11 02:00:32 +00:00: 2026-04-11 02:00:32,308 - __main__ - INFO - 📊 VIP DB: 2 candidates from events
2026-04-11 02:00:32 +00:00: 2026-04-11 02:00:32,308 - __main__ - INFO - 📡 VIP GraphQL fallback triggered — 2 DB candidates < 10
2026-04-11 02:00:33 +00:00: 2026-04-11 02:00:33,002 - __main__ - INFO - 📡 GraphQL timeline @Slasher: 20 tweets, status=200
2026-04-11 02:00:33 +00:00: 2026-04-11 02:00:33,003 - __main__ - INFO - 📡 @Slasher: 20 tweets via GraphQL
2026-04-11 02:00:35 +00:00: 2026-04-11 02:00:35,595 - __main__ - INFO - 📡 GraphQL timeline @CounterStrike: 20 tweets, status=200
2026-04-11 02:00:35 +00:00: 2026-04-11 02:00:35,595 - __main__ - INFO - 📡 @CounterStrike: 20 tweets via GraphQL
2026-04-11 02:00:38 +00:00: 2026-04-11 02:00:38,082 - __main__ - INFO - 📡 GraphQL timeline @EsportsInsider: 20 tweets, status=200
2026-04-11 02:00:38 +00:00: 2026-04-11 02:00:38,082 - __main__ - INFO - 📡 @EsportsInsider: 20 tweets via GraphQL
2026-04-11 02:00:40 +00:00: 2026-04-11 02:00:40,549 - __main__ - INFO - 📡 GraphQL timeline @BlastPremier: 8 tweets, status=200
2026-04-11 02:00:40 +00:00: 2026-04-11 02:00:40,550 - __main__ - INFO - 📡 @BlastPremier: 8 tweets via GraphQL
2026-04-11 02:00:42 +00:00: 2026-04-11 02:00:42,713 - __main__ - INFO - 📡 GraphQL timeline @hltv: 0 tweets, status=200
2026-04-11 02:00:45 +00:00: 2026-04-11 02:00:45,330 - __main__ - INFO - 📡 GraphQL timeline @Dust2us: 20 tweets, status=200
2026-04-11 02:00:45 +00:00: 2026-04-11 02:00:45,331 - __main__ - INFO - 📡 @Dust2us: 20 tweets via GraphQL
2026-04-11 02:00:47 +00:00: 2026-04-11 02:00:47,333 - __main__ - INFO - 📊 VIP strategy: 27 total candidates
2026-04-11 02:00:52 +00:00: 2026-04-11 02:00:52,431 - __main__ - INFO - 🎯 Engagement target strategy: 3 candidates
2026-04-11 02:00:53 +00:00: 2026-04-11 02:00:53,038 - __main__ - INFO - Could not resolve @gaborcsgo: 200
2026-04-11 02:00:55 +00:00: 2026-04-11 02:00:55,615 - __main__ - INFO - 📡 GraphQL timeline @Karrigancsgo: 20 tweets, status=200
2026-04-11 02:00:55 +00:00: 2026-04-11 02:00:55,616 - __main__ - INFO - 🌐 @Karrigancsgo: 20 tweets via timeline scrape
2026-04-11 02:00:57 +00:00: 2026-04-11 02:00:57,762 - __main__ - INFO - 📡 GraphQL timeline @PGL_Esports: 0 tweets, status=200
2026-04-11 02:01:00 +00:00: 2026-04-11 02:01:00,561 - __main__ - INFO - ✅ Like cycle complete — liked 0 tweets (5/200 today)
2026-04-11 03:31:00 +00:00: 2026-04-11 03:31:00,663 - utils.db_utils - WARNING - ⚠️  DB connection stale — reconnecting…
2026-04-11 03:31:01 +00:00: 2026-04-11 03:31:01,718 - utils.db_utils - INFO - ✅ Reconnected to PostgreSQL
2026-04-11 03:31:02 +00:00: 2026-04-11 03:31:02,063 - __main__ - INFO - 💫 Like cycle starting — 5/200 today, budget: 40
2026-04-11 03:31:03 +00:00: 2026-04-11 03:31:03,106 - __main__ - INFO - 📬 Found 10 of our tweets to check for replies
2026-04-11 03:31:03 +00:00: 2026-04-11 03:31:03,241 - __main__ - INFO - Search 403 — resetting guest token
2026-04-11 03:31:04 +00:00: 2026-04-11 03:31:04,424 - __main__ - INFO - 🔑 Guest token refreshed
2026-04-11 03:31:04 +00:00: 2026-04-11 03:31:04,542 - __main__ - INFO - Search unexpected status: 404
2026-04-11 03:31:05 +00:00: 2026-04-11 03:31:05,658 - __main__ - INFO - Search unexpected status: 404
2026-04-11 03:31:06 +00:00: 2026-04-11 03:31:06,659 - __main__ - INFO - 📬 Reply strategy: 0 candidates
2026-04-11 03:31:08 +00:00: 2026-04-11 03:31:08,210 - __main__ - INFO - 📊 VIP DB: 2 candidates from events
2026-04-11 03:31:08 +00:00: 2026-04-11 03:31:08,210 - __main__ - INFO - 📡 VIP GraphQL fallback triggered — 2 DB candidates < 10
2026-04-11 03:31:08 +00:00: 2026-04-11 03:31:08,519 - __main__ - INFO - Could not resolve @DonHaci: 200
2026-04-11 03:31:11 +00:00: 2026-04-11 03:31:11,051 - __main__ - INFO - 📡 GraphQL timeline @Slasher: 20 tweets, status=200
2026-04-11 03:31:11 +00:00: 2026-04-11 03:31:11,052 - __main__ - INFO - 📡 @Slasher: 20 tweets via GraphQL
2026-04-11 03:31:13 +00:00: 2026-04-11 03:31:13,587 - __main__ - INFO - 📡 GraphQL timeline @EsportsInsider: 20 tweets, status=200
2026-04-11 03:31:13 +00:00: 2026-04-11 03:31:13,587 - __main__ - INFO - 📡 @EsportsInsider: 20 tweets via GraphQL
2026-04-11 03:31:16 +00:00: 2026-04-11 03:31:16,143 - __main__ - INFO - 📡 GraphQL timeline @CS2News_EN: 20 tweets, status=200
2026-04-11 03:31:16 +00:00: 2026-04-11 03:31:16,143 - __main__ - INFO - 📡 @CS2News_EN: 20 tweets via GraphQL
2026-04-11 03:31:18 +00:00: 2026-04-11 03:31:18,613 - __main__ - INFO - 📡 GraphQL timeline @BlastPremier: 8 tweets, status=200
2026-04-11 03:31:18 +00:00: 2026-04-11 03:31:18,614 - __main__ - INFO - 📡 @BlastPremier: 8 tweets via GraphQL
2026-04-11 03:31:21 +00:00: 2026-04-11 03:31:21,255 - __main__ - INFO - 📡 GraphQL timeline @Dust2us: 20 tweets, status=200
2026-04-11 03:31:21 +00:00: 2026-04-11 03:31:21,255 - __main__ - INFO - 📡 @Dust2us: 20 tweets via GraphQL
2026-04-11 03:31:23 +00:00: 2026-04-11 03:31:23,257 - __main__ - INFO - 📊 VIP strategy: 27 total candidates
2026-04-11 03:31:28 +00:00: 2026-04-11 03:31:28,684 - __main__ - INFO - 🎯 Engagement target strategy: 3 candidates
2026-04-11 03:31:29 +00:00: 2026-04-11 03:31:29,704 - __main__ - INFO - 📡 GraphQL timeline @OGesports: 20 tweets, status=200
2026-04-11 03:31:29 +00:00: 2026-04-11 03:31:29,706 - __main__ - INFO - 🌐 @OGesports: 20 tweets via timeline scrape
2026-04-11 03:31:31 +00:00: 2026-04-11 03:31:31,856 - __main__ - INFO - 📡 GraphQL timeline @rainCS: 0 tweets, status=200
2026-04-11 03:31:33 +00:00: 2026-04-11 03:31:33,981 - __main__ - INFO - Could not resolve @gaborcsgo: 200
2026-04-11 03:31:36 +00:00: 2026-04-11 03:31:36,834 - __main__ - INFO - ✅ Like cycle complete — liked 0 tweets (5/200 today)
2026-04-11 05:01:36 +00:00: 2026-04-11 05:01:36,933 - utils.db_utils - WARNING - ⚠️  DB connection stale — reconnecting…
2026-04-11 05:01:37 +00:00: 2026-04-11 05:01:37,976 - utils.db_utils - INFO - ✅ Reconnected to PostgreSQL
2026-04-11 05:01:38 +00:00: 2026-04-11 05:01:38,299 - __main__ - INFO - 💫 Like cycle starting — 5/200 today, budget: 40
2026-04-11 05:01:39 +00:00: 2026-04-11 05:01:39,265 - __main__ - INFO - 📬 Found 10 of our tweets to check for replies
2026-04-11 05:01:39 +00:00: 2026-04-11 05:01:39,405 - __main__ - INFO - Search 403 — resetting guest token
2026-04-11 05:01:40 +00:00: 2026-04-11 05:01:40,618 - __main__ - INFO - 🔑 Guest token refreshed
2026-04-11 05:01:40 +00:00: 2026-04-11 05:01:40,738 - __main__ - INFO - Search unexpected status: 404
2026-04-11 05:01:41 +00:00: 2026-04-11 05:01:41,852 - __main__ - INFO - Search unexpected status: 404
2026-04-11 05:01:42 +00:00: 2026-04-11 05:01:42,853 - __main__ - INFO - 📬 Reply strategy: 0 candidates
2026-04-11 05:01:44 +00:00: 2026-04-11 05:01:44,305 - __main__ - INFO - 📊 VIP DB: 2 candidates from events
2026-04-11 05:01:44 +00:00: 2026-04-11 05:01:44,305 - __main__ - INFO - 📡 VIP GraphQL fallback triggered — 2 DB candidates < 10
2026-04-11 05:01:44 +00:00: 2026-04-11 05:01:44,965 - __main__ - INFO - 📡 GraphQL timeline @EsportsInsider: 20 tweets, status=200
2026-04-11 05:01:44 +00:00: 2026-04-11 05:01:44,965 - __main__ - INFO - 📡 @EsportsInsider: 20 tweets via GraphQL
2026-04-11 05:01:47 +00:00: 2026-04-11 05:01:47,091 - __main__ - INFO - Could not resolve @RichardLewisTV: 200
2026-04-11 05:01:49 +00:00: 2026-04-11 05:01:49,560 - __main__ - INFO - 📡 GraphQL timeline @BlastPremier: 8 tweets, status=200
2026-04-11 05:01:49 +00:00: 2026-04-11 05:01:49,561 - __main__ - INFO - 📡 @BlastPremier: 8 tweets via GraphQL
2026-04-11 05:01:52 +00:00: 2026-04-11 05:01:52,116 - __main__ - INFO - 📡 GraphQL timeline @CounterStrike: 20 tweets, status=200
2026-04-11 05:01:52 +00:00: 2026-04-11 05:01:52,117 - __main__ - INFO - 📡 @CounterStrike: 20 tweets via GraphQL
2026-04-11 05:01:54 +00:00: 2026-04-11 05:01:54,364 - __main__ - INFO - 📡 GraphQL timeline @hltv: 0 tweets, status=200
2026-04-11 05:01:56 +00:00: 2026-04-11 05:01:56,892 - __main__ - INFO - 📡 GraphQL timeline @Slasher: 20 tweets, status=200
2026-04-11 05:01:56 +00:00: 2026-04-11 05:01:56,893 - __main__ - INFO - 📡 @Slasher: 20 tweets via GraphQL
2026-04-11 05:01:58 +00:00: 2026-04-11 05:01:58,895 - __main__ - INFO - 📊 VIP strategy: 22 total candidates
2026-04-11 05:02:03 +00:00: 2026-04-11 05:02:03,247 - __main__ - INFO - 🎯 Engagement target strategy: 3 candidates
2026-04-11 05:02:03 +00:00: 2026-04-11 05:02:03,850 - __main__ - INFO - Could not resolve @LOABORVRE_CS2: 200
2026-04-11 05:02:06 +00:00: 2026-04-11 05:02:06,373 - __main__ - INFO - 📡 GraphQL timeline @Twistzz: 20 tweets, status=200
2026-04-11 05:02:06 +00:00: 2026-04-11 05:02:06,374 - __main__ - INFO - 🌐 @Twistzz: 20 tweets via timeline scrape
2026-04-11 05:02:08 +00:00: 2026-04-11 05:02:08,893 - __main__ - INFO - 📡 GraphQL timeline @ESLCS: 20 tweets, status=200
2026-04-11 05:02:08 +00:00: 2026-04-11 05:02:08,893 - __main__ - INFO - 🌐 @ESLCS: 20 tweets via timeline scrape
2026-04-11 05:02:12 +00:00: 2026-04-11 05:02:12,506 - __main__ - INFO - ✅ Like cycle complete — liked 0 tweets (5/200 today)
2026-04-11 06:32:12 +00:00: 2026-04-11 06:32:12,591 - utils.db_utils - WARNING - ⚠️  DB connection stale — reconnecting…
2026-04-11 06:32:13 +00:00: 2026-04-11 06:32:13,619 - utils.db_utils - INFO - ✅ Reconnected to PostgreSQL
2026-04-11 06:32:13 +00:00: 2026-04-11 06:32:13,935 - __main__ - INFO - 💫 Like cycle starting — 5/200 today, budget: 40
2026-04-11 06:32:14 +00:00: 2026-04-11 06:32:14,881 - __main__ - INFO - 📬 Found 10 of our tweets to check for replies
2026-04-11 06:32:15 +00:00: 2026-04-11 06:32:15,081 - __main__ - INFO - Search 403 — resetting guest token
2026-04-11 06:32:16 +00:00: 2026-04-11 06:32:16,240 - __main__ - INFO - 🔑 Guest token refreshed
2026-04-11 06:32:16 +00:00: 2026-04-11 06:32:16,353 - __main__ - INFO - Search unexpected status: 404
2026-04-11 06:32:17 +00:00: 2026-04-11 06:32:17,517 - __main__ - INFO - Search unexpected status: 404
2026-04-11 06:32:18 +00:00: 2026-04-11 06:32:18,518 - __main__ - INFO - 📬 Reply strategy: 0 candidates
2026-04-11 06:32:19 +00:00: 2026-04-11 06:32:19,939 - __main__ - INFO - 📊 VIP DB: 2 candidates from events
2026-04-11 06:32:19 +00:00: 2026-04-11 06:32:19,939 - __main__ - INFO - 📡 VIP GraphQL fallback triggered — 2 DB candidates < 10
2026-04-11 06:32:20 +00:00: 2026-04-11 06:32:20,234 - __main__ - INFO - Could not resolve @DonHaci: 200
2026-04-11 06:32:22 +00:00: 2026-04-11 06:32:22,793 - __main__ - INFO - 📡 GraphQL timeline @CS2News_EN: 20 tweets, status=200
2026-04-11 06:32:22 +00:00: 2026-04-11 06:32:22,793 - __main__ - INFO - 📡 @CS2News_EN: 20 tweets via GraphQL
2026-04-11 06:32:25 +00:00: 2026-04-11 06:32:25,362 - __main__ - INFO - 📡 GraphQL timeline @CounterStrike: 20 tweets, status=200
2026-04-11 06:32:25 +00:00: 2026-04-11 06:32:25,362 - __main__ - INFO - 📡 @CounterStrike: 20 tweets via GraphQL
2026-04-11 06:32:27 +00:00: 2026-04-11 06:32:27,531 - __main__ - INFO - 📡 GraphQL timeline @hltv: 0 tweets, status=200
2026-04-11 06:32:30 +00:00: 2026-04-11 06:32:30,105 - __main__ - INFO - 📡 GraphQL timeline @LiquipediaCS: 20 tweets, status=200
2026-04-11 06:32:30 +00:00: 2026-04-11 06:32:30,105 - __main__ - INFO - 📡 @LiquipediaCS: 20 tweets via GraphQL
2026-04-11 06:32:32 +00:00: 2026-04-11 06:32:32,658 - __main__ - INFO - 📡 GraphQL timeline @EsportsInsider: 20 tweets, status=200
2026-04-11 06:32:32 +00:00: 2026-04-11 06:32:32,659 - __main__ - INFO - 📡 @EsportsInsider: 20 tweets via GraphQL
2026-04-11 06:32:34 +00:00: 2026-04-11 06:32:34,661 - __main__ - INFO - 📊 VIP strategy: 22 total candidates
2026-04-11 06:32:39 +00:00: 2026-04-11 06:32:39,083 - __main__ - INFO - 🎯 Engagement target strategy: 3 candidates
2026-04-11 06:32:40 +00:00: 2026-04-11 06:32:40,181 - __main__ - INFO - 📡 GraphQL timeline @nilocsgo: 20 tweets, status=200
2026-04-11 06:32:40 +00:00: 2026-04-11 06:32:40,182 - __main__ - INFO - 🌐 @nilocsgo: 20 tweets via timeline scrape
2026-04-11 06:32:42 +00:00: 2026-04-11 06:32:42,636 - __main__ - INFO - 📡 GraphQL timeline @BIGCLANgg: 17 tweets, status=200
2026-04-11 06:32:42 +00:00: 2026-04-11 06:32:42,637 - __main__ - INFO - 🌐 @BIGCLANgg: 17 tweets via timeline scrape
2026-04-11 06:32:44 +00:00: 2026-04-11 06:32:44,763 - __main__ - INFO - Could not resolve @gaborcsgo: 200
2026-04-11 06:32:48 +00:00: 2026-04-11 06:32:48,346 - __main__ - INFO - ✅ Like cycle complete — liked 0 tweets (5/200 today)
2026-04-11 08:02:48 +00:00: 2026-04-11 08:02:48,411 - utils.db_utils - WARNING - ⚠️  DB connection stale — reconnecting…
2026-04-11 08:02:49 +00:00: 2026-04-11 08:02:49,434 - utils.db_utils - INFO - ✅ Reconnected to PostgreSQL
2026-04-11 08:02:49 +00:00: 2026-04-11 08:02:49,773 - __main__ - INFO - 💫 Like cycle starting — 5/200 today, budget: 40
2026-04-11 08:02:50 +00:00: 2026-04-11 08:02:50,786 - __main__ - INFO - 📬 Found 10 of our tweets to check for replies
2026-04-11 08:02:50 +00:00: 2026-04-11 08:02:50,952 - __main__ - INFO - Search 403 — resetting guest token
2026-04-11 08:02:52 +00:00: 2026-04-11 08:02:52,179 - __main__ - INFO - 🔑 Guest token refreshed
2026-04-11 08:02:52 +00:00: 2026-04-11 08:02:52,303 - __main__ - INFO - Search unexpected status: 404
2026-04-11 08:02:53 +00:00: 2026-04-11 08:02:53,429 - __main__ - INFO - Search unexpected status: 404
2026-04-11 08:02:54 +00:00: 2026-04-11 08:02:54,430 - __main__ - INFO - 📬 Reply strategy: 0 candidates
2026-04-11 08:02:55 +00:00: 2026-04-11 08:02:55,947 - __main__ - INFO - 📊 VIP DB: 2 candidates from events
2026-04-11 08:02:55 +00:00: 2026-04-11 08:02:55,948 - __main__ - INFO - 📡 VIP GraphQL fallback triggered — 2 DB candidates < 10
2026-04-11 08:02:56 +00:00: 2026-04-11 08:02:56,654 - __main__ - INFO - 📡 GraphQL timeline @Slasher: 20 tweets, status=200
2026-04-11 08:02:56 +00:00: 2026-04-11 08:02:56,654 - __main__ - INFO - 📡 @Slasher: 20 tweets via GraphQL
2026-04-11 08:02:59 +00:00: 2026-04-11 08:02:59,188 - __main__ - INFO - 📡 GraphQL timeline @CS2News_EN: 20 tweets, status=200
2026-04-11 08:02:59 +00:00: 2026-04-11 08:02:59,189 - __main__ - INFO - 📡 @CS2News_EN: 20 tweets via GraphQL
2026-04-11 08:03:01 +00:00: 2026-04-11 08:03:01,756 - __main__ - INFO - 📡 GraphQL timeline @EsportsInsider: 20 tweets, status=200
2026-04-11 08:03:01 +00:00: 2026-04-11 08:03:01,757 - __main__ - INFO - 📡 @EsportsInsider: 20 tweets via GraphQL
2026-04-11 08:03:05 +00:00: 2026-04-11 08:03:05,011 - __main__ - INFO - 📡 GraphQL timeline @LiquipediaCS: 20 tweets, status=200
2026-04-11 08:03:05 +00:00: 2026-04-11 08:03:05,012 - __main__ - INFO - 📡 @LiquipediaCS: 20 tweets via GraphQL
2026-04-11 08:03:07 +00:00: 2026-04-11 08:03:07,185 - __main__ - INFO - 📡 GraphQL timeline @hltv: 0 tweets, status=200
2026-04-11 08:03:09 +00:00: 2026-04-11 08:03:09,328 - __main__ - INFO - 📡 GraphQL timeline @ABORCS: 0 tweets, status=200
2026-04-11 08:03:11 +00:00: 2026-04-11 08:03:11,331 - __main__ - INFO - 📊 VIP strategy: 22 total candidates
2026-04-11 08:03:16 +00:00: 2026-04-11 08:03:16,055 - __main__ - INFO - 🎯 Engagement target strategy: 3 candidates
2026-04-11 08:03:17 +00:00: 2026-04-11 08:03:17,150 - __main__ - INFO - 📡 GraphQL timeline @nilocsgo: 20 tweets, status=200
2026-04-11 08:03:17 +00:00: 2026-04-11 08:03:17,151 - __main__ - INFO - 🌐 @nilocsgo: 20 tweets via timeline scrape
2026-04-11 08:03:19 +00:00: 2026-04-11 08:03:19,290 - __main__ - INFO - Could not resolve @LOABORVRE_CS2: 200
2026-04-11 08:03:21 +00:00: 2026-04-11 08:03:21,768 - __main__ - INFO - 📡 GraphQL timeline @BIGCLANgg: 17 tweets, status=200
2026-04-11 08:03:21 +00:00: 2026-04-11 08:03:21,769 - __main__ - INFO - 🌐 @BIGCLANgg: 17 tweets via timeline scrape
2026-04-11 08:03:25 +00:00: 2026-04-11 08:03:25,457 - __main__ - INFO - ✅ Like cycle complete — liked 0 tweets (5/200 today)
2026-04-11 09:33:25 +00:00: 2026-04-11 09:33:25,559 - utils.db_utils - WARNING - ⚠️  DB connection stale — reconnecting…
2026-04-11 09:33:26 +00:00: 2026-04-11 09:33:26,588 - utils.db_utils - INFO - ✅ Reconnected to PostgreSQL
2026-04-11 09:33:26 +00:00: 2026-04-11 09:33:26,903 - __main__ - INFO - 💫 Like cycle starting — 5/200 today, budget: 40
2026-04-11 09:33:27 +00:00: 2026-04-11 09:33:27,846 - __main__ - INFO - 📬 Found 10 of our tweets to check for replies
2026-04-11 09:33:28 +00:00: 2026-04-11 09:33:28,007 - __main__ - INFO - Search 403 — resetting guest token
2026-04-11 09:33:29 +00:00: 2026-04-11 09:33:29,200 - __main__ - INFO - 🔑 Guest token refreshed
2026-04-11 09:33:29 +00:00: 2026-04-11 09:33:29,325 - __main__ - INFO - Search unexpected status: 404
2026-04-11 09:33:30 +00:00: 2026-04-11 09:33:30,446 - __main__ - INFO - Search unexpected status: 404
2026-04-11 09:33:31 +00:00: 2026-04-11 09:33:31,447 - __main__ - INFO - 📬 Reply strategy: 0 candidates
2026-04-11 09:33:32 +00:00: 2026-04-11 09:33:32,863 - __main__ - INFO - 📊 VIP DB: 2 candidates from events
2026-04-11 09:33:32 +00:00: 2026-04-11 09:33:32,863 - __main__ - INFO - 📡 VIP GraphQL fallback triggered — 2 DB candidates < 10
2026-04-11 09:33:33 +00:00: 2026-04-11 09:33:33,516 - __main__ - INFO - 📡 GraphQL timeline @EsportsInsider: 20 tweets, status=200
2026-04-11 09:33:33 +00:00: 2026-04-11 09:33:33,516 - __main__ - INFO - 📡 @EsportsInsider: 20 tweets via GraphQL
2026-04-11 09:33:36 +00:00: 2026-04-11 09:33:36,067 - __main__ - INFO - 📡 GraphQL timeline @CounterStrike: 20 tweets, status=200
2026-04-11 09:33:36 +00:00: 2026-04-11 09:33:36,067 - __main__ - INFO - 📡 @CounterStrike: 20 tweets via GraphQL
2026-04-11 09:33:38 +00:00: 2026-04-11 09:33:38,621 - __main__ - INFO - 📡 GraphQL timeline @Slasher: 20 tweets, status=200
2026-04-11 09:33:38 +00:00: 2026-04-11 09:33:38,623 - __main__ - INFO - 📡 @Slasher: 20 tweets via GraphQL
2026-04-11 09:33:40 +00:00: 2026-04-11 09:33:40,770 - __main__ - INFO - 📡 GraphQL timeline @Nors3: 0 tweets, status=200
2026-04-11 09:33:42 +00:00: 2026-04-11 09:33:42,908 - __main__ - INFO - 📡 GraphQL timeline @ABORCS: 0 tweets, status=200
2026-04-11 09:33:45 +00:00: 2026-04-11 09:33:45,079 - __main__ - INFO - 📡 GraphQL timeline @hltv: 0 tweets, status=200
2026-04-11 09:33:47 +00:00: 2026-04-11 09:33:47,082 - __main__ - INFO - 📊 VIP strategy: 17 total candidates
2026-04-11 09:33:50 +00:00: 2026-04-11 09:33:50,700 - __main__ - INFO - 🎯 Engagement target strategy: 3 candidates
2026-04-11 09:33:51 +00:00: 2026-04-11 09:33:51,305 - __main__ - INFO - Could not resolve @gaborcsgo: 200
2026-04-11 09:33:53 +00:00: 2026-04-11 09:33:53,455 - __main__ - INFO - 📡 GraphQL timeline @PGL_Esports: 0 tweets, status=200
2026-04-11 09:33:55 +00:00: 2026-04-11 09:33:55,980 - __main__ - INFO - 📡 GraphQL timeline @OGesports: 20 tweets, status=200
2026-04-11 09:33:55 +00:00: 2026-04-11 09:33:55,981 - __main__ - INFO - 🌐 @OGesports: 20 tweets via timeline scrape
2026-04-11 09:33:58 +00:00: 2026-04-11 09:33:58,769 - __main__ - INFO - ✅ Like cycle complete — liked 0 tweets (5/200 today)
2026-04-11 11:03:58 +00:00: 2026-04-11 11:03:58,853 - utils.db_utils - WARNING - ⚠️  DB connection stale — reconnecting…
2026-04-11 11:03:59 +00:00: 2026-04-11 11:03:59,837 - utils.db_utils - INFO - ✅ Reconnected to PostgreSQL
2026-04-11 11:04:00 +00:00: 2026-04-11 11:04:00,149 - __main__ - INFO - 💫 Like cycle starting — 5/200 today, budget: 40
2026-04-11 11:04:01 +00:00: 2026-04-11 11:04:01,085 - __main__ - INFO - 📬 Found 10 of our tweets to check for replies
2026-04-11 11:04:01 +00:00: 2026-04-11 11:04:01,230 - __main__ - INFO - Search 403 — resetting guest token
2026-04-11 11:04:02 +00:00: 2026-04-11 11:04:02,424 - __main__ - INFO - 🔑 Guest token refreshed
2026-04-11 11:04:02 +00:00: 2026-04-11 11:04:02,540 - __main__ - INFO - Search unexpected status: 404
2026-04-11 11:04:03 +00:00: 2026-04-11 11:04:03,658 - __main__ - INFO - Search unexpected status: 404
2026-04-11 11:04:04 +00:00: 2026-04-11 11:04:04,659 - __main__ - INFO - 📬 Reply strategy: 0 candidates
2026-04-11 11:04:06 +00:00: 2026-04-11 11:04:06,062 - __main__ - INFO - 📊 VIP DB: 2 candidates from events
2026-04-11 11:04:06 +00:00: 2026-04-11 11:04:06,062 - __main__ - INFO - 📡 VIP GraphQL fallback triggered — 2 DB candidates < 10
2026-04-11 11:04:06 +00:00: 2026-04-11 11:04:06,384 - __main__ - INFO - 📡 GraphQL timeline @hltv: 0 tweets, status=200
2026-04-11 11:04:09 +00:00: 2026-04-11 11:04:09,907 - __main__ - INFO - 📡 GraphQL timeline @RazedEsport: 20 tweets, status=200
2026-04-11 11:04:09 +00:00: 2026-04-11 11:04:09,907 - __main__ - INFO - 📡 @RazedEsport: 20 tweets via GraphQL
2026-04-11 11:04:12 +00:00: 2026-04-11 11:04:12,401 - __main__ - INFO - 📡 GraphQL timeline @BlastPremier: 8 tweets, status=200
2026-04-11 11:04:12 +00:00: 2026-04-11 11:04:12,401 - __main__ - INFO - 📡 @BlastPremier: 8 tweets via GraphQL
2026-04-11 11:04:14 +00:00: 2026-04-11 11:04:14,946 - __main__ - INFO - 📡 GraphQL timeline @Dust2us: 20 tweets, status=200
2026-04-11 11:04:14 +00:00: 2026-04-11 11:04:14,947 - __main__ - INFO - 📡 @Dust2us: 20 tweets via GraphQL
2026-04-11 11:04:17 +00:00: 2026-04-11 11:04:17,480 - __main__ - INFO - 📡 GraphQL timeline @Slasher: 20 tweets, status=200
2026-04-11 11:04:17 +00:00: 2026-04-11 11:04:17,480 - __main__ - INFO - 📡 @Slasher: 20 tweets via GraphQL
2026-04-11 11:04:20 +00:00: 2026-04-11 11:04:20,053 - __main__ - INFO - 📡 GraphQL timeline @CounterStrike: 20 tweets, status=200
2026-04-11 11:04:20 +00:00: 2026-04-11 11:04:20,054 - __main__ - INFO - 📡 @CounterStrike: 20 tweets via GraphQL
2026-04-11 11:04:22 +00:00: 2026-04-11 11:04:22,056 - __main__ - INFO - 📊 VIP strategy: 27 total candidates
2026-04-11 11:04:27 +00:00: 2026-04-11 11:04:27,046 - __main__ - INFO - 🎯 Engagement target strategy: 3 candidates
2026-04-11 11:04:28 +00:00: 2026-04-11 11:04:28,122 - __main__ - INFO - 📡 GraphQL timeline @Complexity: 11 tweets, status=200
2026-04-11 11:04:28 +00:00: 2026-04-11 11:04:28,123 - __main__ - INFO - 🌐 @Complexity: 11 tweets via timeline scrape
2026-04-11 11:04:30 +00:00: 2026-04-11 11:04:30,677 - __main__ - INFO - 📡 GraphQL timeline @Cloud9: 12 tweets, status=200
2026-04-11 11:04:30 +00:00: 2026-04-11 11:04:30,677 - __main__ - INFO - 🌐 @Cloud9: 12 tweets via timeline scrape
2026-04-11 11:04:33 +00:00: 2026-04-11 11:04:33,241 - __main__ - INFO - 📡 GraphQL timeline @nilocsgo: 20 tweets, status=200
2026-04-11 11:04:33 +00:00: 2026-04-11 11:04:33,242 - __main__ - INFO - 🌐 @nilocsgo: 20 tweets via timeline scrape
2026-04-11 11:04:36 +00:00: 2026-04-11 11:04:36,920 - __main__ - INFO - ❤️  Liked tweet 204273561055357... by @Cloud9 (cs2_community:Cloud9)
2026-04-11 11:04:46 +00:00: 2026-04-11 11:04:46,354 - __main__ - INFO - ❤️  Liked tweet 204274461176905... by @Cloud9 (cs2_community:Cloud9)
2026-04-11 11:04:57 +00:00: 2026-04-11 11:04:57,847 - __main__ - INFO - ❤️  Liked tweet 204274867820138... by @Cloud9 (cs2_community:Cloud9)
2026-04-11 11:05:07 +00:00: 2026-04-11 11:05:07,793 - __main__ - INFO - ✅ Like cycle complete — liked 3 tweets (8/200 today)
2026-04-11 12:35:07 +00:00: 2026-04-11 12:35:07,855 - utils.db_utils - WARNING - ⚠️  DB connection stale — reconnecting…
2026-04-11 12:35:08 +00:00: 2026-04-11 12:35:08,810 - utils.db_utils - INFO - ✅ Reconnected to PostgreSQL
2026-04-11 12:35:09 +00:00: 2026-04-11 12:35:09,125 - __main__ - INFO - 💫 Like cycle starting — 8/200 today, budget: 40
2026-04-11 12:35:10 +00:00: 2026-04-11 12:35:10,065 - __main__ - INFO - 📬 Found 10 of our tweets to check for replies
2026-04-11 12:35:10 +00:00: 2026-04-11 12:35:10,222 - __main__ - INFO - Search 403 — resetting guest token
2026-04-11 12:35:11 +00:00: 2026-04-11 12:35:11,416 - __main__ - INFO - 🔑 Guest token refreshed
2026-04-11 12:35:11 +00:00: 2026-04-11 12:35:11,537 - __main__ - INFO - Search unexpected status: 404
2026-04-11 12:35:12 +00:00: 2026-04-11 12:35:12,665 - __main__ - INFO - Search error: Input is a zero-length, empty document: line 1 column 1 (char 0)
2026-04-11 12:35:13 +00:00: 2026-04-11 12:35:13,666 - __main__ - INFO - 📬 Reply strategy: 0 candidates
2026-04-11 12:35:15 +00:00: 2026-04-11 12:35:15,085 - __main__ - INFO - 📊 VIP DB: 2 candidates from events
2026-04-11 12:35:15 +00:00: 2026-04-11 12:35:15,086 - __main__ - INFO - 📡 VIP GraphQL fallback triggered — 2 DB candidates < 10
2026-04-11 12:35:15 +00:00: 2026-04-11 12:35:15,376 - __main__ - INFO - Could not resolve @RichardLewisTV: 200
2026-04-11 12:35:17 +00:00: 2026-04-11 12:35:17,963 - __main__ - INFO - 📡 GraphQL timeline @Dust2us: 20 tweets, status=200
2026-04-11 12:35:17 +00:00: 2026-04-11 12:35:17,964 - __main__ - INFO - 📡 @Dust2us: 20 tweets via GraphQL
2026-04-11 12:35:20 +00:00: 2026-04-11 12:35:20,133 - __main__ - INFO - 📡 GraphQL timeline @hltv: 0 tweets, status=200
2026-04-11 12:35:22 +00:00: 2026-04-11 12:35:22,750 - __main__ - INFO - 📡 GraphQL timeline @Slasher: 20 tweets, status=200
2026-04-11 12:35:22 +00:00: 2026-04-11 12:35:22,751 - __main__ - INFO - 📡 @Slasher: 20 tweets via GraphQL
2026-04-11 12:35:25 +00:00: 2026-04-11 12:35:25,295 - __main__ - INFO - 📡 GraphQL timeline @EsportsInsider: 20 tweets, status=200
2026-04-11 12:35:25 +00:00: 2026-04-11 12:35:25,296 - __main__ - INFO - 📡 @EsportsInsider: 20 tweets via GraphQL
2026-04-11 12:35:27 +00:00: 2026-04-11 12:35:27,770 - __main__ - INFO - 📡 GraphQL timeline @BlastPremier: 8 tweets, status=200
2026-04-11 12:35:27 +00:00: 2026-04-11 12:35:27,771 - __main__ - INFO - 📡 @BlastPremier: 8 tweets via GraphQL
2026-04-11 12:35:29 +00:00: 2026-04-11 12:35:29,773 - __main__ - INFO - 📊 VIP strategy: 22 total candidates
2026-04-11 12:35:33 +00:00: 2026-04-11 12:35:33,995 - __main__ - INFO - 🎯 Engagement target strategy: 3 candidates
2026-04-11 12:35:34 +00:00: 2026-04-11 12:35:34,602 - __main__ - INFO - 📡 GraphQL timeline @Brehze: 0 tweets, status=200
2026-04-11 12:35:37 +00:00: 2026-04-11 12:35:37,168 - __main__ - INFO - 📡 GraphQL timeline @Cloud9: 12 tweets, status=200
2026-04-11 12:35:37 +00:00: 2026-04-11 12:35:37,168 - __main__ - INFO - 🌐 @Cloud9: 12 tweets via timeline scrape
2026-04-11 12:35:39 +00:00: 2026-04-11 12:35:39,739 - __main__ - INFO - 📡 GraphQL timeline @BIGCLANgg: 17 tweets, status=200
2026-04-11 12:35:39 +00:00: 2026-04-11 12:35:39,739 - __main__ - INFO - 🌐 @BIGCLANgg: 17 tweets via timeline scrape
2026-04-11 12:35:43 +00:00: 2026-04-11 12:35:43,314 - __main__ - INFO - ✅ Like cycle complete — liked 0 tweets (8/200 today)
2026-04-11 14:05:43 +00:00: 2026-04-11 14:05:43,412 - utils.db_utils - WARNING - ⚠️  DB connection stale — reconnecting…
2026-04-11 14:05:44 +00:00: 2026-04-11 14:05:44,390 - utils.db_utils - INFO - ✅ Reconnected to PostgreSQL
2026-04-11 14:05:44 +00:00: 2026-04-11 14:05:44,710 - __main__ - INFO - 💫 Like cycle starting — 8/200 today, budget: 40
2026-04-11 14:05:45 +00:00: 2026-04-11 14:05:45,670 - __main__ - INFO - 📬 Found 10 of our tweets to check for replies
2026-04-11 14:05:45 +00:00: 2026-04-11 14:05:45,812 - __main__ - INFO - Search 403 — resetting guest token
2026-04-11 14:05:47 +00:00: 2026-04-11 14:05:47,019 - __main__ - INFO - 🔑 Guest token refreshed
2026-04-11 14:05:47 +00:00: 2026-04-11 14:05:47,145 - __main__ - INFO - Search unexpected status: 404
2026-04-11 14:05:48 +00:00: 2026-04-11 14:05:48,263 - __main__ - INFO - Search unexpected status: 404
2026-04-11 14:05:49 +00:00: 2026-04-11 14:05:49,264 - __main__ - INFO - 📬 Reply strategy: 0 candidates
2026-04-11 14:05:50 +00:00: 2026-04-11 14:05:50,709 - __main__ - INFO - 📊 VIP DB: 2 candidates from events
2026-04-11 14:05:50 +00:00: 2026-04-11 14:05:50,709 - __main__ - INFO - 📡 VIP GraphQL fallback triggered — 2 DB candidates < 10
2026-04-11 14:05:51 +00:00: 2026-04-11 14:05:51,039 - __main__ - INFO - 📡 GraphQL timeline @hltv: 0 tweets, status=200
2026-04-11 14:05:53 +00:00: 2026-04-11 14:05:53,627 - __main__ - INFO - 📡 GraphQL timeline @EsportsInsider: 20 tweets, status=200
2026-04-11 14:05:53 +00:00: 2026-04-11 14:05:53,628 - __main__ - INFO - 📡 @EsportsInsider: 20 tweets via GraphQL
2026-04-11 14:05:56 +00:00: 2026-04-11 14:05:56,205 - __main__ - INFO - 📡 GraphQL timeline @BlastPremier: 8 tweets, status=200
2026-04-11 14:05:56 +00:00: 2026-04-11 14:05:56,207 - __main__ - INFO - 📡 @BlastPremier: 8 tweets via GraphQL
2026-04-11 14:05:58 +00:00: 2026-04-11 14:05:58,740 - __main__ - INFO - 📡 GraphQL timeline @Slasher: 20 tweets, status=200
2026-04-11 14:05:58 +00:00: 2026-04-11 14:05:58,741 - __main__ - INFO - 📡 @Slasher: 20 tweets via GraphQL
2026-04-11 14:06:01 +00:00: 2026-04-11 14:06:01,408 - __main__ - INFO - 📡 GraphQL timeline @RazedEsport: 20 tweets, status=200
2026-04-11 14:06:01 +00:00: 2026-04-11 14:06:01,408 - __main__ - INFO - 📡 @RazedEsport: 20 tweets via GraphQL
2026-04-11 14:06:04 +00:00: 2026-04-11 14:06:04,167 - __main__ - INFO - 📡 GraphQL timeline @Dust2us: 20 tweets, status=200
2026-04-11 14:06:04 +00:00: 2026-04-11 14:06:04,168 - __main__ - INFO - 📡 @Dust2us: 20 tweets via GraphQL
2026-04-11 14:06:06 +00:00: 2026-04-11 14:06:06,170 - __main__ - INFO - 📊 VIP strategy: 27 total candidates
2026-04-11 14:06:11 +00:00: 2026-04-11 14:06:11,286 - __main__ - INFO - 🎯 Engagement target strategy: 3 candidates
2026-04-11 14:06:12 +00:00: 2026-04-11 14:06:12,427 - __main__ - INFO - 📡 GraphQL timeline @Twistzz: 20 tweets, status=200
2026-04-11 14:06:12 +00:00: 2026-04-11 14:06:12,428 - __main__ - INFO - 🌐 @Twistzz: 20 tweets via timeline scrape
2026-04-11 14:06:14 +00:00: 2026-04-11 14:06:14,934 - __main__ - INFO - 📡 GraphQL timeline @ESLCS: 20 tweets, status=200
2026-04-11 14:06:14 +00:00: 2026-04-11 14:06:14,934 - __main__ - INFO - 🌐 @ESLCS: 20 tweets via timeline scrape
2026-04-11 14:06:17 +00:00: 2026-04-11 14:06:17,508 - __main__ - INFO - 📡 GraphQL timeline @nilocsgo: 20 tweets, status=200
2026-04-11 14:06:17 +00:00: 2026-04-11 14:06:17,508 - __main__ - INFO - 🌐 @nilocsgo: 20 tweets via timeline scrape
2026-04-11 14:06:21 +00:00: 2026-04-11 14:06:21,912 - __main__ - INFO - ✅ Like cycle complete — liked 0 tweets (8/200 today)
2026-04-11 14:51:21 +00:00: 2026-04-11 14:51:21,966 - utils.db_utils - WARNING - ⚠️  DB connection stale — reconnecting…
2026-04-11 14:51:22 +00:00: 2026-04-11 14:51:22,926 - utils.db_utils - INFO - ✅ Reconnected to PostgreSQL
2026-04-11 14:51:23 +00:00: 2026-04-11 14:51:23,238 - __main__ - INFO - 💫 Like cycle starting — 8/200 today, budget: 40
2026-04-11 14:51:24 +00:00: 2026-04-11 14:51:24,170 - __main__ - INFO - 📬 Found 10 of our tweets to check for replies
2026-04-11 14:51:24 +00:00: 2026-04-11 14:51:24,402 - __main__ - INFO - Search unexpected status: 404
2026-04-11 14:51:25 +00:00: 2026-04-11 14:51:25,518 - __main__ - INFO - Search unexpected status: 404
2026-04-11 14:51:26 +00:00: 2026-04-11 14:51:26,634 - __main__ - INFO - Search unexpected status: 404
2026-04-11 14:51:27 +00:00: 2026-04-11 14:51:27,635 - __main__ - INFO - 📬 Reply strategy: 0 candidates
2026-04-11 14:51:29 +00:00: 2026-04-11 14:51:29,036 - __main__ - INFO - 📊 VIP DB: 2 candidates from events
2026-04-11 14:51:29 +00:00: 2026-04-11 14:51:29,036 - __main__ - INFO - 📡 VIP GraphQL fallback triggered — 2 DB candidates < 10
2026-04-11 14:51:29 +00:00: 2026-04-11 14:51:29,872 - __main__ - INFO - 📡 GraphQL timeline @CS2News_EN: 20 tweets, status=200
2026-04-11 14:51:29 +00:00: 2026-04-11 14:51:29,873 - __main__ - INFO - 📡 @CS2News_EN: 20 tweets via GraphQL
2026-04-11 14:51:32 +00:00: 2026-04-11 14:51:32,065 - __main__ - INFO - 📡 GraphQL timeline @ABORCS: 0 tweets, status=200
2026-04-11 14:51:34 +00:00: 2026-04-11 14:51:34,775 - __main__ - INFO - 📡 GraphQL timeline @Slasher: 20 tweets, status=200
2026-04-11 14:51:34 +00:00: 2026-04-11 14:51:34,776 - __main__ - INFO - 📡 @Slasher: 20 tweets via GraphQL
2026-04-11 14:51:36 +00:00: 2026-04-11 14:51:36,938 - __main__ - INFO - 📡 GraphQL timeline @hltv: 0 tweets, status=200
2026-04-11 14:51:39 +00:00: 2026-04-11 14:51:39,085 - __main__ - INFO - 📡 GraphQL timeline @Nors3: 0 tweets, status=200
2026-04-11 14:51:41 +00:00: 2026-04-11 14:51:41,568 - __main__ - INFO - 📡 GraphQL timeline @BlastPremier: 8 tweets, status=200
2026-04-11 14:51:41 +00:00: 2026-04-11 14:51:41,569 - __main__ - INFO - 📡 @BlastPremier: 8 tweets via GraphQL
2026-04-11 14:51:43 +00:00: 2026-04-11 14:51:43,571 - __main__ - INFO - 📊 VIP strategy: 17 total candidates
2026-04-11 14:51:46 +00:00: 2026-04-11 14:51:46,991 - __main__ - INFO - 🎯 Engagement target strategy: 3 candidates
2026-04-11 14:51:48 +00:00: 2026-04-11 14:51:48,101 - __main__ - INFO - 📡 GraphQL timeline @FACEIT: 0 tweets, status=200
2026-04-11 14:51:50 +00:00: 2026-04-11 14:51:50,655 - __main__ - INFO - 📡 GraphQL timeline @Complexity: 11 tweets, status=200
2026-04-11 14:51:50 +00:00: 2026-04-11 14:51:50,655 - __main__ - INFO - 🌐 @Complexity: 11 tweets via timeline scrape
2026-04-11 14:51:53 +00:00: 2026-04-11 14:51:53,203 - __main__ - INFO - 📡 GraphQL timeline @ESLCS: 20 tweets, status=200
2026-04-11 14:51:53 +00:00: 2026-04-11 14:51:53,204 - __main__ - INFO - 🌐 @ESLCS: 20 tweets via timeline scrape
2026-04-11 14:51:56 +00:00: 2026-04-11 14:51:56,764 - __main__ - INFO - ✅ Like cycle complete — liked 0 tweets (8/200 today)
2026-04-11 15:36:56 +00:00: 2026-04-11 15:36:56,858 - utils.db_utils - WARNING - ⚠️  DB connection stale — reconnecting…
2026-04-11 15:36:57 +00:00: 2026-04-11 15:36:57,823 - utils.db_utils - INFO - ✅ Reconnected to PostgreSQL
2026-04-11 15:36:58 +00:00: 2026-04-11 15:36:58,139 - __main__ - INFO - 💫 Like cycle starting — 8/200 today, budget: 40
2026-04-11 15:36:59 +00:00: 2026-04-11 15:36:59,085 - __main__ - INFO - 📬 Found 10 of our tweets to check for replies
2026-04-11 15:36:59 +00:00: 2026-04-11 15:36:59,245 - __main__ - INFO - Search unexpected status: 404
2026-04-11 15:37:00 +00:00: 2026-04-11 15:37:00,371 - __main__ - INFO - Search unexpected status: 404
2026-04-11 15:37:01 +00:00: 2026-04-11 15:37:01,494 - __main__ - INFO - Search unexpected status: 404
2026-04-11 15:37:02 +00:00: 2026-04-11 15:37:02,496 - __main__ - INFO - 📬 Reply strategy: 0 candidates
2026-04-11 15:37:03 +00:00: 2026-04-11 15:37:03,913 - __main__ - INFO - 📊 VIP DB: 1 candidates from events
2026-04-11 15:37:03 +00:00: 2026-04-11 15:37:03,914 - __main__ - INFO - 📡 VIP GraphQL fallback triggered — 1 DB candidates < 10
2026-04-11 15:37:04 +00:00: 2026-04-11 15:37:04,812 - __main__ - INFO - 📡 GraphQL timeline @RazedEsport: 20 tweets, status=200
2026-04-11 15:37:04 +00:00: 2026-04-11 15:37:04,812 - __main__ - INFO - 📡 @RazedEsport: 20 tweets via GraphQL
2026-04-11 15:37:06 +00:00: 2026-04-11 15:37:06,986 - __main__ - INFO - 📡 GraphQL timeline @hltv: 0 tweets, status=200
2026-04-11 15:37:09 +00:00: 2026-04-11 15:37:09,555 - __main__ - INFO - 📡 GraphQL timeline @Slasher: 20 tweets, status=200
2026-04-11 15:37:09 +00:00: 2026-04-11 15:37:09,556 - __main__ - INFO - 📡 @Slasher: 20 tweets via GraphQL
2026-04-11 15:37:12 +00:00: 2026-04-11 15:37:12,103 - __main__ - INFO - 📡 GraphQL timeline @EsportsInsider: 20 tweets, status=200
2026-04-11 15:37:12 +00:00: 2026-04-11 15:37:12,104 - __main__ - INFO - 📡 @EsportsInsider: 20 tweets via GraphQL
2026-04-11 15:37:14 +00:00: 2026-04-11 15:37:14,615 - __main__ - INFO - 📡 GraphQL timeline @BlastPremier: 8 tweets, status=200
2026-04-11 15:37:14 +00:00: 2026-04-11 15:37:14,615 - __main__ - INFO - 📡 @BlastPremier: 8 tweets via GraphQL
2026-04-11 15:37:17 +00:00: 2026-04-11 15:37:17,231 - __main__ - INFO - 📡 GraphQL timeline @CounterStrike: 20 tweets, status=200
2026-04-11 15:37:17 +00:00: 2026-04-11 15:37:17,232 - __main__ - INFO - 📡 @CounterStrike: 20 tweets via GraphQL
2026-04-11 15:37:19 +00:00: 2026-04-11 15:37:19,234 - __main__ - INFO - 📊 VIP strategy: 26 total candidates
2026-04-11 15:37:24 +00:00: 2026-04-11 15:37:24,280 - __main__ - INFO - 🎯 Engagement target strategy: 3 candidates
2026-04-11 15:37:24 +00:00: 2026-04-11 15:37:24,911 - __main__ - INFO - 📡 GraphQL timeline @rainCS: 0 tweets, status=200
2026-04-11 15:37:27 +00:00: 2026-04-11 15:37:27,506 - __main__ - INFO - 📡 GraphQL timeline @TeamLiquidCS: 20 tweets, status=200
2026-04-11 15:37:27 +00:00: 2026-04-11 15:37:27,506 - __main__ - INFO - 🌐 @TeamLiquidCS: 20 tweets via timeline scrape
2026-04-11 15:37:30 +00:00: 2026-04-11 15:37:30,083 - __main__ - INFO - 📡 GraphQL timeline @nilocsgo: 20 tweets, status=200
2026-04-11 15:37:30 +00:00: 2026-04-11 15:37:30,083 - __main__ - INFO - 🌐 @nilocsgo: 20 tweets via timeline scrape
2026-04-11 15:37:33 +00:00: 2026-04-11 15:37:33,659 - __main__ - INFO - ✅ Like cycle complete — liked 0 tweets (8/200 today)
2026-04-11 16:22:33 +00:00: 2026-04-11 16:22:33,676 - utils.db_utils - WARNING - ⚠️  DB connection stale — reconnecting…
2026-04-11 16:22:34 +00:00: 2026-04-11 16:22:34,642 - utils.db_utils - INFO - ✅ Reconnected to PostgreSQL
2026-04-11 16:22:34 +00:00: 2026-04-11 16:22:34,959 - __main__ - INFO - 💫 Like cycle starting — 8/200 today, budget: 40
2026-04-11 16:22:35 +00:00: 2026-04-11 16:22:35,903 - __main__ - INFO - 📬 Found 10 of our tweets to check for replies
2026-04-11 16:22:36 +00:00: 2026-04-11 16:22:36,100 - __main__ - INFO - 🔑 Guest token refreshed
2026-04-11 16:22:36 +00:00: 2026-04-11 16:22:36,248 - __main__ - INFO - Search unexpected status: 404
2026-04-11 16:22:37 +00:00: 2026-04-11 16:22:37,377 - __main__ - INFO - Search unexpected status: 404
2026-04-11 16:22:38 +00:00: 2026-04-11 16:22:38,502 - __main__ - INFO - Search unexpected status: 404
2026-04-11 16:22:39 +00:00: 2026-04-11 16:22:39,503 - __main__ - INFO - 📬 Reply strategy: 0 candidates
2026-04-11 16:22:40 +00:00: 2026-04-11 16:22:40,920 - __main__ - INFO - 📊 VIP DB: 1 candidates from events
2026-04-11 16:22:40 +00:00: 2026-04-11 16:22:40,920 - __main__ - INFO - 📡 VIP GraphQL fallback triggered — 1 DB candidates < 10
2026-04-11 16:22:41 +00:00: 2026-04-11 16:22:41,533 - __main__ - INFO - 📡 GraphQL timeline @BlastPremier: 8 tweets, status=200
2026-04-11 16:22:41 +00:00: 2026-04-11 16:22:41,534 - __main__ - INFO - 📡 @BlastPremier: 8 tweets via GraphQL
2026-04-11 16:22:44 +00:00: 2026-04-11 16:22:44,382 - __main__ - INFO - 📡 GraphQL timeline @EsportsInsider: 20 tweets, status=200
2026-04-11 16:22:44 +00:00: 2026-04-11 16:22:44,382 - __main__ - INFO - 📡 @EsportsInsider: 20 tweets via GraphQL
2026-04-11 16:22:46 +00:00: 2026-04-11 16:22:46,521 - __main__ - INFO - 📡 GraphQL timeline @ABORCS: 0 tweets, status=200
2026-04-11 16:22:49 +00:00: 2026-04-11 16:22:49,182 - __main__ - INFO - 📡 GraphQL timeline @CounterStrike: 20 tweets, status=200
2026-04-11 16:22:49 +00:00: 2026-04-11 16:22:49,182 - __main__ - INFO - 📡 @CounterStrike: 20 tweets via GraphQL
2026-04-11 16:22:51 +00:00: 2026-04-11 16:22:51,349 - __main__ - INFO - 📡 GraphQL timeline @hltv: 0 tweets, status=200
2026-04-11 16:22:53 +00:00: 2026-04-11 16:22:53,945 - __main__ - INFO - 📡 GraphQL timeline @CS2News_EN: 20 tweets, status=200
2026-04-11 16:22:53 +00:00: 2026-04-11 16:22:53,945 - __main__ - INFO - 📡 @CS2News_EN: 20 tweets via GraphQL
2026-04-11 16:22:55 +00:00: 2026-04-11 16:22:55,948 - __main__ - INFO - 📊 VIP strategy: 21 total candidates
2026-04-11 16:23:00 +00:00: 2026-04-11 16:23:00,200 - __main__ - INFO - 🎯 Engagement target strategy: 3 candidates
2026-04-11 16:23:01 +00:00: 2026-04-11 16:23:01,165 - __main__ - INFO - 📡 GraphQL timeline @OGesports: 20 tweets, status=200
2026-04-11 16:23:01 +00:00: 2026-04-11 16:23:01,166 - __main__ - INFO - 🌐 @OGesports: 20 tweets via timeline scrape
2026-04-11 16:23:03 +00:00: 2026-04-11 16:23:03,730 - __main__ - INFO - 📡 GraphQL timeline @ESLCS: 20 tweets, status=200
2026-04-11 16:23:03 +00:00: 2026-04-11 16:23:03,731 - __main__ - INFO - 🌐 @ESLCS: 20 tweets via timeline scrape
2026-04-11 16:23:06 +00:00: 2026-04-11 16:23:06,313 - __main__ - INFO - 📡 GraphQL timeline @nilocsgo: 20 tweets, status=200
2026-04-11 16:23:06 +00:00: 2026-04-11 16:23:06,314 - __main__ - INFO - 🌐 @nilocsgo: 20 tweets via timeline scrape
2026-04-11 16:23:10 +00:00: 2026-04-11 16:23:10,679 - __main__ - INFO - ✅ Like cycle complete — liked 0 tweets (8/200 today)
2026-04-11 17:08:10 +00:00: 2026-04-11 17:08:10,745 - utils.db_utils - WARNING - ⚠️  DB connection stale — reconnecting…
2026-04-11 17:08:11 +00:00: 2026-04-11 17:08:11,781 - utils.db_utils - INFO - ✅ Reconnected to PostgreSQL
2026-04-11 17:08:12 +00:00: 2026-04-11 17:08:12,103 - __main__ - INFO - 💫 Like cycle starting — 8/200 today, budget: 40
2026-04-11 17:08:13 +00:00: 2026-04-11 17:08:13,068 - __main__ - INFO - 📬 Found 10 of our tweets to check for replies
2026-04-11 17:08:13 +00:00: 2026-04-11 17:08:13,230 - __main__ - INFO - Search unexpected status: 404
2026-04-11 17:08:14 +00:00: 2026-04-11 17:08:14,357 - __main__ - INFO - Search unexpected status: 404
2026-04-11 17:08:15 +00:00: 2026-04-11 17:08:15,489 - __main__ - INFO - Search unexpected status: 404
2026-04-11 17:08:16 +00:00: 2026-04-11 17:08:16,491 - __main__ - INFO - 📬 Reply strategy: 0 candidates
2026-04-11 17:08:17 +00:00: 2026-04-11 17:08:17,944 - __main__ - INFO - 📊 VIP DB: 1 candidates from events
2026-04-11 17:08:17 +00:00: 2026-04-11 17:08:17,944 - __main__ - INFO - 📡 VIP GraphQL fallback triggered — 1 DB candidates < 10
2026-04-11 17:08:18 +00:00: 2026-04-11 17:08:18,874 - __main__ - INFO - 📡 GraphQL timeline @LiquipediaCS: 20 tweets, status=200
2026-04-11 17:08:18 +00:00: 2026-04-11 17:08:18,874 - __main__ - INFO - 📡 @LiquipediaCS: 20 tweets via GraphQL
2026-04-11 17:08:21 +00:00: 2026-04-11 17:08:21,048 - __main__ - INFO - 📡 GraphQL timeline @hltv: 0 tweets, status=200
2026-04-11 17:08:23 +00:00: 2026-04-11 17:08:23,843 - __main__ - INFO - 📡 GraphQL timeline @EsportsInsider: 20 tweets, status=200
2026-04-11 17:08:23 +00:00: 2026-04-11 17:08:23,844 - __main__ - INFO - 📡 @EsportsInsider: 20 tweets via GraphQL
2026-04-11 17:08:26 +00:00: 2026-04-11 17:08:26,427 - __main__ - INFO - 📡 GraphQL timeline @BlastPremier: 8 tweets, status=200
2026-04-11 17:08:26 +00:00: 2026-04-11 17:08:26,428 - __main__ - INFO - 📡 @BlastPremier: 8 tweets via GraphQL
2026-04-11 17:08:29 +00:00: 2026-04-11 17:08:29,148 - __main__ - INFO - 📡 GraphQL timeline @Slasher: 20 tweets, status=200
2026-04-11 17:08:29 +00:00: 2026-04-11 17:08:29,149 - __main__ - INFO - 📡 @Slasher: 20 tweets via GraphQL
2026-04-11 17:08:31 +00:00: 2026-04-11 17:08:31,874 - __main__ - INFO - 📡 GraphQL timeline @CounterStrike: 20 tweets, status=200
2026-04-11 17:08:31 +00:00: 2026-04-11 17:08:31,875 - __main__ - INFO - 📡 @CounterStrike: 20 tweets via GraphQL
2026-04-11 17:08:33 +00:00: 2026-04-11 17:08:33,878 - __main__ - INFO - 📊 VIP strategy: 26 total candidates
2026-04-11 17:08:39 +00:00: 2026-04-11 17:08:39,039 - __main__ - INFO - 🎯 Engagement target strategy: 3 candidates
2026-04-11 17:08:39 +00:00: 2026-04-11 17:08:39,683 - __main__ - INFO - 📡 GraphQL timeline @rainCS: 0 tweets, status=200
2026-04-11 17:08:42 +00:00: 2026-04-11 17:08:42,355 - __main__ - INFO - 📡 GraphQL timeline @FACEIT: 0 tweets, status=200
2026-04-11 17:08:44 +00:00: 2026-04-11 17:08:44,938 - __main__ - INFO - 📡 GraphQL timeline @Cloud9: 12 tweets, status=200
2026-04-11 17:08:44 +00:00: 2026-04-11 17:08:44,939 - __main__ - INFO - 🌐 @Cloud9: 12 tweets via timeline scrape
2026-04-11 17:08:47 +00:00: 2026-04-11 17:08:47,744 - __main__ - INFO - ✅ Like cycle complete — liked 0 tweets (8/200 today)
2026-04-11 17:53:47 +00:00: 2026-04-11 17:53:47,842 - utils.db_utils - WARNING - ⚠️  DB connection stale — reconnecting…
2026-04-11 17:53:48 +00:00: 2026-04-11 17:53:48,907 - utils.db_utils - INFO - ✅ Reconnected to PostgreSQL
2026-04-11 17:53:49 +00:00: 2026-04-11 17:53:49,234 - __main__ - INFO - 💫 Like cycle starting — 8/200 today, budget: 40
2026-04-11 17:53:50 +00:00: 2026-04-11 17:53:50,219 - __main__ - INFO - 📬 Found 10 of our tweets to check for replies
2026-04-11 17:53:50 +00:00: 2026-04-11 17:53:50,372 - __main__ - INFO - Search unexpected status: 404
2026-04-11 17:53:51 +00:00: 2026-04-11 17:53:51,490 - __main__ - INFO - Search unexpected status: 404
2026-04-11 17:53:52 +00:00: 2026-04-11 17:53:52,607 - __main__ - INFO - Search unexpected status: 404
2026-04-11 17:53:53 +00:00: 2026-04-11 17:53:53,608 - __main__ - INFO - 📬 Reply strategy: 0 candidates
2026-04-11 17:53:55 +00:00: 2026-04-11 17:53:55,079 - __main__ - INFO - 📊 VIP DB: 1 candidates from events
2026-04-11 17:53:55 +00:00: 2026-04-11 17:53:55,079 - __main__ - INFO - 📡 VIP GraphQL fallback triggered — 1 DB candidates < 10
2026-04-11 17:53:55 +00:00: 2026-04-11 17:53:55,818 - __main__ - INFO - 📡 GraphQL timeline @CounterStrike: 20 tweets, status=200
2026-04-11 17:53:55 +00:00: 2026-04-11 17:53:55,819 - __main__ - INFO - 📡 @CounterStrike: 20 tweets via GraphQL
2026-04-11 17:53:58 +00:00: 2026-04-11 17:53:58,510 - __main__ - INFO - 📡 GraphQL timeline @Slasher: 20 tweets, status=200
2026-04-11 17:53:58 +00:00: 2026-04-11 17:53:58,511 - __main__ - INFO - 📡 @Slasher: 20 tweets via GraphQL
2026-04-11 17:54:00 +00:00: 2026-04-11 17:54:00,995 - __main__ - INFO - 📡 GraphQL timeline @EsportsInsider: 20 tweets, status=200
2026-04-11 17:54:00 +00:00: 2026-04-11 17:54:00,996 - __main__ - INFO - 📡 @EsportsInsider: 20 tweets via GraphQL
2026-04-11 17:54:03 +00:00: 2026-04-11 17:54:03,150 - __main__ - INFO - 📡 GraphQL timeline @Nors3: 0 tweets, status=200
2026-04-11 17:54:05 +00:00: 2026-04-11 17:54:05,743 - __main__ - INFO - 📡 GraphQL timeline @BlastPremier: 8 tweets, status=200
2026-04-11 17:54:05 +00:00: 2026-04-11 17:54:05,744 - __main__ - INFO - 📡 @BlastPremier: 8 tweets via GraphQL
2026-04-11 17:54:07 +00:00: 2026-04-11 17:54:07,878 - __main__ - INFO - 📡 GraphQL timeline @ABORCS: 0 tweets, status=200
2026-04-11 17:54:09 +00:00: 2026-04-11 17:54:09,880 - __main__ - INFO - 📊 VIP strategy: 21 total candidates
2026-04-11 17:54:14 +00:00: 2026-04-11 17:54:14,300 - __main__ - INFO - 🎯 Engagement target strategy: 3 candidates
2026-04-11 17:54:15 +00:00: 2026-04-11 17:54:15,288 - __main__ - INFO - 📡 GraphQL timeline @ESLCS: 20 tweets, status=200
2026-04-11 17:54:15 +00:00: 2026-04-11 17:54:15,289 - __main__ - INFO - 🌐 @ESLCS: 20 tweets via timeline scrape
2026-04-11 17:54:17 +00:00: 2026-04-11 17:54:17,886 - __main__ - INFO - 📡 GraphQL timeline @EliGE: 20 tweets, status=200
2026-04-11 17:54:17 +00:00: 2026-04-11 17:54:17,886 - __main__ - INFO - 🌐 @EliGE: 20 tweets via timeline scrape
2026-04-11 17:54:20 +00:00: 2026-04-11 17:54:20,385 - __main__ - INFO - 📡 GraphQL timeline @BIGCLANgg: 17 tweets, status=200
2026-04-11 17:54:20 +00:00: 2026-04-11 17:54:20,386 - __main__ - INFO - 🌐 @BIGCLANgg: 17 tweets via timeline scrape
2026-04-11 17:54:24 +00:00: 2026-04-11 17:54:24,282 - __main__ - INFO - ❤️  Liked tweet 204294706266109... by @BIGCLANgg (cs2_community:BIGCLANgg)
2026-04-11 17:54:33 +00:00: 2026-04-11 17:54:33,177 - __main__ - INFO - ✅ Like cycle complete — liked 1 tweets (9/200 today)
2026-04-11 18:39:33 +00:00: 2026-04-11 18:39:33,241 - utils.db_utils - WARNING - ⚠️  DB connection stale — reconnecting…
2026-04-11 18:39:34 +00:00: 2026-04-11 18:39:34,214 - utils.db_utils - INFO - ✅ Reconnected to PostgreSQL
2026-04-11 18:39:34 +00:00: 2026-04-11 18:39:34,536 - __main__ - INFO - 💫 Like cycle starting — 9/200 today, budget: 40
2026-04-11 18:39:35 +00:00: 2026-04-11 18:39:35,484 - __main__ - INFO - 📬 Found 10 of our tweets to check for replies
2026-04-11 18:39:35 +00:00: 2026-04-11 18:39:35,666 - __main__ - INFO - 🔑 Guest token refreshed
2026-04-11 18:39:35 +00:00: 2026-04-11 18:39:35,823 - __main__ - INFO - Search unexpected status: 404
2026-04-11 18:39:36 +00:00: 2026-04-11 18:39:36,952 - __main__ - INFO - Search unexpected status: 404
2026-04-11 18:39:38 +00:00: 2026-04-11 18:39:38,084 - __main__ - INFO - Search unexpected status: 404
2026-04-11 18:39:39 +00:00: 2026-04-11 18:39:39,085 - __main__ - INFO - 📬 Reply strategy: 0 candidates
2026-04-11 18:39:40 +00:00: 2026-04-11 18:39:40,510 - __main__ - INFO - 📊 VIP DB: 0 candidates from events
2026-04-11 18:39:40 +00:00: 2026-04-11 18:39:40,510 - __main__ - INFO - 📡 VIP GraphQL fallback triggered — 0 DB candidates < 10
2026-04-11 18:39:41 +00:00: 2026-04-11 18:39:41,310 - __main__ - INFO - 📡 GraphQL timeline @BlastPremier: 8 tweets, status=200
2026-04-11 18:39:41 +00:00: 2026-04-11 18:39:41,311 - __main__ - INFO - 📡 @BlastPremier: 8 tweets via GraphQL
2026-04-11 18:39:43 +00:00: 2026-04-11 18:39:43,490 - __main__ - INFO - 📡 GraphQL timeline @hltv: 0 tweets, status=200
2026-04-11 18:39:45 +00:00: 2026-04-11 18:39:45,650 - __main__ - INFO - 📡 GraphQL timeline @Nors3: 0 tweets, status=200
2026-04-11 18:39:47 +00:00: 2026-04-11 18:39:47,795 - __main__ - INFO - 📡 GraphQL timeline @ABORCS: 0 tweets, status=200
2026-04-11 18:39:50 +00:00: 2026-04-11 18:39:50,538 - __main__ - INFO - 📡 GraphQL timeline @EsportsInsider: 20 tweets, status=200
2026-04-11 18:39:50 +00:00: 2026-04-11 18:39:50,538 - __main__ - INFO - 📡 @EsportsInsider: 20 tweets via GraphQL
2026-04-11 18:39:53 +00:00: 2026-04-11 18:39:53,310 - __main__ - INFO - 📡 GraphQL timeline @CounterStrike: 20 tweets, status=200
2026-04-11 18:39:53 +00:00: 2026-04-11 18:39:53,311 - __main__ - INFO - 📡 @CounterStrike: 20 tweets via GraphQL
2026-04-11 18:39:55 +00:00: 2026-04-11 18:39:55,313 - __main__ - INFO - 📊 VIP strategy: 15 total candidates
2026-04-11 18:39:58 +00:00: 2026-04-11 18:39:58,646 - __main__ - INFO - 🎯 Engagement target strategy: 3 candidates
2026-04-11 18:39:59 +00:00: 2026-04-11 18:39:59,684 - __main__ - INFO - 📡 GraphQL timeline @Cloud9: 12 tweets, status=200
2026-04-11 18:39:59 +00:00: 2026-04-11 18:39:59,685 - __main__ - INFO - 🌐 @Cloud9: 12 tweets via timeline scrape
2026-04-11 18:40:02 +00:00: 2026-04-11 18:40:02,376 - __main__ - INFO - 📡 GraphQL timeline @TeamLiquidCS: 20 tweets, status=200
2026-04-11 18:40:02 +00:00: 2026-04-11 18:40:02,377 - __main__ - INFO - 🌐 @TeamLiquidCS: 20 tweets via timeline scrape
2026-04-11 18:40:04 +00:00: 2026-04-11 18:40:04,541 - __main__ - INFO - 📡 GraphQL timeline @PGL_Esports: 0 tweets, status=200
2026-04-11 18:40:08 +00:00: 2026-04-11 18:40:08,132 - __main__ - INFO - ✅ Like cycle complete — liked 0 tweets (9/200 today)
2026-04-11 19:25:08 +00:00: 2026-04-11 19:25:08,192 - utils.db_utils - WARNING - ⚠️  DB connection stale — reconnecting…
2026-04-11 19:25:09 +00:00: 2026-04-11 19:25:09,313 - utils.db_utils - INFO - ✅ Reconnected to PostgreSQL
2026-04-11 19:25:09 +00:00: 2026-04-11 19:25:09,634 - __main__ - INFO - 💫 Like cycle starting — 9/200 today, budget: 40
2026-04-11 19:25:10 +00:00: 2026-04-11 19:25:10,598 - __main__ - INFO - 📬 Found 10 of our tweets to check for replies
2026-04-11 19:25:10 +00:00: 2026-04-11 19:25:10,740 - __main__ - INFO - Search unexpected status: 404
2026-04-11 19:25:11 +00:00: 2026-04-11 19:25:11,856 - __main__ - INFO - Search unexpected status: 404
2026-04-11 19:25:12 +00:00: 2026-04-11 19:25:12,972 - __main__ - INFO - Search unexpected status: 404
2026-04-11 19:25:13 +00:00: 2026-04-11 19:25:13,974 - __main__ - INFO - 📬 Reply strategy: 0 candidates
2026-04-11 19:25:15 +00:00: 2026-04-11 19:25:15,417 - __main__ - INFO - 📊 VIP DB: 0 candidates from events
2026-04-11 19:25:15 +00:00: 2026-04-11 19:25:15,417 - __main__ - INFO - 📡 VIP GraphQL fallback triggered — 0 DB candidates < 10
2026-04-11 19:25:16 +00:00: 2026-04-11 19:25:16,274 - __main__ - INFO - 📡 GraphQL timeline @RazedEsport: 20 tweets, status=200
2026-04-11 19:25:16 +00:00: 2026-04-11 19:25:16,274 - __main__ - INFO - 📡 @RazedEsport: 20 tweets via GraphQL
2026-04-11 19:25:18 +00:00: 2026-04-11 19:25:18,403 - __main__ - INFO - Could not resolve @RichardLewisTV: 200
2026-04-11 19:25:20 +00:00: 2026-04-11 19:25:20,990 - __main__ - INFO - 📡 GraphQL timeline @Dust2us: 20 tweets, status=200
2026-04-11 19:25:20 +00:00: 2026-04-11 19:25:20,991 - __main__ - INFO - 📡 @Dust2us: 20 tweets via GraphQL
2026-04-11 19:25:23 +00:00: 2026-04-11 19:25:23,152 - __main__ - INFO - 📡 GraphQL timeline @hltv: 0 tweets, status=200
2026-04-11 19:25:25 +00:00: 2026-04-11 19:25:25,686 - __main__ - INFO - 📡 GraphQL timeline @EsportsInsider: 20 tweets, status=200
2026-04-11 19:25:25 +00:00: 2026-04-11 19:25:25,686 - __main__ - INFO - 📡 @EsportsInsider: 20 tweets via GraphQL
2026-04-11 19:25:28 +00:00: 2026-04-11 19:25:28,267 - __main__ - INFO - 📡 GraphQL timeline @CounterStrike: 20 tweets, status=200
2026-04-11 19:25:28 +00:00: 2026-04-11 19:25:28,268 - __main__ - INFO - 📡 @CounterStrike: 20 tweets via GraphQL
2026-04-11 19:25:30 +00:00: 2026-04-11 19:25:30,271 - __main__ - INFO - 📊 VIP strategy: 20 total candidates
2026-04-11 19:25:34 +00:00: 2026-04-11 19:25:34,447 - __main__ - INFO - 🎯 Engagement target strategy: 3 candidates
2026-04-11 19:25:35 +00:00: 2026-04-11 19:25:35,418 - __main__ - INFO - 📡 GraphQL timeline @TeamLiquidCS: 20 tweets, status=200
2026-04-11 19:25:35 +00:00: 2026-04-11 19:25:35,418 - __main__ - INFO - 🌐 @TeamLiquidCS: 20 tweets via timeline scrape
2026-04-11 19:25:37 +00:00: 2026-04-11 19:25:37,549 - __main__ - INFO - Could not resolve @gaborcsgo: 200
2026-04-11 19:25:40 +00:00: 2026-04-11 19:25:40,072 - __main__ - INFO - 📡 GraphQL timeline @Cloud9: 12 tweets, status=200
2026-04-11 19:25:40 +00:00: 2026-04-11 19:25:40,073 - __main__ - INFO - 🌐 @Cloud9: 12 tweets via timeline scrape
2026-04-11 19:25:43 +00:00: 2026-04-11 19:25:43,682 - __main__ - INFO - ✅ Like cycle complete — liked 0 tweets (9/200 today)
2026-04-11 20:10:43 +00:00: 2026-04-11 20:10:43,767 - utils.db_utils - WARNING - ⚠️  DB connection stale — reconnecting…
2026-04-11 20:10:44 +00:00: 2026-04-11 20:10:44,718 - utils.db_utils - INFO - ✅ Reconnected to PostgreSQL
2026-04-11 20:10:45 +00:00: 2026-04-11 20:10:45,029 - __main__ - INFO - 💫 Like cycle starting — 9/200 today, budget: 40
2026-04-11 20:10:45 +00:00: 2026-04-11 20:10:45,961 - __main__ - INFO - 📬 Found 10 of our tweets to check for replies
2026-04-11 20:10:46 +00:00: 2026-04-11 20:10:46,100 - __main__ - INFO - Search unexpected status: 404
2026-04-11 20:10:47 +00:00: 2026-04-11 20:10:47,217 - __main__ - INFO - Search error: Input is a zero-length, empty document: line 1 column 1 (char 0)
2026-04-11 20:10:48 +00:00: 2026-04-11 20:10:48,336 - __main__ - INFO - Search unexpected status: 404
2026-04-11 20:10:49 +00:00: 2026-04-11 20:10:49,338 - __main__ - INFO - 📬 Reply strategy: 0 candidates
2026-04-11 20:10:50 +00:00: 2026-04-11 20:10:50,736 - __main__ - INFO - 📊 VIP DB: 0 candidates from events
2026-04-11 20:10:50 +00:00: 2026-04-11 20:10:50,736 - __main__ - INFO - 📡 VIP GraphQL fallback triggered — 0 DB candidates < 10
2026-04-11 20:10:51 +00:00: 2026-04-11 20:10:51,056 - __main__ - INFO - Could not resolve @DonHaci: 200
2026-04-11 20:10:53 +00:00: 2026-04-11 20:10:53,653 - __main__ - INFO - 📡 GraphQL timeline @Slasher: 20 tweets, status=200
2026-04-11 20:10:53 +00:00: 2026-04-11 20:10:53,654 - __main__ - INFO - 📡 @Slasher: 20 tweets via GraphQL
2026-04-11 20:10:56 +00:00: 2026-04-11 20:10:56,315 - __main__ - INFO - 📡 GraphQL timeline @RazedEsport: 20 tweets, status=200
2026-04-11 20:10:56 +00:00: 2026-04-11 20:10:56,315 - __main__ - INFO - 📡 @RazedEsport: 20 tweets via GraphQL
2026-04-11 20:10:58 +00:00: 2026-04-11 20:10:58,819 - __main__ - INFO - 📡 GraphQL timeline @BlastPremier: 8 tweets, status=200
2026-04-11 20:10:58 +00:00: 2026-04-11 20:10:58,819 - __main__ - INFO - 📡 @BlastPremier: 8 tweets via GraphQL
2026-04-11 20:11:00 +00:00: 2026-04-11 20:11:00,977 - __main__ - INFO - 📡 GraphQL timeline @hltv: 0 tweets, status=200
2026-04-11 20:11:03 +00:00: 2026-04-11 20:11:03,556 - __main__ - INFO - 📡 GraphQL timeline @CounterStrike: 20 tweets, status=200
2026-04-11 20:11:03 +00:00: 2026-04-11 20:11:03,557 - __main__ - INFO - 📡 @CounterStrike: 20 tweets via GraphQL
2026-04-11 20:11:05 +00:00: 2026-04-11 20:11:05,559 - __main__ - INFO - 📊 VIP strategy: 20 total candidates
2026-04-11 20:11:09 +00:00: 2026-04-11 20:11:09,597 - __main__ - INFO - 🎯 Engagement target strategy: 3 candidates
2026-04-11 20:11:10 +00:00: 2026-04-11 20:11:10,595 - __main__ - INFO - 📡 GraphQL timeline @Complexity: 11 tweets, status=200
2026-04-11 20:11:10 +00:00: 2026-04-11 20:11:10,596 - __main__ - INFO - 🌐 @Complexity: 11 tweets via timeline scrape
2026-04-11 20:11:12 +00:00: 2026-04-11 20:11:12,751 - __main__ - INFO - 📡 GraphQL timeline @PGL_Esports: 0 tweets, status=200
2026-04-11 20:11:15 +00:00: 2026-04-11 20:11:15,348 - __main__ - INFO - 📡 GraphQL timeline @nilocsgo: 20 tweets, status=200
2026-04-11 20:11:15 +00:00: 2026-04-11 20:11:15,349 - __main__ - INFO - 🌐 @nilocsgo: 20 tweets via timeline scrape
2026-04-11 20:11:18 +00:00: 2026-04-11 20:11:18,905 - __main__ - INFO - ✅ Like cycle complete — liked 0 tweets (9/200 today)
2026-04-11 20:56:18 +00:00: 2026-04-11 20:56:18,912 - utils.db_utils - WARNING - ⚠️  DB connection stale — reconnecting…
2026-04-11 20:56:19 +00:00: 2026-04-11 20:56:19,943 - utils.db_utils - INFO - ✅ Reconnected to PostgreSQL
2026-04-11 20:56:20 +00:00: 2026-04-11 20:56:20,262 - __main__ - INFO - 💫 Like cycle starting — 9/200 today, budget: 40
2026-04-11 20:56:21 +00:00: 2026-04-11 20:56:21,209 - __main__ - INFO - 📬 Found 10 of our tweets to check for replies
2026-04-11 20:56:21 +00:00: 2026-04-11 20:56:21,398 - __main__ - INFO - 🔑 Guest token refreshed
2026-04-11 20:56:21 +00:00: 2026-04-11 20:56:21,537 - __main__ - INFO - Search unexpected status: 404
2026-04-11 20:56:22 +00:00: 2026-04-11 20:56:22,665 - __main__ - INFO - Search unexpected status: 404
2026-04-11 20:56:23 +00:00: 2026-04-11 20:56:23,780 - __main__ - INFO - Search unexpected status: 404
2026-04-11 20:56:24 +00:00: 2026-04-11 20:56:24,781 - __main__ - INFO - 📬 Reply strategy: 0 candidates
2026-04-11 20:56:26 +00:00: 2026-04-11 20:56:26,201 - __main__ - INFO - 📊 VIP DB: 0 candidates from events
2026-04-11 20:56:26 +00:00: 2026-04-11 20:56:26,201 - __main__ - INFO - 📡 VIP GraphQL fallback triggered — 0 DB candidates < 10
2026-04-11 20:56:27 +00:00: 2026-04-11 20:56:27,174 - __main__ - INFO - 📡 GraphQL timeline @Dust2us: 20 tweets, status=200
2026-04-11 20:56:27 +00:00: 2026-04-11 20:56:27,175 - __main__ - INFO - 📡 @Dust2us: 20 tweets via GraphQL
2026-04-11 20:56:29 +00:00: 2026-04-11 20:56:29,306 - __main__ - INFO - Could not resolve @RichardLewisTV: 200
2026-04-11 20:56:31 +00:00: 2026-04-11 20:56:31,834 - __main__ - INFO - 📡 GraphQL timeline @BlastPremier: 8 tweets, status=200
2026-04-11 20:56:31 +00:00: 2026-04-11 20:56:31,835 - __main__ - INFO - 📡 @BlastPremier: 8 tweets via GraphQL
2026-04-11 20:56:33 +00:00: 2026-04-11 20:56:33,993 - __main__ - INFO - 📡 GraphQL timeline @hltv: 0 tweets, status=200
2026-04-11 20:56:36 +00:00: 2026-04-11 20:56:36,700 - __main__ - INFO - 📡 GraphQL timeline @Slasher: 20 tweets, status=200
2026-04-11 20:56:36 +00:00: 2026-04-11 20:56:36,701 - __main__ - INFO - 📡 @Slasher: 20 tweets via GraphQL
2026-04-11 20:56:39 +00:00: 2026-04-11 20:56:39,438 - __main__ - INFO - 📡 GraphQL timeline @EsportsInsider: 20 tweets, status=200
2026-04-11 20:56:39 +00:00: 2026-04-11 20:56:39,438 - __main__ - INFO - 📡 @EsportsInsider: 20 tweets via GraphQL
2026-04-11 20:56:41 +00:00: 2026-04-11 20:56:41,441 - __main__ - INFO - 📊 VIP strategy: 20 total candidates
2026-04-11 20:56:45 +00:00: 2026-04-11 20:56:45,546 - __main__ - INFO - 🎯 Engagement target strategy: 3 candidates
2026-04-11 20:56:46 +00:00: 2026-04-11 20:56:46,716 - __main__ - INFO - 📡 GraphQL timeline @Twistzz: 20 tweets, status=200
2026-04-11 20:56:46 +00:00: 2026-04-11 20:56:46,716 - __main__ - INFO - 🌐 @Twistzz: 20 tweets via timeline scrape
2026-04-11 20:56:49 +00:00: 2026-04-11 20:56:49,366 - __main__ - INFO - 📡 GraphQL timeline @ESLCS: 20 tweets, status=200
2026-04-11 20:56:49 +00:00: 2026-04-11 20:56:49,367 - __main__ - INFO - 🌐 @ESLCS: 20 tweets via timeline scrape
2026-04-11 20:56:51 +00:00: 2026-04-11 20:56:51,509 - __main__ - INFO - Could not resolve @gaborcsgo: 200
2026-04-11 20:56:55 +00:00: 2026-04-11 20:56:55,091 - __main__ - INFO - ✅ Like cycle complete — liked 0 tweets (9/200 today)
2026-04-11 21:41:55 +00:00: 2026-04-11 21:41:55,129 - utils.db_utils - WARNING - ⚠️  DB connection stale — reconnecting…
2026-04-11 21:41:56 +00:00: 2026-04-11 21:41:56,133 - utils.db_utils - INFO - ✅ Reconnected to PostgreSQL
2026-04-11 21:41:56 +00:00: 2026-04-11 21:41:56,453 - __main__ - INFO - 💫 Like cycle starting — 9/200 today, budget: 40
2026-04-11 21:41:57 +00:00: 2026-04-11 21:41:57,415 - __main__ - INFO - 📬 Found 10 of our tweets to check for replies
2026-04-11 21:41:57 +00:00: 2026-04-11 21:41:57,584 - __main__ - INFO - Search unexpected status: 404
2026-04-11 21:41:58 +00:00: 2026-04-11 21:41:58,762 - __main__ - INFO - Search unexpected status: 404
2026-04-11 21:41:59 +00:00: 2026-04-11 21:41:59,891 - __main__ - INFO - Search unexpected status: 404
2026-04-11 21:42:00 +00:00: 2026-04-11 21:42:00,893 - __main__ - INFO - 📬 Reply strategy: 0 candidates
2026-04-11 21:42:02 +00:00: 2026-04-11 21:42:02,330 - __main__ - INFO - 📊 VIP DB: 0 candidates from events
2026-04-11 21:42:02 +00:00: 2026-04-11 21:42:02,331 - __main__ - INFO - 📡 VIP GraphQL fallback triggered — 0 DB candidates < 10
2026-04-11 21:42:03 +00:00: 2026-04-11 21:42:03,257 - __main__ - INFO - 📡 GraphQL timeline @EsportsInsider: 20 tweets, status=200
2026-04-11 21:42:03 +00:00: 2026-04-11 21:42:03,258 - __main__ - INFO - 📡 @EsportsInsider: 20 tweets via GraphQL
2026-04-11 21:42:05 +00:00: 2026-04-11 21:42:05,410 - __main__ - INFO - Could not resolve @DonHaci: 200
2026-04-11 21:42:08 +00:00: 2026-04-11 21:42:08,117 - __main__ - INFO - 📡 GraphQL timeline @CS2News_EN: 20 tweets, status=200
2026-04-11 21:42:08 +00:00: 2026-04-11 21:42:08,117 - __main__ - INFO - 📡 @CS2News_EN: 20 tweets via GraphQL
2026-04-11 21:42:10 +00:00: 2026-04-11 21:42:10,716 - __main__ - INFO - 📡 GraphQL timeline @BlastPremier: 8 tweets, status=200
2026-04-11 21:42:10 +00:00: 2026-04-11 21:42:10,716 - __main__ - INFO - 📡 @BlastPremier: 8 tweets via GraphQL
2026-04-11 21:42:13 +00:00: 2026-04-11 21:42:13,457 - __main__ - INFO - 📡 GraphQL timeline @CounterStrike: 20 tweets, status=200
2026-04-11 21:42:13 +00:00: 2026-04-11 21:42:13,457 - __main__ - INFO - 📡 @CounterStrike: 20 tweets via GraphQL
2026-04-11 21:42:15 +00:00: 2026-04-11 21:42:15,629 - __main__ - INFO - 📡 GraphQL timeline @hltv: 0 tweets, status=200
2026-04-11 21:42:17 +00:00: 2026-04-11 21:42:17,631 - __main__ - INFO - 📊 VIP strategy: 20 total candidates
2026-04-11 21:42:21 +00:00: 2026-04-11 21:42:21,769 - __main__ - INFO - 🎯 Engagement target strategy: 3 candidates
2026-04-11 21:42:22 +00:00: 2026-04-11 21:42:22,382 - __main__ - INFO - Could not resolve @gaborcsgo: 200
2026-04-11 21:42:24 +00:00: 2026-04-11 21:42:24,525 - __main__ - INFO - Could not resolve @LOABORVRE_CS2: 200
2026-04-11 21:42:27 +00:00: 2026-04-11 21:42:27,205 - __main__ - INFO - 📡 GraphQL timeline @ESLCS: 20 tweets, status=200
2026-04-11 21:42:27 +00:00: 2026-04-11 21:42:27,206 - __main__ - INFO - 🌐 @ESLCS: 20 tweets via timeline scrape
2026-04-11 21:42:30 +00:00: 2026-04-11 21:42:30,003 - __main__ - INFO - ✅ Like cycle complete — liked 0 tweets (9/200 today)
2026-04-11 22:27:30 +00:00: 2026-04-11 22:27:30,075 - utils.db_utils - WARNING - ⚠️  DB connection stale — reconnecting…
2026-04-11 22:27:31 +00:00: 2026-04-11 22:27:31,058 - utils.db_utils - INFO - ✅ Reconnected to PostgreSQL
2026-04-11 22:27:31 +00:00: 2026-04-11 22:27:31,370 - __main__ - INFO - 💫 Like cycle starting — 9/200 today, budget: 40
2026-04-11 22:27:32 +00:00: 2026-04-11 22:27:32,305 - __main__ - INFO - 📬 Found 10 of our tweets to check for replies
2026-04-11 22:27:32 +00:00: 2026-04-11 22:27:32,452 - __main__ - INFO - Search unexpected status: 404
2026-04-11 22:27:33 +00:00: 2026-04-11 22:27:33,592 - __main__ - INFO - Search unexpected status: 404
2026-04-11 22:27:34 +00:00: 2026-04-11 22:27:34,708 - __main__ - INFO - Search unexpected status: 404
2026-04-11 22:27:35 +00:00: 2026-04-11 22:27:35,710 - __main__ - INFO - 📬 Reply strategy: 0 candidates
2026-04-11 22:27:37 +00:00: 2026-04-11 22:27:37,107 - __main__ - INFO - 📊 VIP DB: 0 candidates from events
2026-04-11 22:27:37 +00:00: 2026-04-11 22:27:37,107 - __main__ - INFO - 📡 VIP GraphQL fallback triggered — 0 DB candidates < 10
2026-04-11 22:27:37 +00:00: 2026-04-11 22:27:37,802 - __main__ - INFO - 📡 GraphQL timeline @Slasher: 20 tweets, status=200
2026-04-11 22:27:37 +00:00: 2026-04-11 22:27:37,802 - __main__ - INFO - 📡 @Slasher: 20 tweets via GraphQL
2026-04-11 22:27:40 +00:00: 2026-04-11 22:27:40,279 - __main__ - INFO - 📡 GraphQL timeline @BlastPremier: 8 tweets, status=200
2026-04-11 22:27:40 +00:00: 2026-04-11 22:27:40,280 - __main__ - INFO - 📡 @BlastPremier: 8 tweets via GraphQL
2026-04-11 22:27:42 +00:00: 2026-04-11 22:27:42,939 - __main__ - INFO - 📡 GraphQL timeline @RazedEsport: 20 tweets, status=200
2026-04-11 22:27:42 +00:00: 2026-04-11 22:27:42,940 - __main__ - INFO - 📡 @RazedEsport: 20 tweets via GraphQL
2026-04-11 22:27:45 +00:00: 2026-04-11 22:27:45,452 - __main__ - INFO - 📡 GraphQL timeline @EsportsInsider: 20 tweets, status=200
2026-04-11 22:27:45 +00:00: 2026-04-11 22:27:45,452 - __main__ - INFO - 📡 @EsportsInsider: 20 tweets via GraphQL
2026-04-11 22:27:47 +00:00: 2026-04-11 22:27:47,614 - __main__ - INFO - 📡 GraphQL timeline @hltv: 0 tweets, status=200
2026-04-11 22:27:49 +00:00: 2026-04-11 22:27:49,865 - __main__ - INFO - Could not resolve @DonHaci: 200
2026-04-11 22:27:51 +00:00: 2026-04-11 22:27:51,867 - __main__ - INFO - 📊 VIP strategy: 20 total candidates
2026-04-11 22:27:55 +00:00: 2026-04-11 22:27:55,908 - __main__ - INFO - 🎯 Engagement target strategy: 3 candidates
2026-04-11 22:27:56 +00:00: 2026-04-11 22:27:56,519 - __main__ - INFO - 📡 GraphQL timeline @rainCS: 0 tweets, status=200
2026-04-11 22:27:59 +00:00: 2026-04-11 22:27:59,071 - __main__ - INFO - 📡 GraphQL timeline @FACEIT: 0 tweets, status=200
2026-04-11 22:28:01 +00:00: 2026-04-11 22:28:01,557 - __main__ - INFO - 📡 GraphQL timeline @OGesports: 20 tweets, status=200
2026-04-11 22:28:01 +00:00: 2026-04-11 22:28:01,558 - __main__ - INFO - 🌐 @OGesports: 20 tweets via timeline scrape
2026-04-11 22:28:04 +00:00: 2026-04-11 22:28:04,337 - __main__ - INFO - ✅ Like cycle complete — liked 0 tweets (9/200 today)
2026-04-11 23:13:04 +00:00: 2026-04-11 23:13:04,408 - utils.db_utils - WARNING - ⚠️  DB connection stale — reconnecting…
2026-04-11 23:13:05 +00:00: 2026-04-11 23:13:05,456 - utils.db_utils - INFO - ✅ Reconnected to PostgreSQL
2026-04-11 23:13:05 +00:00: 2026-04-11 23:13:05,777 - __main__ - INFO - 💫 Like cycle starting — 9/200 today, budget: 40
2026-04-11 23:13:06 +00:00: 2026-04-11 23:13:06,741 - __main__ - INFO - 📬 Found 10 of our tweets to check for replies
2026-04-11 23:13:06 +00:00: 2026-04-11 23:13:06,934 - __main__ - INFO - 🔑 Guest token refreshed
2026-04-11 23:13:07 +00:00: 2026-04-11 23:13:07,065 - __main__ - INFO - Search unexpected status: 404
2026-04-11 23:13:08 +00:00: 2026-04-11 23:13:08,180 - __main__ - INFO - Search unexpected status: 404
2026-04-11 23:13:09 +00:00: 2026-04-11 23:13:09,295 - __main__ - INFO - Search unexpected status: 404
2026-04-11 23:13:10 +00:00: 2026-04-11 23:13:10,296 - __main__ - INFO - 📬 Reply strategy: 0 candidates
2026-04-11 23:13:11 +00:00: 2026-04-11 23:13:11,744 - __main__ - INFO - 📊 VIP DB: 0 candidates from events
2026-04-11 23:13:11 +00:00: 2026-04-11 23:13:11,744 - __main__ - INFO - 📡 VIP GraphQL fallback triggered — 0 DB candidates < 10
2026-04-11 23:13:12 +00:00: 2026-04-11 23:13:12,416 - __main__ - INFO - 📡 GraphQL timeline @EsportsInsider: 20 tweets, status=200
2026-04-11 23:13:12 +00:00: 2026-04-11 23:13:12,416 - __main__ - INFO - 📡 @EsportsInsider: 20 tweets via GraphQL
2026-04-11 23:13:14 +00:00: 2026-04-11 23:13:14,937 - __main__ - INFO - 📡 GraphQL timeline @Slasher: 20 tweets, status=200
2026-04-11 23:13:14 +00:00: 2026-04-11 23:13:14,938 - __main__ - INFO - 📡 @Slasher: 20 tweets via GraphQL
2026-04-11 23:13:17 +00:00: 2026-04-11 23:13:17,429 - __main__ - INFO - 📡 GraphQL timeline @BlastPremier: 8 tweets, status=200
2026-04-11 23:13:17 +00:00: 2026-04-11 23:13:17,430 - __main__ - INFO - 📡 @BlastPremier: 8 tweets via GraphQL
2026-04-11 23:13:19 +00:00: 2026-04-11 23:13:19,562 - __main__ - INFO - 📡 GraphQL timeline @ABORCS: 0 tweets, status=200
2026-04-11 23:13:22 +00:00: 2026-04-11 23:13:22,090 - __main__ - INFO - 📡 GraphQL timeline @CounterStrike: 20 tweets, status=200
2026-04-11 23:13:22 +00:00: 2026-04-11 23:13:22,091 - __main__ - INFO - 📡 @CounterStrike: 20 tweets via GraphQL
2026-04-11 23:13:24 +00:00: 2026-04-11 23:13:24,256 - __main__ - INFO - 📡 GraphQL timeline @hltv: 0 tweets, status=200
2026-04-11 23:13:26 +00:00: 2026-04-11 23:13:26,258 - __main__ - INFO - 📊 VIP strategy: 20 total candidates
2026-04-11 23:13:30 +00:00: 2026-04-11 23:13:30,431 - __main__ - INFO - 🎯 Engagement target strategy: 3 candidates
2026-04-11 23:13:31 +00:00: 2026-04-11 23:13:31,388 - __main__ - INFO - 📡 GraphQL timeline @ESLCS: 20 tweets, status=200
2026-04-11 23:13:31 +00:00: 2026-04-11 23:13:31,388 - __main__ - INFO - 🌐 @ESLCS: 20 tweets via timeline scrape
2026-04-11 23:13:33 +00:00: 2026-04-11 23:13:33,521 - __main__ - INFO - 📡 GraphQL timeline @Brehze: 0 tweets, status=200
2026-04-11 23:13:36 +00:00: 2026-04-11 23:13:36,135 - __main__ - INFO - 📡 GraphQL timeline @EliGE: 20 tweets, status=200
2026-04-11 23:13:36 +00:00: 2026-04-11 23:13:36,135 - __main__ - INFO - 🌐 @EliGE: 20 tweets via timeline scrape
2026-04-11 23:13:39 +00:00: 2026-04-11 23:13:39,748 - __main__ - INFO - ✅ Like cycle complete — liked 0 tweets (9/200 today)
2026-04-11 23:58:39 +00:00: 2026-04-11 23:58:39,813 - utils.db_utils - WARNING - ⚠️  DB connection stale — reconnecting…
2026-04-11 23:58:40 +00:00: 2026-04-11 23:58:40,770 - utils.db_utils - INFO - ✅ Reconnected to PostgreSQL
2026-04-11 23:58:41 +00:00: 2026-04-11 23:58:41,084 - __main__ - INFO - 💫 Like cycle starting — 9/200 today, budget: 40
2026-04-11 23:58:42 +00:00: 2026-04-11 23:58:42,023 - __main__ - INFO - 📬 Found 10 of our tweets to check for replies
2026-04-11 23:58:42 +00:00: 2026-04-11 23:58:42,182 - __main__ - INFO - Search unexpected status: 404
2026-04-11 23:58:43 +00:00: 2026-04-11 23:58:43,308 - __main__ - INFO - Search unexpected status: 404
2026-04-11 23:58:44 +00:00: 2026-04-11 23:58:44,437 - __main__ - INFO - Search unexpected status: 404
2026-04-11 23:58:45 +00:00: 2026-04-11 23:58:45,438 - __main__ - INFO - 📬 Reply strategy: 0 candidates
2026-04-11 23:58:46 +00:00: 2026-04-11 23:58:46,846 - __main__ - INFO - 📊 VIP DB: 0 candidates from events
2026-04-11 23:58:46 +00:00: 2026-04-11 23:58:46,846 - __main__ - INFO - 📡 VIP GraphQL fallback triggered — 0 DB candidates < 10
2026-04-11 23:58:47 +00:00: 2026-04-11 23:58:47,784 - __main__ - INFO - 📡 GraphQL timeline @CounterStrike: 20 tweets, status=200
2026-04-11 23:58:47 +00:00: 2026-04-11 23:58:47,785 - __main__ - INFO - 📡 @CounterStrike: 20 tweets via GraphQL
2026-04-11 23:58:49 +00:00: 2026-04-11 23:58:49,950 - __main__ - INFO - 📡 GraphQL timeline @hltv: 0 tweets, status=200
2026-04-11 23:58:52 +00:00: 2026-04-11 23:58:52,821 - __main__ - INFO - 📡 GraphQL timeline @RazedEsport: 20 tweets, status=200
2026-04-11 23:58:52 +00:00: 2026-04-11 23:58:52,822 - __main__ - INFO - 📡 @RazedEsport: 20 tweets via GraphQL
2026-04-11 23:58:55 +00:00: 2026-04-11 23:58:55,393 - __main__ - INFO - 📡 GraphQL timeline @BlastPremier: 8 tweets, status=200
2026-04-11 23:58:55 +00:00: 2026-04-11 23:58:55,394 - __main__ - INFO - 📡 @BlastPremier: 8 tweets via GraphQL
2026-04-11 23:58:58 +00:00: 2026-04-11 23:58:58,171 - __main__ - INFO - 📡 GraphQL timeline @EsportsInsider: 20 tweets, status=200
2026-04-11 23:58:58 +00:00: 2026-04-11 23:58:58,171 - __main__ - INFO - 📡 @EsportsInsider: 20 tweets via GraphQL
2026-04-11 23:59:00 +00:00: 2026-04-11 23:59:00,783 - __main__ - INFO - 📡 GraphQL timeline @Slasher: 20 tweets, status=200
2026-04-11 23:59:00 +00:00: 2026-04-11 23:59:00,784 - __main__ - INFO - 📡 @Slasher: 20 tweets via GraphQL
2026-04-11 23:59:02 +00:00: 2026-04-11 23:59:02,786 - __main__ - INFO - 📊 VIP strategy: 25 total candidates
2026-04-11 23:59:07 +00:00: 2026-04-11 23:59:07,634 - __main__ - INFO - 🎯 Engagement target strategy: 3 candidates
2026-04-11 23:59:08 +00:00: 2026-04-11 23:59:08,264 - __main__ - INFO - 📡 GraphQL timeline @rainCS: 0 tweets, status=200
2026-04-11 23:59:10 +00:00: 2026-04-11 23:59:10,911 - __main__ - INFO - 📡 GraphQL timeline @FACEIT: 0 tweets, status=200
2026-04-11 23:59:13 +00:00: 2026-04-11 23:59:13,056 - __main__ - INFO - 📡 GraphQL timeline @Brehze: 0 tweets, status=200
2026-04-11 23:59:15 +00:00: 2026-04-11 23:59:15,059 - __main__ - INFO - ✅ Like cycle complete — liked 0 tweets (9/200 today)
2026-04-12 00:44:15 +00:00: 2026-04-12 00:44:15,128 - utils.db_utils - WARNING - ⚠️  DB connection stale — reconnecting…
2026-04-12 00:44:16 +00:00: 2026-04-12 00:44:16,080 - utils.db_utils - INFO - ✅ Reconnected to PostgreSQL
2026-04-12 00:44:16 +00:00: 2026-04-12 00:44:16,391 - __main__ - INFO - 💫 Like cycle starting — 0/200 today, budget: 40
2026-04-12 00:44:17 +00:00: 2026-04-12 00:44:17,319 - __main__ - INFO - 📬 Found 10 of our tweets to check for replies
2026-04-12 00:44:17 +00:00: 2026-04-12 00:44:17,483 - __main__ - INFO - Search unexpected status: 404
2026-04-12 00:44:18 +00:00: 2026-04-12 00:44:18,613 - __main__ - INFO - Search unexpected status: 404
2026-04-12 00:44:19 +00:00: 2026-04-12 00:44:19,742 - __main__ - INFO - Search unexpected status: 404
2026-04-12 00:44:20 +00:00: 2026-04-12 00:44:20,743 - __main__ - INFO - 📬 Reply strategy: 0 candidates
2026-04-12 00:44:22 +00:00: 2026-04-12 00:44:22,141 - __main__ - INFO - 📊 VIP DB: 0 candidates from events
2026-04-12 00:44:22 +00:00: 2026-04-12 00:44:22,141 - __main__ - INFO - 📡 VIP GraphQL fallback triggered — 0 DB candidates < 10
2026-04-12 00:44:22 +00:00: 2026-04-12 00:44:22,967 - __main__ - INFO - 📡 GraphQL timeline @EsportsInsider: 20 tweets, status=200
2026-04-12 00:44:22 +00:00: 2026-04-12 00:44:22,967 - __main__ - INFO - 📡 @EsportsInsider: 20 tweets via GraphQL
2026-04-12 00:44:25 +00:00: 2026-04-12 00:44:25,133 - __main__ - INFO - 📡 GraphQL timeline @hltv: 0 tweets, status=200
2026-04-12 00:44:27 +00:00: 2026-04-12 00:44:27,858 - __main__ - INFO - 📡 GraphQL timeline @Slasher: 20 tweets, status=200
2026-04-12 00:44:27 +00:00: 2026-04-12 00:44:27,859 - __main__ - INFO - 📡 @Slasher: 20 tweets via GraphQL
2026-04-12 00:44:30 +00:00: 2026-04-12 00:44:30,007 - __main__ - INFO - 📡 GraphQL timeline @ABORCS: 0 tweets, status=200
2026-04-12 00:44:32 +00:00: 2026-04-12 00:44:32,796 - __main__ - INFO - 📡 GraphQL timeline @Dust2us: 20 tweets, status=200
2026-04-12 00:44:32 +00:00: 2026-04-12 00:44:32,797 - __main__ - INFO - 📡 @Dust2us: 20 tweets via GraphQL
2026-04-12 00:44:35 +00:00: 2026-04-12 00:44:35,396 - __main__ - INFO - 📡 GraphQL timeline @BlastPremier: 8 tweets, status=200
2026-04-12 00:44:35 +00:00: 2026-04-12 00:44:35,396 - __main__ - INFO - 📡 @BlastPremier: 8 tweets via GraphQL
2026-04-12 00:44:37 +00:00: 2026-04-12 00:44:37,399 - __main__ - INFO - 📊 VIP strategy: 20 total candidates
2026-04-12 00:44:41 +00:00: 2026-04-12 00:44:41,429 - __main__ - INFO - 🎯 Engagement target strategy: 3 candidates
2026-04-12 00:44:42 +00:00: 2026-04-12 00:44:42,580 - __main__ - INFO - 📡 GraphQL timeline @nilocsgo: 20 tweets, status=200
2026-04-12 00:44:42 +00:00: 2026-04-12 00:44:42,581 - __main__ - INFO - 🌐 @nilocsgo: 20 tweets via timeline scrape
2026-04-12 00:44:45 +00:00: 2026-04-12 00:44:45,261 - __main__ - INFO - 📡 GraphQL timeline @ESLCS: 20 tweets, status=200
2026-04-12 00:44:45 +00:00: 2026-04-12 00:44:45,262 - __main__ - INFO - 🌐 @ESLCS: 20 tweets via timeline scrape
2026-04-12 00:44:47 +00:00: 2026-04-12 00:44:47,404 - __main__ - INFO - Could not resolve @gaborcsgo: 200
2026-04-12 00:44:50 +00:00: 2026-04-12 00:44:50,952 - __main__ - INFO - ✅ Like cycle complete — liked 0 tweets (0/200 today)
2026-04-12 02:14:51 +00:00: 2026-04-12 02:14:51,042 - utils.db_utils - WARNING - ⚠️  DB connection stale — reconnecting…
2026-04-12 02:14:52 +00:00: 2026-04-12 02:14:52,052 - utils.db_utils - INFO - ✅ Reconnected to PostgreSQL
2026-04-12 02:14:52 +00:00: 2026-04-12 02:14:52,385 - __main__ - INFO - 💫 Like cycle starting — 0/200 today, budget: 40
2026-04-12 02:14:53 +00:00: 2026-04-12 02:14:53,382 - __main__ - INFO - 📬 Found 10 of our tweets to check for replies
2026-04-12 02:14:53 +00:00: 2026-04-12 02:14:53,577 - __main__ - INFO - 🔑 Guest token refreshed
2026-04-12 02:14:53 +00:00: 2026-04-12 02:14:53,718 - __main__ - INFO - Search unexpected status: 404
2026-04-12 02:14:54 +00:00: 2026-04-12 02:14:54,838 - __main__ - INFO - Search unexpected status: 404
2026-04-12 02:14:55 +00:00: 2026-04-12 02:14:55,955 - __main__ - INFO - Search unexpected status: 404
2026-04-12 02:14:56 +00:00: 2026-04-12 02:14:56,956 - __main__ - INFO - 📬 Reply strategy: 0 candidates
2026-04-12 02:14:58 +00:00: 2026-04-12 02:14:58,451 - __main__ - INFO - 📊 VIP DB: 0 candidates from events
2026-04-12 02:14:58 +00:00: 2026-04-12 02:14:58,451 - __main__ - INFO - 📡 VIP GraphQL fallback triggered — 0 DB candidates < 10
2026-04-12 02:14:59 +00:00: 2026-04-12 02:14:59,353 - __main__ - INFO - 📡 GraphQL timeline @CounterStrike: 20 tweets, status=200
2026-04-12 02:14:59 +00:00: 2026-04-12 02:14:59,353 - __main__ - INFO - 📡 @CounterStrike: 20 tweets via GraphQL
2026-04-12 02:15:02 +00:00: 2026-04-12 02:15:02,218 - __main__ - INFO - 📡 GraphQL timeline @RazedEsport: 20 tweets, status=200
2026-04-12 02:15:02 +00:00: 2026-04-12 02:15:02,219 - __main__ - INFO - 📡 @RazedEsport: 20 tweets via GraphQL
2026-04-12 02:15:05 +00:00: 2026-04-12 02:15:05,029 - __main__ - INFO - 📡 GraphQL timeline @Dust2us: 20 tweets, status=200
2026-04-12 02:15:05 +00:00: 2026-04-12 02:15:05,029 - __main__ - INFO - 📡 @Dust2us: 20 tweets via GraphQL
2026-04-12 02:15:07 +00:00: 2026-04-12 02:15:07,958 - __main__ - INFO - 📡 GraphQL timeline @EsportsInsider: 20 tweets, status=200
2026-04-12 02:15:07 +00:00: 2026-04-12 02:15:07,959 - __main__ - INFO - 📡 @EsportsInsider: 20 tweets via GraphQL
2026-04-12 02:15:10 +00:00: 2026-04-12 02:15:10,115 - __main__ - INFO - 📡 GraphQL timeline @hltv: 0 tweets, status=200
2026-04-12 02:15:12 +00:00: 2026-04-12 02:15:12,822 - __main__ - INFO - 📡 GraphQL timeline @Slasher: 20 tweets, status=200
2026-04-12 02:15:12 +00:00: 2026-04-12 02:15:12,822 - __main__ - INFO - 📡 @Slasher: 20 tweets via GraphQL
2026-04-12 02:15:14 +00:00: 2026-04-12 02:15:14,824 - __main__ - INFO - 📊 VIP strategy: 25 total candidates
2026-04-12 02:15:19 +00:00: 2026-04-12 02:15:19,977 - __main__ - INFO - 🎯 Engagement target strategy: 3 candidates
2026-04-12 02:15:20 +00:00: 2026-04-12 02:15:20,610 - __main__ - INFO - 📡 GraphQL timeline @Brehze: 0 tweets, status=200
2026-04-12 02:15:22 +00:00: 2026-04-12 02:15:22,757 - __main__ - INFO - 📡 GraphQL timeline @PGL_Esports: 0 tweets, status=200
2026-04-12 02:15:25 +00:00: 2026-04-12 02:15:25,281 - __main__ - INFO - 📡 GraphQL timeline @Cloud9: 12 tweets, status=200
2026-04-12 02:15:25 +00:00: 2026-04-12 02:15:25,282 - __main__ - INFO - 🌐 @Cloud9: 12 tweets via timeline scrape
2026-04-12 02:15:28 +00:00: 2026-04-12 02:15:28,121 - __main__ - INFO - ✅ Like cycle complete — liked 0 tweets (0/200 today)
2026-04-12 03:45:28 +00:00: 2026-04-12 03:45:28,164 - utils.db_utils - WARNING - ⚠️  DB connection stale — reconnecting…
2026-04-12 03:45:29 +00:00: 2026-04-12 03:45:29,169 - utils.db_utils - INFO - ✅ Reconnected to PostgreSQL
2026-04-12 03:45:29 +00:00: 2026-04-12 03:45:29,489 - __main__ - INFO - 💫 Like cycle starting — 0/200 today, budget: 40
2026-04-12 03:45:30 +00:00: 2026-04-12 03:45:30,447 - __main__ - INFO - 📬 Found 10 of our tweets to check for replies
2026-04-12 03:45:30 +00:00: 2026-04-12 03:45:30,606 - __main__ - INFO - Search 403 — resetting guest token
2026-04-12 03:45:31 +00:00: 2026-04-12 03:45:31,797 - __main__ - INFO - 🔑 Guest token refreshed
2026-04-12 03:45:31 +00:00: 2026-04-12 03:45:31,924 - __main__ - INFO - Search error: Input is a zero-length, empty document: line 1 column 1 (char 0)
2026-04-12 03:45:33 +00:00: 2026-04-12 03:45:33,049 - __main__ - INFO - Search unexpected status: 404
2026-04-12 03:45:34 +00:00: 2026-04-12 03:45:34,050 - __main__ - INFO - 📬 Reply strategy: 0 candidates
2026-04-12 03:45:35 +00:00: 2026-04-12 03:45:35,488 - __main__ - INFO - 📊 VIP DB: 0 candidates from events
2026-04-12 03:45:35 +00:00: 2026-04-12 03:45:35,489 - __main__ - INFO - 📡 VIP GraphQL fallback triggered — 0 DB candidates < 10
2026-04-12 03:45:36 +00:00: 2026-04-12 03:45:36,386 - __main__ - INFO - 📡 GraphQL timeline @EsportsInsider: 20 tweets, status=200
2026-04-12 03:45:36 +00:00: 2026-04-12 03:45:36,386 - __main__ - INFO - 📡 @EsportsInsider: 20 tweets via GraphQL
2026-04-12 03:45:39 +00:00: 2026-04-12 03:45:39,006 - __main__ - INFO - 📡 GraphQL timeline @BlastPremier: 8 tweets, status=200
2026-04-12 03:45:39 +00:00: 2026-04-12 03:45:39,006 - __main__ - INFO - 📡 @BlastPremier: 8 tweets via GraphQL
2026-04-12 03:45:41 +00:00: 2026-04-12 03:45:41,144 - __main__ - INFO - Could not resolve @RichardLewisTV: 200
2026-04-12 03:45:43 +00:00: 2026-04-12 03:45:43,319 - __main__ - INFO - 📡 GraphQL timeline @hltv: 0 tweets, status=200
2026-04-12 03:45:46 +00:00: 2026-04-12 03:45:46,024 - __main__ - INFO - 📡 GraphQL timeline @CounterStrike: 20 tweets, status=200
2026-04-12 03:45:46 +00:00: 2026-04-12 03:45:46,025 - __main__ - INFO - 📡 @CounterStrike: 20 tweets via GraphQL
2026-04-12 03:45:49 +00:00: 2026-04-12 03:45:49,067 - __main__ - INFO - 📡 GraphQL timeline @Dust2us: 20 tweets, status=200
2026-04-12 03:45:49 +00:00: 2026-04-12 03:45:49,067 - __main__ - INFO - 📡 @Dust2us: 20 tweets via GraphQL
2026-04-12 03:45:51 +00:00: 2026-04-12 03:45:51,069 - __main__ - INFO - 📊 VIP strategy: 20 total candidates
2026-04-12 03:45:55 +00:00: 2026-04-12 03:45:55,223 - __main__ - INFO - 🎯 Engagement target strategy: 3 candidates
2026-04-12 03:45:56 +00:00: 2026-04-12 03:45:56,460 - __main__ - INFO - 📡 GraphQL timeline @nilocsgo: 20 tweets, status=200
2026-04-12 03:45:56 +00:00: 2026-04-12 03:45:56,461 - __main__ - INFO - 🌐 @nilocsgo: 20 tweets via timeline scrape
2026-04-12 03:45:59 +00:00: 2026-04-12 03:45:59,223 - __main__ - INFO - 📡 GraphQL timeline @OGesports: 20 tweets, status=200
2026-04-12 03:45:59 +00:00: 2026-04-12 03:45:59,224 - __main__ - INFO - 🌐 @OGesports: 20 tweets via timeline scrape
2026-04-12 03:46:01 +00:00: 2026-04-12 03:46:01,369 - __main__ - INFO - 📡 GraphQL timeline @Brehze: 0 tweets, status=200
2026-04-12 03:46:04 +00:00: 2026-04-12 03:46:04,969 - __main__ - INFO - ✅ Like cycle complete — liked 0 tweets (0/200 today)
2026-04-12 05:16:05 +00:00: 2026-04-12 05:16:05,070 - utils.db_utils - WARNING - ⚠️  DB connection stale — reconnecting…
2026-04-12 05:16:06 +00:00: 2026-04-12 05:16:06,076 - utils.db_utils - INFO - ✅ Reconnected to PostgreSQL
2026-04-12 05:16:06 +00:00: 2026-04-12 05:16:06,387 - __main__ - INFO - 💫 Like cycle starting — 0/200 today, budget: 40
2026-04-12 05:16:07 +00:00: 2026-04-12 05:16:07,317 - __main__ - INFO - 📬 Found 10 of our tweets to check for replies
2026-04-12 05:16:07 +00:00: 2026-04-12 05:16:07,456 - __main__ - INFO - Search 403 — resetting guest token
2026-04-12 05:16:08 +00:00: 2026-04-12 05:16:08,617 - __main__ - INFO - 🔑 Guest token refreshed
2026-04-12 05:16:08 +00:00: 2026-04-12 05:16:08,733 - __main__ - INFO - Search unexpected status: 404
2026-04-12 05:16:09 +00:00: 2026-04-12 05:16:09,851 - __main__ - INFO - Search unexpected status: 404
2026-04-12 05:16:10 +00:00: 2026-04-12 05:16:10,852 - __main__ - INFO - 📬 Reply strategy: 0 candidates
2026-04-12 05:16:12 +00:00: 2026-04-12 05:16:12,248 - __main__ - INFO - 📊 VIP DB: 0 candidates from events
2026-04-12 05:16:12 +00:00: 2026-04-12 05:16:12,249 - __main__ - INFO - 📡 VIP GraphQL fallback triggered — 0 DB candidates < 10
2026-04-12 05:16:12 +00:00: 2026-04-12 05:16:12,532 - __main__ - INFO - Could not resolve @RichardLewisTV: 200
2026-04-12 05:16:15 +00:00: 2026-04-12 05:16:15,297 - __main__ - INFO - 📡 GraphQL timeline @Dust2us: 20 tweets, status=200
2026-04-12 05:16:15 +00:00: 2026-04-12 05:16:15,297 - __main__ - INFO - 📡 @Dust2us: 20 tweets via GraphQL
2026-04-12 05:16:18 +00:00: 2026-04-12 05:16:18,085 - __main__ - INFO - 📡 GraphQL timeline @Slasher: 20 tweets, status=200
2026-04-12 05:16:18 +00:00: 2026-04-12 05:16:18,085 - __main__ - INFO - 📡 @Slasher: 20 tweets via GraphQL
2026-04-12 05:16:20 +00:00: 2026-04-12 05:16:20,652 - __main__ - INFO - 📡 GraphQL timeline @BlastPremier: 8 tweets, status=200
2026-04-12 05:16:20 +00:00: 2026-04-12 05:16:20,653 - __main__ - INFO - 📡 @BlastPremier: 8 tweets via GraphQL
2026-04-12 05:16:23 +00:00: 2026-04-12 05:16:23,370 - __main__ - INFO - 📡 GraphQL timeline @CounterStrike: 20 tweets, status=200
2026-04-12 05:16:23 +00:00: 2026-04-12 05:16:23,370 - __main__ - INFO - 📡 @CounterStrike: 20 tweets via GraphQL
2026-04-12 05:16:26 +00:00: 2026-04-12 05:16:26,162 - __main__ - INFO - 📡 GraphQL timeline @RazedEsport: 20 tweets, status=200
2026-04-12 05:16:26 +00:00: 2026-04-12 05:16:26,163 - __main__ - INFO - 📡 @RazedEsport: 20 tweets via GraphQL
2026-04-12 05:16:28 +00:00: 2026-04-12 05:16:28,165 - __main__ - INFO - 📊 VIP strategy: 25 total candidates
2026-04-12 05:16:32 +00:00: 2026-04-12 05:16:32,893 - __main__ - INFO - 🎯 Engagement target strategy: 3 candidates
2026-04-12 05:16:33 +00:00: 2026-04-12 05:16:33,985 - __main__ - INFO - 📡 GraphQL timeline @TeamLiquidCS: 20 tweets, status=200
2026-04-12 05:16:33 +00:00: 2026-04-12 05:16:33,986 - __main__ - INFO - 🌐 @TeamLiquidCS: 20 tweets via timeline scrape
2026-04-12 05:16:36 +00:00: 2026-04-12 05:16:36,595 - __main__ - INFO - 📡 GraphQL timeline @Complexity: 11 tweets, status=200
2026-04-12 05:16:36 +00:00: 2026-04-12 05:16:36,596 - __main__ - INFO - 🌐 @Complexity: 11 tweets via timeline scrape
2026-04-12 05:16:39 +00:00: 2026-04-12 05:16:39,261 - __main__ - INFO - 📡 GraphQL timeline @ESLCS: 20 tweets, status=200
2026-04-12 05:16:39 +00:00: 2026-04-12 05:16:39,261 - __main__ - INFO - 🌐 @ESLCS: 20 tweets via timeline scrape
2026-04-12 05:16:43 +00:00: 2026-04-12 05:16:43,576 - __main__ - INFO - ✅ Like cycle complete — liked 0 tweets (0/200 today)
2026-04-12 06:46:43 +00:00: 2026-04-12 06:46:43,649 - utils.db_utils - WARNING - ⚠️  DB connection stale — reconnecting…
2026-04-12 06:46:44 +00:00: 2026-04-12 06:46:44,628 - utils.db_utils - INFO - ✅ Reconnected to PostgreSQL
2026-04-12 06:46:44 +00:00: 2026-04-12 06:46:44,950 - __main__ - INFO - 💫 Like cycle starting — 0/200 today, budget: 40
2026-04-12 06:46:45 +00:00: 2026-04-12 06:46:45,914 - __main__ - INFO - 📬 Found 10 of our tweets to check for replies
2026-04-12 06:46:46 +00:00: 2026-04-12 06:46:46,057 - __main__ - INFO - Search 403 — resetting guest token
2026-04-12 06:46:47 +00:00: 2026-04-12 06:46:47,236 - __main__ - INFO - 🔑 Guest token refreshed
2026-04-12 06:46:47 +00:00: 2026-04-12 06:46:47,351 - __main__ - INFO - Search unexpected status: 404
2026-04-12 06:46:48 +00:00: 2026-04-12 06:46:48,469 - __main__ - INFO - Search unexpected status: 404
2026-04-12 06:46:49 +00:00: 2026-04-12 06:46:49,470 - __main__ - INFO - 📬 Reply strategy: 0 candidates
2026-04-12 06:46:50 +00:00: 2026-04-12 06:46:50,914 - __main__ - INFO - 📊 VIP DB: 0 candidates from events
2026-04-12 06:46:50 +00:00: 2026-04-12 06:46:50,914 - __main__ - INFO - 📡 VIP GraphQL fallback triggered — 0 DB candidates < 10
2026-04-12 06:46:51 +00:00: 2026-04-12 06:46:51,234 - __main__ - INFO - 📡 GraphQL timeline @hltv: 0 tweets, status=200
2026-04-12 06:46:54 +00:00: 2026-04-12 06:46:54,032 - __main__ - INFO - 📡 GraphQL timeline @EsportsInsider: 20 tweets, status=200
2026-04-12 06:46:54 +00:00: 2026-04-12 06:46:54,033 - __main__ - INFO - 📡 @EsportsInsider: 20 tweets via GraphQL
2026-04-12 06:46:56 +00:00: 2026-04-12 06:46:56,704 - __main__ - INFO - 📡 GraphQL timeline @BlastPremier: 8 tweets, status=200
2026-04-12 06:46:56 +00:00: 2026-04-12 06:46:56,705 - __main__ - INFO - 📡 @BlastPremier: 8 tweets via GraphQL
2026-04-12 06:46:59 +00:00: 2026-04-12 06:46:59,541 - __main__ - INFO - 📡 GraphQL timeline @RazedEsport: 20 tweets, status=200
2026-04-12 06:46:59 +00:00: 2026-04-12 06:46:59,541 - __main__ - INFO - 📡 @RazedEsport: 20 tweets via GraphQL
2026-04-12 06:47:02 +00:00: 2026-04-12 06:47:02,274 - __main__ - INFO - 📡 GraphQL timeline @CounterStrike: 20 tweets, status=200
2026-04-12 06:47:02 +00:00: 2026-04-12 06:47:02,274 - __main__ - INFO - 📡 @CounterStrike: 20 tweets via GraphQL
2026-04-12 06:47:05 +00:00: 2026-04-12 06:47:05,070 - __main__ - INFO - 📡 GraphQL timeline @Dust2us: 20 tweets, status=200
2026-04-12 06:47:05 +00:00: 2026-04-12 06:47:05,071 - __main__ - INFO - 📡 @Dust2us: 20 tweets via GraphQL
2026-04-12 06:47:07 +00:00: 2026-04-12 06:47:07,073 - __main__ - INFO - 📊 VIP strategy: 25 total candidates
2026-04-12 06:47:12 +00:00: 2026-04-12 06:47:12,050 - __main__ - INFO - 🎯 Engagement target strategy: 3 candidates
2026-04-12 06:47:13 +00:00: 2026-04-12 06:47:13,286 - __main__ - INFO - 📡 GraphQL timeline @EliGE: 20 tweets, status=200
2026-04-12 06:47:13 +00:00: 2026-04-12 06:47:13,286 - __main__ - INFO - 🌐 @EliGE: 20 tweets via timeline scrape
2026-04-12 06:47:15 +00:00: 2026-04-12 06:47:15,980 - __main__ - INFO - 📡 GraphQL timeline @TeamLiquidCS: 20 tweets, status=200
2026-04-12 06:47:15 +00:00: 2026-04-12 06:47:15,981 - __main__ - INFO - 🌐 @TeamLiquidCS: 20 tweets via timeline scrape
2026-04-12 06:47:18 +00:00: 2026-04-12 06:47:18,131 - __main__ - INFO - 📡 GraphQL timeline @rainCS: 0 tweets, status=200
2026-04-12 06:47:21 +00:00: 2026-04-12 06:47:21,737 - __main__ - INFO - ✅ Like cycle complete — liked 0 tweets (0/200 today)
2026-04-12 08:17:21 +00:00: 2026-04-12 08:17:21,840 - utils.db_utils - WARNING - ⚠️  DB connection stale — reconnecting…
2026-04-12 08:17:22 +00:00: 2026-04-12 08:17:22,853 - utils.db_utils - INFO - ✅ Reconnected to PostgreSQL
2026-04-12 08:17:23 +00:00: 2026-04-12 08:17:23,157 - __main__ - INFO - 💫 Like cycle starting — 0/200 today, budget: 40
2026-04-12 08:17:24 +00:00: 2026-04-12 08:17:24,071 - __main__ - INFO - 📬 Found 10 of our tweets to check for replies
2026-04-12 08:17:24 +00:00: 2026-04-12 08:17:24,230 - __main__ - INFO - Search 403 — resetting guest token
2026-04-12 08:17:25 +00:00: 2026-04-12 08:17:25,463 - __main__ - INFO - 🔑 Guest token refreshed
2026-04-12 08:17:25 +00:00: 2026-04-12 08:17:25,592 - __main__ - INFO - Search unexpected status: 404
2026-04-12 08:17:26 +00:00: 2026-04-12 08:17:26,717 - __main__ - INFO - Search unexpected status: 404
2026-04-12 08:17:27 +00:00: 2026-04-12 08:17:27,718 - __main__ - INFO - 📬 Reply strategy: 0 candidates
2026-04-12 08:17:29 +00:00: 2026-04-12 08:17:29,088 - __main__ - INFO - 📊 VIP DB: 0 candidates from events
2026-04-12 08:17:29 +00:00: 2026-04-12 08:17:29,088 - __main__ - INFO - 📡 VIP GraphQL fallback triggered — 0 DB candidates < 10
2026-04-12 08:17:29 +00:00: 2026-04-12 08:17:29,731 - __main__ - INFO - 📡 GraphQL timeline @BlastPremier: 8 tweets, status=200
2026-04-12 08:17:29 +00:00: 2026-04-12 08:17:29,731 - __main__ - INFO - 📡 @BlastPremier: 8 tweets via GraphQL
2026-04-12 08:17:32 +00:00: 2026-04-12 08:17:32,293 - __main__ - INFO - 📡 GraphQL timeline @LiquipediaCS: 20 tweets, status=200
2026-04-12 08:17:32 +00:00: 2026-04-12 08:17:32,293 - __main__ - INFO - 📡 @LiquipediaCS: 20 tweets via GraphQL
2026-04-12 08:17:34 +00:00: 2026-04-12 08:17:34,548 - __main__ - INFO - 📡 GraphQL timeline @hltv: 0 tweets, status=200
2026-04-12 08:17:37 +00:00: 2026-04-12 08:17:37,138 - __main__ - INFO - 📡 GraphQL timeline @CS2News_EN: 20 tweets, status=200
2026-04-12 08:17:37 +00:00: 2026-04-12 08:17:37,139 - __main__ - INFO - 📡 @CS2News_EN: 20 tweets via GraphQL
2026-04-12 08:17:39 +00:00: 2026-04-12 08:17:39,672 - __main__ - INFO - 📡 GraphQL timeline @Slasher: 20 tweets, status=200
2026-04-12 08:17:39 +00:00: 2026-04-12 08:17:39,672 - __main__ - INFO - 📡 @Slasher: 20 tweets via GraphQL
2026-04-12 08:17:42 +00:00: 2026-04-12 08:17:42,246 - __main__ - INFO - 📡 GraphQL timeline @CounterStrike: 20 tweets, status=200
2026-04-12 08:17:42 +00:00: 2026-04-12 08:17:42,246 - __main__ - INFO - 📡 @CounterStrike: 20 tweets via GraphQL
2026-04-12 08:17:44 +00:00: 2026-04-12 08:17:44,248 - __main__ - INFO - 📊 VIP strategy: 25 total candidates
2026-04-12 08:17:48 +00:00: 2026-04-12 08:17:48,963 - __main__ - INFO - 🎯 Engagement target strategy: 3 candidates
2026-04-12 08:17:49 +00:00: 2026-04-12 08:17:49,559 - __main__ - INFO - Could not resolve @LOABORVRE_CS2: 200
2026-04-12 08:17:51 +00:00: 2026-04-12 08:17:51,697 - __main__ - INFO - Could not resolve @gaborcsgo: 200
2026-04-12 08:17:53 +00:00: 2026-04-12 08:17:53,850 - __main__ - INFO - 📡 GraphQL timeline @rainCS: 0 tweets, status=200
2026-04-12 08:17:55 +00:00: 2026-04-12 08:17:55,852 - __main__ - INFO - ✅ Like cycle complete — liked 0 tweets (0/200 today)
2026-04-12 09:47:55 +00:00: 2026-04-12 09:47:55,931 - utils.db_utils - WARNING - ⚠️  DB connection stale — reconnecting…
2026-04-12 09:47:56 +00:00: 2026-04-12 09:47:56,928 - utils.db_utils - INFO - ✅ Reconnected to PostgreSQL
2026-04-12 09:47:57 +00:00: 2026-04-12 09:47:57,232 - __main__ - INFO - 💫 Like cycle starting — 0/200 today, budget: 40
2026-04-12 09:47:58 +00:00: 2026-04-12 09:47:58,141 - __main__ - INFO - 📬 Found 10 of our tweets to check for replies
2026-04-12 09:47:58 +00:00: 2026-04-12 09:47:58,288 - __main__ - INFO - Search 403 — resetting guest token
2026-04-12 09:47:59 +00:00: 2026-04-12 09:47:59,508 - __main__ - INFO - 🔑 Guest token refreshed
2026-04-12 09:47:59 +00:00: 2026-04-12 09:47:59,629 - __main__ - INFO - Search unexpected status: 404
2026-04-12 09:48:00 +00:00: 2026-04-12 09:48:00,757 - __main__ - INFO - Search unexpected status: 404
2026-04-12 09:48:01 +00:00: 2026-04-12 09:48:01,759 - __main__ - INFO - 📬 Reply strategy: 0 candidates
2026-04-12 09:48:03 +00:00: 2026-04-12 09:48:03,122 - __main__ - INFO - 📊 VIP DB: 0 candidates from events
2026-04-12 09:48:03 +00:00: 2026-04-12 09:48:03,123 - __main__ - INFO - 📡 VIP GraphQL fallback triggered — 0 DB candidates < 10
2026-04-12 09:48:03 +00:00: 2026-04-12 09:48:03,813 - __main__ - INFO - 📡 GraphQL timeline @BlastPremier: 8 tweets, status=200
2026-04-12 09:48:03 +00:00: 2026-04-12 09:48:03,813 - __main__ - INFO - 📡 @BlastPremier: 8 tweets via GraphQL
2026-04-12 09:48:05 +00:00: 2026-04-12 09:48:05,974 - __main__ - INFO - 📡 GraphQL timeline @hltv: 0 tweets, status=200
2026-04-12 09:48:08 +00:00: 2026-04-12 09:48:08,761 - __main__ - INFO - 📡 GraphQL timeline @EsportsInsider: 20 tweets, status=200
2026-04-12 09:48:08 +00:00: 2026-04-12 09:48:08,762 - __main__ - INFO - 📡 @EsportsInsider: 20 tweets via GraphQL
2026-04-12 09:48:11 +00:00: 2026-04-12 09:48:11,483 - __main__ - INFO - 📡 GraphQL timeline @Slasher: 20 tweets, status=200
2026-04-12 09:48:11 +00:00: 2026-04-12 09:48:11,483 - __main__ - INFO - 📡 @Slasher: 20 tweets via GraphQL
2026-04-12 09:48:13 +00:00: 2026-04-12 09:48:13,633 - __main__ - INFO - Could not resolve @DonHaci: 200
2026-04-12 09:48:15 +00:00: 2026-04-12 09:48:15,780 - __main__ - INFO - 📡 GraphQL timeline @Nors3: 0 tweets, status=200
2026-04-12 09:48:17 +00:00: 2026-04-12 09:48:17,782 - __main__ - INFO - 📊 VIP strategy: 15 total candidates
2026-04-12 09:48:20 +00:00: 2026-04-12 09:48:20,964 - __main__ - INFO - 🎯 Engagement target strategy: 3 candidates
2026-04-12 09:48:21 +00:00: 2026-04-12 09:48:21,565 - __main__ - INFO - 📡 GraphQL timeline @rainCS: 0 tweets, status=200
2026-04-12 09:48:23 +00:00: 2026-04-12 09:48:23,700 - __main__ - INFO - Could not resolve @LOABORVRE_CS2: 200
2026-04-12 09:48:26 +00:00: 2026-04-12 09:48:26,496 - __main__ - INFO - 📡 GraphQL timeline @EliGE: 20 tweets, status=200
2026-04-12 09:48:26 +00:00: 2026-04-12 09:48:26,497 - __main__ - INFO - 🌐 @EliGE: 20 tweets via timeline scrape
2026-04-12 09:48:29 +00:00: 2026-04-12 09:48:29,261 - __main__ - INFO - ✅ Like cycle complete — liked 0 tweets (0/200 today)
2026-04-12 11:18:29 +00:00: 2026-04-12 11:18:29,358 - utils.db_utils - WARNING - ⚠️  DB connection stale — reconnecting…
2026-04-12 11:18:30 +00:00: 2026-04-12 11:18:30,297 - utils.db_utils - INFO - ✅ Reconnected to PostgreSQL
2026-04-12 11:18:30 +00:00: 2026-04-12 11:18:30,606 - __main__ - INFO - 💫 Like cycle starting — 0/200 today, budget: 40
2026-04-12 11:18:31 +00:00: 2026-04-12 11:18:31,534 - __main__ - INFO - 📬 Found 10 of our tweets to check for replies
2026-04-12 11:18:31 +00:00: 2026-04-12 11:18:31,671 - __main__ - INFO - Search 403 — resetting guest token
2026-04-12 11:18:32 +00:00: 2026-04-12 11:18:32,875 - __main__ - INFO - 🔑 Guest token refreshed
2026-04-12 11:18:32 +00:00: 2026-04-12 11:18:32,996 - __main__ - INFO - Search unexpected status: 404
2026-04-12 11:18:34 +00:00: 2026-04-12 11:18:34,111 - __main__ - INFO - Search unexpected status: 404
2026-04-12 11:18:35 +00:00: 2026-04-12 11:18:35,113 - __main__ - INFO - 📬 Reply strategy: 0 candidates
2026-04-12 11:18:36 +00:00: 2026-04-12 11:18:36,501 - __main__ - INFO - 📊 VIP DB: 0 candidates from events
2026-04-12 11:18:36 +00:00: 2026-04-12 11:18:36,502 - __main__ - INFO - 📡 VIP GraphQL fallback triggered — 0 DB candidates < 10
2026-04-12 11:18:37 +00:00: 2026-04-12 11:18:37,235 - __main__ - INFO - 📡 GraphQL timeline @Slasher: 20 tweets, status=200
2026-04-12 11:18:37 +00:00: 2026-04-12 11:18:37,235 - __main__ - INFO - 📡 @Slasher: 20 tweets via GraphQL
2026-04-12 11:18:39 +00:00: 2026-04-12 11:18:39,778 - __main__ - INFO - 📡 GraphQL timeline @EsportsInsider: 20 tweets, status=200
2026-04-12 11:18:39 +00:00: 2026-04-12 11:18:39,778 - __main__ - INFO - 📡 @EsportsInsider: 20 tweets via GraphQL
2026-04-12 11:18:42 +00:00: 2026-04-12 11:18:42,319 - __main__ - INFO - 📡 GraphQL timeline @LiquipediaCS: 20 tweets, status=200
2026-04-12 11:18:42 +00:00: 2026-04-12 11:18:42,319 - __main__ - INFO - 📡 @LiquipediaCS: 20 tweets via GraphQL
2026-04-12 11:18:44 +00:00: 2026-04-12 11:18:44,466 - __main__ - INFO - 📡 GraphQL timeline @Nors3: 0 tweets, status=200
2026-04-12 11:18:46 +00:00: 2026-04-12 11:18:46,615 - __main__ - INFO - Could not resolve @DonHaci: 200
2026-04-12 11:18:48 +00:00: 2026-04-12 11:18:48,773 - __main__ - INFO - 📡 GraphQL timeline @hltv: 0 tweets, status=200
2026-04-12 11:18:50 +00:00: 2026-04-12 11:18:50,776 - __main__ - INFO - 📊 VIP strategy: 15 total candidates
2026-04-12 11:18:54 +00:00: 2026-04-12 11:18:54,025 - __main__ - INFO - 🎯 Engagement target strategy: 3 candidates
2026-04-12 11:18:54 +00:00: 2026-04-12 11:18:54,979 - __main__ - INFO - 📡 GraphQL timeline @OGesports: 20 tweets, status=200
2026-04-12 11:18:54 +00:00: 2026-04-12 11:18:54,980 - __main__ - INFO - 🌐 @OGesports: 20 tweets via timeline scrape
2026-04-12 11:18:57 +00:00: 2026-04-12 11:18:57,590 - __main__ - INFO - 📡 GraphQL timeline @FACEIT: 0 tweets, status=200
2026-04-12 11:19:00 +00:00: 2026-04-12 11:19:00,162 - __main__ - INFO - 📡 GraphQL timeline @nilocsgo: 20 tweets, status=200
2026-04-12 11:19:00 +00:00: 2026-04-12 11:19:00,162 - __main__ - INFO - 🌐 @nilocsgo: 20 tweets via timeline scrape
2026-04-12 11:19:03 +00:00: 2026-04-12 11:19:03,707 - __main__ - INFO - ✅ Like cycle complete — liked 0 tweets (0/200 today)
2026-04-12 12:49:03 +00:00: 2026-04-12 12:49:03,810 - utils.db_utils - WARNING - ⚠️  DB connection stale — reconnecting…
2026-04-12 12:49:04 +00:00: 2026-04-12 12:49:04,872 - utils.db_utils - INFO - ✅ Reconnected to PostgreSQL
2026-04-12 12:49:05 +00:00: 2026-04-12 12:49:05,209 - __main__ - INFO - 💫 Like cycle starting — 0/200 today, budget: 40
2026-04-12 12:49:06 +00:00: 2026-04-12 12:49:06,213 - __main__ - INFO - 📬 Found 10 of our tweets to check for replies
2026-04-12 12:49:06 +00:00: 2026-04-12 12:49:06,375 - __main__ - INFO - Search 403 — resetting guest token
2026-04-12 12:49:07 +00:00: 2026-04-12 12:49:07,572 - __main__ - INFO - 🔑 Guest token refreshed
2026-04-12 12:49:07 +00:00: 2026-04-12 12:49:07,698 - __main__ - INFO - Search unexpected status: 404
2026-04-12 12:49:08 +00:00: 2026-04-12 12:49:08,822 - __main__ - INFO - Search unexpected status: 404
2026-04-12 12:49:09 +00:00: 2026-04-12 12:49:09,824 - __main__ - INFO - 📬 Reply strategy: 0 candidates
2026-04-12 12:49:11 +00:00: 2026-04-12 12:49:11,343 - __main__ - INFO - 📊 VIP DB: 0 candidates from events
2026-04-12 12:49:11 +00:00: 2026-04-12 12:49:11,344 - __main__ - INFO - 📡 VIP GraphQL fallback triggered — 0 DB candidates < 10
2026-04-12 12:49:11 +00:00: 2026-04-12 12:49:11,674 - __main__ - INFO - 📡 GraphQL timeline @hltv: 0 tweets, status=200
2026-04-12 12:49:14 +00:00: 2026-04-12 12:49:14,212 - __main__ - INFO - 📡 GraphQL timeline @LiquipediaCS: 20 tweets, status=200
2026-04-12 12:49:14 +00:00: 2026-04-12 12:49:14,213 - __main__ - INFO - 📡 @LiquipediaCS: 20 tweets via GraphQL
2026-04-12 12:49:16 +00:00: 2026-04-12 12:49:16,813 - __main__ - INFO - 📡 GraphQL timeline @EsportsInsider: 20 tweets, status=200
2026-04-12 12:49:16 +00:00: 2026-04-12 12:49:16,813 - __main__ - INFO - 📡 @EsportsInsider: 20 tweets via GraphQL
2026-04-12 12:49:19 +00:00: 2026-04-12 12:49:19,414 - __main__ - INFO - 📡 GraphQL timeline @CounterStrike: 20 tweets, status=200
2026-04-12 12:49:19 +00:00: 2026-04-12 12:49:19,414 - __main__ - INFO - 📡 @CounterStrike: 20 tweets via GraphQL
2026-04-12 12:49:21 +00:00: 2026-04-12 12:49:21,612 - __main__ - INFO - 📡 GraphQL timeline @Nors3: 0 tweets, status=200
2026-04-12 12:49:23 +00:00: 2026-04-12 12:49:23,751 - __main__ - INFO - 📡 GraphQL timeline @ABORCS: 0 tweets, status=200
2026-04-12 12:49:25 +00:00: 2026-04-12 12:49:25,754 - __main__ - INFO - 📊 VIP strategy: 15 total candidates
2026-04-12 12:49:29 +00:00: 2026-04-12 12:49:29,263 - __main__ - INFO - 🎯 Engagement target strategy: 3 candidates
2026-04-12 12:49:30 +00:00: 2026-04-12 12:49:30,328 - __main__ - INFO - 📡 GraphQL timeline @Cloud9: 12 tweets, status=200
2026-04-12 12:49:30 +00:00: 2026-04-12 12:49:30,329 - __main__ - INFO - 🌐 @Cloud9: 12 tweets via timeline scrape
2026-04-12 12:49:32 +00:00: 2026-04-12 12:49:32,863 - __main__ - INFO - 📡 GraphQL timeline @EliGE: 20 tweets, status=200
2026-04-12 12:49:32 +00:00: 2026-04-12 12:49:32,864 - __main__ - INFO - 🌐 @EliGE: 20 tweets via timeline scrape
2026-04-12 12:49:35 +00:00: 2026-04-12 12:49:35,431 - __main__ - INFO - 📡 GraphQL timeline @TeamLiquidCS: 20 tweets, status=200
2026-04-12 12:49:35 +00:00: 2026-04-12 12:49:35,432 - __main__ - INFO - 🌐 @TeamLiquidCS: 20 tweets via timeline scrape
2026-04-12 12:49:39 +00:00: 2026-04-12 12:49:39,950 - __main__ - INFO - ✅ Like cycle complete — liked 0 tweets (0/200 today)
2026-04-12 14:19:40 +00:00: 2026-04-12 14:19:40,054 - utils.db_utils - WARNING - ⚠️  DB connection stale — reconnecting…
2026-04-12 14:19:40 +00:00: 2026-04-12 14:19:40,997 - utils.db_utils - INFO - ✅ Reconnected to PostgreSQL
2026-04-12 14:19:41 +00:00: 2026-04-12 14:19:41,304 - __main__ - INFO - 💫 Like cycle starting — 0/200 today, budget: 40
2026-04-12 14:19:42 +00:00: 2026-04-12 14:19:42,227 - __main__ - INFO - 📬 Found 10 of our tweets to check for replies
2026-04-12 14:19:42 +00:00: 2026-04-12 14:19:42,393 - __main__ - INFO - Search 403 — resetting guest token
2026-04-12 14:19:43 +00:00: 2026-04-12 14:19:43,598 - __main__ - INFO - 🔑 Guest token refreshed
2026-04-12 14:19:43 +00:00: 2026-04-12 14:19:43,723 - __main__ - INFO - Search unexpected status: 404
2026-04-12 14:19:44 +00:00: 2026-04-12 14:19:44,900 - __main__ - INFO - Search unexpected status: 404
2026-04-12 14:19:45 +00:00: 2026-04-12 14:19:45,902 - __main__ - INFO - 📬 Reply strategy: 0 candidates
2026-04-12 14:19:47 +00:00: 2026-04-12 14:19:47,285 - __main__ - INFO - 📊 VIP DB: 0 candidates from events
2026-04-12 14:19:47 +00:00: 2026-04-12 14:19:47,285 - __main__ - INFO - 📡 VIP GraphQL fallback triggered — 0 DB candidates < 10
2026-04-12 14:19:47 +00:00: 2026-04-12 14:19:47,691 - __main__ - INFO - 📡 GraphQL timeline @Nors3: 0 tweets, status=200
2026-04-12 14:19:50 +00:00: 2026-04-12 14:19:50,474 - __main__ - INFO - 📡 GraphQL timeline @CounterStrike: 20 tweets, status=200
2026-04-12 14:19:50 +00:00: 2026-04-12 14:19:50,474 - __main__ - INFO - 📡 @CounterStrike: 20 tweets via GraphQL
2026-04-12 14:19:53 +00:00: 2026-04-12 14:19:53,149 - __main__ - INFO - 📡 GraphQL timeline @Dust2us: 20 tweets, status=200
2026-04-12 14:19:53 +00:00: 2026-04-12 14:19:53,150 - __main__ - INFO - 📡 @Dust2us: 20 tweets via GraphQL
2026-04-12 14:19:55 +00:00: 2026-04-12 14:19:55,320 - __main__ - INFO - 📡 GraphQL timeline @ABORCS: 0 tweets, status=200
2026-04-12 14:19:57 +00:00: 2026-04-12 14:19:57,854 - __main__ - INFO - 📡 GraphQL timeline @Slasher: 20 tweets, status=200
2026-04-12 14:19:57 +00:00: 2026-04-12 14:19:57,854 - __main__ - INFO - 📡 @Slasher: 20 tweets via GraphQL
2026-04-12 14:20:00 +00:00: 2026-04-12 14:20:00,080 - __main__ - INFO - 📡 GraphQL timeline @hltv: 0 tweets, status=200
2026-04-12 14:20:02 +00:00: 2026-04-12 14:20:02,083 - __main__ - INFO - 📊 VIP strategy: 15 total candidates
2026-04-12 14:20:05 +00:00: 2026-04-12 14:20:05,336 - __main__ - INFO - 🎯 Engagement target strategy: 3 candidates
2026-04-12 14:20:06 +00:00: 2026-04-12 14:20:06,320 - __main__ - INFO - 📡 GraphQL timeline @OGesports: 20 tweets, status=200
2026-04-12 14:20:06 +00:00: 2026-04-12 14:20:06,321 - __main__ - INFO - 🌐 @OGesports: 20 tweets via timeline scrape
2026-04-12 14:20:08 +00:00: 2026-04-12 14:20:08,461 - __main__ - INFO - Could not resolve @LOABORVRE_CS2: 200
2026-04-12 14:20:10 +00:00: 2026-04-12 14:20:10,622 - __main__ - INFO - 📡 GraphQL timeline @rainCS: 0 tweets, status=200
2026-04-12 14:20:13 +00:00: 2026-04-12 14:20:13,395 - __main__ - INFO - ✅ Like cycle complete — liked 0 tweets (0/200 today)
2026-04-12 15:05:13 +00:00: 2026-04-12 15:05:13,499 - utils.db_utils - WARNING - ⚠️  DB connection stale — reconnecting…
2026-04-12 15:05:14 +00:00: 2026-04-12 15:05:14,629 - utils.db_utils - INFO - ✅ Reconnected to PostgreSQL
2026-04-12 15:05:15 +00:00: 2026-04-12 15:05:15,006 - __main__ - INFO - 💫 Like cycle starting — 0/200 today, budget: 40
2026-04-12 15:05:16 +00:00: 2026-04-12 15:05:16,122 - __main__ - INFO - 📬 Found 10 of our tweets to check for replies
2026-04-12 15:05:16 +00:00: 2026-04-12 15:05:16,292 - __main__ - INFO - Search unexpected status: 404
2026-04-12 15:05:17 +00:00: 2026-04-12 15:05:17,520 - __main__ - INFO - Search unexpected status: 404
2026-04-12 15:05:18 +00:00: 2026-04-12 15:05:18,649 - __main__ - INFO - Search unexpected status: 404
2026-04-12 15:05:19 +00:00: 2026-04-12 15:05:19,651 - __main__ - INFO - 📬 Reply strategy: 0 candidates
2026-04-12 15:05:21 +00:00: 2026-04-12 15:05:21,046 - __main__ - INFO - 📊 VIP DB: 1 candidates from events
2026-04-12 15:05:21 +00:00: 2026-04-12 15:05:21,047 - __main__ - INFO - 📡 VIP GraphQL fallback triggered — 1 DB candidates < 10
2026-04-12 15:05:21 +00:00: 2026-04-12 15:05:21,842 - __main__ - INFO - 📡 GraphQL timeline @BlastPremier: 8 tweets, status=200
2026-04-12 15:05:21 +00:00: 2026-04-12 15:05:21,842 - __main__ - INFO - 📡 @BlastPremier: 8 tweets via GraphQL
2026-04-12 15:05:24 +00:00: 2026-04-12 15:05:24,559 - __main__ - INFO - 📡 GraphQL timeline @EsportsInsider: 20 tweets, status=200
2026-04-12 15:05:24 +00:00: 2026-04-12 15:05:24,559 - __main__ - INFO - 📡 @EsportsInsider: 20 tweets via GraphQL
2026-04-12 15:05:26 +00:00: 2026-04-12 15:05:26,740 - __main__ - INFO - 📡 GraphQL timeline @hltv: 0 tweets, status=200
2026-04-12 15:05:28 +00:00: 2026-04-12 15:05:28,904 - __main__ - INFO - Could not resolve @DonHaci: 200
2026-04-12 15:05:31 +00:00: 2026-04-12 15:05:31,766 - __main__ - INFO - 📡 GraphQL timeline @Slasher: 20 tweets, status=200
2026-04-12 15:05:31 +00:00: 2026-04-12 15:05:31,766 - __main__ - INFO - 📡 @Slasher: 20 tweets via GraphQL
2026-04-12 15:05:34 +00:00: 2026-04-12 15:05:34,659 - __main__ - INFO - 📡 GraphQL timeline @CounterStrike: 20 tweets, status=200
2026-04-12 15:05:34 +00:00: 2026-04-12 15:05:34,660 - __main__ - INFO - 📡 @CounterStrike: 20 tweets via GraphQL
2026-04-12 15:05:36 +00:00: 2026-04-12 15:05:36,663 - __main__ - INFO - 📊 VIP strategy: 21 total candidates
2026-04-12 15:05:39 +00:00: 2026-04-12 15:05:39,676 - __main__ - INFO - ❤️  Liked tweet 204332828948638... by @BlastPremier (vip_from_events)
2026-04-12 15:05:45 +00:00: 2026-04-12 15:05:45,328 - __main__ - INFO - 🎯 Engagement target strategy: 4 candidates
2026-04-12 15:05:46 +00:00: 2026-04-12 15:05:46,846 - __main__ - INFO - 📡 GraphQL timeline @EliGE: 20 tweets, status=200
2026-04-12 15:05:46 +00:00: 2026-04-12 15:05:46,846 - __main__ - INFO - 🌐 @EliGE: 20 tweets via timeline scrape
2026-04-12 15:05:49 +00:00: 2026-04-12 15:05:49,548 - __main__ - INFO - 📡 GraphQL timeline @Karrigancsgo: 20 tweets, status=200
2026-04-12 15:05:49 +00:00: 2026-04-12 15:05:49,549 - __main__ - INFO - 🌐 @Karrigancsgo: 20 tweets via timeline scrape
2026-04-12 15:05:52 +00:00: 2026-04-12 15:05:52,365 - __main__ - INFO - 📡 GraphQL timeline @ESLCS: 20 tweets, status=200
2026-04-12 15:05:52 +00:00: 2026-04-12 15:05:52,366 - __main__ - INFO - 🌐 @ESLCS: 20 tweets via timeline scrape
2026-04-12 15:05:56 +00:00: 2026-04-12 15:05:56,695 - __main__ - INFO - ✅ Like cycle complete — liked 1 tweets (1/200 today)
2026-04-12 15:50:56 +00:00: 2026-04-12 15:50:56,794 - utils.db_utils - WARNING - ⚠️  DB connection stale — reconnecting…
2026-04-12 15:50:57 +00:00: 2026-04-12 15:50:57,736 - utils.db_utils - INFO - ✅ Reconnected to PostgreSQL
2026-04-12 15:50:58 +00:00: 2026-04-12 15:50:58,046 - __main__ - INFO - 💫 Like cycle starting — 1/200 today, budget: 40
2026-04-12 15:50:58 +00:00: 2026-04-12 15:50:58,977 - __main__ - INFO - 📬 Found 10 of our tweets to check for replies
2026-04-12 15:50:59 +00:00: 2026-04-12 15:50:59,116 - __main__ - INFO - Search unexpected status: 404
2026-04-12 15:51:00 +00:00: 2026-04-12 15:51:00,231 - __main__ - INFO - Search unexpected status: 404
2026-04-12 15:51:01 +00:00: 2026-04-12 15:51:01,365 - __main__ - INFO - Search unexpected status: 404
2026-04-12 15:51:02 +00:00: 2026-04-12 15:51:02,382 - __main__ - INFO - 📬 Reply strategy: 0 candidates
2026-04-12 15:51:03 +00:00: 2026-04-12 15:51:03,786 - __main__ - INFO - 📊 VIP DB: 1 candidates from events
2026-04-12 15:51:03 +00:00: 2026-04-12 15:51:03,786 - __main__ - INFO - 📡 VIP GraphQL fallback triggered — 1 DB candidates < 10
2026-04-12 15:51:04 +00:00: 2026-04-12 15:51:04,447 - __main__ - INFO - 📡 GraphQL timeline @BlastPremier: 8 tweets, status=200
2026-04-12 15:51:04 +00:00: 2026-04-12 15:51:04,448 - __main__ - INFO - 📡 @BlastPremier: 8 tweets via GraphQL
2026-04-12 15:51:06 +00:00: 2026-04-12 15:51:06,998 - __main__ - INFO - 📡 GraphQL timeline @Slasher: 20 tweets, status=200
2026-04-12 15:51:06 +00:00: 2026-04-12 15:51:06,998 - __main__ - INFO - 📡 @Slasher: 20 tweets via GraphQL
2026-04-12 15:51:09 +00:00: 2026-04-12 15:51:09,547 - __main__ - INFO - 📡 GraphQL timeline @EsportsInsider: 20 tweets, status=200
2026-04-12 15:51:09 +00:00: 2026-04-12 15:51:09,547 - __main__ - INFO - 📡 @EsportsInsider: 20 tweets via GraphQL
2026-04-12 15:51:12 +00:00: 2026-04-12 15:51:12,096 - __main__ - INFO - 📡 GraphQL timeline @CounterStrike: 20 tweets, status=200
2026-04-12 15:51:12 +00:00: 2026-04-12 15:51:12,097 - __main__ - INFO - 📡 @CounterStrike: 20 tweets via GraphQL
2026-04-12 15:51:14 +00:00: 2026-04-12 15:51:14,783 - __main__ - INFO - 📡 GraphQL timeline @Dust2us: 20 tweets, status=200
2026-04-12 15:51:14 +00:00: 2026-04-12 15:51:14,783 - __main__ - INFO - 📡 @Dust2us: 20 tweets via GraphQL
2026-04-12 15:51:16 +00:00: 2026-04-12 15:51:16,971 - __main__ - INFO - 📡 GraphQL timeline @hltv: 0 tweets, status=200
2026-04-12 15:51:18 +00:00: 2026-04-12 15:51:18,973 - __main__ - INFO - 📊 VIP strategy: 26 total candidates
2026-04-12 15:51:23 +00:00: 2026-04-12 15:51:23,763 - __main__ - INFO - 🎯 Engagement target strategy: 4 candidates
2026-04-12 15:51:24 +00:00: 2026-04-12 15:51:24,530 - __main__ - INFO - 📡 GraphQL timeline @rainCS: 0 tweets, status=200
2026-04-12 15:51:26 +00:00: 2026-04-12 15:51:26,658 - __main__ - INFO - Could not resolve @LOABORVRE_CS2: 200
2026-04-12 15:51:29 +00:00: 2026-04-12 15:51:29,337 - __main__ - INFO - 📡 GraphQL timeline @Complexity: 11 tweets, status=200
2026-04-12 15:51:29 +00:00: 2026-04-12 15:51:29,338 - __main__ - INFO - 🌐 @Complexity: 11 tweets via timeline scrape
2026-04-12 15:51:32 +00:00: 2026-04-12 15:51:32,114 - __main__ - INFO - ✅ Like cycle complete — liked 0 tweets (1/200 today)
2026-04-12 16:36:32 +00:00: 2026-04-12 16:36:32,173 - utils.db_utils - WARNING - ⚠️  DB connection stale — reconnecting…
2026-04-12 16:36:33 +00:00: 2026-04-12 16:36:33,873 - utils.db_utils - INFO - ✅ Reconnected to PostgreSQL
2026-04-12 16:36:34 +00:00: 2026-04-12 16:36:34,263 - __main__ - INFO - 💫 Like cycle starting — 1/200 today, budget: 40
2026-04-12 16:36:35 +00:00: 2026-04-12 16:36:35,433 - __main__ - INFO - 📬 Found 10 of our tweets to check for replies
2026-04-12 16:36:35 +00:00: 2026-04-12 16:36:35,623 - __main__ - INFO - 🔑 Guest token refreshed
2026-04-12 16:36:35 +00:00: 2026-04-12 16:36:35,777 - __main__ - INFO - Search unexpected status: 404
2026-04-12 16:36:36 +00:00: 2026-04-12 16:36:36,904 - __main__ - INFO - Search unexpected status: 404
2026-04-12 16:36:38 +00:00: 2026-04-12 16:36:38,027 - __main__ - INFO - Search unexpected status: 404
2026-04-12 16:36:39 +00:00: 2026-04-12 16:36:39,028 - __main__ - INFO - 📬 Reply strategy: 0 candidates
2026-04-12 16:36:41 +00:00: 2026-04-12 16:36:41,192 - __main__ - INFO - 📊 VIP DB: 1 candidates from events
2026-04-12 16:36:41 +00:00: 2026-04-12 16:36:41,192 - __main__ - INFO - 📡 VIP GraphQL fallback triggered — 1 DB candidates < 10
2026-04-12 16:36:41 +00:00: 2026-04-12 16:36:41,982 - __main__ - INFO - 📡 GraphQL timeline @Slasher: 20 tweets, status=200
2026-04-12 16:36:41 +00:00: 2026-04-12 16:36:41,983 - __main__ - INFO - 📡 @Slasher: 20 tweets via GraphQL
2026-04-12 16:36:44 +00:00: 2026-04-12 16:36:44,714 - __main__ - INFO - 📡 GraphQL timeline @RazedEsport: 20 tweets, status=200
2026-04-12 16:36:44 +00:00: 2026-04-12 16:36:44,715 - __main__ - INFO - 📡 @RazedEsport: 20 tweets via GraphQL
2026-04-12 16:36:46 +00:00: 2026-04-12 16:36:46,855 - __main__ - INFO - Could not resolve @RichardLewisTV: 200
2026-04-12 16:36:49 +00:00: 2026-04-12 16:36:49,569 - __main__ - INFO - 📡 GraphQL timeline @EsportsInsider: 20 tweets, status=200
2026-04-12 16:36:49 +00:00: 2026-04-12 16:36:49,570 - __main__ - INFO - 📡 @EsportsInsider: 20 tweets via GraphQL
2026-04-12 16:36:51 +00:00: 2026-04-12 16:36:51,746 - __main__ - INFO - 📡 GraphQL timeline @hltv: 0 tweets, status=200
2026-04-12 16:36:53 +00:00: 2026-04-12 16:36:53,893 - __main__ - INFO - Could not resolve @DonHaci: 200
2026-04-12 16:36:55 +00:00: 2026-04-12 16:36:55,896 - __main__ - INFO - 📊 VIP strategy: 16 total candidates
2026-04-12 16:36:59 +00:00: 2026-04-12 16:36:59,276 - __main__ - INFO - 🎯 Engagement target strategy: 4 candidates
2026-04-12 16:37:00 +00:00: 2026-04-12 16:37:00,026 - __main__ - INFO - 📡 GraphQL timeline @Brehze: 0 tweets, status=200
2026-04-12 16:37:02 +00:00: 2026-04-12 16:37:02,189 - __main__ - INFO - 📡 GraphQL timeline @rainCS: 0 tweets, status=200
2026-04-12 16:37:04 +00:00: 2026-04-12 16:37:04,708 - __main__ - INFO - 📡 GraphQL timeline @TeamLiquidCS: 20 tweets, status=200
2026-04-12 16:37:04 +00:00: 2026-04-12 16:37:04,709 - __main__ - INFO - 🌐 @TeamLiquidCS: 20 tweets via timeline scrape
2026-04-12 16:37:07 +00:00: 2026-04-12 16:37:07,477 - __main__ - INFO - ✅ Like cycle complete — liked 0 tweets (1/200 today)
2026-04-12 17:22:07 +00:00: 2026-04-12 17:22:07,502 - utils.db_utils - WARNING - ⚠️  DB connection stale — reconnecting…
2026-04-12 17:22:08 +00:00: 2026-04-12 17:22:08,476 - utils.db_utils - INFO - ✅ Reconnected to PostgreSQL
2026-04-12 17:22:08 +00:00: 2026-04-12 17:22:08,788 - __main__ - INFO - 💫 Like cycle starting — 1/200 today, budget: 40
2026-04-12 17:22:09 +00:00: 2026-04-12 17:22:09,718 - __main__ - INFO - 📬 Found 10 of our tweets to check for replies
2026-04-12 17:22:09 +00:00: 2026-04-12 17:22:09,857 - __main__ - INFO - Search unexpected status: 404
2026-04-12 17:22:10 +00:00: 2026-04-12 17:22:10,977 - __main__ - INFO - Search unexpected status: 404
2026-04-12 17:22:12 +00:00: 2026-04-12 17:22:12,098 - __main__ - INFO - Search unexpected status: 404
2026-04-12 17:22:13 +00:00: 2026-04-12 17:22:13,100 - __main__ - INFO - 📬 Reply strategy: 0 candidates
2026-04-12 17:22:14 +00:00: 2026-04-12 17:22:14,495 - __main__ - INFO - 📊 VIP DB: 1 candidates from events
2026-04-12 17:22:14 +00:00: 2026-04-12 17:22:14,496 - __main__ - INFO - 📡 VIP GraphQL fallback triggered — 1 DB candidates < 10
2026-04-12 17:22:15 +00:00: 2026-04-12 17:22:15,177 - __main__ - INFO - 📡 GraphQL timeline @BlastPremier: 8 tweets, status=200
2026-04-12 17:22:15 +00:00: 2026-04-12 17:22:15,178 - __main__ - INFO - 📡 @BlastPremier: 8 tweets via GraphQL
2026-04-12 17:22:17 +00:00: 2026-04-12 17:22:17,841 - __main__ - INFO - 📡 GraphQL timeline @RazedEsport: 20 tweets, status=200
2026-04-12 17:22:17 +00:00: 2026-04-12 17:22:17,842 - __main__ - INFO - 📡 @RazedEsport: 20 tweets via GraphQL
2026-04-12 17:22:20 +00:00: 2026-04-12 17:22:20,330 - __main__ - INFO - 📡 GraphQL timeline @Slasher: 20 tweets, status=200
2026-04-12 17:22:20 +00:00: 2026-04-12 17:22:20,331 - __main__ - INFO - 📡 @Slasher: 20 tweets via GraphQL
2026-04-12 17:22:22 +00:00: 2026-04-12 17:22:22,494 - __main__ - INFO - 📡 GraphQL timeline @hltv: 0 tweets, status=200
2026-04-12 17:22:25 +00:00: 2026-04-12 17:22:25,215 - __main__ - INFO - 📡 GraphQL timeline @Dust2us: 20 tweets, status=200
2026-04-12 17:22:25 +00:00: 2026-04-12 17:22:25,216 - __main__ - INFO - 📡 @Dust2us: 20 tweets via GraphQL
2026-04-12 17:22:27 +00:00: 2026-04-12 17:22:27,741 - __main__ - INFO - 📡 GraphQL timeline @EsportsInsider: 20 tweets, status=200
2026-04-12 17:22:27 +00:00: 2026-04-12 17:22:27,741 - __main__ - INFO - 📡 @EsportsInsider: 20 tweets via GraphQL
2026-04-12 17:22:29 +00:00: 2026-04-12 17:22:29,744 - __main__ - INFO - 📊 VIP strategy: 26 total candidates
2026-04-12 17:22:34 +00:00: 2026-04-12 17:22:34,559 - __main__ - INFO - 🎯 Engagement target strategy: 4 candidates
2026-04-12 17:22:35 +00:00: 2026-04-12 17:22:35,359 - __main__ - INFO - 📡 GraphQL timeline @PGL_Esports: 0 tweets, status=200
2026-04-12 17:22:37 +00:00: 2026-04-12 17:22:37,516 - __main__ - INFO - 📡 GraphQL timeline @rainCS: 0 tweets, status=200
2026-04-12 17:22:40 +00:00: 2026-04-12 17:22:40,015 - __main__ - INFO - 📡 GraphQL timeline @EliGE: 20 tweets, status=200
2026-04-12 17:22:40 +00:00: 2026-04-12 17:22:40,015 - __main__ - INFO - 🌐 @EliGE: 20 tweets via timeline scrape
2026-04-12 17:22:42 +00:00: 2026-04-12 17:22:42,795 - __main__ - INFO - ✅ Like cycle complete — liked 0 tweets (1/200 today)
2026-04-12 18:07:42 +00:00: 2026-04-12 18:07:42,898 - utils.db_utils - WARNING - ⚠️  DB connection stale — reconnecting…
2026-04-12 18:07:47 +00:00: 2026-04-12 18:07:47,285 - utils.db_utils - INFO - ✅ Reconnected to PostgreSQL
2026-04-12 18:07:47 +00:00: 2026-04-12 18:07:47,680 - __main__ - INFO - 💫 Like cycle starting — 1/200 today, budget: 40
2026-04-12 18:07:48 +00:00: 2026-04-12 18:07:48,860 - __main__ - INFO - 📬 Found 10 of our tweets to check for replies
2026-04-12 18:07:49 +00:00: 2026-04-12 18:07:49,008 - __main__ - INFO - Search unexpected status: 404
2026-04-12 18:07:50 +00:00: 2026-04-12 18:07:50,122 - __main__ - INFO - Search unexpected status: 404
2026-04-12 18:07:51 +00:00: 2026-04-12 18:07:51,248 - __main__ - INFO - Search unexpected status: 404
2026-04-12 18:07:52 +00:00: 2026-04-12 18:07:52,249 - __main__ - INFO - 📬 Reply strategy: 0 candidates
2026-04-12 18:07:55 +00:00: 2026-04-12 18:07:55,276 - __main__ - INFO - 📊 VIP DB: 1 candidates from events
2026-04-12 18:07:55 +00:00: 2026-04-12 18:07:55,276 - __main__ - INFO - 📡 VIP GraphQL fallback triggered — 1 DB candidates < 10
2026-04-12 18:07:55 +00:00: 2026-04-12 18:07:55,980 - __main__ - INFO - 📡 GraphQL timeline @EsportsInsider: 20 tweets, status=200
2026-04-12 18:07:55 +00:00: 2026-04-12 18:07:55,980 - __main__ - INFO - 📡 @EsportsInsider: 20 tweets via GraphQL
2026-04-12 18:07:58 +00:00: 2026-04-12 18:07:58,459 - __main__ - INFO - 📡 GraphQL timeline @CS2News_EN: 20 tweets, status=200
2026-04-12 18:07:58 +00:00: 2026-04-12 18:07:58,460 - __main__ - INFO - 📡 @CS2News_EN: 20 tweets via GraphQL
2026-04-12 18:08:00 +00:00: 2026-04-12 18:08:00,998 - __main__ - INFO - 📡 GraphQL timeline @LiquipediaCS: 20 tweets, status=200
2026-04-12 18:08:00 +00:00: 2026-04-12 18:08:00,998 - __main__ - INFO - 📡 @LiquipediaCS: 20 tweets via GraphQL
2026-04-12 18:08:03 +00:00: 2026-04-12 18:08:03,552 - __main__ - INFO - 📡 GraphQL timeline @Slasher: 20 tweets, status=200
2026-04-12 18:08:03 +00:00: 2026-04-12 18:08:03,553 - __main__ - INFO - 📡 @Slasher: 20 tweets via GraphQL
2026-04-12 18:08:05 +00:00: 2026-04-12 18:08:05,716 - __main__ - INFO - 📡 GraphQL timeline @hltv: 0 tweets, status=200
2026-04-12 18:08:07 +00:00: 2026-04-12 18:08:07,863 - __main__ - INFO - Could not resolve @DonHaci: 200
2026-04-12 18:08:09 +00:00: 2026-04-12 18:08:09,865 - __main__ - INFO - 📊 VIP strategy: 21 total candidates
2026-04-12 18:08:16 +00:00: 2026-04-12 18:08:16,723 - __main__ - INFO - 🎯 Engagement target strategy: 4 candidates
2026-04-12 18:08:17 +00:00: 2026-04-12 18:08:17,876 - __main__ - INFO - 📡 GraphQL timeline @TeamLiquidCS: 20 tweets, status=200
2026-04-12 18:08:17 +00:00: 2026-04-12 18:08:17,877 - __main__ - INFO - 🌐 @TeamLiquidCS: 20 tweets via timeline scrape
2026-04-12 18:08:20 +00:00: 2026-04-12 18:08:20,018 - __main__ - INFO - 📡 GraphQL timeline @Brehze: 0 tweets, status=200
2026-04-12 18:08:22 +00:00: 2026-04-12 18:08:22,575 - __main__ - INFO - 📡 GraphQL timeline @nilocsgo: 20 tweets, status=200
2026-04-12 18:08:22 +00:00: 2026-04-12 18:08:22,576 - __main__ - INFO - 🌐 @nilocsgo: 20 tweets via timeline scrape
2026-04-12 18:08:26 +00:00: 2026-04-12 18:08:26,269 - __main__ - INFO - ✅ Like cycle complete — liked 0 tweets (1/200 today)
2026-04-12 18:53:26 +00:00: 2026-04-12 18:53:26,273 - utils.db_utils - WARNING - ⚠️  DB connection stale — reconnecting…
2026-04-12 18:53:27 +00:00: 2026-04-12 18:53:27,219 - utils.db_utils - INFO - ✅ Reconnected to PostgreSQL
2026-04-12 18:53:27 +00:00: 2026-04-12 18:53:27,528 - __main__ - INFO - 💫 Like cycle starting — 1/200 today, budget: 40
2026-04-12 18:53:28 +00:00: 2026-04-12 18:53:28,456 - __main__ - INFO - 📬 Found 10 of our tweets to check for replies
2026-04-12 18:53:28 +00:00: 2026-04-12 18:53:28,634 - __main__ - INFO - 🔑 Guest token refreshed
2026-04-12 18:53:28 +00:00: 2026-04-12 18:53:28,770 - __main__ - INFO - Search unexpected status: 404
2026-04-12 18:53:29 +00:00: 2026-04-12 18:53:29,888 - __main__ - INFO - Search unexpected status: 404
2026-04-12 18:53:31 +00:00: 2026-04-12 18:53:31,006 - __main__ - INFO - Search unexpected status: 404
2026-04-12 18:53:32 +00:00: 2026-04-12 18:53:32,007 - __main__ - INFO - 📬 Reply strategy: 0 candidates
2026-04-12 18:53:33 +00:00: 2026-04-12 18:53:33,404 - __main__ - INFO - 📊 VIP DB: 1 candidates from events
2026-04-12 18:53:33 +00:00: 2026-04-12 18:53:33,404 - __main__ - INFO - 📡 VIP GraphQL fallback triggered — 1 DB candidates < 10
2026-04-12 18:53:34 +00:00: 2026-04-12 18:53:34,250 - __main__ - INFO - 📡 GraphQL timeline @RazedEsport: 20 tweets, status=200
2026-04-12 18:53:34 +00:00: 2026-04-12 18:53:34,250 - __main__ - INFO - 📡 @RazedEsport: 20 tweets via GraphQL
2026-04-12 18:53:36 +00:00: 2026-04-12 18:53:36,856 - __main__ - INFO - 📡 GraphQL timeline @Dust2us: 20 tweets, status=200
2026-04-12 18:53:36 +00:00: 2026-04-12 18:53:36,857 - __main__ - INFO - 📡 @Dust2us: 20 tweets via GraphQL
2026-04-12 18:53:39 +00:00: 2026-04-12 18:53:39,424 - __main__ - INFO - 📡 GraphQL timeline @CounterStrike: 20 tweets, status=200
2026-04-12 18:53:39 +00:00: 2026-04-12 18:53:39,425 - __main__ - INFO - 📡 @CounterStrike: 20 tweets via GraphQL
2026-04-12 18:53:41 +00:00: 2026-04-12 18:53:41,952 - __main__ - INFO - 📡 GraphQL timeline @EsportsInsider: 20 tweets, status=200
2026-04-12 18:53:41 +00:00: 2026-04-12 18:53:41,953 - __main__ - INFO - 📡 @EsportsInsider: 20 tweets via GraphQL
2026-04-12 18:53:44 +00:00: 2026-04-12 18:53:44,092 - __main__ - INFO - Could not resolve @RichardLewisTV: 200
2026-04-12 18:53:46 +00:00: 2026-04-12 18:53:46,249 - __main__ - INFO - 📡 GraphQL timeline @hltv: 0 tweets, status=200
2026-04-12 18:53:48 +00:00: 2026-04-12 18:53:48,252 - __main__ - INFO - 📊 VIP strategy: 21 total candidates
2026-04-12 18:53:52 +00:00: 2026-04-12 18:53:52,429 - __main__ - INFO - 🎯 Engagement target strategy: 4 candidates
2026-04-12 18:53:53 +00:00: 2026-04-12 18:53:53,197 - __main__ - INFO - 📡 GraphQL timeline @PGL_Esports: 0 tweets, status=200
2026-04-12 18:53:55 +00:00: 2026-04-12 18:53:55,874 - __main__ - INFO - 📡 GraphQL timeline @TeamLiquidCS: 20 tweets, status=200
2026-04-12 18:53:55 +00:00: 2026-04-12 18:53:55,874 - __main__ - INFO - 🌐 @TeamLiquidCS: 20 tweets via timeline scrape
2026-04-12 18:53:58 +00:00: 2026-04-12 18:53:58,486 - __main__ - INFO - 📡 GraphQL timeline @Twistzz: 20 tweets, status=200
2026-04-12 18:53:58 +00:00: 2026-04-12 18:53:58,487 - __main__ - INFO - 🌐 @Twistzz: 20 tweets via timeline scrape
2026-04-12 18:54:02 +00:00: 2026-04-12 18:54:02,035 - __main__ - INFO - ✅ Like cycle complete — liked 0 tweets (1/200 today)
2026-04-12 19:39:02 +00:00: 2026-04-12 19:39:02,139 - utils.db_utils - WARNING - ⚠️  DB connection stale — reconnecting…
2026-04-12 19:39:03 +00:00: 2026-04-12 19:39:03,070 - utils.db_utils - INFO - ✅ Reconnected to PostgreSQL
2026-04-12 19:39:03 +00:00: 2026-04-12 19:39:03,376 - __main__ - INFO - 💫 Like cycle starting — 1/200 today, budget: 40
2026-04-12 19:39:04 +00:00: 2026-04-12 19:39:04,293 - __main__ - INFO - 📬 Found 10 of our tweets to check for replies
2026-04-12 19:39:04 +00:00: 2026-04-12 19:39:04,501 - __main__ - INFO - Search unexpected status: 404
2026-04-12 19:39:05 +00:00: 2026-04-12 19:39:05,630 - __main__ - INFO - Search unexpected status: 404
2026-04-12 19:39:06 +00:00: 2026-04-12 19:39:06,761 - __main__ - INFO - Search unexpected status: 404
2026-04-12 19:39:07 +00:00: 2026-04-12 19:39:07,762 - __main__ - INFO - 📬 Reply strategy: 0 candidates
2026-04-12 19:39:09 +00:00: 2026-04-12 19:39:09,138 - __main__ - INFO - 📊 VIP DB: 1 candidates from events
2026-04-12 19:39:09 +00:00: 2026-04-12 19:39:09,138 - __main__ - INFO - 📡 VIP GraphQL fallback triggered — 1 DB candidates < 10
2026-04-12 19:39:10 +00:00: 2026-04-12 19:39:10,106 - __main__ - INFO - 📡 GraphQL timeline @LiquipediaCS: 20 tweets, status=200
2026-04-12 19:39:10 +00:00: 2026-04-12 19:39:10,111 - __main__ - INFO - 📡 @LiquipediaCS: 20 tweets via GraphQL
2026-04-12 19:39:12 +00:00: 2026-04-12 19:39:12,812 - __main__ - INFO - 📡 GraphQL timeline @CounterStrike: 20 tweets, status=200
2026-04-12 19:39:12 +00:00: 2026-04-12 19:39:12,812 - __main__ - INFO - 📡 @CounterStrike: 20 tweets via GraphQL
2026-04-12 19:39:14 +00:00: 2026-04-12 19:39:14,985 - __main__ - INFO - 📡 GraphQL timeline @hltv: 0 tweets, status=200
2026-04-12 19:39:17 +00:00: 2026-04-12 19:39:17,746 - __main__ - INFO - 📡 GraphQL timeline @Slasher: 20 tweets, status=200
2026-04-12 19:39:17 +00:00: 2026-04-12 19:39:17,746 - __main__ - INFO - 📡 @Slasher: 20 tweets via GraphQL
2026-04-12 19:39:20 +00:00: 2026-04-12 19:39:20,325 - __main__ - INFO - 📡 GraphQL timeline @BlastPremier: 8 tweets, status=200
2026-04-12 19:39:20 +00:00: 2026-04-12 19:39:20,325 - __main__ - INFO - 📡 @BlastPremier: 8 tweets via GraphQL
2026-04-12 19:39:22 +00:00: 2026-04-12 19:39:22,471 - __main__ - INFO - 📡 GraphQL timeline @ABORCS: 0 tweets, status=200
2026-04-12 19:39:24 +00:00: 2026-04-12 19:39:24,473 - __main__ - INFO - 📊 VIP strategy: 21 total candidates
2026-04-12 19:39:28 +00:00: 2026-04-12 19:39:28,449 - __main__ - INFO - 🎯 Engagement target strategy: 4 candidates
2026-04-12 19:39:29 +00:00: 2026-04-12 19:39:29,751 - __main__ - INFO - 📡 GraphQL timeline @FACEIT: 0 tweets, status=200
2026-04-12 19:39:32 +00:00: 2026-04-12 19:39:32,413 - __main__ - INFO - 📡 GraphQL timeline @BIGCLANgg: 13 tweets, status=200
2026-04-12 19:39:32 +00:00: 2026-04-12 19:39:32,413 - __main__ - INFO - 🌐 @BIGCLANgg: 13 tweets via timeline scrape
2026-04-12 19:39:35 +00:00: 2026-04-12 19:39:35,057 - __main__ - INFO - 📡 GraphQL timeline @ESLCS: 20 tweets, status=200
2026-04-12 19:39:35 +00:00: 2026-04-12 19:39:35,058 - __main__ - INFO - 🌐 @ESLCS: 20 tweets via timeline scrape
2026-04-12 19:39:40 +00:00: 2026-04-12 19:39:40,057 - __main__ - INFO - ❤️  Liked tweet 204333376645878... by @BIGCLANgg (cs2_community:BIGCLANgg)
2026-04-12 19:39:47 +00:00: 2026-04-12 19:39:47,784 - __main__ - INFO - ✅ Like cycle complete — liked 1 tweets (2/200 today)
2026-04-12 20:24:48 +00:00: 2026-04-12 20:24:48,649 - __main__ - INFO - 💫 Like cycle starting — 2/200 today, budget: 40
2026-04-12 20:24:49 +00:00: 2026-04-12 20:24:49,567 - __main__ - INFO - 📬 Found 10 of our tweets to check for replies
2026-04-12 20:24:49 +00:00: 2026-04-12 20:24:49,728 - __main__ - INFO - Search unexpected status: 404
2026-04-12 20:24:50 +00:00: 2026-04-12 20:24:50,858 - __main__ - INFO - Search unexpected status: 404
2026-04-12 20:24:51 +00:00: 2026-04-12 20:24:51,990 - __main__ - INFO - Search unexpected status: 404
2026-04-12 20:24:52 +00:00: 2026-04-12 20:24:52,991 - __main__ - INFO - 📬 Reply strategy: 0 candidates
2026-04-12 20:24:54 +00:00: 2026-04-12 20:24:54,365 - __main__ - INFO - 📊 VIP DB: 1 candidates from events
2026-04-12 20:24:54 +00:00: 2026-04-12 20:24:54,366 - __main__ - INFO - 📡 VIP GraphQL fallback triggered — 1 DB candidates < 10
2026-04-12 20:24:55 +00:00: 2026-04-12 20:24:55,218 - __main__ - INFO - 📡 GraphQL timeline @CounterStrike: 20 tweets, status=200
2026-04-12 20:24:55 +00:00: 2026-04-12 20:24:55,219 - __main__ - INFO - 📡 @CounterStrike: 20 tweets via GraphQL
2026-04-12 20:24:57 +00:00: 2026-04-12 20:24:57,362 - __main__ - INFO - Could not resolve @RichardLewisTV: 200
2026-04-12 20:25:00 +00:00: 2026-04-12 20:25:00,093 - __main__ - INFO - 📡 GraphQL timeline @Slasher: 20 tweets, status=200
2026-04-12 20:25:00 +00:00: 2026-04-12 20:25:00,094 - __main__ - INFO - 📡 @Slasher: 20 tweets via GraphQL
2026-04-12 20:25:03 +00:00: 2026-04-12 20:25:03,016 - __main__ - INFO - 📡 GraphQL timeline @RazedEsport: 20 tweets, status=200
2026-04-12 20:25:03 +00:00: 2026-04-12 20:25:03,016 - __main__ - INFO - 📡 @RazedEsport: 20 tweets via GraphQL
2026-04-12 20:25:05 +00:00: 2026-04-12 20:25:05,192 - __main__ - INFO - 📡 GraphQL timeline @hltv: 0 tweets, status=200
2026-04-12 20:25:07 +00:00: 2026-04-12 20:25:07,734 - __main__ - INFO - 📡 GraphQL timeline @BlastPremier: 8 tweets, status=200
2026-04-12 20:25:07 +00:00: 2026-04-12 20:25:07,735 - __main__ - INFO - 📡 @BlastPremier: 8 tweets via GraphQL
2026-04-12 20:25:09 +00:00: 2026-04-12 20:25:09,737 - __main__ - INFO - 📊 VIP strategy: 21 total candidates
2026-04-12 20:25:13 +00:00: 2026-04-12 20:25:13,716 - __main__ - INFO - 🎯 Engagement target strategy: 4 candidates
2026-04-12 20:25:14 +00:00: 2026-04-12 20:25:14,983 - __main__ - INFO - 📡 GraphQL timeline @FACEIT: 0 tweets, status=200
2026-04-12 20:25:17 +00:00: 2026-04-12 20:25:17,140 - __main__ - INFO - 📡 GraphQL timeline @rainCS: 0 tweets, status=200
2026-04-12 20:25:19 +00:00: 2026-04-12 20:25:19,912 - __main__ - INFO - 📡 GraphQL timeline @Twistzz: 20 tweets, status=200
2026-04-12 20:25:19 +00:00: 2026-04-12 20:25:19,913 - __main__ - INFO - 🌐 @Twistzz: 20 tweets via timeline scrape
2026-04-12 20:25:22 +00:00: 2026-04-12 20:25:22,680 - __main__ - INFO - ✅ Like cycle complete — liked 0 tweets (2/200 today)
2026-04-12 21:10:22 +00:00: 2026-04-12 21:10:22,782 - utils.db_utils - WARNING - ⚠️  DB connection stale — reconnecting…
2026-04-12 21:10:23 +00:00: 2026-04-12 21:10:23,760 - utils.db_utils - INFO - ✅ Reconnected to PostgreSQL
2026-04-12 21:10:24 +00:00: 2026-04-12 21:10:24,072 - __main__ - INFO - 💫 Like cycle starting — 2/200 today, budget: 40
2026-04-12 21:10:25 +00:00: 2026-04-12 21:10:25,002 - __main__ - INFO - 📬 Found 10 of our tweets to check for replies
2026-04-12 21:10:25 +00:00: 2026-04-12 21:10:25,232 - __main__ - INFO - 🔑 Guest token refreshed
2026-04-12 21:10:25 +00:00: 2026-04-12 21:10:25,388 - __main__ - INFO - Search unexpected status: 404
2026-04-12 21:10:26 +00:00: 2026-04-12 21:10:26,518 - __main__ - INFO - Search unexpected status: 404
2026-04-12 21:10:27 +00:00: 2026-04-12 21:10:27,645 - __main__ - INFO - Search unexpected status: 404
2026-04-12 21:10:28 +00:00: 2026-04-12 21:10:28,646 - __main__ - INFO - 📬 Reply strategy: 0 candidates
2026-04-12 21:10:30 +00:00: 2026-04-12 21:10:30,036 - __main__ - INFO - 📊 VIP DB: 1 candidates from events
2026-04-12 21:10:30 +00:00: 2026-04-12 21:10:30,036 - __main__ - INFO - 📡 VIP GraphQL fallback triggered — 1 DB candidates < 10
2026-04-12 21:10:31 +00:00: 2026-04-12 21:10:31,067 - __main__ - INFO - 📡 GraphQL timeline @Dust2us: 20 tweets, status=200
2026-04-12 21:10:31 +00:00: 2026-04-12 21:10:31,067 - __main__ - INFO - 📡 @Dust2us: 20 tweets via GraphQL
2026-04-12 21:10:33 +00:00: 2026-04-12 21:10:33,841 - __main__ - INFO - 📡 GraphQL timeline @Slasher: 20 tweets, status=200
2026-04-12 21:10:33 +00:00: 2026-04-12 21:10:33,842 - __main__ - INFO - 📡 @Slasher: 20 tweets via GraphQL
2026-04-12 21:10:36 +00:00: 2026-04-12 21:10:36,419 - __main__ - INFO - 📡 GraphQL timeline @BlastPremier: 8 tweets, status=200
2026-04-12 21:10:36 +00:00: 2026-04-12 21:10:36,420 - __main__ - INFO - 📡 @BlastPremier: 8 tweets via GraphQL
2026-04-12 21:10:38 +00:00: 2026-04-12 21:10:38,608 - __main__ - INFO - 📡 GraphQL timeline @hltv: 0 tweets, status=200
2026-04-12 21:10:40 +00:00: 2026-04-12 21:10:40,757 - __main__ - INFO - 📡 GraphQL timeline @ABORCS: 0 tweets, status=200
2026-04-12 21:10:43 +00:00: 2026-04-12 21:10:43,482 - __main__ - INFO - 📡 GraphQL timeline @CounterStrike: 20 tweets, status=200
2026-04-12 21:10:43 +00:00: 2026-04-12 21:10:43,483 - __main__ - INFO - 📡 @CounterStrike: 20 tweets via GraphQL
2026-04-12 21:10:45 +00:00: 2026-04-12 21:10:45,485 - __main__ - INFO - 📊 VIP strategy: 21 total candidates
2026-04-12 21:10:49 +00:00: 2026-04-12 21:10:49,499 - __main__ - INFO - 🎯 Engagement target strategy: 4 candidates
2026-04-12 21:10:50 +00:00: 2026-04-12 21:10:50,910 - __main__ - INFO - 📡 GraphQL timeline @Twistzz: 20 tweets, status=200
2026-04-12 21:10:50 +00:00: 2026-04-12 21:10:50,911 - __main__ - INFO - 🌐 @Twistzz: 20 tweets via timeline scrape
2026-04-12 21:10:53 +00:00: 2026-04-12 21:10:53,089 - __main__ - INFO - 📡 GraphQL timeline @PGL_Esports: 0 tweets, status=200
2026-04-12 21:10:55 +00:00: 2026-04-12 21:10:55,821 - __main__ - INFO - 📡 GraphQL timeline @nilocsgo: 20 tweets, status=200
2026-04-12 21:10:55 +00:00: 2026-04-12 21:10:55,822 - __main__ - INFO - 🌐 @nilocsgo: 20 tweets via timeline scrape
2026-04-12 21:10:59 +00:00: 2026-04-12 21:10:59,368 - __main__ - INFO - ✅ Like cycle complete — liked 0 tweets (2/200 today)
2026-04-12 21:55:59 +00:00: 2026-04-12 21:55:59,406 - utils.db_utils - WARNING - ⚠️  DB connection stale — reconnecting…
2026-04-12 21:56:00 +00:00: 2026-04-12 21:56:00,349 - utils.db_utils - INFO - ✅ Reconnected to PostgreSQL
2026-04-12 21:56:00 +00:00: 2026-04-12 21:56:00,659 - __main__ - INFO - 💫 Like cycle starting — 2/200 today, budget: 40
2026-04-12 21:56:01 +00:00: 2026-04-12 21:56:01,586 - __main__ - INFO - 📬 Found 10 of our tweets to check for replies
2026-04-12 21:56:01 +00:00: 2026-04-12 21:56:01,743 - __main__ - INFO - Search unexpected status: 404
2026-04-12 21:56:02 +00:00: 2026-04-12 21:56:02,864 - __main__ - INFO - Search unexpected status: 404
2026-04-12 21:56:03 +00:00: 2026-04-12 21:56:03,988 - __main__ - INFO - Search unexpected status: 404
2026-04-12 21:56:04 +00:00: 2026-04-12 21:56:04,989 - __main__ - INFO - 📬 Reply strategy: 0 candidates
2026-04-12 21:56:06 +00:00: 2026-04-12 21:56:06,384 - __main__ - INFO - 📊 VIP DB: 1 candidates from events
2026-04-12 21:56:06 +00:00: 2026-04-12 21:56:06,385 - __main__ - INFO - 📡 VIP GraphQL fallback triggered — 1 DB candidates < 10
2026-04-12 21:56:06 +00:00: 2026-04-12 21:56:06,674 - __main__ - INFO - Could not resolve @RichardLewisTV: 200
2026-04-12 21:56:08 +00:00: 2026-04-12 21:56:08,842 - __main__ - INFO - 📡 GraphQL timeline @hltv: 0 tweets, status=200
2026-04-12 21:56:11 +00:00: 2026-04-12 21:56:11,354 - __main__ - INFO - 📡 GraphQL timeline @BlastPremier: 8 tweets, status=200
2026-04-12 21:56:11 +00:00: 2026-04-12 21:56:11,355 - __main__ - INFO - 📡 @BlastPremier: 8 tweets via GraphQL
2026-04-12 21:56:14 +00:00: 2026-04-12 21:56:14,045 - __main__ - INFO - 📡 GraphQL timeline @RazedEsport: 20 tweets, status=200
2026-04-12 21:56:14 +00:00: 2026-04-12 21:56:14,045 - __main__ - INFO - 📡 @RazedEsport: 20 tweets via GraphQL
2026-04-12 21:56:16 +00:00: 2026-04-12 21:56:16,599 - __main__ - INFO - 📡 GraphQL timeline @EsportsInsider: 20 tweets, status=200
2026-04-12 21:56:16 +00:00: 2026-04-12 21:56:16,600 - __main__ - INFO - 📡 @EsportsInsider: 20 tweets via GraphQL
2026-04-12 21:56:18 +00:00: 2026-04-12 21:56:18,762 - __main__ - INFO - Could not resolve @DonHaci: 200
2026-04-12 21:56:20 +00:00: 2026-04-12 21:56:20,764 - __main__ - INFO - 📊 VIP strategy: 16 total candidates
2026-04-12 21:56:24 +00:00: 2026-04-12 21:56:24,004 - __main__ - INFO - 🎯 Engagement target strategy: 4 candidates
2026-04-12 21:56:25 +00:00: 2026-04-12 21:56:25,331 - __main__ - INFO - 📡 GraphQL timeline @ESLCS: 20 tweets, status=200
2026-04-12 21:56:25 +00:00: 2026-04-12 21:56:25,332 - __main__ - INFO - 🌐 @ESLCS: 20 tweets via timeline scrape
2026-04-12 21:56:27 +00:00: 2026-04-12 21:56:27,831 - __main__ - INFO - 📡 GraphQL timeline @OGesports: 20 tweets, status=200
2026-04-12 21:56:27 +00:00: 2026-04-12 21:56:27,831 - __main__ - INFO - 🌐 @OGesports: 20 tweets via timeline scrape
2026-04-12 21:56:30 +00:00: 2026-04-12 21:56:30,371 - __main__ - INFO - 📡 GraphQL timeline @Karrigancsgo: 20 tweets, status=200
2026-04-12 21:56:30 +00:00: 2026-04-12 21:56:30,371 - __main__ - INFO - 🌐 @Karrigancsgo: 20 tweets via timeline scrape
2026-04-12 21:56:34 +00:00: 2026-04-12 21:56:34,695 - __main__ - INFO - ✅ Like cycle complete — liked 0 tweets (2/200 today)
2026-04-12 22:41:34 +00:00: 2026-04-12 22:41:34,769 - utils.db_utils - WARNING - ⚠️  DB connection stale — reconnecting…
2026-04-12 22:41:35 +00:00: 2026-04-12 22:41:35,725 - utils.db_utils - INFO - ✅ Reconnected to PostgreSQL
2026-04-12 22:41:36 +00:00: 2026-04-12 22:41:36,031 - __main__ - INFO - 💫 Like cycle starting — 2/200 today, budget: 40
2026-04-12 22:41:36 +00:00: 2026-04-12 22:41:36,948 - __main__ - INFO - 📬 Found 10 of our tweets to check for replies
2026-04-12 22:41:37 +00:00: 2026-04-12 22:41:37,083 - __main__ - INFO - Search unexpected status: 404
2026-04-12 22:41:38 +00:00: 2026-04-12 22:41:38,198 - __main__ - INFO - Search unexpected status: 404
2026-04-12 22:41:39 +00:00: 2026-04-12 22:41:39,314 - __main__ - INFO - Search unexpected status: 404
2026-04-12 22:41:40 +00:00: 2026-04-12 22:41:40,315 - __main__ - INFO - 📬 Reply strategy: 0 candidates
2026-04-12 22:41:41 +00:00: 2026-04-12 22:41:41,690 - __main__ - INFO - 📊 VIP DB: 1 candidates from events
2026-04-12 22:41:41 +00:00: 2026-04-12 22:41:41,690 - __main__ - INFO - 📡 VIP GraphQL fallback triggered — 1 DB candidates < 10
2026-04-12 22:41:42 +00:00: 2026-04-12 22:41:42,418 - __main__ - INFO - 📡 GraphQL timeline @Dust2us: 20 tweets, status=200
2026-04-12 22:41:42 +00:00: 2026-04-12 22:41:42,419 - __main__ - INFO - 📡 @Dust2us: 20 tweets via GraphQL
2026-04-12 22:41:44 +00:00: 2026-04-12 22:41:44,959 - __main__ - INFO - 📡 GraphQL timeline @EsportsInsider: 20 tweets, status=200
2026-04-12 22:41:44 +00:00: 2026-04-12 22:41:44,960 - __main__ - INFO - 📡 @EsportsInsider: 20 tweets via GraphQL
2026-04-12 22:41:47 +00:00: 2026-04-12 22:41:47,121 - __main__ - INFO - 📡 GraphQL timeline @hltv: 0 tweets, status=200
2026-04-12 22:41:49 +00:00: 2026-04-12 22:41:49,644 - __main__ - INFO - 📡 GraphQL timeline @Slasher: 20 tweets, status=200
2026-04-12 22:41:49 +00:00: 2026-04-12 22:41:49,645 - __main__ - INFO - 📡 @Slasher: 20 tweets via GraphQL
2026-04-12 22:41:52 +00:00: 2026-04-12 22:41:52,157 - __main__ - INFO - 📡 GraphQL timeline @BlastPremier: 8 tweets, status=200
2026-04-12 22:41:52 +00:00: 2026-04-12 22:41:52,157 - __main__ - INFO - 📡 @BlastPremier: 8 tweets via GraphQL
2026-04-12 22:41:54 +00:00: 2026-04-12 22:41:54,305 - __main__ - INFO - 📡 GraphQL timeline @Nors3: 0 tweets, status=200
2026-04-12 22:41:56 +00:00: 2026-04-12 22:41:56,308 - __main__ - INFO - 📊 VIP strategy: 21 total candidates
2026-04-12 22:42:00 +00:00: 2026-04-12 22:42:00,279 - __main__ - INFO - 🎯 Engagement target strategy: 4 candidates
2026-04-12 22:42:01 +00:00: 2026-04-12 22:42:01,437 - __main__ - INFO - 📡 GraphQL timeline @OGesports: 20 tweets, status=200
2026-04-12 22:42:01 +00:00: 2026-04-12 22:42:01,438 - __main__ - INFO - 🌐 @OGesports: 20 tweets via timeline scrape
2026-04-12 22:42:03 +00:00: 2026-04-12 22:42:03,585 - __main__ - INFO - 📡 GraphQL timeline @rainCS: 0 tweets, status=200
2026-04-12 22:42:06 +00:00: 2026-04-12 22:42:06,128 - __main__ - INFO - 📡 GraphQL timeline @nilocsgo: 20 tweets, status=200
2026-04-12 22:42:06 +00:00: 2026-04-12 22:42:06,128 - __main__ - INFO - 🌐 @nilocsgo: 20 tweets via timeline scrape
2026-04-12 22:42:09 +00:00: 2026-04-12 22:42:09,656 - __main__ - INFO - ✅ Like cycle complete — liked 0 tweets (2/200 today)
2026-04-12 23:27:09 +00:00: 2026-04-12 23:27:09,758 - utils.db_utils - WARNING - ⚠️  DB connection stale — reconnecting…
2026-04-12 23:27:10 +00:00: 2026-04-12 23:27:10,703 - utils.db_utils - INFO - ✅ Reconnected to PostgreSQL
2026-04-12 23:27:11 +00:00: 2026-04-12 23:27:11,014 - __main__ - INFO - 💫 Like cycle starting — 2/200 today, budget: 40
2026-04-12 23:27:11 +00:00: 2026-04-12 23:27:11,941 - __main__ - INFO - 📬 Found 10 of our tweets to check for replies
2026-04-12 23:27:12 +00:00: 2026-04-12 23:27:12,114 - __main__ - INFO - 🔑 Guest token refreshed
2026-04-12 23:27:12 +00:00: 2026-04-12 23:27:12,242 - __main__ - INFO - Search unexpected status: 404
2026-04-12 23:27:13 +00:00: 2026-04-12 23:27:13,356 - __main__ - INFO - Search unexpected status: 404
2026-04-12 23:27:14 +00:00: 2026-04-12 23:27:14,472 - __main__ - INFO - Search unexpected status: 404
2026-04-12 23:27:15 +00:00: 2026-04-12 23:27:15,473 - __main__ - INFO - 📬 Reply strategy: 0 candidates
2026-04-12 23:27:16 +00:00: 2026-04-12 23:27:16,864 - __main__ - INFO - 📊 VIP DB: 1 candidates from events
2026-04-12 23:27:16 +00:00: 2026-04-12 23:27:16,864 - __main__ - INFO - 📡 VIP GraphQL fallback triggered — 1 DB candidates < 10
2026-04-12 23:27:17 +00:00: 2026-04-12 23:27:17,531 - __main__ - INFO - 📡 GraphQL timeline @CS2News_EN: 20 tweets, status=200
2026-04-12 23:27:17 +00:00: 2026-04-12 23:27:17,531 - __main__ - INFO - 📡 @CS2News_EN: 20 tweets via GraphQL
2026-04-12 23:27:20 +00:00: 2026-04-12 23:27:20,055 - __main__ - INFO - 📡 GraphQL timeline @Slasher: 20 tweets, status=200
2026-04-12 23:27:20 +00:00: 2026-04-12 23:27:20,055 - __main__ - INFO - 📡 @Slasher: 20 tweets via GraphQL
2026-04-12 23:27:22 +00:00: 2026-04-12 23:27:22,629 - __main__ - INFO - 📡 GraphQL timeline @CounterStrike: 20 tweets, status=200
2026-04-12 23:27:22 +00:00: 2026-04-12 23:27:22,629 - __main__ - INFO - 📡 @CounterStrike: 20 tweets via GraphQL
2026-04-12 23:27:25 +00:00: 2026-04-12 23:27:25,090 - __main__ - INFO - 📡 GraphQL timeline @BlastPremier: 8 tweets, status=200
2026-04-12 23:27:25 +00:00: 2026-04-12 23:27:25,091 - __main__ - INFO - 📡 @BlastPremier: 8 tweets via GraphQL
2026-04-12 23:27:27 +00:00: 2026-04-12 23:27:27,275 - __main__ - INFO - 📡 GraphQL timeline @hltv: 0 tweets, status=200
2026-04-12 23:27:29 +00:00: 2026-04-12 23:27:29,816 - __main__ - INFO - 📡 GraphQL timeline @LiquipediaCS: 20 tweets, status=200
2026-04-12 23:27:29 +00:00: 2026-04-12 23:27:29,816 - __main__ - INFO - 📡 @LiquipediaCS: 20 tweets via GraphQL
2026-04-12 23:27:31 +00:00: 2026-04-12 23:27:31,819 - __main__ - INFO - 📊 VIP strategy: 26 total candidates
2026-04-12 23:27:36 +00:00: 2026-04-12 23:27:36,609 - __main__ - INFO - 🎯 Engagement target strategy: 4 candidates
2026-04-12 23:27:37 +00:00: 2026-04-12 23:27:37,828 - __main__ - INFO - 📡 GraphQL timeline @EliGE: 20 tweets, status=200
2026-04-12 23:27:37 +00:00: 2026-04-12 23:27:37,828 - __main__ - INFO - 🌐 @EliGE: 20 tweets via timeline scrape
2026-04-12 23:27:40 +00:00: 2026-04-12 23:27:40,419 - __main__ - INFO - 📡 GraphQL timeline @FACEIT: 0 tweets, status=200
2026-04-12 23:27:42 +00:00: 2026-04-12 23:27:42,904 - __main__ - INFO - 📡 GraphQL timeline @BIGCLANgg: 13 tweets, status=200
2026-04-12 23:27:42 +00:00: 2026-04-12 23:27:42,905 - __main__ - INFO - 🌐 @BIGCLANgg: 13 tweets via timeline scrape
2026-04-12 23:27:46 +00:00: 2026-04-12 23:27:46,452 - __main__ - INFO - ✅ Like cycle complete — liked 0 tweets (2/200 today)
2026-04-13 00:12:46 +00:00: 2026-04-13 00:12:46,496 - utils.db_utils - WARNING - ⚠️  DB connection stale — reconnecting…
2026-04-13 00:12:47 +00:00: 2026-04-13 00:12:47,445 - utils.db_utils - INFO - ✅ Reconnected to PostgreSQL
2026-04-13 00:12:47 +00:00: 2026-04-13 00:12:47,748 - __main__ - INFO - 💫 Like cycle starting — 0/200 today, budget: 40
2026-04-13 00:12:48 +00:00: 2026-04-13 00:12:48,654 - __main__ - INFO - 📬 Found 10 of our tweets to check for replies
2026-04-13 00:12:48 +00:00: 2026-04-13 00:12:48,826 - __main__ - INFO - Search unexpected status: 404
2026-04-13 00:12:49 +00:00: 2026-04-13 00:12:49,947 - __main__ - INFO - Search unexpected status: 404
2026-04-13 00:12:51 +00:00: 2026-04-13 00:12:51,068 - __main__ - INFO - Search unexpected status: 404
2026-04-13 00:12:52 +00:00: 2026-04-13 00:12:52,069 - __main__ - INFO - 📬 Reply strategy: 0 candidates
2026-04-13 00:12:53 +00:00: 2026-04-13 00:12:53,431 - __main__ - INFO - 📊 VIP DB: 1 candidates from events
2026-04-13 00:12:53 +00:00: 2026-04-13 00:12:53,431 - __main__ - INFO - 📡 VIP GraphQL fallback triggered — 1 DB candidates < 10
2026-04-13 00:12:54 +00:00: 2026-04-13 00:12:54,285 - __main__ - INFO - 📡 GraphQL timeline @CounterStrike: 20 tweets, status=200
2026-04-13 00:12:54 +00:00: 2026-04-13 00:12:54,285 - __main__ - INFO - 📡 @CounterStrike: 20 tweets via GraphQL
2026-04-13 00:12:57 +00:00: 2026-04-13 00:12:57,068 - __main__ - INFO - 📡 GraphQL timeline @RazedEsport: 20 tweets, status=200
2026-04-13 00:12:57 +00:00: 2026-04-13 00:12:57,069 - __main__ - INFO - 📡 @RazedEsport: 20 tweets via GraphQL
2026-04-13 00:12:59 +00:00: 2026-04-13 00:12:59,746 - __main__ - INFO - 📡 GraphQL timeline @EsportsInsider: 20 tweets, status=200
2026-04-13 00:12:59 +00:00: 2026-04-13 00:12:59,746 - __main__ - INFO - 📡 @EsportsInsider: 20 tweets via GraphQL
2026-04-13 00:13:01 +00:00: 2026-04-13 00:13:01,911 - __main__ - INFO - 📡 GraphQL timeline @hltv: 0 tweets, status=200
2026-04-13 00:13:04 +00:00: 2026-04-13 00:13:04,666 - __main__ - INFO - 📡 GraphQL timeline @Slasher: 20 tweets, status=200
2026-04-13 00:13:04 +00:00: 2026-04-13 00:13:04,666 - __main__ - INFO - 📡 @Slasher: 20 tweets via GraphQL
2026-04-13 00:13:07 +00:00: 2026-04-13 00:13:07,216 - __main__ - INFO - 📡 GraphQL timeline @BlastPremier: 8 tweets, status=200
2026-04-13 00:13:07 +00:00: 2026-04-13 00:13:07,217 - __main__ - INFO - 📡 @BlastPremier: 8 tweets via GraphQL
2026-04-13 00:13:09 +00:00: 2026-04-13 00:13:09,219 - __main__ - INFO - 📊 VIP strategy: 26 total candidates
2026-04-13 00:13:13 +00:00: 2026-04-13 00:13:13,914 - __main__ - INFO - 🎯 Engagement target strategy: 4 candidates
2026-04-13 00:13:15 +00:00: 2026-04-13 00:13:15,171 - __main__ - INFO - 📡 GraphQL timeline @OGesports: 20 tweets, status=200
2026-04-13 00:13:15 +00:00: 2026-04-13 00:13:15,171 - __main__ - INFO - 🌐 @OGesports: 20 tweets via timeline scrape
2026-04-13 00:13:17 +00:00: 2026-04-13 00:13:17,306 - __main__ - INFO - Could not resolve @gaborcsgo: 200
2026-04-13 00:13:19 +00:00: 2026-04-13 00:13:19,441 - __main__ - INFO - Could not resolve @LOABORVRE_CS2: 200
2026-04-13 00:13:22 +00:00: 2026-04-13 00:13:22,200 - __main__ - INFO - ✅ Like cycle complete — liked 0 tweets (0/200 today)
2026-04-13 01:43:22 +00:00: 2026-04-13 01:43:22,209 - utils.db_utils - WARNING - ⚠️  DB connection stale — reconnecting…
2026-04-13 01:43:23 +00:00: 2026-04-13 01:43:23,221 - utils.db_utils - INFO - ✅ Reconnected to PostgreSQL
2026-04-13 01:43:23 +00:00: 2026-04-13 01:43:23,556 - __main__ - INFO - 💫 Like cycle starting — 0/200 today, budget: 40
2026-04-13 01:43:24 +00:00: 2026-04-13 01:43:24,557 - __main__ - INFO - 📬 Found 10 of our tweets to check for replies
2026-04-13 01:43:24 +00:00: 2026-04-13 01:43:24,794 - __main__ - INFO - 🔑 Guest token refreshed
2026-04-13 01:43:24 +00:00: 2026-04-13 01:43:24,945 - __main__ - INFO - Search unexpected status: 404
2026-04-13 01:43:26 +00:00: 2026-04-13 01:43:26,077 - __main__ - INFO - Search unexpected status: 404
2026-04-13 01:43:27 +00:00: 2026-04-13 01:43:27,203 - __main__ - INFO - Search unexpected status: 404
2026-04-13 01:43:28 +00:00: 2026-04-13 01:43:28,204 - __main__ - INFO - 📬 Reply strategy: 0 candidates
2026-04-13 01:43:29 +00:00: 2026-04-13 01:43:29,700 - __main__ - INFO - 📊 VIP DB: 1 candidates from events
2026-04-13 01:43:29 +00:00: 2026-04-13 01:43:29,700 - __main__ - INFO - 📡 VIP GraphQL fallback triggered — 1 DB candidates < 10
2026-04-13 01:43:30 +00:00: 2026-04-13 01:43:30,557 - __main__ - INFO - 📡 GraphQL timeline @EsportsInsider: 20 tweets, status=200
2026-04-13 01:43:30 +00:00: 2026-04-13 01:43:30,558 - __main__ - INFO - 📡 @EsportsInsider: 20 tweets via GraphQL
2026-04-13 01:43:33 +00:00: 2026-04-13 01:43:33,257 - __main__ - INFO - 📡 GraphQL timeline @CounterStrike: 20 tweets, status=200
2026-04-13 01:43:33 +00:00: 2026-04-13 01:43:33,258 - __main__ - INFO - 📡 @CounterStrike: 20 tweets via GraphQL
2026-04-13 01:43:36 +00:00: 2026-04-13 01:43:36,004 - __main__ - INFO - 📡 GraphQL timeline @Slasher: 20 tweets, status=200
2026-04-13 01:43:36 +00:00: 2026-04-13 01:43:36,005 - __main__ - INFO - 📡 @Slasher: 20 tweets via GraphQL
2026-04-13 01:43:38 +00:00: 2026-04-13 01:43:38,852 - __main__ - INFO - 📡 GraphQL timeline @Dust2us: 20 tweets, status=200
2026-04-13 01:43:38 +00:00: 2026-04-13 01:43:38,853 - __main__ - INFO - 📡 @Dust2us: 20 tweets via GraphQL
2026-04-13 01:43:40 +00:00: 2026-04-13 01:43:40,997 - __main__ - INFO - Could not resolve @RichardLewisTV: 200
2026-04-13 01:43:43 +00:00: 2026-04-13 01:43:43,166 - __main__ - INFO - 📡 GraphQL timeline @hltv: 0 tweets, status=200
2026-04-13 01:43:45 +00:00: 2026-04-13 01:43:45,168 - __main__ - INFO - 📊 VIP strategy: 21 total candidates
2026-04-13 01:43:49 +00:00: 2026-04-13 01:43:49,659 - __main__ - INFO - 🎯 Engagement target strategy: 4 candidates
2026-04-13 01:43:51 +00:00: 2026-04-13 01:43:51,080 - __main__ - INFO - 📡 GraphQL timeline @FACEIT: 0 tweets, status=200
2026-04-13 01:43:53 +00:00: 2026-04-13 01:43:53,884 - __main__ - INFO - 📡 GraphQL timeline @EliGE: 20 tweets, status=200
2026-04-13 01:43:53 +00:00: 2026-04-13 01:43:53,885 - __main__ - INFO - 🌐 @EliGE: 20 tweets via timeline scrape
2026-04-13 01:43:56 +00:00: 2026-04-13 01:43:56,040 - __main__ - INFO - 📡 GraphQL timeline @PGL_Esports: 0 tweets, status=200
2026-04-13 01:43:58 +00:00: 2026-04-13 01:43:58,877 - __main__ - INFO - ✅ Like cycle complete — liked 0 tweets (0/200 today)
2026-04-13 03:13:58 +00:00: 2026-04-13 03:13:58,980 - utils.db_utils - WARNING - ⚠️  DB connection stale — reconnecting…
2026-04-13 03:13:59 +00:00: 2026-04-13 03:13:59,927 - utils.db_utils - INFO - ✅ Reconnected to PostgreSQL
2026-04-13 03:14:00 +00:00: 2026-04-13 03:14:00,240 - __main__ - INFO - 💫 Like cycle starting — 0/200 today, budget: 40
2026-04-13 03:14:01 +00:00: 2026-04-13 03:14:01,180 - __main__ - INFO - 📬 Found 10 of our tweets to check for replies
2026-04-13 03:14:01 +00:00: 2026-04-13 03:14:01,340 - __main__ - INFO - Search 403 — resetting guest token
2026-04-13 03:14:02 +00:00: 2026-04-13 03:14:02,555 - __main__ - INFO - 🔑 Guest token refreshed
2026-04-13 03:14:02 +00:00: 2026-04-13 03:14:02,680 - __main__ - INFO - Search unexpected status: 404
2026-04-13 03:14:03 +00:00: 2026-04-13 03:14:03,806 - __main__ - INFO - Search unexpected status: 404
2026-04-13 03:14:04 +00:00: 2026-04-13 03:14:04,807 - __main__ - INFO - 📬 Reply strategy: 0 candidates
2026-04-13 03:14:06 +00:00: 2026-04-13 03:14:06,213 - __main__ - INFO - 📊 VIP DB: 1 candidates from events
2026-04-13 03:14:06 +00:00: 2026-04-13 03:14:06,214 - __main__ - INFO - 📡 VIP GraphQL fallback triggered — 1 DB candidates < 10
2026-04-13 03:14:07 +00:00: 2026-04-13 03:14:07,130 - __main__ - INFO - 📡 GraphQL timeline @CounterStrike: 20 tweets, status=200
2026-04-13 03:14:07 +00:00: 2026-04-13 03:14:07,130 - __main__ - INFO - 📡 @CounterStrike: 20 tweets via GraphQL
2026-04-13 03:14:09 +00:00: 2026-04-13 03:14:09,716 - __main__ - INFO - 📡 GraphQL timeline @BlastPremier: 8 tweets, status=200
2026-04-13 03:14:09 +00:00: 2026-04-13 03:14:09,718 - __main__ - INFO - 📡 @BlastPremier: 8 tweets via GraphQL
2026-04-13 03:14:12 +00:00: 2026-04-13 03:14:12,467 - __main__ - INFO - 📡 GraphQL timeline @Slasher: 20 tweets, status=200
2026-04-13 03:14:12 +00:00: 2026-04-13 03:14:12,468 - __main__ - INFO - 📡 @Slasher: 20 tweets via GraphQL
2026-04-13 03:14:15 +00:00: 2026-04-13 03:14:15,390 - __main__ - INFO - 📡 GraphQL timeline @RazedEsport: 20 tweets, status=200
2026-04-13 03:14:15 +00:00: 2026-04-13 03:14:15,390 - __main__ - INFO - 📡 @RazedEsport: 20 tweets via GraphQL
2026-04-13 03:14:18 +00:00: 2026-04-13 03:14:18,064 - __main__ - INFO - 📡 GraphQL timeline @EsportsInsider: 20 tweets, status=200
2026-04-13 03:14:18 +00:00: 2026-04-13 03:14:18,064 - __main__ - INFO - 📡 @EsportsInsider: 20 tweets via GraphQL
2026-04-13 03:14:20 +00:00: 2026-04-13 03:14:20,205 - __main__ - INFO - Could not resolve @RichardLewisTV: 200
2026-04-13 03:14:22 +00:00: 2026-04-13 03:14:22,207 - __main__ - INFO - 📊 VIP strategy: 26 total candidates
2026-04-13 03:14:27 +00:00: 2026-04-13 03:14:27,054 - __main__ - INFO - 🎯 Engagement target strategy: 4 candidates
2026-04-13 03:14:28 +00:00: 2026-04-13 03:14:28,285 - __main__ - INFO - 📡 GraphQL timeline @BIGCLANgg: 13 tweets, status=200
2026-04-13 03:14:28 +00:00: 2026-04-13 03:14:28,286 - __main__ - INFO - 🌐 @BIGCLANgg: 13 tweets via timeline scrape
2026-04-13 03:14:31 +00:00: 2026-04-13 03:14:31,096 - __main__ - INFO - 📡 GraphQL timeline @Twistzz: 20 tweets, status=200
2026-04-13 03:14:31 +00:00: 2026-04-13 03:14:31,096 - __main__ - INFO - 🌐 @Twistzz: 20 tweets via timeline scrape
2026-04-13 03:14:33 +00:00: 2026-04-13 03:14:33,922 - __main__ - INFO - 📡 GraphQL timeline @FACEIT: 0 tweets, status=200
2026-04-13 03:14:37 +00:00: 2026-04-13 03:14:37,488 - __main__ - INFO - ✅ Like cycle complete — liked 0 tweets (0/200 today)
2026-04-13 04:44:37 +00:00: 2026-04-13 04:44:37,494 - utils.db_utils - WARNING - ⚠️  DB connection stale — reconnecting…
2026-04-13 04:44:38 +00:00: 2026-04-13 04:44:38,553 - utils.db_utils - INFO - ✅ Reconnected to PostgreSQL
2026-04-13 04:44:38 +00:00: 2026-04-13 04:44:38,863 - __main__ - INFO - 💫 Like cycle starting — 0/200 today, budget: 40
2026-04-13 04:44:39 +00:00: 2026-04-13 04:44:39,797 - __main__ - INFO - 📬 Found 10 of our tweets to check for replies
2026-04-13 04:44:39 +00:00: 2026-04-13 04:44:39,934 - __main__ - INFO - Search 403 — resetting guest token
2026-04-13 04:44:41 +00:00: 2026-04-13 04:44:41,145 - __main__ - INFO - 🔑 Guest token refreshed
2026-04-13 04:44:41 +00:00: 2026-04-13 04:44:41,265 - __main__ - INFO - Search unexpected status: 404
2026-04-13 04:44:42 +00:00: 2026-04-13 04:44:42,381 - __main__ - INFO - Search unexpected status: 404
2026-04-13 04:44:43 +00:00: 2026-04-13 04:44:43,382 - __main__ - INFO - 📬 Reply strategy: 0 candidates
2026-04-13 04:44:44 +00:00: 2026-04-13 04:44:44,774 - __main__ - INFO - 📊 VIP DB: 1 candidates from events
2026-04-13 04:44:44 +00:00: 2026-04-13 04:44:44,774 - __main__ - INFO - 📡 VIP GraphQL fallback triggered — 1 DB candidates < 10
2026-04-13 04:44:45 +00:00: 2026-04-13 04:44:45,482 - __main__ - INFO - 📡 GraphQL timeline @CS2News_EN: 20 tweets, status=200
2026-04-13 04:44:45 +00:00: 2026-04-13 04:44:45,482 - __main__ - INFO - 📡 @CS2News_EN: 20 tweets via GraphQL
2026-04-13 04:44:47 +00:00: 2026-04-13 04:44:47,980 - __main__ - INFO - 📡 GraphQL timeline @LiquipediaCS: 20 tweets, status=200
2026-04-13 04:44:47 +00:00: 2026-04-13 04:44:47,983 - __main__ - INFO - 📡 @LiquipediaCS: 20 tweets via GraphQL
2026-04-13 04:44:50 +00:00: 2026-04-13 04:44:50,446 - __main__ - INFO - 📡 GraphQL timeline @BlastPremier: 8 tweets, status=200
2026-04-13 04:44:50 +00:00: 2026-04-13 04:44:50,446 - __main__ - INFO - 📡 @BlastPremier: 8 tweets via GraphQL
2026-04-13 04:44:52 +00:00: 2026-04-13 04:44:52,989 - __main__ - INFO - 📡 GraphQL timeline @Slasher: 20 tweets, status=200
2026-04-13 04:44:52 +00:00: 2026-04-13 04:44:52,989 - __main__ - INFO - 📡 @Slasher: 20 tweets via GraphQL
2026-04-13 04:44:55 +00:00: 2026-04-13 04:44:55,119 - __main__ - INFO - Could not resolve @RichardLewisTV: 200
2026-04-13 04:44:57 +00:00: 2026-04-13 04:44:57,273 - __main__ - INFO - 📡 GraphQL timeline @hltv: 0 tweets, status=200
2026-04-13 04:44:59 +00:00: 2026-04-13 04:44:59,275 - __main__ - INFO - 📊 VIP strategy: 21 total candidates
2026-04-13 04:45:03 +00:00: 2026-04-13 04:45:03,303 - __main__ - INFO - 🎯 Engagement target strategy: 4 candidates
2026-04-13 04:45:04 +00:00: 2026-04-13 04:45:04,494 - __main__ - INFO - 📡 GraphQL timeline @TeamLiquidCS: 20 tweets, status=200
2026-04-13 04:45:04 +00:00: 2026-04-13 04:45:04,495 - __main__ - INFO - 🌐 @TeamLiquidCS: 20 tweets via timeline scrape
2026-04-13 04:45:06 +00:00: 2026-04-13 04:45:06,991 - __main__ - INFO - 📡 GraphQL timeline @Karrigancsgo: 20 tweets, status=200
2026-04-13 04:45:06 +00:00: 2026-04-13 04:45:06,992 - __main__ - INFO - 🌐 @Karrigancsgo: 20 tweets via timeline scrape
2026-04-13 04:45:09 +00:00: 2026-04-13 04:45:09,541 - __main__ - INFO - 📡 GraphQL timeline @Cloud9: 10 tweets, status=200
2026-04-13 04:45:09 +00:00: 2026-04-13 04:45:09,542 - __main__ - INFO - 🌐 @Cloud9: 10 tweets via timeline scrape
2026-04-13 04:45:13 +00:00: 2026-04-13 04:45:13,867 - __main__ - INFO - ✅ Like cycle complete — liked 0 tweets (0/200 today)
2026-04-13 06:15:13 +00:00: 2026-04-13 06:15:13,969 - utils.db_utils - WARNING - ⚠️  DB connection stale — reconnecting…
2026-04-13 06:15:14 +00:00: 2026-04-13 06:15:14,912 - utils.db_utils - INFO - ✅ Reconnected to PostgreSQL
2026-04-13 06:15:15 +00:00: 2026-04-13 06:15:15,222 - __main__ - INFO - 💫 Like cycle starting — 0/200 today, budget: 40
2026-04-13 06:15:16 +00:00: 2026-04-13 06:15:16,153 - __main__ - INFO - 📬 Found 10 of our tweets to check for replies
2026-04-13 06:15:16 +00:00: 2026-04-13 06:15:16,309 - __main__ - INFO - Search 403 — resetting guest token
2026-04-13 06:15:17 +00:00: 2026-04-13 06:15:17,517 - __main__ - INFO - 🔑 Guest token refreshed
2026-04-13 06:15:17 +00:00: 2026-04-13 06:15:17,639 - __main__ - INFO - Search unexpected status: 404
2026-04-13 06:15:18 +00:00: 2026-04-13 06:15:18,767 - __main__ - INFO - Search unexpected status: 404
2026-04-13 06:15:19 +00:00: 2026-04-13 06:15:19,768 - __main__ - INFO - 📬 Reply strategy: 0 candidates
2026-04-13 06:15:21 +00:00: 2026-04-13 06:15:21,160 - __main__ - INFO - 📊 VIP DB: 1 candidates from events
2026-04-13 06:15:21 +00:00: 2026-04-13 06:15:21,160 - __main__ - INFO - 📡 VIP GraphQL fallback triggered — 1 DB candidates < 10
2026-04-13 06:15:21 +00:00: 2026-04-13 06:15:21,480 - __main__ - INFO - 📡 GraphQL timeline @hltv: 0 tweets, status=200
2026-04-13 06:15:24 +00:00: 2026-04-13 06:15:24,205 - __main__ - INFO - 📡 GraphQL timeline @CounterStrike: 20 tweets, status=200
2026-04-13 06:15:24 +00:00: 2026-04-13 06:15:24,206 - __main__ - INFO - 📡 @CounterStrike: 20 tweets via GraphQL
2026-04-13 06:15:26 +00:00: 2026-04-13 06:15:26,915 - __main__ - INFO - 📡 GraphQL timeline @EsportsInsider: 20 tweets, status=200
2026-04-13 06:15:26 +00:00: 2026-04-13 06:15:26,916 - __main__ - INFO - 📡 @EsportsInsider: 20 tweets via GraphQL
2026-04-13 06:15:29 +00:00: 2026-04-13 06:15:29,070 - __main__ - INFO - 📡 GraphQL timeline @Nors3: 0 tweets, status=200
2026-04-13 06:15:31 +00:00: 2026-04-13 06:15:31,214 - __main__ - INFO - Could not resolve @DonHaci: 200
2026-04-13 06:15:33 +00:00: 2026-04-13 06:15:33,949 - __main__ - INFO - 📡 GraphQL timeline @Slasher: 20 tweets, status=200
2026-04-13 06:15:33 +00:00: 2026-04-13 06:15:33,950 - __main__ - INFO - 📡 @Slasher: 20 tweets via GraphQL
2026-04-13 06:15:35 +00:00: 2026-04-13 06:15:35,953 - __main__ - INFO - 📊 VIP strategy: 16 total candidates
2026-04-13 06:15:39 +00:00: 2026-04-13 06:15:39,352 - __main__ - INFO - 🎯 Engagement target strategy: 4 candidates
2026-04-13 06:15:40 +00:00: 2026-04-13 06:15:40,533 - __main__ - INFO - 📡 GraphQL timeline @ESLCS: 20 tweets, status=200
2026-04-13 06:15:40 +00:00: 2026-04-13 06:15:40,533 - __main__ - INFO - 🌐 @ESLCS: 20 tweets via timeline scrape
2026-04-13 06:15:42 +00:00: 2026-04-13 06:15:42,675 - __main__ - INFO - 📡 GraphQL timeline @Brehze: 0 tweets, status=200
2026-04-13 06:15:45 +00:00: 2026-04-13 06:15:45,430 - __main__ - INFO - 📡 GraphQL timeline @EliGE: 20 tweets, status=200
2026-04-13 06:15:45 +00:00: 2026-04-13 06:15:45,431 - __main__ - INFO - 🌐 @EliGE: 20 tweets via timeline scrape
2026-04-13 06:15:48 +00:00: 2026-04-13 06:15:48,979 - __main__ - INFO - ✅ Like cycle complete — liked 0 tweets (0/200 today)
2026-04-13 07:45:49 +00:00: 2026-04-13 07:45:49,069 - utils.db_utils - WARNING - ⚠️  DB connection stale — reconnecting…
2026-04-13 07:45:50 +00:00: 2026-04-13 07:45:50,030 - utils.db_utils - INFO - ✅ Reconnected to PostgreSQL
2026-04-13 07:45:50 +00:00: 2026-04-13 07:45:50,343 - __main__ - INFO - 💫 Like cycle starting — 0/200 today, budget: 40
2026-04-13 07:45:51 +00:00: 2026-04-13 07:45:51,283 - __main__ - INFO - 📬 Found 10 of our tweets to check for replies
2026-04-13 07:45:51 +00:00: 2026-04-13 07:45:51,451 - __main__ - INFO - Search 403 — resetting guest token
2026-04-13 07:45:52 +00:00: 2026-04-13 07:45:52,634 - __main__ - INFO - 🔑 Guest token refreshed
2026-04-13 07:45:52 +00:00: 2026-04-13 07:45:52,766 - __main__ - INFO - Search unexpected status: 404
2026-04-13 07:45:53 +00:00: 2026-04-13 07:45:53,891 - __main__ - INFO - Search unexpected status: 404
2026-04-13 07:45:54 +00:00: 2026-04-13 07:45:54,892 - __main__ - INFO - 📬 Reply strategy: 0 candidates
2026-04-13 07:45:56 +00:00: 2026-04-13 07:45:56,303 - __main__ - INFO - 📊 VIP DB: 1 candidates from events
2026-04-13 07:45:56 +00:00: 2026-04-13 07:45:56,304 - __main__ - INFO - 📡 VIP GraphQL fallback triggered — 1 DB candidates < 10
2026-04-13 07:45:56 +00:00: 2026-04-13 07:45:56,998 - __main__ - INFO - 📡 GraphQL timeline @BlastPremier: 8 tweets, status=200
2026-04-13 07:45:56 +00:00: 2026-04-13 07:45:56,999 - __main__ - INFO - 📡 @BlastPremier: 8 tweets via GraphQL
2026-04-13 07:45:59 +00:00: 2026-04-13 07:45:59,660 - __main__ - INFO - 📡 GraphQL timeline @EsportsInsider: 20 tweets, status=200
2026-04-13 07:45:59 +00:00: 2026-04-13 07:45:59,660 - __main__ - INFO - 📡 @EsportsInsider: 20 tweets via GraphQL
2026-04-13 07:46:02 +00:00: 2026-04-13 07:46:02,430 - __main__ - INFO - 📡 GraphQL timeline @CounterStrike: 20 tweets, status=200
2026-04-13 07:46:02 +00:00: 2026-04-13 07:46:02,431 - __main__ - INFO - 📡 @CounterStrike: 20 tweets via GraphQL
2026-04-13 07:46:04 +00:00: 2026-04-13 07:46:04,574 - __main__ - INFO - 📡 GraphQL timeline @ABORCS: 0 tweets, status=200
2026-04-13 07:46:06 +00:00: 2026-04-13 07:46:06,739 - __main__ - INFO - Could not resolve @DonHaci: 200
2026-04-13 07:46:08 +00:00: 2026-04-13 07:46:08,898 - __main__ - INFO - 📡 GraphQL timeline @Nors3: 0 tweets, status=200
2026-04-13 07:46:10 +00:00: 2026-04-13 07:46:10,900 - __main__ - INFO - 📊 VIP strategy: 16 total candidates
2026-04-13 07:46:14 +00:00: 2026-04-13 07:46:14,190 - __main__ - INFO - 🎯 Engagement target strategy: 4 candidates
2026-04-13 07:46:14 +00:00: 2026-04-13 07:46:14,971 - __main__ - INFO - 📡 GraphQL timeline @PGL_Esports: 0 tweets, status=200
2026-04-13 07:46:17 +00:00: 2026-04-13 07:46:17,704 - __main__ - INFO - 📡 GraphQL timeline @Twistzz: 20 tweets, status=200
2026-04-13 07:46:17 +00:00: 2026-04-13 07:46:17,705 - __main__ - INFO - 🌐 @Twistzz: 20 tweets via timeline scrape
2026-04-13 07:46:20 +00:00: 2026-04-13 07:46:20,439 - __main__ - INFO - 📡 GraphQL timeline @TeamLiquidCS: 20 tweets, status=200
2026-04-13 07:46:20 +00:00: 2026-04-13 07:46:20,439 - __main__ - INFO - 🌐 @TeamLiquidCS: 20 tweets via timeline scrape
2026-04-13 07:46:24 +00:00: 2026-04-13 07:46:24,007 - __main__ - INFO - ✅ Like cycle complete — liked 0 tweets (0/200 today)
2026-04-13 09:16:24 +00:00: 2026-04-13 09:16:24,109 - utils.db_utils - WARNING - ⚠️  DB connection stale — reconnecting…
2026-04-13 09:16:25 +00:00: 2026-04-13 09:16:25,103 - utils.db_utils - INFO - ✅ Reconnected to PostgreSQL
2026-04-13 09:16:25 +00:00: 2026-04-13 09:16:25,429 - __main__ - INFO - 💫 Like cycle starting — 0/200 today, budget: 40
2026-04-13 09:16:26 +00:00: 2026-04-13 09:16:26,409 - __main__ - INFO - 📬 Found 10 of our tweets to check for replies
2026-04-13 09:16:26 +00:00: 2026-04-13 09:16:26,570 - __main__ - INFO - Search 403 — resetting guest token
2026-04-13 09:16:27 +00:00: 2026-04-13 09:16:27,755 - __main__ - INFO - 🔑 Guest token refreshed
2026-04-13 09:16:27 +00:00: 2026-04-13 09:16:27,876 - __main__ - INFO - Search unexpected status: 404
2026-04-13 09:16:29 +00:00: 2026-04-13 09:16:29,001 - __main__ - INFO - Search unexpected status: 404
2026-04-13 09:16:30 +00:00: 2026-04-13 09:16:30,002 - __main__ - INFO - 📬 Reply strategy: 0 candidates
2026-04-13 09:16:31 +00:00: 2026-04-13 09:16:31,472 - __main__ - INFO - 📊 VIP DB: 1 candidates from events
2026-04-13 09:16:31 +00:00: 2026-04-13 09:16:31,473 - __main__ - INFO - 📡 VIP GraphQL fallback triggered — 1 DB candidates < 10
2026-04-13 09:16:32 +00:00: 2026-04-13 09:16:32,094 - __main__ - INFO - 📡 GraphQL timeline @BlastPremier: 8 tweets, status=200
2026-04-13 09:16:32 +00:00: 2026-04-13 09:16:32,094 - __main__ - INFO - 📡 @BlastPremier: 8 tweets via GraphQL
2026-04-13 09:16:34 +00:00: 2026-04-13 09:16:34,631 - __main__ - INFO - 📡 GraphQL timeline @CounterStrike: 20 tweets, status=200
2026-04-13 09:16:34 +00:00: 2026-04-13 09:16:34,632 - __main__ - INFO - 📡 @CounterStrike: 20 tweets via GraphQL
2026-04-13 09:16:37 +00:00: 2026-04-13 09:16:37,188 - __main__ - INFO - 📡 GraphQL timeline @EsportsInsider: 20 tweets, status=200
2026-04-13 09:16:37 +00:00: 2026-04-13 09:16:37,189 - __main__ - INFO - 📡 @EsportsInsider: 20 tweets via GraphQL
2026-04-13 09:16:39 +00:00: 2026-04-13 09:16:39,670 - __main__ - INFO - 📡 GraphQL timeline @Slasher: 20 tweets, status=200
2026-04-13 09:16:39 +00:00: 2026-04-13 09:16:39,670 - __main__ - INFO - 📡 @Slasher: 20 tweets via GraphQL
2026-04-13 09:16:41 +00:00: 2026-04-13 09:16:41,821 - __main__ - INFO - Could not resolve @DonHaci: 200
2026-04-13 09:16:44 +00:00: 2026-04-13 09:16:44,286 - __main__ - INFO - 📡 GraphQL timeline @LiquipediaCS: 20 tweets, status=200
2026-04-13 09:16:44 +00:00: 2026-04-13 09:16:44,286 - __main__ - INFO - 📡 @LiquipediaCS: 20 tweets via GraphQL
2026-04-13 09:16:46 +00:00: 2026-04-13 09:16:46,289 - __main__ - INFO - 📊 VIP strategy: 26 total candidates
2026-04-13 09:16:51 +00:00: 2026-04-13 09:16:51,349 - __main__ - INFO - 🎯 Engagement target strategy: 4 candidates
2026-04-13 09:16:52 +00:00: 2026-04-13 09:16:52,491 - __main__ - INFO - 📡 GraphQL timeline @ESLCS: 20 tweets, status=200
2026-04-13 09:16:52 +00:00: 2026-04-13 09:16:52,491 - __main__ - INFO - 🌐 @ESLCS: 20 tweets via timeline scrape
2026-04-13 09:16:55 +00:00: 2026-04-13 09:16:55,019 - __main__ - INFO - 📡 GraphQL timeline @Complexity: 11 tweets, status=200
2026-04-13 09:16:55 +00:00: 2026-04-13 09:16:55,020 - __main__ - INFO - 🌐 @Complexity: 11 tweets via timeline scrape
2026-04-13 09:16:57 +00:00: 2026-04-13 09:16:57,153 - __main__ - INFO - Could not resolve @LOABORVRE_CS2: 200
2026-04-13 09:17:00 +00:00: 2026-04-13 09:17:00,821 - __main__ - INFO - ✅ Like cycle complete — liked 0 tweets (0/200 today)
2026-04-13 10:47:00 +00:00: 2026-04-13 10:47:00,924 - utils.db_utils - WARNING - ⚠️  DB connection stale — reconnecting…
2026-04-13 10:47:01 +00:00: 2026-04-13 10:47:01,996 - utils.db_utils - INFO - ✅ Reconnected to PostgreSQL
2026-04-13 10:47:02 +00:00: 2026-04-13 10:47:02,330 - __main__ - INFO - 💫 Like cycle starting — 0/200 today, budget: 40
2026-04-13 10:47:03 +00:00: 2026-04-13 10:47:03,325 - __main__ - INFO - 📬 Found 10 of our tweets to check for replies
2026-04-13 10:47:03 +00:00: 2026-04-13 10:47:03,572 - __main__ - INFO - Search 403 — resetting guest token
2026-04-13 10:47:04 +00:00: 2026-04-13 10:47:04,734 - __main__ - INFO - 🔑 Guest token refreshed
2026-04-13 10:47:04 +00:00: 2026-04-13 10:47:04,846 - __main__ - INFO - Search unexpected status: 404
2026-04-13 10:47:05 +00:00: 2026-04-13 10:47:05,959 - __main__ - INFO - Search unexpected status: 404
2026-04-13 10:47:06 +00:00: 2026-04-13 10:47:06,961 - __main__ - INFO - 📬 Reply strategy: 0 candidates
2026-04-13 10:47:08 +00:00: 2026-04-13 10:47:08,496 - __main__ - INFO - 📊 VIP DB: 1 candidates from events
2026-04-13 10:47:08 +00:00: 2026-04-13 10:47:08,496 - __main__ - INFO - 📡 VIP GraphQL fallback triggered — 1 DB candidates < 10
2026-04-13 10:47:09 +00:00: 2026-04-13 10:47:09,168 - __main__ - INFO - 📡 GraphQL timeline @EsportsInsider: 20 tweets, status=200
2026-04-13 10:47:09 +00:00: 2026-04-13 10:47:09,169 - __main__ - INFO - 📡 @EsportsInsider: 20 tweets via GraphQL
2026-04-13 10:47:11 +00:00: 2026-04-13 10:47:11,301 - __main__ - INFO - 📡 GraphQL timeline @ABORCS: 0 tweets, status=200
2026-04-13 10:47:13 +00:00: 2026-04-13 10:47:13,885 - __main__ - INFO - 📡 GraphQL timeline @CounterStrike: 20 tweets, status=200
2026-04-13 10:47:13 +00:00: 2026-04-13 10:47:13,885 - __main__ - INFO - 📡 @CounterStrike: 20 tweets via GraphQL
2026-04-13 10:47:16 +00:00: 2026-04-13 10:47:16,372 - __main__ - INFO - 📡 GraphQL timeline @CS2News_EN: 20 tweets, status=200
2026-04-13 10:47:16 +00:00: 2026-04-13 10:47:16,373 - __main__ - INFO - 📡 @CS2News_EN: 20 tweets via GraphQL
2026-04-13 10:47:18 +00:00: 2026-04-13 10:47:18,527 - __main__ - INFO - 📡 GraphQL timeline @hltv: 0 tweets, status=200
2026-04-13 10:47:21 +00:00: 2026-04-13 10:47:21,053 - __main__ - INFO - 📡 GraphQL timeline @Slasher: 20 tweets, status=200
2026-04-13 10:47:21 +00:00: 2026-04-13 10:47:21,054 - __main__ - INFO - 📡 @Slasher: 20 tweets via GraphQL
2026-04-13 10:47:23 +00:00: 2026-04-13 10:47:23,055 - __main__ - INFO - 📊 VIP strategy: 21 total candidates
2026-04-13 10:47:29 +00:00: 2026-04-13 10:47:29,296 - __main__ - INFO - 🎯 Engagement target strategy: 4 candidates
2026-04-13 10:47:31 +00:00: 2026-04-13 10:47:31,232 - __main__ - INFO - 📡 GraphQL timeline @Complexity: 11 tweets, status=200
2026-04-13 10:47:31 +00:00: 2026-04-13 10:47:31,232 - __main__ - INFO - 🌐 @Complexity: 11 tweets via timeline scrape
2026-04-13 10:47:33 +00:00: 2026-04-13 10:47:33,801 - __main__ - INFO - 📡 GraphQL timeline @EliGE: 20 tweets, status=200
2026-04-13 10:47:33 +00:00: 2026-04-13 10:47:33,802 - __main__ - INFO - 🌐 @EliGE: 20 tweets via timeline scrape
2026-04-13 10:47:36 +00:00: 2026-04-13 10:47:36,329 - __main__ - INFO - 📡 GraphQL timeline @Karrigancsgo: 20 tweets, status=200
2026-04-13 10:47:36 +00:00: 2026-04-13 10:47:36,330 - __main__ - INFO - 🌐 @Karrigancsgo: 20 tweets via timeline scrape
2026-04-13 10:47:40 +00:00: 2026-04-13 10:47:40,829 - __main__ - INFO - ✅ Like cycle complete — liked 0 tweets (0/200 today)
2026-04-13 12:17:40 +00:00: 2026-04-13 12:17:40,931 - utils.db_utils - WARNING - ⚠️  DB connection stale — reconnecting…
2026-04-13 12:17:41 +00:00: 2026-04-13 12:17:41,893 - utils.db_utils - INFO - ✅ Reconnected to PostgreSQL
2026-04-13 12:17:42 +00:00: 2026-04-13 12:17:42,209 - __main__ - INFO - 💫 Like cycle starting — 0/200 today, budget: 40
2026-04-13 12:17:43 +00:00: 2026-04-13 12:17:43,157 - __main__ - INFO - 📬 Found 10 of our tweets to check for replies
2026-04-13 12:17:43 +00:00: 2026-04-13 12:17:43,300 - __main__ - INFO - Search 403 — resetting guest token
2026-04-13 12:17:44 +00:00: 2026-04-13 12:17:44,487 - __main__ - INFO - 🔑 Guest token refreshed
2026-04-13 12:17:44 +00:00: 2026-04-13 12:17:44,607 - __main__ - INFO - Search unexpected status: 404
2026-04-13 12:17:45 +00:00: 2026-04-13 12:17:45,723 - __main__ - INFO - Search unexpected status: 404
2026-04-13 12:17:46 +00:00: 2026-04-13 12:17:46,724 - __main__ - INFO - 📬 Reply strategy: 0 candidates
2026-04-13 12:17:48 +00:00: 2026-04-13 12:17:48,146 - __main__ - INFO - 📊 VIP DB: 1 candidates from events
2026-04-13 12:17:48 +00:00: 2026-04-13 12:17:48,146 - __main__ - INFO - 📡 VIP GraphQL fallback triggered — 1 DB candidates < 10
2026-04-13 12:17:48 +00:00: 2026-04-13 12:17:48,443 - __main__ - INFO - 📡 GraphQL timeline @ABORCS: 0 tweets, status=200
2026-04-13 12:17:50 +00:00: 2026-04-13 12:17:50,989 - __main__ - INFO - 📡 GraphQL timeline @Slasher: 20 tweets, status=200
2026-04-13 12:17:50 +00:00: 2026-04-13 12:17:50,990 - __main__ - INFO - 📡 @Slasher: 20 tweets via GraphQL
2026-04-13 12:17:53 +00:00: 2026-04-13 12:17:53,609 - __main__ - INFO - 📡 GraphQL timeline @CounterStrike: 20 tweets, status=200
2026-04-13 12:17:53 +00:00: 2026-04-13 12:17:53,610 - __main__ - INFO - 📡 @CounterStrike: 20 tweets via GraphQL
2026-04-13 12:17:56 +00:00: 2026-04-13 12:17:56,054 - __main__ - INFO - 📡 GraphQL timeline @BlastPremier: 8 tweets, status=200
2026-04-13 12:17:56 +00:00: 2026-04-13 12:17:56,055 - __main__ - INFO - 📡 @BlastPremier: 8 tweets via GraphQL
2026-04-13 12:17:58 +00:00: 2026-04-13 12:17:58,819 - __main__ - INFO - 📡 GraphQL timeline @EsportsInsider: 20 tweets, status=200
2026-04-13 12:17:58 +00:00: 2026-04-13 12:17:58,820 - __main__ - INFO - 📡 @EsportsInsider: 20 tweets via GraphQL
2026-04-13 12:18:01 +00:00: 2026-04-13 12:18:01,470 - __main__ - INFO - 📡 GraphQL timeline @Dust2us: 20 tweets, status=200
2026-04-13 12:18:01 +00:00: 2026-04-13 12:18:01,470 - __main__ - INFO - 📡 @Dust2us: 20 tweets via GraphQL
2026-04-13 12:18:03 +00:00: 2026-04-13 12:18:03,473 - __main__ - INFO - 📊 VIP strategy: 26 total candidates
2026-04-13 12:18:07 +00:00: 2026-04-13 12:18:07,176 - __main__ - INFO - ❤️  Liked tweet 204363319171444... by @BLASTPremier (vip_timeline)
2026-04-13 12:18:13 +00:00: 2026-04-13 12:18:13,982 - __main__ - INFO - 🎯 Engagement target strategy: 4 candidates
2026-04-13 12:18:15 +00:00: 2026-04-13 12:18:15,206 - __main__ - INFO - 📡 GraphQL timeline @FACEIT: 0 tweets, status=200
2026-04-13 12:18:17 +00:00: 2026-04-13 12:18:17,801 - __main__ - INFO - 📡 GraphQL timeline @Complexity: 11 tweets, status=200
2026-04-13 12:18:17 +00:00: 2026-04-13 12:18:17,802 - __main__ - INFO - 🌐 @Complexity: 11 tweets via timeline scrape
2026-04-13 12:18:20 +00:00: 2026-04-13 12:18:20,381 - __main__ - INFO - 📡 GraphQL timeline @BIGCLANgg: 12 tweets, status=200
2026-04-13 12:18:20 +00:00: 2026-04-13 12:18:20,381 - __main__ - INFO - 🌐 @BIGCLANgg: 12 tweets via timeline scrape
2026-04-13 12:18:23 +00:00: 2026-04-13 12:18:23,965 - __main__ - INFO - ✅ Like cycle complete — liked 1 tweets (1/200 today)
2026-04-13 13:48:24 +00:00: 2026-04-13 13:48:24,057 - utils.db_utils - WARNING - ⚠️  DB connection stale — reconnecting…
2026-04-13 13:48:24 +00:00: 2026-04-13 13:48:24,996 - utils.db_utils - INFO - ✅ Reconnected to PostgreSQL
2026-04-13 13:48:25 +00:00: 2026-04-13 13:48:25,306 - __main__ - INFO - 💫 Like cycle starting — 1/200 today, budget: 40
2026-04-13 13:48:26 +00:00: 2026-04-13 13:48:26,234 - __main__ - INFO - 📬 Found 10 of our tweets to check for replies
2026-04-13 13:48:26 +00:00: 2026-04-13 13:48:26,403 - __main__ - INFO - Search 403 — resetting guest token
2026-04-13 13:48:27 +00:00: 2026-04-13 13:48:27,602 - __main__ - INFO - 🔑 Guest token refreshed
2026-04-13 13:48:27 +00:00: 2026-04-13 13:48:27,731 - __main__ - INFO - Search unexpected status: 404
2026-04-13 13:48:28 +00:00: 2026-04-13 13:48:28,860 - __main__ - INFO - Search unexpected status: 404
2026-04-13 13:48:29 +00:00: 2026-04-13 13:48:29,861 - __main__ - INFO - 📬 Reply strategy: 0 candidates
2026-04-13 13:48:31 +00:00: 2026-04-13 13:48:31,253 - __main__ - INFO - 📊 VIP DB: 1 candidates from events
2026-04-13 13:48:31 +00:00: 2026-04-13 13:48:31,253 - __main__ - INFO - 📡 VIP GraphQL fallback triggered — 1 DB candidates < 10
2026-04-13 13:48:31 +00:00: 2026-04-13 13:48:31,905 - __main__ - INFO - 📡 GraphQL timeline @BlastPremier: 8 tweets, status=200
2026-04-13 13:48:31 +00:00: 2026-04-13 13:48:31,905 - __main__ - INFO - 📡 @BlastPremier: 8 tweets via GraphQL
2026-04-13 13:48:34 +00:00: 2026-04-13 13:48:34,044 - __main__ - INFO - Could not resolve @RichardLewisTV: 200
2026-04-13 13:48:36 +00:00: 2026-04-13 13:48:36,666 - __main__ - INFO - 📡 GraphQL timeline @Dust2us: 20 tweets, status=200
2026-04-13 13:48:36 +00:00: 2026-04-13 13:48:36,667 - __main__ - INFO - 📡 @Dust2us: 20 tweets via GraphQL
2026-04-13 13:48:39 +00:00: 2026-04-13 13:48:39,226 - __main__ - INFO - 📡 GraphQL timeline @Slasher: 20 tweets, status=200
2026-04-13 13:48:39 +00:00: 2026-04-13 13:48:39,226 - __main__ - INFO - 📡 @Slasher: 20 tweets via GraphQL
2026-04-13 13:48:41 +00:00: 2026-04-13 13:48:41,873 - __main__ - INFO - 📡 GraphQL timeline @RazedEsport: 20 tweets, status=200
2026-04-13 13:48:41 +00:00: 2026-04-13 13:48:41,874 - __main__ - INFO - 📡 @RazedEsport: 20 tweets via GraphQL
2026-04-13 13:48:44 +00:00: 2026-04-13 13:48:44,465 - __main__ - INFO - 📡 GraphQL timeline @CounterStrike: 20 tweets, status=200
2026-04-13 13:48:44 +00:00: 2026-04-13 13:48:44,465 - __main__ - INFO - 📡 @CounterStrike: 20 tweets via GraphQL
2026-04-13 13:48:46 +00:00: 2026-04-13 13:48:46,467 - __main__ - INFO - 📊 VIP strategy: 26 total candidates
2026-04-13 13:48:51 +00:00: 2026-04-13 13:48:51,253 - __main__ - INFO - 🎯 Engagement target strategy: 4 candidates
2026-04-13 13:48:52 +00:00: 2026-04-13 13:48:52,449 - __main__ - INFO - 📡 GraphQL timeline @Cloud9: 10 tweets, status=200
2026-04-13 13:48:52 +00:00: 2026-04-13 13:48:52,449 - __main__ - INFO - 🌐 @Cloud9: 10 tweets via timeline scrape
2026-04-13 13:48:55 +00:00: 2026-04-13 13:48:55,031 - __main__ - INFO - 📡 GraphQL timeline @FACEIT: 0 tweets, status=200
2026-04-13 13:48:57 +00:00: 2026-04-13 13:48:57,539 - __main__ - INFO - 📡 GraphQL timeline @OGesports: 20 tweets, status=200
2026-04-13 13:48:57 +00:00: 2026-04-13 13:48:57,540 - __main__ - INFO - 🌐 @OGesports: 20 tweets via timeline scrape
2026-04-13 13:49:01 +00:00: 2026-04-13 13:49:01,087 - __main__ - INFO - ✅ Like cycle complete — liked 0 tweets (1/200 today)
2026-04-13 15:19:01 +00:00: 2026-04-13 15:19:01,182 - utils.db_utils - WARNING - ⚠️  DB connection stale — reconnecting…
2026-04-13 15:19:02 +00:00: 2026-04-13 15:19:02,123 - utils.db_utils - INFO - ✅ Reconnected to PostgreSQL
2026-04-13 15:19:02 +00:00: 2026-04-13 15:19:02,430 - __main__ - INFO - 💫 Like cycle starting — 1/200 today, budget: 40
2026-04-13 15:19:03 +00:00: 2026-04-13 15:19:03,348 - __main__ - INFO - 📬 Found 10 of our tweets to check for replies
2026-04-13 15:19:03 +00:00: 2026-04-13 15:19:03,505 - __main__ - INFO - Search 403 — resetting guest token
2026-04-13 15:19:04 +00:00: 2026-04-13 15:19:04,689 - __main__ - INFO - 🔑 Guest token refreshed
2026-04-13 15:19:04 +00:00: 2026-04-13 15:19:04,807 - __main__ - INFO - Search unexpected status: 404
2026-04-13 15:19:05 +00:00: 2026-04-13 15:19:05,927 - __main__ - INFO - Search unexpected status: 404
2026-04-13 15:19:06 +00:00: 2026-04-13 15:19:06,928 - __main__ - INFO - 📬 Reply strategy: 0 candidates
2026-04-13 15:19:08 +00:00: 2026-04-13 15:19:08,305 - __main__ - INFO - 📊 VIP DB: 1 candidates from events
2026-04-13 15:19:08 +00:00: 2026-04-13 15:19:08,305 - __main__ - INFO - 📡 VIP GraphQL fallback triggered — 1 DB candidates < 10
2026-04-13 15:19:08 +00:00: 2026-04-13 15:19:08,932 - __main__ - INFO - 📡 GraphQL timeline @BlastPremier: 8 tweets, status=200
2026-04-13 15:19:08 +00:00: 2026-04-13 15:19:08,933 - __main__ - INFO - 📡 @BlastPremier: 8 tweets via GraphQL
2026-04-13 15:19:11 +00:00: 2026-04-13 15:19:11,108 - __main__ - INFO - 📡 GraphQL timeline @hltv: 0 tweets, status=200
2026-04-13 15:19:13 +00:00: 2026-04-13 15:19:13,658 - __main__ - INFO - 📡 GraphQL timeline @Slasher: 20 tweets, status=200
2026-04-13 15:19:13 +00:00: 2026-04-13 15:19:13,659 - __main__ - INFO - 📡 @Slasher: 20 tweets via GraphQL
2026-04-13 15:19:16 +00:00: 2026-04-13 15:19:16,235 - __main__ - INFO - 📡 GraphQL timeline @EsportsInsider: 20 tweets, status=200
2026-04-13 15:19:16 +00:00: 2026-04-13 15:19:16,236 - __main__ - INFO - 📡 @EsportsInsider: 20 tweets via GraphQL
2026-04-13 15:19:19 +00:00: 2026-04-13 15:19:19,080 - __main__ - INFO - 📡 GraphQL timeline @Dust2us: 20 tweets, status=200
2026-04-13 15:19:19 +00:00: 2026-04-13 15:19:19,081 - __main__ - INFO - 📡 @Dust2us: 20 tweets via GraphQL
2026-04-13 15:19:21 +00:00: 2026-04-13 15:19:21,822 - __main__ - INFO - 📡 GraphQL timeline @RazedEsport: 20 tweets, status=200
2026-04-13 15:19:21 +00:00: 2026-04-13 15:19:21,823 - __main__ - INFO - 📡 @RazedEsport: 20 tweets via GraphQL
2026-04-13 15:19:23 +00:00: 2026-04-13 15:19:23,825 - __main__ - INFO - 📊 VIP strategy: 26 total candidates
2026-04-13 15:19:28 +00:00: 2026-04-13 15:19:28,576 - __main__ - INFO - 🎯 Engagement target strategy: 4 candidates
2026-04-13 15:19:29 +00:00: 2026-04-13 15:19:29,333 - __main__ - INFO - 📡 GraphQL timeline @rainCS: 0 tweets, status=200
2026-04-13 15:19:31 +00:00: 2026-04-13 15:19:31,955 - __main__ - INFO - 📡 GraphQL timeline @Twistzz: 20 tweets, status=200
2026-04-13 15:19:31 +00:00: 2026-04-13 15:19:31,956 - __main__ - INFO - 🌐 @Twistzz: 20 tweets via timeline scrape
2026-04-13 15:19:34 +00:00: 2026-04-13 15:19:34,479 - __main__ - INFO - 📡 GraphQL timeline @TeamLiquidCS: 20 tweets, status=200
2026-04-13 15:19:34 +00:00: 2026-04-13 15:19:34,480 - __main__ - INFO - 🌐 @TeamLiquidCS: 20 tweets via timeline scrape
2026-04-13 15:19:38 +00:00: 2026-04-13 15:19:38,013 - __main__ - INFO - ✅ Like cycle complete — liked 0 tweets (1/200 today)
2026-04-13 16:04:38 +00:00: 2026-04-13 16:04:38,086 - utils.db_utils - WARNING - ⚠️  DB connection stale — reconnecting…
2026-04-13 16:04:39 +00:00: 2026-04-13 16:04:39,120 - utils.db_utils - INFO - ✅ Reconnected to PostgreSQL
2026-04-13 16:04:39 +00:00: 2026-04-13 16:04:39,427 - __main__ - INFO - 💫 Like cycle starting — 1/200 today, budget: 40
2026-04-13 16:04:40 +00:00: 2026-04-13 16:04:40,344 - __main__ - INFO - 📬 Found 10 of our tweets to check for replies
2026-04-13 16:04:40 +00:00: 2026-04-13 16:04:40,476 - __main__ - INFO - Search unexpected status: 404
2026-04-13 16:04:41 +00:00: 2026-04-13 16:04:41,591 - __main__ - INFO - Search unexpected status: 404
2026-04-13 16:04:42 +00:00: 2026-04-13 16:04:42,705 - __main__ - INFO - Search unexpected status: 404
2026-04-13 16:04:43 +00:00: 2026-04-13 16:04:43,707 - __main__ - INFO - 📬 Reply strategy: 0 candidates
2026-04-13 16:04:45 +00:00: 2026-04-13 16:04:45,082 - __main__ - INFO - 📊 VIP DB: 1 candidates from events
2026-04-13 16:04:45 +00:00: 2026-04-13 16:04:45,082 - __main__ - INFO - 📡 VIP GraphQL fallback triggered — 1 DB candidates < 10
2026-04-13 16:04:45 +00:00: 2026-04-13 16:04:45,758 - __main__ - INFO - 📡 GraphQL timeline @EsportsInsider: 20 tweets, status=200
2026-04-13 16:04:45 +00:00: 2026-04-13 16:04:45,759 - __main__ - INFO - 📡 @EsportsInsider: 20 tweets via GraphQL
2026-04-13 16:04:48 +00:00: 2026-04-13 16:04:48,329 - __main__ - INFO - 📡 GraphQL timeline @CounterStrike: 20 tweets, status=200
2026-04-13 16:04:48 +00:00: 2026-04-13 16:04:48,330 - __main__ - INFO - 📡 @CounterStrike: 20 tweets via GraphQL
2026-04-13 16:04:50 +00:00: 2026-04-13 16:04:50,896 - __main__ - INFO - 📡 GraphQL timeline @Slasher: 20 tweets, status=200
2026-04-13 16:04:50 +00:00: 2026-04-13 16:04:50,897 - __main__ - INFO - 📡 @Slasher: 20 tweets via GraphQL
2026-04-13 16:04:53 +00:00: 2026-04-13 16:04:53,444 - __main__ - INFO - 📡 GraphQL timeline @LiquipediaCS: 20 tweets, status=200
2026-04-13 16:04:53 +00:00: 2026-04-13 16:04:53,445 - __main__ - INFO - 📡 @LiquipediaCS: 20 tweets via GraphQL
2026-04-13 16:04:55 +00:00: 2026-04-13 16:04:55,963 - __main__ - INFO - 📡 GraphQL timeline @CS2News_EN: 20 tweets, status=200
2026-04-13 16:04:55 +00:00: 2026-04-13 16:04:55,964 - __main__ - INFO - 📡 @CS2News_EN: 20 tweets via GraphQL
2026-04-13 16:04:58 +00:00: 2026-04-13 16:04:58,093 - __main__ - INFO - 📡 GraphQL timeline @ABORCS: 0 tweets, status=200
2026-04-13 16:05:00 +00:00: 2026-04-13 16:05:00,095 - __main__ - INFO - 📊 VIP strategy: 26 total candidates
2026-04-13 16:05:04 +00:00: 2026-04-13 16:05:04,982 - __main__ - INFO - 🎯 Engagement target strategy: 4 candidates
2026-04-13 16:05:05 +00:00: 2026-04-13 16:05:05,726 - __main__ - INFO - Could not resolve @gaborcsgo: 200
2026-04-13 16:05:08 +00:00: 2026-04-13 16:05:08,300 - __main__ - INFO - 📡 GraphQL timeline @Cloud9: 10 tweets, status=200
2026-04-13 16:05:08 +00:00: 2026-04-13 16:05:08,300 - __main__ - INFO - 🌐 @Cloud9: 10 tweets via timeline scrape
2026-04-13 16:05:10 +00:00: 2026-04-13 16:05:10,866 - __main__ - INFO - 📡 GraphQL timeline @BIGCLANgg: 10 tweets, status=200
2026-04-13 16:05:10 +00:00: 2026-04-13 16:05:10,866 - __main__ - INFO - 🌐 @BIGCLANgg: 10 tweets via timeline scrape
2026-04-13 16:05:14 +00:00: 2026-04-13 16:05:14,396 - __main__ - INFO - ✅ Like cycle complete — liked 0 tweets (1/200 today)
2026-04-13 16:50:14 +00:00: 2026-04-13 16:50:14,446 - utils.db_utils - WARNING - ⚠️  DB connection stale — reconnecting…
2026-04-13 16:50:15 +00:00: 2026-04-13 16:50:15,445 - utils.db_utils - INFO - ✅ Reconnected to PostgreSQL
2026-04-13 16:50:15 +00:00: 2026-04-13 16:50:15,755 - __main__ - INFO - 💫 Like cycle starting — 1/200 today, budget: 40
2026-04-13 16:50:16 +00:00: 2026-04-13 16:50:16,686 - __main__ - INFO - 📬 Found 10 of our tweets to check for replies
2026-04-13 16:50:16 +00:00: 2026-04-13 16:50:16,849 - __main__ - INFO - Search unexpected status: 404
2026-04-13 16:50:17 +00:00: 2026-04-13 16:50:17,972 - __main__ - INFO - Search unexpected status: 404
2026-04-13 16:50:19 +00:00: 2026-04-13 16:50:19,100 - __main__ - INFO - Search unexpected status: 404
2026-04-13 16:50:20 +00:00: 2026-04-13 16:50:20,101 - __main__ - INFO - 📬 Reply strategy: 0 candidates
2026-04-13 16:50:21 +00:00: 2026-04-13 16:50:21,495 - __main__ - INFO - 📊 VIP DB: 1 candidates from events
2026-04-13 16:50:21 +00:00: 2026-04-13 16:50:21,495 - __main__ - INFO - 📡 VIP GraphQL fallback triggered — 1 DB candidates < 10
2026-04-13 16:50:22 +00:00: 2026-04-13 16:50:22,218 - __main__ - INFO - 📡 GraphQL timeline @EsportsInsider: 20 tweets, status=200
2026-04-13 16:50:22 +00:00: 2026-04-13 16:50:22,219 - __main__ - INFO - 📡 @EsportsInsider: 20 tweets via GraphQL
2026-04-13 16:50:25 +00:00: 2026-04-13 16:50:25,129 - __main__ - INFO - 📡 GraphQL timeline @Dust2us: 20 tweets, status=200
2026-04-13 16:50:25 +00:00: 2026-04-13 16:50:25,130 - __main__ - INFO - 📡 @Dust2us: 20 tweets via GraphQL
2026-04-13 16:50:27 +00:00: 2026-04-13 16:50:27,794 - __main__ - INFO - 📡 GraphQL timeline @RazedEsport: 20 tweets, status=200
2026-04-13 16:50:27 +00:00: 2026-04-13 16:50:27,795 - __main__ - INFO - 📡 @RazedEsport: 20 tweets via GraphQL
2026-04-13 16:50:30 +00:00: 2026-04-13 16:50:30,413 - __main__ - INFO - 📡 GraphQL timeline @CounterStrike: 20 tweets, status=200
2026-04-13 16:50:30 +00:00: 2026-04-13 16:50:30,414 - __main__ - INFO - 📡 @CounterStrike: 20 tweets via GraphQL
2026-04-13 16:50:32 +00:00: 2026-04-13 16:50:32,985 - __main__ - INFO - 📡 GraphQL timeline @Slasher: 20 tweets, status=200
2026-04-13 16:50:32 +00:00: 2026-04-13 16:50:32,986 - __main__ - INFO - 📡 @Slasher: 20 tweets via GraphQL
2026-04-13 16:50:35 +00:00: 2026-04-13 16:50:35,489 - __main__ - INFO - 📡 GraphQL timeline @BlastPremier: 8 tweets, status=200
2026-04-13 16:50:35 +00:00: 2026-04-13 16:50:35,490 - __main__ - INFO - 📡 @BlastPremier: 8 tweets via GraphQL
2026-04-13 16:50:37 +00:00: 2026-04-13 16:50:37,492 - __main__ - INFO - 📊 VIP strategy: 31 total candidates
2026-04-13 16:50:43 +00:00: 2026-04-13 16:50:43,073 - __main__ - INFO - 🎯 Engagement target strategy: 4 candidates
2026-04-13 16:50:44 +00:00: 2026-04-13 16:50:44,312 - __main__ - INFO - 📡 GraphQL timeline @Karrigancsgo: 20 tweets, status=200
2026-04-13 16:50:44 +00:00: 2026-04-13 16:50:44,313 - __main__ - INFO - 🌐 @Karrigancsgo: 20 tweets via timeline scrape
2026-04-13 16:50:46 +00:00: 2026-04-13 16:50:46,471 - __main__ - INFO - 📡 GraphQL timeline @PGL_Esports: 0 tweets, status=200
2026-04-13 16:50:49 +00:00: 2026-04-13 16:50:49,063 - __main__ - INFO - 📡 GraphQL timeline @Twistzz: 20 tweets, status=200
2026-04-13 16:50:49 +00:00: 2026-04-13 16:50:49,064 - __main__ - INFO - 🌐 @Twistzz: 20 tweets via timeline scrape
2026-04-13 16:50:52 +00:00: 2026-04-13 16:50:52,615 - __main__ - INFO - ✅ Like cycle complete — liked 0 tweets (1/200 today)
2026-04-13 17:35:52 +00:00: 2026-04-13 17:35:52,718 - utils.db_utils - WARNING - ⚠️  DB connection stale — reconnecting…
2026-04-13 17:35:53 +00:00: 2026-04-13 17:35:53,650 - utils.db_utils - INFO - ✅ Reconnected to PostgreSQL
2026-04-13 17:35:53 +00:00: 2026-04-13 17:35:53,956 - __main__ - INFO - 💫 Like cycle starting — 1/200 today, budget: 40
2026-04-13 17:35:54 +00:00: 2026-04-13 17:35:54,873 - __main__ - INFO - 📬 Found 10 of our tweets to check for replies
2026-04-13 17:35:55 +00:00: 2026-04-13 17:35:55,025 - __main__ - INFO - 🔑 Guest token refreshed
2026-04-13 17:35:55 +00:00: 2026-04-13 17:35:55,161 - __main__ - INFO - Search unexpected status: 404
2026-04-13 17:35:56 +00:00: 2026-04-13 17:35:56,281 - __main__ - INFO - Search unexpected status: 404
2026-04-13 17:35:57 +00:00: 2026-04-13 17:35:57,399 - __main__ - INFO - Search unexpected status: 404
2026-04-13 17:35:58 +00:00: 2026-04-13 17:35:58,401 - __main__ - INFO - 📬 Reply strategy: 0 candidates
2026-04-13 17:35:59 +00:00: 2026-04-13 17:35:59,784 - __main__ - INFO - 📊 VIP DB: 1 candidates from events
2026-04-13 17:35:59 +00:00: 2026-04-13 17:35:59,784 - __main__ - INFO - 📡 VIP GraphQL fallback triggered — 1 DB candidates < 10
2026-04-13 17:36:00 +00:00: 2026-04-13 17:36:00,485 - __main__ - INFO - 📡 GraphQL timeline @Slasher: 20 tweets, status=200
2026-04-13 17:36:00 +00:00: 2026-04-13 17:36:00,485 - __main__ - INFO - 📡 @Slasher: 20 tweets via GraphQL
2026-04-13 17:36:03 +00:00: 2026-04-13 17:36:03,015 - __main__ - INFO - 📡 GraphQL timeline @BlastPremier: 8 tweets, status=200
2026-04-13 17:36:03 +00:00: 2026-04-13 17:36:03,015 - __main__ - INFO - 📡 @BlastPremier: 8 tweets via GraphQL
2026-04-13 17:36:05 +00:00: 2026-04-13 17:36:05,155 - __main__ - INFO - 📡 GraphQL timeline @ABORCS: 0 tweets, status=200
2026-04-13 17:36:07 +00:00: 2026-04-13 17:36:07,315 - __main__ - INFO - 📡 GraphQL timeline @hltv: 0 tweets, status=200
2026-04-13 17:36:09 +00:00: 2026-04-13 17:36:09,466 - __main__ - INFO - 📡 GraphQL timeline @Nors3: 0 tweets, status=200
2026-04-13 17:36:12 +00:00: 2026-04-13 17:36:12,182 - __main__ - INFO - 📡 GraphQL timeline @CounterStrike: 20 tweets, status=200
2026-04-13 17:36:12 +00:00: 2026-04-13 17:36:12,182 - __main__ - INFO - 📡 @CounterStrike: 20 tweets via GraphQL
2026-04-13 17:36:14 +00:00: 2026-04-13 17:36:14,184 - __main__ - INFO - 📊 VIP strategy: 16 total candidates
2026-04-13 17:36:17 +00:00: 2026-04-13 17:36:17,394 - __main__ - INFO - 🎯 Engagement target strategy: 4 candidates
2026-04-13 17:36:18 +00:00: 2026-04-13 17:36:18,161 - __main__ - INFO - 📡 GraphQL timeline @PGL_Esports: 0 tweets, status=200
2026-04-13 17:36:20 +00:00: 2026-04-13 17:36:20,839 - __main__ - INFO - 📡 GraphQL timeline @Complexity: 11 tweets, status=200
2026-04-13 17:36:20 +00:00: 2026-04-13 17:36:20,839 - __main__ - INFO - 🌐 @Complexity: 11 tweets via timeline scrape
2026-04-13 17:36:23 +00:00: 2026-04-13 17:36:23,402 - __main__ - INFO - 📡 GraphQL timeline @Cloud9: 10 tweets, status=200
2026-04-13 17:36:23 +00:00: 2026-04-13 17:36:23,403 - __main__ - INFO - 🌐 @Cloud9: 10 tweets via timeline scrape
2026-04-13 17:36:26 +00:00: 2026-04-13 17:36:26,944 - __main__ - INFO - ✅ Like cycle complete — liked 0 tweets (1/200 today)
2026-04-13 18:21:27 +00:00: 2026-04-13 18:21:27,047 - utils.db_utils - WARNING - ⚠️  DB connection stale — reconnecting…
2026-04-13 18:21:28 +00:00: 2026-04-13 18:21:28,007 - utils.db_utils - INFO - ✅ Reconnected to PostgreSQL
2026-04-13 18:21:28 +00:00: 2026-04-13 18:21:28,323 - __main__ - INFO - 💫 Like cycle starting — 1/200 today, budget: 40
2026-04-13 18:21:29 +00:00: 2026-04-13 18:21:29,265 - __main__ - INFO - 📬 Found 10 of our tweets to check for replies
2026-04-13 18:21:29 +00:00: 2026-04-13 18:21:29,436 - __main__ - INFO - Search unexpected status: 404
2026-04-13 18:21:30 +00:00: 2026-04-13 18:21:30,567 - __main__ - INFO - Search unexpected status: 404
2026-04-13 18:21:31 +00:00: 2026-04-13 18:21:31,702 - __main__ - INFO - Search unexpected status: 404
2026-04-13 18:21:32 +00:00: 2026-04-13 18:21:32,704 - __main__ - INFO - 📬 Reply strategy: 0 candidates
2026-04-13 18:21:34 +00:00: 2026-04-13 18:21:34,113 - __main__ - INFO - 📊 VIP DB: 1 candidates from events
2026-04-13 18:21:34 +00:00: 2026-04-13 18:21:34,113 - __main__ - INFO - 📡 VIP GraphQL fallback triggered — 1 DB candidates < 10
2026-04-13 18:21:35 +00:00: 2026-04-13 18:21:35,099 - __main__ - INFO - 📡 GraphQL timeline @RazedEsport: 20 tweets, status=200
2026-04-13 18:21:35 +00:00: 2026-04-13 18:21:35,099 - __main__ - INFO - 📡 @RazedEsport: 20 tweets via GraphQL
2026-04-13 18:21:37 +00:00: 2026-04-13 18:21:37,842 - __main__ - INFO - 📡 GraphQL timeline @EsportsInsider: 20 tweets, status=200
2026-04-13 18:21:37 +00:00: 2026-04-13 18:21:37,842 - __main__ - INFO - 📡 @EsportsInsider: 20 tweets via GraphQL
2026-04-13 18:21:40 +00:00: 2026-04-13 18:21:40,557 - __main__ - INFO - 📡 GraphQL timeline @Slasher: 20 tweets, status=200
2026-04-13 18:21:40 +00:00: 2026-04-13 18:21:40,557 - __main__ - INFO - 📡 @Slasher: 20 tweets via GraphQL
2026-04-13 18:21:43 +00:00: 2026-04-13 18:21:43,374 - __main__ - INFO - 📡 GraphQL timeline @Dust2us: 20 tweets, status=200
2026-04-13 18:21:43 +00:00: 2026-04-13 18:21:43,374 - __main__ - INFO - 📡 @Dust2us: 20 tweets via GraphQL
2026-04-13 18:21:45 +00:00: 2026-04-13 18:21:45,555 - __main__ - INFO - 📡 GraphQL timeline @hltv: 0 tweets, status=200
2026-04-13 18:21:48 +00:00: 2026-04-13 18:21:48,157 - __main__ - INFO - 📡 GraphQL timeline @BlastPremier: 8 tweets, status=200
2026-04-13 18:21:48 +00:00: 2026-04-13 18:21:48,158 - __main__ - INFO - 📡 @BlastPremier: 8 tweets via GraphQL
2026-04-13 18:21:50 +00:00: 2026-04-13 18:21:50,161 - __main__ - INFO - 📊 VIP strategy: 26 total candidates
2026-04-13 18:21:55 +00:00: 2026-04-13 18:21:55,023 - __main__ - INFO - 🎯 Engagement target strategy: 4 candidates
2026-04-13 18:21:56 +00:00: 2026-04-13 18:21:56,349 - __main__ - INFO - 📡 GraphQL timeline @OGesports: 20 tweets, status=200
2026-04-13 18:21:56 +00:00: 2026-04-13 18:21:56,350 - __main__ - INFO - 🌐 @OGesports: 20 tweets via timeline scrape
2026-04-13 18:21:58 +00:00: 2026-04-13 18:21:58,497 - __main__ - INFO - 📡 GraphQL timeline @Brehze: 0 tweets, status=200
2026-04-13 18:22:00 +00:00: 2026-04-13 18:22:00,659 - __main__ - INFO - 📡 GraphQL timeline @PGL_Esports: 0 tweets, status=200
2026-04-13 18:22:03 +00:00: 2026-04-13 18:22:03,446 - __main__ - INFO - ✅ Like cycle complete — liked 0 tweets (1/200 today)
2026-04-13 19:07:03 +00:00: 2026-04-13 19:07:03,550 - utils.db_utils - WARNING - ⚠️  DB connection stale — reconnecting…
2026-04-13 19:07:04 +00:00: 2026-04-13 19:07:04,533 - utils.db_utils - INFO - ✅ Reconnected to PostgreSQL
2026-04-13 19:07:04 +00:00: 2026-04-13 19:07:04,842 - __main__ - INFO - 💫 Like cycle starting — 1/200 today, budget: 40
2026-04-13 19:07:05 +00:00: 2026-04-13 19:07:05,767 - __main__ - INFO - 📬 Found 10 of our tweets to check for replies
2026-04-13 19:07:05 +00:00: 2026-04-13 19:07:05,918 - __main__ - INFO - Search unexpected status: 404
2026-04-13 19:07:07 +00:00: 2026-04-13 19:07:07,044 - __main__ - INFO - Search unexpected status: 404
2026-04-13 19:07:08 +00:00: 2026-04-13 19:07:08,161 - __main__ - INFO - Search unexpected status: 404
2026-04-13 19:07:09 +00:00: 2026-04-13 19:07:09,163 - __main__ - INFO - 📬 Reply strategy: 0 candidates
2026-04-13 19:07:10 +00:00: 2026-04-13 19:07:10,551 - __main__ - INFO - 📊 VIP DB: 1 candidates from events
2026-04-13 19:07:10 +00:00: 2026-04-13 19:07:10,551 - __main__ - INFO - 📡 VIP GraphQL fallback triggered — 1 DB candidates < 10
2026-04-13 19:07:10 +00:00: 2026-04-13 19:07:10,872 - __main__ - INFO - 📡 GraphQL timeline @hltv: 0 tweets, status=200
2026-04-13 19:07:13 +00:00: 2026-04-13 19:07:13,507 - __main__ - INFO - 📡 GraphQL timeline @CounterStrike: 20 tweets, status=200
2026-04-13 19:07:13 +00:00: 2026-04-13 19:07:13,508 - __main__ - INFO - 📡 @CounterStrike: 20 tweets via GraphQL
2026-04-13 19:07:15 +00:00: 2026-04-13 19:07:15,658 - __main__ - INFO - 📡 GraphQL timeline @Nors3: 0 tweets, status=200
2026-04-13 19:07:18 +00:00: 2026-04-13 19:07:18,309 - __main__ - INFO - 📡 GraphQL timeline @Dust2us: 20 tweets, status=200
2026-04-13 19:07:18 +00:00: 2026-04-13 19:07:18,311 - __main__ - INFO - 📡 @Dust2us: 20 tweets via GraphQL
2026-04-13 19:07:20 +00:00: 2026-04-13 19:07:20,444 - __main__ - INFO - 📡 GraphQL timeline @ABORCS: 0 tweets, status=200
2026-04-13 19:07:22 +00:00: 2026-04-13 19:07:22,967 - __main__ - INFO - 📡 GraphQL timeline @BlastPremier: 8 tweets, status=200
2026-04-13 19:07:22 +00:00: 2026-04-13 19:07:22,968 - __main__ - INFO - 📡 @BlastPremier: 8 tweets via GraphQL
2026-04-13 19:07:24 +00:00: 2026-04-13 19:07:24,970 - __main__ - INFO - 📊 VIP strategy: 16 total candidates
2026-04-13 19:07:28 +00:00: 2026-04-13 19:07:28,210 - __main__ - INFO - 🎯 Engagement target strategy: 4 candidates
2026-04-13 19:07:29 +00:00: 2026-04-13 19:07:29,389 - __main__ - INFO - 📡 GraphQL timeline @Complexity: 11 tweets, status=200
2026-04-13 19:07:29 +00:00: 2026-04-13 19:07:29,389 - __main__ - INFO - 🌐 @Complexity: 11 tweets via timeline scrape
2026-04-13 19:07:31 +00:00: 2026-04-13 19:07:31,976 - __main__ - INFO - 📡 GraphQL timeline @Cloud9: 10 tweets, status=200
2026-04-13 19:07:31 +00:00: 2026-04-13 19:07:31,976 - __main__ - INFO - 🌐 @Cloud9: 10 tweets via timeline scrape
2026-04-13 19:07:34 +00:00: 2026-04-13 19:07:34,501 - __main__ - INFO - 📡 GraphQL timeline @Karrigancsgo: 20 tweets, status=200
2026-04-13 19:07:34 +00:00: 2026-04-13 19:07:34,502 - __main__ - INFO - 🌐 @Karrigancsgo: 20 tweets via timeline scrape
2026-04-13 19:07:38 +00:00: 2026-04-13 19:07:38,821 - __main__ - INFO - ✅ Like cycle complete — liked 0 tweets (1/200 today)
2026-04-13 19:52:38 +00:00: 2026-04-13 19:52:38,884 - utils.db_utils - WARNING - ⚠️  DB connection stale — reconnecting…
2026-04-13 19:52:39 +00:00: 2026-04-13 19:52:39,829 - utils.db_utils - INFO - ✅ Reconnected to PostgreSQL
2026-04-13 19:52:40 +00:00: 2026-04-13 19:52:40,140 - __main__ - INFO - 💫 Like cycle starting — 1/200 today, budget: 40
2026-04-13 19:52:41 +00:00: 2026-04-13 19:52:41,071 - __main__ - INFO - 📬 Found 10 of our tweets to check for replies
2026-04-13 19:52:41 +00:00: 2026-04-13 19:52:41,270 - __main__ - INFO - 🔑 Guest token refreshed
2026-04-13 19:52:41 +00:00: 2026-04-13 19:52:41,408 - __main__ - INFO - Search unexpected status: 404
2026-04-13 19:52:42 +00:00: 2026-04-13 19:52:42,545 - __main__ - INFO - Search unexpected status: 404
2026-04-13 19:52:43 +00:00: 2026-04-13 19:52:43,669 - __main__ - INFO - Search unexpected status: 404
2026-04-13 19:52:44 +00:00: 2026-04-13 19:52:44,670 - __main__ - INFO - 📬 Reply strategy: 0 candidates
2026-04-13 19:52:46 +00:00: 2026-04-13 19:52:46,068 - __main__ - INFO - 📊 VIP DB: 1 candidates from events
2026-04-13 19:52:46 +00:00: 2026-04-13 19:52:46,068 - __main__ - INFO - 📡 VIP GraphQL fallback triggered — 1 DB candidates < 10
2026-04-13 19:52:46 +00:00: 2026-04-13 19:52:46,882 - __main__ - INFO - 📡 GraphQL timeline @Dust2us: 20 tweets, status=200
2026-04-13 19:52:46 +00:00: 2026-04-13 19:52:46,883 - __main__ - INFO - 📡 @Dust2us: 20 tweets via GraphQL
2026-04-13 19:52:49 +00:00: 2026-04-13 19:52:49,478 - __main__ - INFO - 📡 GraphQL timeline @BlastPremier: 8 tweets, status=200
2026-04-13 19:52:49 +00:00: 2026-04-13 19:52:49,478 - __main__ - INFO - 📡 @BlastPremier: 8 tweets via GraphQL
2026-04-13 19:52:52 +00:00: 2026-04-13 19:52:52,024 - __main__ - INFO - 📡 GraphQL timeline @CS2News_EN: 20 tweets, status=200
2026-04-13 19:52:52 +00:00: 2026-04-13 19:52:52,024 - __main__ - INFO - 📡 @CS2News_EN: 20 tweets via GraphQL
2026-04-13 19:52:54 +00:00: 2026-04-13 19:52:54,554 - __main__ - INFO - 📡 GraphQL timeline @EsportsInsider: 20 tweets, status=200
2026-04-13 19:52:54 +00:00: 2026-04-13 19:52:54,554 - __main__ - INFO - 📡 @EsportsInsider: 20 tweets via GraphQL
2026-04-13 19:52:57 +00:00: 2026-04-13 19:52:57,089 - __main__ - INFO - 📡 GraphQL timeline @Slasher: 20 tweets, status=200
2026-04-13 19:52:57 +00:00: 2026-04-13 19:52:57,090 - __main__ - INFO - 📡 @Slasher: 20 tweets via GraphQL
2026-04-13 19:52:59 +00:00: 2026-04-13 19:52:59,238 - __main__ - INFO - Could not resolve @DonHaci: 200
2026-04-13 19:53:01 +00:00: 2026-04-13 19:53:01,240 - __main__ - INFO - 📊 VIP strategy: 26 total candidates
2026-04-13 19:53:06 +00:00: 2026-04-13 19:53:06,044 - __main__ - INFO - 🎯 Engagement target strategy: 4 candidates
2026-04-13 19:53:07 +00:00: 2026-04-13 19:53:07,287 - __main__ - INFO - 📡 GraphQL timeline @Twistzz: 20 tweets, status=200
2026-04-13 19:53:07 +00:00: 2026-04-13 19:53:07,288 - __main__ - INFO - 🌐 @Twistzz: 20 tweets via timeline scrape
2026-04-13 19:53:09 +00:00: 2026-04-13 19:53:09,423 - __main__ - INFO - Could not resolve @LOABORVRE_CS2: 200
2026-04-13 19:53:11 +00:00: 2026-04-13 19:53:11,565 - __main__ - INFO - 📡 GraphQL timeline @Brehze: 0 tweets, status=200
2026-04-13 19:53:14 +00:00: 2026-04-13 19:53:14,344 - __main__ - INFO - ✅ Like cycle complete — liked 0 tweets (1/200 today)
2026-04-13 20:38:14 +00:00: 2026-04-13 20:38:14,403 - utils.db_utils - WARNING - ⚠️  DB connection stale — reconnecting…
2026-04-13 20:38:15 +00:00: 2026-04-13 20:38:15,399 - utils.db_utils - INFO - ✅ Reconnected to PostgreSQL
2026-04-13 20:38:15 +00:00: 2026-04-13 20:38:15,705 - __main__ - INFO - 💫 Like cycle starting — 1/200 today, budget: 40
2026-04-13 20:38:16 +00:00: 2026-04-13 20:38:16,619 - __main__ - INFO - 📬 Found 10 of our tweets to check for replies
2026-04-13 20:38:16 +00:00: 2026-04-13 20:38:16,780 - __main__ - INFO - Search unexpected status: 404
2026-04-13 20:38:17 +00:00: 2026-04-13 20:38:17,896 - __main__ - INFO - Search unexpected status: 404
2026-04-13 20:38:19 +00:00: 2026-04-13 20:38:19,014 - __main__ - INFO - Search unexpected status: 404
2026-04-13 20:38:20 +00:00: 2026-04-13 20:38:20,016 - __main__ - INFO - 📬 Reply strategy: 0 candidates
2026-04-13 20:38:21 +00:00: 2026-04-13 20:38:21,389 - __main__ - INFO - 📊 VIP DB: 1 candidates from events
2026-04-13 20:38:21 +00:00: 2026-04-13 20:38:21,389 - __main__ - INFO - 📡 VIP GraphQL fallback triggered — 1 DB candidates < 10
2026-04-13 20:38:22 +00:00: 2026-04-13 20:38:22,044 - __main__ - INFO - 📡 GraphQL timeline @EsportsInsider: 20 tweets, status=200
2026-04-13 20:38:22 +00:00: 2026-04-13 20:38:22,044 - __main__ - INFO - 📡 @EsportsInsider: 20 tweets via GraphQL
2026-04-13 20:38:24 +00:00: 2026-04-13 20:38:24,649 - __main__ - INFO - 📡 GraphQL timeline @LiquipediaCS: 20 tweets, status=200
2026-04-13 20:38:24 +00:00: 2026-04-13 20:38:24,650 - __main__ - INFO - 📡 @LiquipediaCS: 20 tweets via GraphQL
2026-04-13 20:38:26 +00:00: 2026-04-13 20:38:26,824 - __main__ - INFO - 📡 GraphQL timeline @hltv: 0 tweets, status=200
2026-04-13 20:38:29 +00:00: 2026-04-13 20:38:29,291 - __main__ - INFO - 📡 GraphQL timeline @BlastPremier: 8 tweets, status=200
2026-04-13 20:38:29 +00:00: 2026-04-13 20:38:29,291 - __main__ - INFO - 📡 @BlastPremier: 8 tweets via GraphQL
2026-04-13 20:38:31 +00:00: 2026-04-13 20:38:31,850 - __main__ - INFO - 📡 GraphQL timeline @CounterStrike: 20 tweets, status=200
2026-04-13 20:38:31 +00:00: 2026-04-13 20:38:31,850 - __main__ - INFO - 📡 @CounterStrike: 20 tweets via GraphQL
2026-04-13 20:38:33 +00:00: 2026-04-13 20:38:33,978 - __main__ - INFO - Could not resolve @RichardLewisTV: 200
2026-04-13 20:38:35 +00:00: 2026-04-13 20:38:35,981 - __main__ - INFO - 📊 VIP strategy: 21 total candidates
2026-04-13 20:38:39 +00:00: 2026-04-13 20:38:39,945 - __main__ - INFO - 🎯 Engagement target strategy: 4 candidates
2026-04-13 20:38:40 +00:00: 2026-04-13 20:38:40,712 - __main__ - INFO - 📡 GraphQL timeline @PGL_Esports: 0 tweets, status=200
2026-04-13 20:38:43 +00:00: 2026-04-13 20:38:43,264 - __main__ - INFO - 📡 GraphQL timeline @ESLCS: 20 tweets, status=200
2026-04-13 20:38:43 +00:00: 2026-04-13 20:38:43,265 - __main__ - INFO - 🌐 @ESLCS: 20 tweets via timeline scrape
2026-04-13 20:38:45 +00:00: 2026-04-13 20:38:45,791 - __main__ - INFO - 📡 GraphQL timeline @Karrigancsgo: 20 tweets, status=200
2026-04-13 20:38:45 +00:00: 2026-04-13 20:38:45,791 - __main__ - INFO - 🌐 @Karrigancsgo: 20 tweets via timeline scrape
2026-04-13 20:38:49 +00:00: 2026-04-13 20:38:49,319 - __main__ - INFO - ✅ Like cycle complete — liked 0 tweets (1/200 today)
2026-04-13 21:23:49 +00:00: 2026-04-13 21:23:49,413 - utils.db_utils - WARNING - ⚠️  DB connection stale — reconnecting…
2026-04-13 21:23:50 +00:00: 2026-04-13 21:23:50,463 - utils.db_utils - INFO - ✅ Reconnected to PostgreSQL
2026-04-13 21:23:50 +00:00: 2026-04-13 21:23:50,795 - __main__ - INFO - 💫 Like cycle starting — 1/200 today, budget: 40
2026-04-13 21:23:51 +00:00: 2026-04-13 21:23:51,789 - __main__ - INFO - 📬 Found 10 of our tweets to check for replies
2026-04-13 21:23:51 +00:00: 2026-04-13 21:23:51,929 - __main__ - INFO - Search unexpected status: 404
2026-04-13 21:23:53 +00:00: 2026-04-13 21:23:53,050 - __main__ - INFO - Search unexpected status: 404
2026-04-13 21:23:54 +00:00: 2026-04-13 21:23:54,167 - __main__ - INFO - Search unexpected status: 404
2026-04-13 21:23:55 +00:00: 2026-04-13 21:23:55,169 - __main__ - INFO - 📬 Reply strategy: 0 candidates
2026-04-13 21:23:56 +00:00: 2026-04-13 21:23:56,666 - __main__ - INFO - 📊 VIP DB: 1 candidates from events
2026-04-13 21:23:56 +00:00: 2026-04-13 21:23:56,666 - __main__ - INFO - 📡 VIP GraphQL fallback triggered — 1 DB candidates < 10
2026-04-13 21:23:57 +00:00: 2026-04-13 21:23:57,344 - __main__ - INFO - 📡 GraphQL timeline @BlastPremier: 8 tweets, status=200
2026-04-13 21:23:57 +00:00: 2026-04-13 21:23:57,345 - __main__ - INFO - 📡 @BlastPremier: 8 tweets via GraphQL
2026-04-13 21:23:59 +00:00: 2026-04-13 21:23:59,892 - __main__ - INFO - 📡 GraphQL timeline @CounterStrike: 20 tweets, status=200
2026-04-13 21:23:59 +00:00: 2026-04-13 21:23:59,893 - __main__ - INFO - 📡 @CounterStrike: 20 tweets via GraphQL
2026-04-13 21:24:02 +00:00: 2026-04-13 21:24:02,073 - __main__ - INFO - 📡 GraphQL timeline @hltv: 0 tweets, status=200
2026-04-13 21:24:04 +00:00: 2026-04-13 21:24:04,215 - __main__ - INFO - Could not resolve @DonHaci: 200
2026-04-13 21:24:06 +00:00: 2026-04-13 21:24:06,720 - __main__ - INFO - 📡 GraphQL timeline @Slasher: 20 tweets, status=200
2026-04-13 21:24:06 +00:00: 2026-04-13 21:24:06,720 - __main__ - INFO - 📡 @Slasher: 20 tweets via GraphQL
2026-04-13 21:24:09 +00:00: 2026-04-13 21:24:09,341 - __main__ - INFO - 📡 GraphQL timeline @EsportsInsider: 20 tweets, status=200
2026-04-13 21:24:09 +00:00: 2026-04-13 21:24:09,342 - __main__ - INFO - 📡 @EsportsInsider: 20 tweets via GraphQL
2026-04-13 21:24:11 +00:00: 2026-04-13 21:24:11,344 - __main__ - INFO - 📊 VIP strategy: 21 total candidates
2026-04-13 21:24:15 +00:00: 2026-04-13 21:24:15,658 - __main__ - INFO - 🎯 Engagement target strategy: 4 candidates
2026-04-13 21:24:16 +00:00: 2026-04-13 21:24:16,823 - __main__ - INFO - 📡 GraphQL timeline @TeamLiquidCS: 20 tweets, status=200
2026-04-13 21:24:16 +00:00: 2026-04-13 21:24:16,823 - __main__ - INFO - 🌐 @TeamLiquidCS: 20 tweets via timeline scrape
2026-04-13 21:24:19 +00:00: 2026-04-13 21:24:19,371 - __main__ - INFO - 📡 GraphQL timeline @BIGCLANgg: 13 tweets, status=200
2026-04-13 21:24:19 +00:00: 2026-04-13 21:24:19,372 - __main__ - INFO - 🌐 @BIGCLANgg: 13 tweets via timeline scrape
2026-04-13 21:24:21 +00:00: 2026-04-13 21:24:21,898 - __main__ - INFO - 📡 GraphQL timeline @ESLCS: 20 tweets, status=200
2026-04-13 21:24:21 +00:00: 2026-04-13 21:24:21,898 - __main__ - INFO - 🌐 @ESLCS: 20 tweets via timeline scrape
2026-04-13 21:24:26 +00:00: 2026-04-13 21:24:26,114 - __main__ - INFO - ❤️  Liked tweet 204378434430142... by @BIGCLANgg (cs2_community:BIGCLANgg)
2026-04-13 21:24:36 +00:00: 2026-04-13 21:24:36,336 - __main__ - INFO - ❤️  Liked tweet 204378779983330... by @BIGCLANgg (cs2_community:BIGCLANgg)
2026-04-13 21:24:43 +00:00: 2026-04-13 21:24:43,839 - __main__ - INFO - ❤️  Liked tweet 204377842425942... by @BIGCLANgg (cs2_community:BIGCLANgg)
2026-04-13 21:24:50 +00:00: 2026-04-13 21:24:50,617 - __main__ - INFO - ❤️  Liked tweet 204378591742120... by @BIGCLANgg (cs2_community:BIGCLANgg)
2026-04-13 21:24:59 +00:00: 2026-04-13 21:24:59,739 - __main__ - INFO - ❤️  Liked tweet 204378264132164... by @BIGCLANgg (cs2_community:BIGCLANgg)
2026-04-13 21:25:09 +00:00: 2026-04-13 21:25:09,551 - __main__ - INFO - ✅ Like cycle complete — liked 5 tweets (6/200 today)
2026-04-13 22:10:09 +00:00: 2026-04-13 22:10:09,602 - utils.db_utils - WARNING - ⚠️  DB connection stale — reconnecting…
2026-04-13 22:10:10 +00:00: 2026-04-13 22:10:10,589 - utils.db_utils - INFO - ✅ Reconnected to PostgreSQL
2026-04-13 22:10:10 +00:00: 2026-04-13 22:10:10,913 - __main__ - INFO - 💫 Like cycle starting — 6/200 today, budget: 40
2026-04-13 22:10:11 +00:00: 2026-04-13 22:10:11,886 - __main__ - INFO - 📬 Found 10 of our tweets to check for replies
2026-04-13 22:10:12 +00:00: 2026-04-13 22:10:12,129 - __main__ - INFO - 🔑 Guest token refreshed
2026-04-13 22:10:12 +00:00: 2026-04-13 22:10:12,292 - __main__ - INFO - Search unexpected status: 404
2026-04-13 22:10:13 +00:00: 2026-04-13 22:10:13,420 - __main__ - INFO - Search unexpected status: 404
2026-04-13 22:10:14 +00:00: 2026-04-13 22:10:14,550 - __main__ - INFO - Search unexpected status: 404
2026-04-13 22:10:15 +00:00: 2026-04-13 22:10:15,551 - __main__ - INFO - 📬 Reply strategy: 0 candidates
2026-04-13 22:10:17 +00:00: 2026-04-13 22:10:17,007 - __main__ - INFO - 📊 VIP DB: 1 candidates from events
2026-04-13 22:10:17 +00:00: 2026-04-13 22:10:17,007 - __main__ - INFO - 📡 VIP GraphQL fallback triggered — 1 DB candidates < 10
2026-04-13 22:10:18 +00:00: 2026-04-13 22:10:18,032 - __main__ - INFO - 📡 GraphQL timeline @Dust2us: 20 tweets, status=200
2026-04-13 22:10:18 +00:00: 2026-04-13 22:10:18,033 - __main__ - INFO - 📡 @Dust2us: 20 tweets via GraphQL
2026-04-13 22:10:20 +00:00: 2026-04-13 22:10:20,205 - __main__ - INFO - 📡 GraphQL timeline @hltv: 0 tweets, status=200
2026-04-13 22:10:22 +00:00: 2026-04-13 22:10:22,989 - __main__ - INFO - 📡 GraphQL timeline @RazedEsport: 20 tweets, status=200
2026-04-13 22:10:22 +00:00: 2026-04-13 22:10:22,989 - __main__ - INFO - 📡 @RazedEsport: 20 tweets via GraphQL
2026-04-13 22:10:25 +00:00: 2026-04-13 22:10:25,653 - __main__ - INFO - 📡 GraphQL timeline @Slasher: 20 tweets, status=200
2026-04-13 22:10:25 +00:00: 2026-04-13 22:10:25,654 - __main__ - INFO - 📡 @Slasher: 20 tweets via GraphQL
2026-04-13 22:10:27 +00:00: 2026-04-13 22:10:27,801 - __main__ - INFO - Could not resolve @RichardLewisTV: 200
2026-04-13 22:10:30 +00:00: 2026-04-13 22:10:30,524 - __main__ - INFO - 📡 GraphQL timeline @EsportsInsider: 20 tweets, status=200
2026-04-13 22:10:30 +00:00: 2026-04-13 22:10:30,525 - __main__ - INFO - 📡 @EsportsInsider: 20 tweets via GraphQL
2026-04-13 22:10:32 +00:00: 2026-04-13 22:10:32,527 - __main__ - INFO - 📊 VIP strategy: 21 total candidates
2026-04-13 22:10:36 +00:00: 2026-04-13 22:10:36,899 - __main__ - INFO - 🎯 Engagement target strategy: 4 candidates
2026-04-13 22:10:38 +00:00: 2026-04-13 22:10:38,157 - __main__ - INFO - 📡 GraphQL timeline @BIGCLANgg: 13 tweets, status=200
2026-04-13 22:10:38 +00:00: 2026-04-13 22:10:38,158 - __main__ - INFO - 🌐 @BIGCLANgg: 13 tweets via timeline scrape
2026-04-13 22:10:40 +00:00: 2026-04-13 22:10:40,817 - __main__ - INFO - 📡 GraphQL timeline @Complexity: 11 tweets, status=200
2026-04-13 22:10:40 +00:00: 2026-04-13 22:10:40,817 - __main__ - INFO - 🌐 @Complexity: 11 tweets via timeline scrape
2026-04-13 22:10:43 +00:00: 2026-04-13 22:10:43,460 - __main__ - INFO - 📡 GraphQL timeline @Cloud9: 10 tweets, status=200
2026-04-13 22:10:43 +00:00: 2026-04-13 22:10:43,461 - __main__ - INFO - 🌐 @Cloud9: 10 tweets via timeline scrape
2026-04-13 22:10:47 +00:00: 2026-04-13 22:10:47,897 - __main__ - INFO - ✅ Like cycle complete — liked 0 tweets (6/200 today)
2026-04-13 22:55:47 +00:00: 2026-04-13 22:55:47,918 - utils.db_utils - WARNING - ⚠️  DB connection stale — reconnecting…
2026-04-13 22:55:48 +00:00: 2026-04-13 22:55:48,941 - utils.db_utils - INFO - ✅ Reconnected to PostgreSQL
2026-04-13 22:55:49 +00:00: 2026-04-13 22:55:49,279 - __main__ - INFO - 💫 Like cycle starting — 6/200 today, budget: 40
2026-04-13 22:55:50 +00:00: 2026-04-13 22:55:50,286 - __main__ - INFO - 📬 Found 10 of our tweets to check for replies
2026-04-13 22:55:50 +00:00: 2026-04-13 22:55:50,450 - __main__ - INFO - Search unexpected status: 404
2026-04-13 22:55:51 +00:00: 2026-04-13 22:55:51,584 - __main__ - INFO - Search unexpected status: 404
2026-04-13 22:55:52 +00:00: 2026-04-13 22:55:52,713 - __main__ - INFO - Search unexpected status: 404
2026-04-13 22:55:53 +00:00: 2026-04-13 22:55:53,715 - __main__ - INFO - 📬 Reply strategy: 0 candidates
2026-04-13 22:55:55 +00:00: 2026-04-13 22:55:55,231 - __main__ - INFO - 📊 VIP DB: 1 candidates from events
2026-04-13 22:55:55 +00:00: 2026-04-13 22:55:55,231 - __main__ - INFO - 📡 VIP GraphQL fallback triggered — 1 DB candidates < 10
2026-04-13 22:55:55 +00:00: 2026-04-13 22:55:55,561 - __main__ - INFO - 📡 GraphQL timeline @Nors3: 0 tweets, status=200
2026-04-13 22:55:58 +00:00: 2026-04-13 22:55:58,265 - __main__ - INFO - 📡 GraphQL timeline @LiquipediaCS: 20 tweets, status=200
2026-04-13 22:55:58 +00:00: 2026-04-13 22:55:58,266 - __main__ - INFO - 📡 @LiquipediaCS: 20 tweets via GraphQL
2026-04-13 22:56:00 +00:00: 2026-04-13 22:56:00,980 - __main__ - INFO - 📡 GraphQL timeline @CounterStrike: 20 tweets, status=200
2026-04-13 22:56:00 +00:00: 2026-04-13 22:56:00,981 - __main__ - INFO - 📡 @CounterStrike: 20 tweets via GraphQL
2026-04-13 22:56:03 +00:00: 2026-04-13 22:56:03,771 - __main__ - INFO - 📡 GraphQL timeline @Slasher: 20 tweets, status=200
2026-04-13 22:56:03 +00:00: 2026-04-13 22:56:03,771 - __main__ - INFO - 📡 @Slasher: 20 tweets via GraphQL
2026-04-13 22:56:06 +00:00: 2026-04-13 22:56:06,009 - __main__ - INFO - 📡 GraphQL timeline @hltv: 0 tweets, status=200
2026-04-13 22:56:08 +00:00: 2026-04-13 22:56:08,821 - __main__ - INFO - 📡 GraphQL timeline @EsportsInsider: 20 tweets, status=200
2026-04-13 22:56:08 +00:00: 2026-04-13 22:56:08,822 - __main__ - INFO - 📡 @EsportsInsider: 20 tweets via GraphQL
2026-04-13 22:56:10 +00:00: 2026-04-13 22:56:10,823 - __main__ - INFO - 📊 VIP strategy: 21 total candidates
2026-04-13 22:56:15 +00:00: 2026-04-13 22:56:15,360 - __main__ - INFO - 🎯 Engagement target strategy: 4 candidates
2026-04-13 22:56:16 +00:00: 2026-04-13 22:56:16,877 - __main__ - INFO - 📡 GraphQL timeline @EliGE: 20 tweets, status=200
2026-04-13 22:56:16 +00:00: 2026-04-13 22:56:16,877 - __main__ - INFO - 🌐 @EliGE: 20 tweets via timeline scrape
2026-04-13 22:56:19 +00:00: 2026-04-13 22:56:19,509 - __main__ - INFO - 📡 GraphQL timeline @Cloud9: 10 tweets, status=200
2026-04-13 22:56:19 +00:00: 2026-04-13 22:56:19,509 - __main__ - INFO - 🌐 @Cloud9: 10 tweets via timeline scrape
2026-04-13 22:56:22 +00:00: 2026-04-13 22:56:22,274 - __main__ - INFO - 📡 GraphQL timeline @Twistzz: 20 tweets, status=200
2026-04-13 22:56:22 +00:00: 2026-04-13 22:56:22,274 - __main__ - INFO - 🌐 @Twistzz: 20 tweets via timeline scrape
2026-04-13 22:56:26 +00:00: 2026-04-13 22:56:26,796 - __main__ - INFO - ✅ Like cycle complete — liked 0 tweets (6/200 today)
2026-04-13 23:41:26 +00:00: 2026-04-13 23:41:26,898 - utils.db_utils - WARNING - ⚠️  DB connection stale — reconnecting…
2026-04-13 23:41:27 +00:00: 2026-04-13 23:41:27,838 - utils.db_utils - INFO - ✅ Reconnected to PostgreSQL
2026-04-13 23:41:28 +00:00: 2026-04-13 23:41:28,149 - __main__ - INFO - 💫 Like cycle starting — 6/200 today, budget: 40
2026-04-13 23:41:29 +00:00: 2026-04-13 23:41:29,082 - __main__ - INFO - 📬 Found 10 of our tweets to check for replies
2026-04-13 23:41:29 +00:00: 2026-04-13 23:41:29,244 - __main__ - INFO - Search unexpected status: 404
2026-04-13 23:41:30 +00:00: 2026-04-13 23:41:30,368 - __main__ - INFO - Search unexpected status: 404
2026-04-13 23:41:31 +00:00: 2026-04-13 23:41:31,491 - __main__ - INFO - Search unexpected status: 404
2026-04-13 23:41:32 +00:00: 2026-04-13 23:41:32,492 - __main__ - INFO - 📬 Reply strategy: 0 candidates
2026-04-13 23:41:33 +00:00: 2026-04-13 23:41:33,884 - __main__ - INFO - 📊 VIP DB: 1 candidates from events
2026-04-13 23:41:33 +00:00: 2026-04-13 23:41:33,885 - __main__ - INFO - 📡 VIP GraphQL fallback triggered — 1 DB candidates < 10
2026-04-13 23:41:34 +00:00: 2026-04-13 23:41:34,870 - __main__ - INFO - 📡 GraphQL timeline @RazedEsport: 20 tweets, status=200
2026-04-13 23:41:34 +00:00: 2026-04-13 23:41:34,870 - __main__ - INFO - 📡 @RazedEsport: 20 tweets via GraphQL
2026-04-13 23:41:37 +00:00: 2026-04-13 23:41:37,546 - __main__ - INFO - 📡 GraphQL timeline @EsportsInsider: 20 tweets, status=200
2026-04-13 23:41:37 +00:00: 2026-04-13 23:41:37,547 - __main__ - INFO - 📡 @EsportsInsider: 20 tweets via GraphQL
2026-04-13 23:41:40 +00:00: 2026-04-13 23:41:40,276 - __main__ - INFO - 📡 GraphQL timeline @Slasher: 20 tweets, status=200
2026-04-13 23:41:40 +00:00: 2026-04-13 23:41:40,277 - __main__ - INFO - 📡 @Slasher: 20 tweets via GraphQL
2026-04-13 23:41:43 +00:00: 2026-04-13 23:41:43,022 - __main__ - INFO - 📡 GraphQL timeline @Dust2us: 20 tweets, status=200
2026-04-13 23:41:43 +00:00: 2026-04-13 23:41:43,023 - __main__ - INFO - 📡 @Dust2us: 20 tweets via GraphQL
2026-04-13 23:41:45 +00:00: 2026-04-13 23:41:45,742 - __main__ - INFO - 📡 GraphQL timeline @CounterStrike: 20 tweets, status=200
2026-04-13 23:41:45 +00:00: 2026-04-13 23:41:45,743 - __main__ - INFO - 📡 @CounterStrike: 20 tweets via GraphQL
2026-04-13 23:41:47 +00:00: 2026-04-13 23:41:47,882 - __main__ - INFO - Could not resolve @RichardLewisTV: 200
2026-04-13 23:41:49 +00:00: 2026-04-13 23:41:49,884 - __main__ - INFO - 📊 VIP strategy: 26 total candidates
2026-04-13 23:41:54 +00:00: 2026-04-13 23:41:54,831 - __main__ - INFO - 🎯 Engagement target strategy: 4 candidates
2026-04-13 23:41:56 +00:00: 2026-04-13 23:41:56,157 - __main__ - INFO - 📡 GraphQL timeline @OGesports: 20 tweets, status=200
2026-04-13 23:41:56 +00:00: 2026-04-13 23:41:56,158 - __main__ - INFO - 🌐 @OGesports: 20 tweets via timeline scrape
2026-04-13 23:41:58 +00:00: 2026-04-13 23:41:58,928 - __main__ - INFO - 📡 GraphQL timeline @BIGCLANgg: 13 tweets, status=200
2026-04-13 23:41:58 +00:00: 2026-04-13 23:41:58,928 - __main__ - INFO - 🌐 @BIGCLANgg: 13 tweets via timeline scrape
2026-04-13 23:42:01 +00:00: 2026-04-13 23:42:01,070 - __main__ - INFO - Could not resolve @gaborcsgo: 200
2026-04-13 23:42:04 +00:00: 2026-04-13 23:42:04,618 - __main__ - INFO - ✅ Like cycle complete — liked 0 tweets (6/200 today)
2026-04-14 00:27:04 +00:00: 2026-04-14 00:27:04,686 - utils.db_utils - WARNING - ⚠️  DB connection stale — reconnecting…
2026-04-14 00:27:05 +00:00: 2026-04-14 00:27:05,642 - utils.db_utils - INFO - ✅ Reconnected to PostgreSQL
2026-04-14 00:27:05 +00:00: 2026-04-14 00:27:05,958 - __main__ - INFO - 💫 Like cycle starting — 0/200 today, budget: 40
2026-04-14 00:27:06 +00:00: 2026-04-14 00:27:06,901 - __main__ - INFO - 📬 Found 10 of our tweets to check for replies
2026-04-14 00:27:07 +00:00: 2026-04-14 00:27:07,073 - __main__ - INFO - 🔑 Guest token refreshed
2026-04-14 00:27:07 +00:00: 2026-04-14 00:27:07,207 - __main__ - INFO - Search unexpected status: 404
2026-04-14 00:27:08 +00:00: 2026-04-14 00:27:08,326 - __main__ - INFO - Search unexpected status: 404
2026-04-14 00:27:09 +00:00: 2026-04-14 00:27:09,451 - __main__ - INFO - Search unexpected status: 404
2026-04-14 00:27:10 +00:00: 2026-04-14 00:27:10,452 - __main__ - INFO - 📬 Reply strategy: 0 candidates
2026-04-14 00:27:11 +00:00: 2026-04-14 00:27:11,869 - __main__ - INFO - 📊 VIP DB: 1 candidates from events
2026-04-14 00:27:11 +00:00: 2026-04-14 00:27:11,870 - __main__ - INFO - 📡 VIP GraphQL fallback triggered — 1 DB candidates < 10
2026-04-14 00:27:12 +00:00: 2026-04-14 00:27:12,602 - __main__ - INFO - 📡 GraphQL timeline @EsportsInsider: 20 tweets, status=200
2026-04-14 00:27:12 +00:00: 2026-04-14 00:27:12,602 - __main__ - INFO - 📡 @EsportsInsider: 20 tweets via GraphQL
2026-04-14 00:27:15 +00:00: 2026-04-14 00:27:15,048 - __main__ - INFO - 📡 GraphQL timeline @BlastPremier: 8 tweets, status=200
2026-04-14 00:27:15 +00:00: 2026-04-14 00:27:15,049 - __main__ - INFO - 📡 @BlastPremier: 8 tweets via GraphQL
2026-04-14 00:27:17 +00:00: 2026-04-14 00:27:17,188 - __main__ - INFO - 📡 GraphQL timeline @ABORCS: 0 tweets, status=200
2026-04-14 00:27:19 +00:00: 2026-04-14 00:27:19,342 - __main__ - INFO - 📡 GraphQL timeline @Nors3: 0 tweets, status=200
2026-04-14 00:27:21 +00:00: 2026-04-14 00:27:21,851 - __main__ - INFO - 📡 GraphQL timeline @CounterStrike: 20 tweets, status=200
2026-04-14 00:27:21 +00:00: 2026-04-14 00:27:21,852 - __main__ - INFO - 📡 @CounterStrike: 20 tweets via GraphQL
2026-04-14 00:27:24 +00:00: 2026-04-14 00:27:24,385 - __main__ - INFO - 📡 GraphQL timeline @LiquipediaCS: 20 tweets, status=200
2026-04-14 00:27:24 +00:00: 2026-04-14 00:27:24,386 - __main__ - INFO - 📡 @LiquipediaCS: 20 tweets via GraphQL
2026-04-14 00:27:26 +00:00: 2026-04-14 00:27:26,388 - __main__ - INFO - 📊 VIP strategy: 21 total candidates
2026-04-14 00:27:30 +00:00: 2026-04-14 00:27:30,489 - __main__ - INFO - 🎯 Engagement target strategy: 4 candidates
2026-04-14 00:27:31 +00:00: 2026-04-14 00:27:31,253 - __main__ - INFO - Could not resolve @LOABORVRE_CS2: 200
2026-04-14 00:27:33 +00:00: 2026-04-14 00:27:33,390 - __main__ - INFO - 📡 GraphQL timeline @Brehze: 0 tweets, status=200
2026-04-14 00:27:35 +00:00: 2026-04-14 00:27:35,943 - __main__ - INFO - 📡 GraphQL timeline @EliGE: 20 tweets, status=200
2026-04-14 00:27:35 +00:00: 2026-04-14 00:27:35,943 - __main__ - INFO - 🌐 @EliGE: 20 tweets via timeline scrape
2026-04-14 00:27:38 +00:00: 2026-04-14 00:27:38,731 - __main__ - INFO - ✅ Like cycle complete — liked 0 tweets (0/200 today)
2026-04-14 01:57:38 +00:00: 2026-04-14 01:57:38,831 - utils.db_utils - WARNING - ⚠️  DB connection stale — reconnecting…
2026-04-14 01:57:39 +00:00: 2026-04-14 01:57:39,776 - utils.db_utils - INFO - ✅ Reconnected to PostgreSQL
2026-04-14 01:57:40 +00:00: 2026-04-14 01:57:40,087 - __main__ - INFO - 💫 Like cycle starting — 0/200 today, budget: 40
2026-04-14 01:57:41 +00:00: 2026-04-14 01:57:41,020 - __main__ - INFO - 📬 Found 10 of our tweets to check for replies
2026-04-14 01:57:41 +00:00: 2026-04-14 01:57:41,176 - __main__ - INFO - Search 403 — resetting guest token
2026-04-14 01:57:42 +00:00: 2026-04-14 01:57:42,378 - __main__ - INFO - 🔑 Guest token refreshed
2026-04-14 01:57:42 +00:00: 2026-04-14 01:57:42,499 - __main__ - INFO - Search unexpected status: 404
2026-04-14 01:57:43 +00:00: 2026-04-14 01:57:43,621 - __main__ - INFO - Search unexpected status: 404
2026-04-14 01:57:44 +00:00: 2026-04-14 01:57:44,623 - __main__ - INFO - 📬 Reply strategy: 0 candidates
2026-04-14 01:57:46 +00:00: 2026-04-14 01:57:46,026 - __main__ - INFO - 📊 VIP DB: 1 candidates from events
2026-04-14 01:57:46 +00:00: 2026-04-14 01:57:46,026 - __main__ - INFO - 📡 VIP GraphQL fallback triggered — 1 DB candidates < 10
2026-04-14 01:57:46 +00:00: 2026-04-14 01:57:46,721 - __main__ - INFO - 📡 GraphQL timeline @Slasher: 20 tweets, status=200
2026-04-14 01:57:46 +00:00: 2026-04-14 01:57:46,722 - __main__ - INFO - 📡 @Slasher: 20 tweets via GraphQL
2026-04-14 01:57:48 +00:00: 2026-04-14 01:57:48,901 - __main__ - INFO - 📡 GraphQL timeline @hltv: 0 tweets, status=200
2026-04-14 01:57:51 +00:00: 2026-04-14 01:57:51,482 - __main__ - INFO - 📡 GraphQL timeline @EsportsInsider: 20 tweets, status=200
2026-04-14 01:57:51 +00:00: 2026-04-14 01:57:51,483 - __main__ - INFO - 📡 @EsportsInsider: 20 tweets via GraphQL
2026-04-14 01:57:53 +00:00: 2026-04-14 01:57:53,972 - __main__ - INFO - 📡 GraphQL timeline @CS2News_EN: 20 tweets, status=200
2026-04-14 01:57:53 +00:00: 2026-04-14 01:57:53,972 - __main__ - INFO - 📡 @CS2News_EN: 20 tweets via GraphQL
2026-04-14 01:57:56 +00:00: 2026-04-14 01:57:56,113 - __main__ - INFO - 📡 GraphQL timeline @ABORCS: 0 tweets, status=200
2026-04-14 01:57:58 +00:00: 2026-04-14 01:57:58,566 - __main__ - INFO - 📡 GraphQL timeline @BlastPremier: 8 tweets, status=200
2026-04-14 01:57:58 +00:00: 2026-04-14 01:57:58,567 - __main__ - INFO - 📡 @BlastPremier: 8 tweets via GraphQL
2026-04-14 01:58:00 +00:00: 2026-04-14 01:58:00,569 - __main__ - INFO - 📊 VIP strategy: 21 total candidates
2026-04-14 01:58:04 +00:00: 2026-04-14 01:58:04,613 - __main__ - INFO - 🎯 Engagement target strategy: 4 candidates
2026-04-14 01:58:05 +00:00: 2026-04-14 01:58:05,809 - __main__ - INFO - 📡 GraphQL timeline @Complexity: 11 tweets, status=200
2026-04-14 01:58:05 +00:00: 2026-04-14 01:58:05,809 - __main__ - INFO - 🌐 @Complexity: 11 tweets via timeline scrape
2026-04-14 01:58:08 +00:00: 2026-04-14 01:58:08,360 - __main__ - INFO - 📡 GraphQL timeline @EliGE: 20 tweets, status=200
2026-04-14 01:58:08 +00:00: 2026-04-14 01:58:08,360 - __main__ - INFO - 🌐 @EliGE: 20 tweets via timeline scrape
2026-04-14 01:58:10 +00:00: 2026-04-14 01:58:10,497 - __main__ - INFO - 📡 GraphQL timeline @Brehze: 0 tweets, status=200
2026-04-14 01:58:14 +00:00: 2026-04-14 01:58:14,059 - __main__ - INFO - ✅ Like cycle complete — liked 0 tweets (0/200 today)
2026-04-14 03:28:14 +00:00: 2026-04-14 03:28:14,126 - utils.db_utils - WARNING - ⚠️  DB connection stale — reconnecting…
2026-04-14 03:28:15 +00:00: 2026-04-14 03:28:15,051 - utils.db_utils - INFO - ✅ Reconnected to PostgreSQL
2026-04-14 03:28:15 +00:00: 2026-04-14 03:28:15,358 - __main__ - INFO - 💫 Like cycle starting — 0/200 today, budget: 40
2026-04-14 03:28:16 +00:00: 2026-04-14 03:28:16,272 - __main__ - INFO - 📬 Found 10 of our tweets to check for replies
2026-04-14 03:28:16 +00:00: 2026-04-14 03:28:16,422 - __main__ - INFO - Search 403 — resetting guest token
2026-04-14 03:28:17 +00:00: 2026-04-14 03:28:17,584 - __main__ - INFO - 🔑 Guest token refreshed
2026-04-14 03:28:17 +00:00: 2026-04-14 03:28:17,705 - __main__ - INFO - Search unexpected status: 404
2026-04-14 03:28:18 +00:00: 2026-04-14 03:28:18,829 - __main__ - INFO - Search unexpected status: 404
2026-04-14 03:28:19 +00:00: 2026-04-14 03:28:19,831 - __main__ - INFO - 📬 Reply strategy: 0 candidates
2026-04-14 03:28:21 +00:00: 2026-04-14 03:28:21,200 - __main__ - INFO - 📊 VIP DB: 1 candidates from events
2026-04-14 03:28:21 +00:00: 2026-04-14 03:28:21,201 - __main__ - INFO - 📡 VIP GraphQL fallback triggered — 1 DB candidates < 10
2026-04-14 03:28:21 +00:00: 2026-04-14 03:28:21,509 - __main__ - INFO - 📡 GraphQL timeline @Nors3: 0 tweets, status=200
2026-04-14 03:28:23 +00:00: 2026-04-14 03:28:23,659 - __main__ - INFO - Could not resolve @DonHaci: 200
2026-04-14 03:28:26 +00:00: 2026-04-14 03:28:26,544 - __main__ - INFO - 📡 GraphQL timeline @LiquipediaCS: 20 tweets, status=200
2026-04-14 03:28:26 +00:00: 2026-04-14 03:28:26,544 - __main__ - INFO - 📡 @LiquipediaCS: 20 tweets via GraphQL
2026-04-14 03:28:28 +00:00: 2026-04-14 03:28:28,708 - __main__ - INFO - 📡 GraphQL timeline @hltv: 0 tweets, status=200
2026-04-14 03:28:31 +00:00: 2026-04-14 03:28:31,416 - __main__ - INFO - 📡 GraphQL timeline @EsportsInsider: 20 tweets, status=200
2026-04-14 03:28:31 +00:00: 2026-04-14 03:28:31,417 - __main__ - INFO - 📡 @EsportsInsider: 20 tweets via GraphQL
2026-04-14 03:28:34 +00:00: 2026-04-14 03:28:34,178 - __main__ - INFO - 📡 GraphQL timeline @BlastPremier: 8 tweets, status=200
2026-04-14 03:28:34 +00:00: 2026-04-14 03:28:34,178 - __main__ - INFO - 📡 @BlastPremier: 8 tweets via GraphQL
2026-04-14 03:28:36 +00:00: 2026-04-14 03:28:36,181 - __main__ - INFO - 📊 VIP strategy: 16 total candidates
2026-04-14 03:28:39 +00:00: 2026-04-14 03:28:39,377 - __main__ - INFO - 🎯 Engagement target strategy: 4 candidates
2026-04-14 03:28:40 +00:00: 2026-04-14 03:28:40,594 - __main__ - INFO - 📡 GraphQL timeline @Complexity: 11 tweets, status=200
2026-04-14 03:28:40 +00:00: 2026-04-14 03:28:40,595 - __main__ - INFO - 🌐 @Complexity: 11 tweets via timeline scrape
2026-04-14 03:28:43 +00:00: 2026-04-14 03:28:43,209 - __main__ - INFO - 📡 GraphQL timeline @Cloud9: 10 tweets, status=200
2026-04-14 03:28:43 +00:00: 2026-04-14 03:28:43,210 - __main__ - INFO - 🌐 @Cloud9: 10 tweets via timeline scrape
2026-04-14 03:28:45 +00:00: 2026-04-14 03:28:45,955 - __main__ - INFO - 📡 GraphQL timeline @EliGE: 20 tweets, status=200
2026-04-14 03:28:45 +00:00: 2026-04-14 03:28:45,955 - __main__ - INFO - 🌐 @EliGE: 20 tweets via timeline scrape
2026-04-14 03:28:50 +00:00: 2026-04-14 03:28:50,241 - __main__ - INFO - ✅ Like cycle complete — liked 0 tweets (0/200 today)
2026-04-14 04:58:50 +00:00: 2026-04-14 04:58:50,332 - utils.db_utils - WARNING - ⚠️  DB connection stale — reconnecting…
2026-04-14 04:58:51 +00:00: 2026-04-14 04:58:51,307 - utils.db_utils - INFO - ✅ Reconnected to PostgreSQL
2026-04-14 04:58:51 +00:00: 2026-04-14 04:58:51,620 - __main__ - INFO - 💫 Like cycle starting — 0/200 today, budget: 40
2026-04-14 04:58:52 +00:00: 2026-04-14 04:58:52,555 - __main__ - INFO - 📬 Found 10 of our tweets to check for replies
2026-04-14 04:58:52 +00:00: 2026-04-14 04:58:52,702 - __main__ - INFO - Search 403 — resetting guest token
2026-04-14 04:58:53 +00:00: 2026-04-14 04:58:53,894 - __main__ - INFO - 🔑 Guest token refreshed
2026-04-14 04:58:54 +00:00: 2026-04-14 04:58:54,011 - __main__ - INFO - Search unexpected status: 404
2026-04-14 04:58:55 +00:00: 2026-04-14 04:58:55,132 - __main__ - INFO - Search unexpected status: 404
2026-04-14 04:58:56 +00:00: 2026-04-14 04:58:56,133 - __main__ - INFO - 📬 Reply strategy: 0 candidates
2026-04-14 04:58:57 +00:00: 2026-04-14 04:58:57,540 - __main__ - INFO - 📊 VIP DB: 1 candidates from events
2026-04-14 04:58:57 +00:00: 2026-04-14 04:58:57,540 - __main__ - INFO - 📡 VIP GraphQL fallback triggered — 1 DB candidates < 10
2026-04-14 04:58:58 +00:00: 2026-04-14 04:58:58,301 - __main__ - INFO - 📡 GraphQL timeline @Dust2us: 20 tweets, status=200
2026-04-14 04:58:58 +00:00: 2026-04-14 04:58:58,301 - __main__ - INFO - 📡 @Dust2us: 20 tweets via GraphQL
2026-04-14 04:59:00 +00:00: 2026-04-14 04:59:00,848 - __main__ - INFO - 📡 GraphQL timeline @CounterStrike: 20 tweets, status=200
2026-04-14 04:59:00 +00:00: 2026-04-14 04:59:00,848 - __main__ - INFO - 📡 @CounterStrike: 20 tweets via GraphQL
2026-04-14 04:59:02 +00:00: 2026-04-14 04:59:02,999 - __main__ - INFO - 📡 GraphQL timeline @Nors3: 0 tweets, status=200
2026-04-14 04:59:05 +00:00: 2026-04-14 04:59:05,130 - __main__ - INFO - 📡 GraphQL timeline @ABORCS: 0 tweets, status=200
2026-04-14 04:59:07 +00:00: 2026-04-14 04:59:07,762 - __main__ - INFO - 📡 GraphQL timeline @EsportsInsider: 20 tweets, status=200
2026-04-14 04:59:07 +00:00: 2026-04-14 04:59:07,762 - __main__ - INFO - 📡 @EsportsInsider: 20 tweets via GraphQL
2026-04-14 04:59:09 +00:00: 2026-04-14 04:59:09,921 - __main__ - INFO - 📡 GraphQL timeline @hltv: 0 tweets, status=200
2026-04-14 04:59:11 +00:00: 2026-04-14 04:59:11,923 - __main__ - INFO - 📊 VIP strategy: 16 total candidates
2026-04-14 04:59:15 +00:00: 2026-04-14 04:59:15,354 - __main__ - INFO - 🎯 Engagement target strategy: 4 candidates
2026-04-14 04:59:16 +00:00: 2026-04-14 04:59:16,127 - __main__ - INFO - 📡 GraphQL timeline @rainCS: 0 tweets, status=200
2026-04-14 04:59:18 +00:00: 2026-04-14 04:59:18,740 - __main__ - INFO - 📡 GraphQL timeline @Twistzz: 20 tweets, status=200
2026-04-14 04:59:18 +00:00: 2026-04-14 04:59:18,741 - __main__ - INFO - 🌐 @Twistzz: 20 tweets via timeline scrape
2026-04-14 04:59:21 +00:00: 2026-04-14 04:59:21,307 - __main__ - INFO - 📡 GraphQL timeline @Complexity: 11 tweets, status=200
2026-04-14 04:59:21 +00:00: 2026-04-14 04:59:21,307 - __main__ - INFO - 🌐 @Complexity: 11 tweets via timeline scrape
2026-04-14 04:59:24 +00:00: 2026-04-14 04:59:24,868 - __main__ - INFO - ✅ Like cycle complete — liked 0 tweets (0/200 today)
2026-04-14 06:29:24 +00:00: 2026-04-14 06:29:24,970 - utils.db_utils - WARNING - ⚠️  DB connection stale — reconnecting…
2026-04-14 06:29:25 +00:00: 2026-04-14 06:29:25,929 - utils.db_utils - INFO - ✅ Reconnected to PostgreSQL
2026-04-14 06:29:26 +00:00: 2026-04-14 06:29:26,243 - __main__ - INFO - 💫 Like cycle starting — 0/200 today, budget: 40
2026-04-14 06:29:27 +00:00: 2026-04-14 06:29:27,184 - __main__ - INFO - 📬 Found 10 of our tweets to check for replies
2026-04-14 06:29:27 +00:00: 2026-04-14 06:29:27,317 - __main__ - INFO - Search 403 — resetting guest token
2026-04-14 06:29:28 +00:00: 2026-04-14 06:29:28,511 - __main__ - INFO - 🔑 Guest token refreshed
2026-04-14 06:29:28 +00:00: 2026-04-14 06:29:28,622 - __main__ - INFO - Search unexpected status: 404
2026-04-14 06:29:29 +00:00: 2026-04-14 06:29:29,746 - __main__ - INFO - Search unexpected status: 404
2026-04-14 06:29:30 +00:00: 2026-04-14 06:29:30,748 - __main__ - INFO - 📬 Reply strategy: 0 candidates
2026-04-14 06:29:32 +00:00: 2026-04-14 06:29:32,164 - __main__ - INFO - 📊 VIP DB: 1 candidates from events
2026-04-14 06:29:32 +00:00: 2026-04-14 06:29:32,164 - __main__ - INFO - 📡 VIP GraphQL fallback triggered — 1 DB candidates < 10
2026-04-14 06:29:32 +00:00: 2026-04-14 06:29:32,843 - __main__ - INFO - 📡 GraphQL timeline @Slasher: 20 tweets, status=200
2026-04-14 06:29:32 +00:00: 2026-04-14 06:29:32,844 - __main__ - INFO - 📡 @Slasher: 20 tweets via GraphQL
2026-04-14 06:29:35 +00:00: 2026-04-14 06:29:35,359 - __main__ - INFO - 📡 GraphQL timeline @BlastPremier: 8 tweets, status=200
2026-04-14 06:29:35 +00:00: 2026-04-14 06:29:35,359 - __main__ - INFO - 📡 @BlastPremier: 8 tweets via GraphQL
2026-04-14 06:29:37 +00:00: 2026-04-14 06:29:37,950 - __main__ - INFO - 📡 GraphQL timeline @CounterStrike: 20 tweets, status=200
2026-04-14 06:29:37 +00:00: 2026-04-14 06:29:37,950 - __main__ - INFO - 📡 @CounterStrike: 20 tweets via GraphQL
2026-04-14 06:29:40 +00:00: 2026-04-14 06:29:40,100 - __main__ - INFO - Could not resolve @DonHaci: 200
2026-04-14 06:29:42 +00:00: 2026-04-14 06:29:42,247 - __main__ - INFO - 📡 GraphQL timeline @Nors3: 0 tweets, status=200
2026-04-14 06:29:44 +00:00: 2026-04-14 06:29:44,734 - __main__ - INFO - 📡 GraphQL timeline @EsportsInsider: 20 tweets, status=200
2026-04-14 06:29:44 +00:00: 2026-04-14 06:29:44,735 - __main__ - INFO - 📡 @EsportsInsider: 20 tweets via GraphQL
2026-04-14 06:29:46 +00:00: 2026-04-14 06:29:46,737 - __main__ - INFO - 📊 VIP strategy: 21 total candidates
2026-04-14 06:29:50 +00:00: 2026-04-14 06:29:50,822 - __main__ - INFO - 🎯 Engagement target strategy: 4 candidates
2026-04-14 06:29:51 +00:00: 2026-04-14 06:29:51,966 - __main__ - INFO - 📡 GraphQL timeline @Complexity: 11 tweets, status=200
2026-04-14 06:29:51 +00:00: 2026-04-14 06:29:51,967 - __main__ - INFO - 🌐 @Complexity: 11 tweets via timeline scrape
2026-04-14 06:29:54 +00:00: 2026-04-14 06:29:54,469 - __main__ - INFO - 📡 GraphQL timeline @TeamLiquidCS: 20 tweets, status=200
2026-04-14 06:29:54 +00:00: 2026-04-14 06:29:54,470 - __main__ - INFO - 🌐 @TeamLiquidCS: 20 tweets via timeline scrape
2026-04-14 06:29:57 +00:00: 2026-04-14 06:29:57,037 - __main__ - INFO - 📡 GraphQL timeline @EliGE: 20 tweets, status=200
2026-04-14 06:29:57 +00:00: 2026-04-14 06:29:57,038 - __main__ - INFO - 🌐 @EliGE: 20 tweets via timeline scrape
2026-04-14 06:30:01 +00:00: 2026-04-14 06:30:01,398 - __main__ - INFO - ✅ Like cycle complete — liked 0 tweets (0/200 today)
2026-04-14 08:00:01 +00:00: 2026-04-14 08:00:01,464 - utils.db_utils - WARNING - ⚠️  DB connection stale — reconnecting…
2026-04-14 08:00:02 +00:00: 2026-04-14 08:00:02,494 - utils.db_utils - INFO - ✅ Reconnected to PostgreSQL
2026-04-14 08:00:02 +00:00: 2026-04-14 08:00:02,807 - __main__ - INFO - 💫 Like cycle starting — 0/200 today, budget: 40
2026-04-14 08:00:03 +00:00: 2026-04-14 08:00:03,746 - __main__ - INFO - 📬 Found 10 of our tweets to check for replies
2026-04-14 08:00:03 +00:00: 2026-04-14 08:00:03,911 - __main__ - INFO - Search 403 — resetting guest token
2026-04-14 08:00:05 +00:00: 2026-04-14 08:00:05,128 - __main__ - INFO - 🔑 Guest token refreshed
2026-04-14 08:00:05 +00:00: 2026-04-14 08:00:05,254 - __main__ - INFO - Search unexpected status: 404
2026-04-14 08:00:06 +00:00: 2026-04-14 08:00:06,383 - __main__ - INFO - Search unexpected status: 404
2026-04-14 08:00:07 +00:00: 2026-04-14 08:00:07,384 - __main__ - INFO - 📬 Reply strategy: 0 candidates
2026-04-14 08:00:08 +00:00: 2026-04-14 08:00:08,793 - __main__ - INFO - 📊 VIP DB: 1 candidates from events
2026-04-14 08:00:08 +00:00: 2026-04-14 08:00:08,794 - __main__ - INFO - 📡 VIP GraphQL fallback triggered — 1 DB candidates < 10
2026-04-14 08:00:09 +00:00: 2026-04-14 08:00:09,657 - __main__ - INFO - 📡 GraphQL timeline @Slasher: 20 tweets, status=200
2026-04-14 08:00:09 +00:00: 2026-04-14 08:00:09,657 - __main__ - INFO - 📡 @Slasher: 20 tweets via GraphQL
2026-04-14 08:00:12 +00:00: 2026-04-14 08:00:12,611 - __main__ - INFO - 📡 GraphQL timeline @CounterStrike: 20 tweets, status=200
2026-04-14 08:00:12 +00:00: 2026-04-14 08:00:12,612 - __main__ - INFO - 📡 @CounterStrike: 20 tweets via GraphQL
2026-04-14 08:00:14 +00:00: 2026-04-14 08:00:14,776 - __main__ - INFO - 📡 GraphQL timeline @hltv: 0 tweets, status=200
2026-04-14 08:00:17 +00:00: 2026-04-14 08:00:17,510 - __main__ - INFO - 📡 GraphQL timeline @LiquipediaCS: 20 tweets, status=200
2026-04-14 08:00:17 +00:00: 2026-04-14 08:00:17,510 - __main__ - INFO - 📡 @LiquipediaCS: 20 tweets via GraphQL
2026-04-14 08:00:19 +00:00: 2026-04-14 08:00:19,671 - __main__ - INFO - 📡 GraphQL timeline @Nors3: 0 tweets, status=200
2026-04-14 08:00:22 +00:00: 2026-04-14 08:00:22,262 - __main__ - INFO - 📡 GraphQL timeline @BlastPremier: 8 tweets, status=200
2026-04-14 08:00:22 +00:00: 2026-04-14 08:00:22,262 - __main__ - INFO - 📡 @BlastPremier: 8 tweets via GraphQL
2026-04-14 08:00:24 +00:00: 2026-04-14 08:00:24,265 - __main__ - INFO - 📊 VIP strategy: 21 total candidates
2026-04-14 08:00:28 +00:00: 2026-04-14 08:00:28,330 - __main__ - INFO - 🎯 Engagement target strategy: 4 candidates
2026-04-14 08:00:29 +00:00: 2026-04-14 08:00:29,092 - __main__ - INFO - 📡 GraphQL timeline @Brehze: 0 tweets, status=200
2026-04-14 08:00:31 +00:00: 2026-04-14 08:00:31,754 - __main__ - INFO - 📡 GraphQL timeline @FACEIT: 0 tweets, status=200
2026-04-14 08:00:34 +00:00: 2026-04-14 08:00:34,437 - __main__ - INFO - 📡 GraphQL timeline @OGesports: 20 tweets, status=200
2026-04-14 08:00:34 +00:00: 2026-04-14 08:00:34,437 - __main__ - INFO - 🌐 @OGesports: 20 tweets via timeline scrape
2026-04-14 08:00:37 +00:00: 2026-04-14 08:00:37,225 - __main__ - INFO - ✅ Like cycle complete — liked 0 tweets (0/200 today)
2026-04-14 09:30:37 +00:00: 2026-04-14 09:30:37,317 - utils.db_utils - WARNING - ⚠️  DB connection stale — reconnecting…
2026-04-14 09:30:38 +00:00: 2026-04-14 09:30:38,273 - utils.db_utils - INFO - ✅ Reconnected to PostgreSQL
2026-04-14 09:30:38 +00:00: 2026-04-14 09:30:38,585 - __main__ - INFO - 💫 Like cycle starting — 0/200 today, budget: 40
2026-04-14 09:30:39 +00:00: 2026-04-14 09:30:39,522 - __main__ - INFO - 📬 Found 10 of our tweets to check for replies
2026-04-14 09:30:39 +00:00: 2026-04-14 09:30:39,677 - __main__ - INFO - Search 403 — resetting guest token
2026-04-14 09:30:40 +00:00: 2026-04-14 09:30:40,894 - __main__ - INFO - 🔑 Guest token refreshed
2026-04-14 09:30:41 +00:00: 2026-04-14 09:30:41,017 - __main__ - INFO - Search unexpected status: 404
2026-04-14 09:30:42 +00:00: 2026-04-14 09:30:42,140 - __main__ - INFO - Search unexpected status: 404
2026-04-14 09:30:43 +00:00: 2026-04-14 09:30:43,142 - __main__ - INFO - 📬 Reply strategy: 0 candidates
2026-04-14 09:30:44 +00:00: 2026-04-14 09:30:44,543 - __main__ - INFO - 📊 VIP DB: 1 candidates from events
2026-04-14 09:30:44 +00:00: 2026-04-14 09:30:44,544 - __main__ - INFO - 📡 VIP GraphQL fallback triggered — 1 DB candidates < 10
2026-04-14 09:30:45 +00:00: 2026-04-14 09:30:45,260 - __main__ - INFO - 📡 GraphQL timeline @CounterStrike: 20 tweets, status=200
2026-04-14 09:30:45 +00:00: 2026-04-14 09:30:45,260 - __main__ - INFO - 📡 @CounterStrike: 20 tweets via GraphQL
2026-04-14 09:30:47 +00:00: 2026-04-14 09:30:47,723 - __main__ - INFO - 📡 GraphQL timeline @BlastPremier: 8 tweets, status=200
2026-04-14 09:30:47 +00:00: 2026-04-14 09:30:47,723 - __main__ - INFO - 📡 @BlastPremier: 8 tweets via GraphQL
2026-04-14 09:30:50 +00:00: 2026-04-14 09:30:50,255 - __main__ - INFO - 📡 GraphQL timeline @EsportsInsider: 20 tweets, status=200
2026-04-14 09:30:50 +00:00: 2026-04-14 09:30:50,255 - __main__ - INFO - 📡 @EsportsInsider: 20 tweets via GraphQL
2026-04-14 09:30:52 +00:00: 2026-04-14 09:30:52,944 - __main__ - INFO - 📡 GraphQL timeline @Slasher: 20 tweets, status=200
2026-04-14 09:30:52 +00:00: 2026-04-14 09:30:52,944 - __main__ - INFO - 📡 @Slasher: 20 tweets via GraphQL
2026-04-14 09:30:55 +00:00: 2026-04-14 09:30:55,111 - __main__ - INFO - 📡 GraphQL timeline @hltv: 0 tweets, status=200
2026-04-14 09:30:57 +00:00: 2026-04-14 09:30:57,246 - __main__ - INFO - Could not resolve @RichardLewisTV: 200
2026-04-14 09:30:59 +00:00: 2026-04-14 09:30:59,249 - __main__ - INFO - 📊 VIP strategy: 21 total candidates
2026-04-14 09:31:03 +00:00: 2026-04-14 09:31:03,299 - __main__ - INFO - 🎯 Engagement target strategy: 4 candidates
2026-04-14 09:31:04 +00:00: 2026-04-14 09:31:04,514 - __main__ - INFO - 📡 GraphQL timeline @Cloud9: 10 tweets, status=200
2026-04-14 09:31:04 +00:00: 2026-04-14 09:31:04,514 - __main__ - INFO - 🌐 @Cloud9: 10 tweets via timeline scrape
2026-04-14 09:31:07 +00:00: 2026-04-14 09:31:07,838 - __main__ - INFO - 📡 GraphQL timeline @FACEIT: 0 tweets, status=200
2026-04-14 09:31:10 +00:00: 2026-04-14 09:31:10,397 - __main__ - INFO - 📡 GraphQL timeline @TeamLiquidCS: 20 tweets, status=200
2026-04-14 09:31:10 +00:00: 2026-04-14 09:31:10,398 - __main__ - INFO - 🌐 @TeamLiquidCS: 20 tweets via timeline scrape
2026-04-14 09:31:13 +00:00: 2026-04-14 09:31:13,962 - __main__ - INFO - ✅ Like cycle complete — liked 0 tweets (0/200 today)
2026-04-14 11:01:14 +00:00: 2026-04-14 11:01:14,056 - utils.db_utils - WARNING - ⚠️  DB connection stale — reconnecting…
2026-04-14 11:01:15 +00:00: 2026-04-14 11:01:15,088 - utils.db_utils - INFO - ✅ Reconnected to PostgreSQL
2026-04-14 11:01:15 +00:00: 2026-04-14 11:01:15,426 - __main__ - INFO - 💫 Like cycle starting — 0/200 today, budget: 40
2026-04-14 11:01:16 +00:00: 2026-04-14 11:01:16,439 - __main__ - INFO - 📬 Found 10 of our tweets to check for replies
2026-04-14 11:01:16 +00:00: 2026-04-14 11:01:16,592 - __main__ - INFO - Search 403 — resetting guest token
2026-04-14 11:01:17 +00:00: 2026-04-14 11:01:17,733 - __main__ - INFO - 🔑 Guest token refreshed
2026-04-14 11:01:17 +00:00: 2026-04-14 11:01:17,851 - __main__ - INFO - Search unexpected status: 404
2026-04-14 11:01:18 +00:00: 2026-04-14 11:01:18,977 - __main__ - INFO - Search unexpected status: 404
2026-04-14 11:01:19 +00:00: 2026-04-14 11:01:19,978 - __main__ - INFO - 📬 Reply strategy: 0 candidates
2026-04-14 11:01:21 +00:00: 2026-04-14 11:01:21,495 - __main__ - INFO - 📊 VIP DB: 1 candidates from events
2026-04-14 11:01:21 +00:00: 2026-04-14 11:01:21,495 - __main__ - INFO - 📡 VIP GraphQL fallback triggered — 1 DB candidates < 10
2026-04-14 11:01:21 +00:00: 2026-04-14 11:01:21,911 - __main__ - INFO - 📡 GraphQL timeline @Nors3: 0 tweets, status=200
2026-04-14 11:01:24 +00:00: 2026-04-14 11:01:24,473 - __main__ - INFO - 📡 GraphQL timeline @Slasher: 20 tweets, status=200
2026-04-14 11:01:24 +00:00: 2026-04-14 11:01:24,474 - __main__ - INFO - 📡 @Slasher: 20 tweets via GraphQL
2026-04-14 11:01:27 +00:00: 2026-04-14 11:01:27,317 - __main__ - INFO - 📡 GraphQL timeline @LiquipediaCS: 20 tweets, status=200
2026-04-14 11:01:27 +00:00: 2026-04-14 11:01:27,318 - __main__ - INFO - 📡 @LiquipediaCS: 20 tweets via GraphQL
2026-04-14 11:01:29 +00:00: 2026-04-14 11:01:29,915 - __main__ - INFO - 📡 GraphQL timeline @CounterStrike: 20 tweets, status=200
2026-04-14 11:01:29 +00:00: 2026-04-14 11:01:29,916 - __main__ - INFO - 📡 @CounterStrike: 20 tweets via GraphQL
2026-04-14 11:01:32 +00:00: 2026-04-14 11:01:32,068 - __main__ - INFO - Could not resolve @DonHaci: 200
2026-04-14 11:01:34 +00:00: 2026-04-14 11:01:34,725 - __main__ - INFO - 📡 GraphQL timeline @BlastPremier: 8 tweets, status=200
2026-04-14 11:01:34 +00:00: 2026-04-14 11:01:34,726 - __main__ - INFO - 📡 @BlastPremier: 8 tweets via GraphQL
2026-04-14 11:01:36 +00:00: 2026-04-14 11:01:36,729 - __main__ - INFO - 📊 VIP strategy: 21 total candidates
2026-04-14 11:01:41 +00:00: 2026-04-14 11:01:41,117 - __main__ - INFO - 🎯 Engagement target strategy: 4 candidates
2026-04-14 11:01:41 +00:00: 2026-04-14 11:01:41,924 - __main__ - INFO - Could not resolve @gaborcsgo: 200
2026-04-14 11:01:44 +00:00: 2026-04-14 11:01:44,079 - __main__ - INFO - 📡 GraphQL timeline @rainCS: 0 tweets, status=200
2026-04-14 11:01:46 +00:00: 2026-04-14 11:01:46,817 - __main__ - INFO - 📡 GraphQL timeline @OGesports: 20 tweets, status=200
2026-04-14 11:01:46 +00:00: 2026-04-14 11:01:46,818 - __main__ - INFO - 🌐 @OGesports: 20 tweets via timeline scrape
2026-04-14 11:01:50 +00:00: 2026-04-14 11:01:50,634 - __main__ - INFO - ❤️  Liked tweet 122142861856969... by @OGesports (cs2_community:OGesports)
2026-04-14 11:01:58 +00:00: 2026-04-14 11:01:58,900 - __main__ - INFO - ❤️  Liked tweet 152844898018260... by @OGesports (cs2_community:OGesports)
2026-04-14 11:02:04 +00:00: 2026-04-14 11:02:04,165 - __main__ - INFO - ✅ Like cycle complete — liked 2 tweets (2/200 today)
2026-04-14 12:32:04 +00:00: 2026-04-14 12:32:04,176 - utils.db_utils - WARNING - ⚠️  DB connection stale — reconnecting…
2026-04-14 12:32:05 +00:00: 2026-04-14 12:32:05,133 - utils.db_utils - INFO - ✅ Reconnected to PostgreSQL
2026-04-14 12:32:05 +00:00: 2026-04-14 12:32:05,448 - __main__ - INFO - 💫 Like cycle starting — 2/200 today, budget: 40
2026-04-14 12:32:06 +00:00: 2026-04-14 12:32:06,388 - __main__ - INFO - 📬 Found 10 of our tweets to check for replies
2026-04-14 12:32:06 +00:00: 2026-04-14 12:32:06,530 - __main__ - INFO - Search 403 — resetting guest token
2026-04-14 12:32:07 +00:00: 2026-04-14 12:32:07,713 - __main__ - INFO - 🔑 Guest token refreshed
2026-04-14 12:32:07 +00:00: 2026-04-14 12:32:07,831 - __main__ - INFO - Search unexpected status: 404
2026-04-14 12:32:08 +00:00: 2026-04-14 12:32:08,950 - __main__ - INFO - Search unexpected status: 404
2026-04-14 12:32:09 +00:00: 2026-04-14 12:32:09,951 - __main__ - INFO - 📬 Reply strategy: 0 candidates
2026-04-14 12:32:11 +00:00: 2026-04-14 12:32:11,361 - __main__ - INFO - 📊 VIP DB: 2 candidates from events
2026-04-14 12:32:11 +00:00: 2026-04-14 12:32:11,361 - __main__ - INFO - 📡 VIP GraphQL fallback triggered — 2 DB candidates < 10
2026-04-14 12:32:11 +00:00: 2026-04-14 12:32:11,669 - __main__ - INFO - 📡 GraphQL timeline @Nors3: 0 tweets, status=200
2026-04-14 12:32:13 +00:00: 2026-04-14 12:32:13,832 - __main__ - INFO - 📡 GraphQL timeline @hltv: 0 tweets, status=200
2026-04-14 12:32:16 +00:00: 2026-04-14 12:32:16,393 - __main__ - INFO - 📡 GraphQL timeline @CS2News_EN: 20 tweets, status=200
2026-04-14 12:32:16 +00:00: 2026-04-14 12:32:16,394 - __main__ - INFO - 📡 @CS2News_EN: 20 tweets via GraphQL
2026-04-14 12:32:18 +00:00: 2026-04-14 12:32:18,925 - __main__ - INFO - 📡 GraphQL timeline @EsportsInsider: 20 tweets, status=200
2026-04-14 12:32:18 +00:00: 2026-04-14 12:32:18,925 - __main__ - INFO - 📡 @EsportsInsider: 20 tweets via GraphQL
2026-04-14 12:32:21 +00:00: 2026-04-14 12:32:21,568 - __main__ - INFO - 📡 GraphQL timeline @CounterStrike: 20 tweets, status=200
2026-04-14 12:32:21 +00:00: 2026-04-14 12:32:21,568 - __main__ - INFO - 📡 @CounterStrike: 20 tweets via GraphQL
2026-04-14 12:32:24 +00:00: 2026-04-14 12:32:24,381 - __main__ - INFO - 📡 GraphQL timeline @Dust2us: 20 tweets, status=200
2026-04-14 12:32:24 +00:00: 2026-04-14 12:32:24,381 - __main__ - INFO - 📡 @Dust2us: 20 tweets via GraphQL
2026-04-14 12:32:26 +00:00: 2026-04-14 12:32:26,382 - __main__ - INFO - 📊 VIP strategy: 22 total candidates
2026-04-14 12:32:29 +00:00: 2026-04-14 12:32:29,370 - __main__ - INFO - ❤️  Liked tweet 204400928722820... by @BlastPremier (vip_from_events)
2026-04-14 12:32:40 +00:00: 2026-04-14 12:32:40,321 - __main__ - INFO - 🎯 Engagement target strategy: 5 candidates
2026-04-14 12:32:41 +00:00: 2026-04-14 12:32:41,232 - __main__ - INFO - 📡 GraphQL timeline @Brehze: 0 tweets, status=200
2026-04-14 12:32:43 +00:00: 2026-04-14 12:32:43,752 - __main__ - INFO - 📡 GraphQL timeline @BIGCLANgg: 14 tweets, status=200
2026-04-14 12:32:43 +00:00: 2026-04-14 12:32:43,752 - __main__ - INFO - 🌐 @BIGCLANgg: 14 tweets via timeline scrape
2026-04-14 12:32:45 +00:00: 2026-04-14 12:32:45,936 - __main__ - INFO - 📡 GraphQL timeline @rainCS: 0 tweets, status=200
2026-04-14 12:32:50 +00:00: 2026-04-14 12:32:50,287 - __main__ - INFO - ❤️  Liked tweet 204402961989287... by @BIGCLANgg (cs2_community:BIGCLANgg)
2026-04-14 12:32:58 +00:00: 2026-04-14 12:32:58,180 - __main__ - INFO - ✅ Like cycle complete — liked 2 tweets (4/200 today)
2026-04-14 14:02:58 +00:00: 2026-04-14 14:02:58,966 - __main__ - INFO - 💫 Like cycle starting — 4/200 today, budget: 40
2026-04-14 14:02:59 +00:00: 2026-04-14 14:02:59,899 - __main__ - INFO - 📬 Found 10 of our tweets to check for replies
2026-04-14 14:03:00 +00:00: 2026-04-14 14:03:00,053 - __main__ - INFO - Search 403 — resetting guest token
2026-04-14 14:03:01 +00:00: 2026-04-14 14:03:01,235 - __main__ - INFO - 🔑 Guest token refreshed
2026-04-14 14:03:01 +00:00: 2026-04-14 14:03:01,362 - __main__ - INFO - Search unexpected status: 404
2026-04-14 14:03:02 +00:00: 2026-04-14 14:03:02,490 - __main__ - INFO - Search unexpected status: 404
2026-04-14 14:03:03 +00:00: 2026-04-14 14:03:03,492 - __main__ - INFO - 📬 Reply strategy: 0 candidates
2026-04-14 14:03:04 +00:00: 2026-04-14 14:03:04,892 - __main__ - INFO - 📊 VIP DB: 2 candidates from events
2026-04-14 14:03:04 +00:00: 2026-04-14 14:03:04,893 - __main__ - INFO - 📡 VIP GraphQL fallback triggered — 2 DB candidates < 10
2026-04-14 14:03:05 +00:00: 2026-04-14 14:03:05,947 - __main__ - INFO - 📡 GraphQL timeline @CounterStrike: 20 tweets, status=200
2026-04-14 14:03:05 +00:00: 2026-04-14 14:03:05,948 - __main__ - INFO - 📡 @CounterStrike: 20 tweets via GraphQL
2026-04-14 14:03:08 +00:00: 2026-04-14 14:03:08,848 - __main__ - INFO - 📡 GraphQL timeline @EsportsInsider: 20 tweets, status=200
2026-04-14 14:03:08 +00:00: 2026-04-14 14:03:08,848 - __main__ - INFO - 📡 @EsportsInsider: 20 tweets via GraphQL
2026-04-14 14:03:10 +00:00: 2026-04-14 14:03:10,988 - __main__ - INFO - Could not resolve @RichardLewisTV: 200
2026-04-14 14:03:13 +00:00: 2026-04-14 14:03:13,182 - __main__ - INFO - 📡 GraphQL timeline @Nors3: 0 tweets, status=200
2026-04-14 14:03:16 +00:00: 2026-04-14 14:03:16,162 - __main__ - INFO - 📡 GraphQL timeline @RazedEsport: 20 tweets, status=200
2026-04-14 14:03:16 +00:00: 2026-04-14 14:03:16,162 - __main__ - INFO - 📡 @RazedEsport: 20 tweets via GraphQL
2026-04-14 14:03:19 +00:00: 2026-04-14 14:03:19,200 - __main__ - INFO - 📡 GraphQL timeline @Slasher: 20 tweets, status=200
2026-04-14 14:03:19 +00:00: 2026-04-14 14:03:19,201 - __main__ - INFO - 📡 @Slasher: 20 tweets via GraphQL
2026-04-14 14:03:21 +00:00: 2026-04-14 14:03:21,203 - __main__ - INFO - 📊 VIP strategy: 22 total candidates
2026-04-14 14:03:25 +00:00: 2026-04-14 14:03:25,557 - __main__ - INFO - 🎯 Engagement target strategy: 4 candidates
2026-04-14 14:03:26 +00:00: 2026-04-14 14:03:26,880 - __main__ - INFO - 📡 GraphQL timeline @BIGCLANgg: 15 tweets, status=200
2026-04-14 14:03:26 +00:00: 2026-04-14 14:03:26,881 - __main__ - INFO - 🌐 @BIGCLANgg: 15 tweets via timeline scrape
2026-04-14 14:03:29 +00:00: 2026-04-14 14:03:29,698 - __main__ - INFO - 📡 GraphQL timeline @ESLCS: 20 tweets, status=200
2026-04-14 14:03:29 +00:00: 2026-04-14 14:03:29,699 - __main__ - INFO - 🌐 @ESLCS: 20 tweets via timeline scrape
2026-04-14 14:03:32 +00:00: 2026-04-14 14:03:32,529 - __main__ - INFO - 📡 GraphQL timeline @Twistzz: 20 tweets, status=200
2026-04-14 14:03:32 +00:00: 2026-04-14 14:03:32,529 - __main__ - INFO - 🌐 @Twistzz: 20 tweets via timeline scrape
2026-04-14 14:03:37 +00:00: 2026-04-14 14:03:37,829 - __main__ - INFO - ❤️  Liked tweet 204404893225944... by @BIGCLANgg (cs2_community:BIGCLANgg)
2026-04-14 14:03:45 +00:00: 2026-04-14 14:03:45,894 - __main__ - INFO - ✅ Like cycle complete — liked 1 tweets (5/200 today)
2026-04-14 14:48:45 +00:00: 2026-04-14 14:48:45,960 - utils.db_utils - WARNING - ⚠️  DB connection stale — reconnecting…
2026-04-14 14:48:47 +00:00: 2026-04-14 14:48:47,008 - utils.db_utils - INFO - ✅ Reconnected to PostgreSQL
2026-04-14 14:48:47 +00:00: 2026-04-14 14:48:47,348 - __main__ - INFO - 💫 Like cycle starting — 5/200 today, budget: 40
2026-04-14 14:48:48 +00:00: 2026-04-14 14:48:48,364 - __main__ - INFO - 📬 Found 10 of our tweets to check for replies
2026-04-14 14:48:48 +00:00: 2026-04-14 14:48:48,511 - __main__ - INFO - Search unexpected status: 404
2026-04-14 14:48:49 +00:00: 2026-04-14 14:48:49,640 - __main__ - INFO - Search unexpected status: 404
2026-04-14 14:48:50 +00:00: 2026-04-14 14:48:50,760 - __main__ - INFO - Search unexpected status: 404
2026-04-14 14:48:51 +00:00: 2026-04-14 14:48:51,761 - __main__ - INFO - 📬 Reply strategy: 0 candidates
2026-04-14 14:48:53 +00:00: 2026-04-14 14:48:53,287 - __main__ - INFO - 📊 VIP DB: 2 candidates from events
2026-04-14 14:48:53 +00:00: 2026-04-14 14:48:53,287 - __main__ - INFO - 📡 VIP GraphQL fallback triggered — 2 DB candidates < 10
2026-04-14 14:48:54 +00:00: 2026-04-14 14:48:54,249 - __main__ - INFO - 📡 GraphQL timeline @LiquipediaCS: 20 tweets, status=200
2026-04-14 14:48:54 +00:00: 2026-04-14 14:48:54,249 - __main__ - INFO - 📡 @LiquipediaCS: 20 tweets via GraphQL
2026-04-14 14:48:56 +00:00: 2026-04-14 14:48:56,974 - __main__ - INFO - 📡 GraphQL timeline @Slasher: 20 tweets, status=200
2026-04-14 14:48:56 +00:00: 2026-04-14 14:48:56,975 - __main__ - INFO - 📡 @Slasher: 20 tweets via GraphQL
2026-04-14 14:48:59 +00:00: 2026-04-14 14:48:59,600 - __main__ - INFO - 📡 GraphQL timeline @BlastPremier: 8 tweets, status=200
2026-04-14 14:48:59 +00:00: 2026-04-14 14:48:59,600 - __main__ - INFO - 📡 @BlastPremier: 8 tweets via GraphQL
2026-04-14 14:49:02 +00:00: 2026-04-14 14:49:02,350 - __main__ - INFO - 📡 GraphQL timeline @EsportsInsider: 20 tweets, status=200
2026-04-14 14:49:02 +00:00: 2026-04-14 14:49:02,350 - __main__ - INFO - 📡 @EsportsInsider: 20 tweets via GraphQL
2026-04-14 14:49:05 +00:00: 2026-04-14 14:49:05,245 - __main__ - INFO - 📡 GraphQL timeline @Dust2us: 20 tweets, status=200
2026-04-14 14:49:05 +00:00: 2026-04-14 14:49:05,246 - __main__ - INFO - 📡 @Dust2us: 20 tweets via GraphQL
2026-04-14 14:49:07 +00:00: 2026-04-14 14:49:07,410 - __main__ - INFO - 📡 GraphQL timeline @hltv: 0 tweets, status=200
2026-04-14 14:49:09 +00:00: 2026-04-14 14:49:09,413 - __main__ - INFO - 📊 VIP strategy: 27 total candidates
2026-04-14 14:49:14 +00:00: 2026-04-14 14:49:14,679 - __main__ - INFO - 🎯 Engagement target strategy: 4 candidates
2026-04-14 14:49:16 +00:00: 2026-04-14 14:49:16,089 - __main__ - INFO - 📡 GraphQL timeline @Karrigancsgo: 20 tweets, status=200
2026-04-14 14:49:16 +00:00: 2026-04-14 14:49:16,089 - __main__ - INFO - 🌐 @Karrigancsgo: 20 tweets via timeline scrape
2026-04-14 14:49:18 +00:00: 2026-04-14 14:49:18,229 - __main__ - INFO - 📡 GraphQL timeline @Brehze: 0 tweets, status=200
2026-04-14 14:49:21 +00:00: 2026-04-14 14:49:21,092 - __main__ - INFO - 📡 GraphQL timeline @Twistzz: 20 tweets, status=200
2026-04-14 14:49:21 +00:00: 2026-04-14 14:49:21,092 - __main__ - INFO - 🌐 @Twistzz: 20 tweets via timeline scrape
2026-04-14 14:49:24 +00:00: 2026-04-14 14:49:24,786 - __main__ - INFO - ✅ Like cycle complete — liked 0 tweets (5/200 today)
2026-04-14 15:34:24 +00:00: 2026-04-14 15:34:24,838 - utils.db_utils - WARNING - ⚠️  DB connection stale — reconnecting…
2026-04-14 15:34:25 +00:00: 2026-04-14 15:34:25,871 - utils.db_utils - INFO - ✅ Reconnected to PostgreSQL
2026-04-14 15:34:26 +00:00: 2026-04-14 15:34:26,187 - __main__ - INFO - 💫 Like cycle starting — 5/200 today, budget: 40
2026-04-14 15:34:27 +00:00: 2026-04-14 15:34:27,134 - __main__ - INFO - 📬 Found 10 of our tweets to check for replies
2026-04-14 15:34:27 +00:00: 2026-04-14 15:34:27,275 - __main__ - INFO - Search unexpected status: 404
2026-04-14 15:34:28 +00:00: 2026-04-14 15:34:28,400 - __main__ - INFO - Search unexpected status: 404
2026-04-14 15:34:29 +00:00: 2026-04-14 15:34:29,523 - __main__ - INFO - Search unexpected status: 404
2026-04-14 15:34:30 +00:00: 2026-04-14 15:34:30,525 - __main__ - INFO - 📬 Reply strategy: 0 candidates
2026-04-14 15:34:31 +00:00: 2026-04-14 15:34:31,942 - __main__ - INFO - 📊 VIP DB: 2 candidates from events
2026-04-14 15:34:31 +00:00: 2026-04-14 15:34:31,942 - __main__ - INFO - 📡 VIP GraphQL fallback triggered — 2 DB candidates < 10
2026-04-14 15:34:32 +00:00: 2026-04-14 15:34:32,938 - __main__ - INFO - 📡 GraphQL timeline @CounterStrike: 20 tweets, status=200
2026-04-14 15:34:32 +00:00: 2026-04-14 15:34:32,938 - __main__ - INFO - 📡 @CounterStrike: 20 tweets via GraphQL
2026-04-14 15:34:35 +00:00: 2026-04-14 15:34:35,724 - __main__ - INFO - 📡 GraphQL timeline @Slasher: 20 tweets, status=200
2026-04-14 15:34:35 +00:00: 2026-04-14 15:34:35,725 - __main__ - INFO - 📡 @Slasher: 20 tweets via GraphQL
2026-04-14 15:34:37 +00:00: 2026-04-14 15:34:37,893 - __main__ - INFO - 📡 GraphQL timeline @hltv: 0 tweets, status=200
2026-04-14 15:34:40 +00:00: 2026-04-14 15:34:40,671 - __main__ - INFO - 📡 GraphQL timeline @EsportsInsider: 20 tweets, status=200
2026-04-14 15:34:40 +00:00: 2026-04-14 15:34:40,671 - __main__ - INFO - 📡 @EsportsInsider: 20 tweets via GraphQL
2026-04-14 15:34:43 +00:00: 2026-04-14 15:34:43,423 - __main__ - INFO - 📡 GraphQL timeline @BlastPremier: 8 tweets, status=200
2026-04-14 15:34:43 +00:00: 2026-04-14 15:34:43,424 - __main__ - INFO - 📡 @BlastPremier: 8 tweets via GraphQL
2026-04-14 15:34:46 +00:00: 2026-04-14 15:34:46,155 - __main__ - INFO - 📡 GraphQL timeline @CS2News_EN: 20 tweets, status=200
2026-04-14 15:34:46 +00:00: 2026-04-14 15:34:46,156 - __main__ - INFO - 📡 @CS2News_EN: 20 tweets via GraphQL
2026-04-14 15:34:48 +00:00: 2026-04-14 15:34:48,159 - __main__ - INFO - 📊 VIP strategy: 27 total candidates
2026-04-14 15:34:53 +00:00: 2026-04-14 15:34:53,048 - __main__ - INFO - 🎯 Engagement target strategy: 4 candidates
2026-04-14 15:34:53 +00:00: 2026-04-14 15:34:53,837 - __main__ - INFO - 📡 GraphQL timeline @PGL_Esports: 0 tweets, status=200
2026-04-14 15:34:55 +00:00: 2026-04-14 15:34:55,979 - __main__ - INFO - 📡 GraphQL timeline @Brehze: 0 tweets, status=200
2026-04-14 15:34:58 +00:00: 2026-04-14 15:34:58,596 - __main__ - INFO - 📡 GraphQL timeline @Cloud9: 10 tweets, status=200
2026-04-14 15:34:58 +00:00: 2026-04-14 15:34:58,597 - __main__ - INFO - 🌐 @Cloud9: 10 tweets via timeline scrape
2026-04-14 15:35:01 +00:00: 2026-04-14 15:35:01,388 - __main__ - INFO - ✅ Like cycle complete — liked 0 tweets (5/200 today)
2026-04-14 16:20:01 +00:00: 2026-04-14 16:20:01,490 - utils.db_utils - WARNING - ⚠️  DB connection stale — reconnecting…
2026-04-14 16:20:02 +00:00: 2026-04-14 16:20:02,530 - utils.db_utils - INFO - ✅ Reconnected to PostgreSQL
2026-04-14 16:20:02 +00:00: 2026-04-14 16:20:02,874 - __main__ - INFO - 💫 Like cycle starting — 5/200 today, budget: 40
2026-04-14 16:20:03 +00:00: 2026-04-14 16:20:03,899 - __main__ - INFO - 📬 Found 10 of our tweets to check for replies
2026-04-14 16:20:04 +00:00: 2026-04-14 16:20:04,055 - __main__ - INFO - 🔑 Guest token refreshed
2026-04-14 16:20:04 +00:00: 2026-04-14 16:20:04,201 - __main__ - INFO - Search unexpected status: 404
2026-04-14 16:20:05 +00:00: 2026-04-14 16:20:05,329 - __main__ - INFO - Search unexpected status: 404
2026-04-14 16:20:06 +00:00: 2026-04-14 16:20:06,461 - __main__ - INFO - Search unexpected status: 404
2026-04-14 16:20:07 +00:00: 2026-04-14 16:20:07,462 - __main__ - INFO - 📬 Reply strategy: 0 candidates
2026-04-14 16:20:08 +00:00: 2026-04-14 16:20:08,994 - __main__ - INFO - 📊 VIP DB: 2 candidates from events
2026-04-14 16:20:08 +00:00: 2026-04-14 16:20:08,994 - __main__ - INFO - 📡 VIP GraphQL fallback triggered — 2 DB candidates < 10
2026-04-14 16:20:09 +00:00: 2026-04-14 16:20:09,326 - __main__ - INFO - 📡 GraphQL timeline @Nors3: 0 tweets, status=200
2026-04-14 16:20:12 +00:00: 2026-04-14 16:20:12,098 - __main__ - INFO - 📡 GraphQL timeline @Dust2us: 20 tweets, status=200
2026-04-14 16:20:12 +00:00: 2026-04-14 16:20:12,098 - __main__ - INFO - 📡 @Dust2us: 20 tweets via GraphQL
2026-04-14 16:20:14 +00:00: 2026-04-14 16:20:14,687 - __main__ - INFO - 📡 GraphQL timeline @BlastPremier: 8 tweets, status=200
2026-04-14 16:20:14 +00:00: 2026-04-14 16:20:14,688 - __main__ - INFO - 📡 @BlastPremier: 8 tweets via GraphQL
2026-04-14 16:20:17 +00:00: 2026-04-14 16:20:17,516 - __main__ - INFO - 📡 GraphQL timeline @CounterStrike: 20 tweets, status=200
2026-04-14 16:20:17 +00:00: 2026-04-14 16:20:17,517 - __main__ - INFO - 📡 @CounterStrike: 20 tweets via GraphQL
2026-04-14 16:20:20 +00:00: 2026-04-14 16:20:20,261 - __main__ - INFO - 📡 GraphQL timeline @LiquipediaCS: 20 tweets, status=200
2026-04-14 16:20:20 +00:00: 2026-04-14 16:20:20,262 - __main__ - INFO - 📡 @LiquipediaCS: 20 tweets via GraphQL
2026-04-14 16:20:22 +00:00: 2026-04-14 16:20:22,979 - __main__ - INFO - 📡 GraphQL timeline @EsportsInsider: 20 tweets, status=200
2026-04-14 16:20:22 +00:00: 2026-04-14 16:20:22,979 - __main__ - INFO - 📡 @EsportsInsider: 20 tweets via GraphQL
2026-04-14 16:20:24 +00:00: 2026-04-14 16:20:24,982 - __main__ - INFO - 📊 VIP strategy: 27 total candidates
2026-04-14 16:20:30 +00:00: 2026-04-14 16:20:30,268 - __main__ - INFO - 🎯 Engagement target strategy: 4 candidates
2026-04-14 16:20:31 +00:00: 2026-04-14 16:20:31,816 - __main__ - INFO - 📡 GraphQL timeline @Cloud9: 10 tweets, status=200
2026-04-14 16:20:31 +00:00: 2026-04-14 16:20:31,816 - __main__ - INFO - 🌐 @Cloud9: 10 tweets via timeline scrape
2026-04-14 16:20:33 +00:00: 2026-04-14 16:20:33,976 - __main__ - INFO - 📡 GraphQL timeline @rainCS: 0 tweets, status=200
2026-04-14 16:20:36 +00:00: 2026-04-14 16:20:36,620 - __main__ - INFO - 📡 GraphQL timeline @BIGCLANgg: 16 tweets, status=200
2026-04-14 16:20:36 +00:00: 2026-04-14 16:20:36,621 - __main__ - INFO - 🌐 @BIGCLANgg: 16 tweets via timeline scrape
2026-04-14 16:20:41 +00:00: 2026-04-14 16:20:41,798 - __main__ - INFO - ❤️  Liked tweet 204407724337941... by @BIGCLANgg (cs2_community:BIGCLANgg)
2026-04-14 16:20:49 +00:00: 2026-04-14 16:20:49,594 - __main__ - INFO - ✅ Like cycle complete — liked 1 tweets (6/200 today)
2026-04-14 17:05:49 +00:00: 2026-04-14 17:05:49,697 - utils.db_utils - WARNING - ⚠️  DB connection stale — reconnecting…
2026-04-14 17:05:50 +00:00: 2026-04-14 17:05:50,652 - utils.db_utils - INFO - ✅ Reconnected to PostgreSQL
2026-04-14 17:05:50 +00:00: 2026-04-14 17:05:50,967 - __main__ - INFO - 💫 Like cycle starting — 6/200 today, budget: 40
2026-04-14 17:05:51 +00:00: 2026-04-14 17:05:51,910 - __main__ - INFO - 📬 Found 10 of our tweets to check for replies
2026-04-14 17:05:52 +00:00: 2026-04-14 17:05:52,070 - __main__ - INFO - Search unexpected status: 404
2026-04-14 17:05:53 +00:00: 2026-04-14 17:05:53,193 - __main__ - INFO - Search unexpected status: 404
2026-04-14 17:05:54 +00:00: 2026-04-14 17:05:54,320 - __main__ - INFO - Search unexpected status: 404
2026-04-14 17:05:55 +00:00: 2026-04-14 17:05:55,324 - __main__ - INFO - 📬 Reply strategy: 0 candidates
2026-04-14 17:05:56 +00:00: 2026-04-14 17:05:56,738 - __main__ - INFO - 📊 VIP DB: 2 candidates from events
2026-04-14 17:05:56 +00:00: 2026-04-14 17:05:56,738 - __main__ - INFO - 📡 VIP GraphQL fallback triggered — 2 DB candidates < 10
2026-04-14 17:05:57 +00:00: 2026-04-14 17:05:57,474 - __main__ - INFO - 📡 GraphQL timeline @BlastPremier: 8 tweets, status=200
2026-04-14 17:05:57 +00:00: 2026-04-14 17:05:57,475 - __main__ - INFO - 📡 @BlastPremier: 8 tweets via GraphQL
2026-04-14 17:06:00 +00:00: 2026-04-14 17:06:00,255 - __main__ - INFO - 📡 GraphQL timeline @CS2News_EN: 20 tweets, status=200
2026-04-14 17:06:00 +00:00: 2026-04-14 17:06:00,256 - __main__ - INFO - 📡 @CS2News_EN: 20 tweets via GraphQL
2026-04-14 17:06:03 +00:00: 2026-04-14 17:06:03,112 - __main__ - INFO - 📡 GraphQL timeline @Dust2us: 20 tweets, status=200
2026-04-14 17:06:03 +00:00: 2026-04-14 17:06:03,113 - __main__ - INFO - 📡 @Dust2us: 20 tweets via GraphQL
2026-04-14 17:06:05 +00:00: 2026-04-14 17:06:05,795 - __main__ - INFO - 📡 GraphQL timeline @EsportsInsider: 20 tweets, status=200
2026-04-14 17:06:05 +00:00: 2026-04-14 17:06:05,796 - __main__ - INFO - 📡 @EsportsInsider: 20 tweets via GraphQL
2026-04-14 17:06:08 +00:00: 2026-04-14 17:06:08,598 - __main__ - INFO - 📡 GraphQL timeline @Slasher: 20 tweets, status=200
2026-04-14 17:06:08 +00:00: 2026-04-14 17:06:08,598 - __main__ - INFO - 📡 @Slasher: 20 tweets via GraphQL
2026-04-14 17:06:10 +00:00: 2026-04-14 17:06:10,774 - __main__ - INFO - 📡 GraphQL timeline @hltv: 0 tweets, status=200
2026-04-14 17:06:12 +00:00: 2026-04-14 17:06:12,776 - __main__ - INFO - 📊 VIP strategy: 27 total candidates
2026-04-14 17:06:17 +00:00: 2026-04-14 17:06:17,649 - __main__ - INFO - 🎯 Engagement target strategy: 4 candidates
2026-04-14 17:06:19 +00:00: 2026-04-14 17:06:19,003 - __main__ - INFO - 📡 GraphQL timeline @OGesports: 20 tweets, status=200
2026-04-14 17:06:19 +00:00: 2026-04-14 17:06:19,004 - __main__ - INFO - 🌐 @OGesports: 20 tweets via timeline scrape
2026-04-14 17:06:21 +00:00: 2026-04-14 17:06:21,709 - __main__ - INFO - 📡 GraphQL timeline @nilocsgo: 20 tweets, status=200
2026-04-14 17:06:21 +00:00: 2026-04-14 17:06:21,710 - __main__ - INFO - 🌐 @nilocsgo: 20 tweets via timeline scrape
2026-04-14 17:06:23 +00:00: 2026-04-14 17:06:23,855 - __main__ - INFO - Could not resolve @LOABORVRE_CS2: 200
2026-04-14 17:06:27 +00:00: 2026-04-14 17:06:27,426 - __main__ - INFO - ✅ Like cycle complete — liked 0 tweets (6/200 today)
2026-04-14 17:51:27 +00:00: 2026-04-14 17:51:27,442 - utils.db_utils - WARNING - ⚠️  DB connection stale — reconnecting…
2026-04-14 17:51:28 +00:00: 2026-04-14 17:51:28,406 - utils.db_utils - INFO - ✅ Reconnected to PostgreSQL
2026-04-14 17:51:28 +00:00: 2026-04-14 17:51:28,724 - __main__ - INFO - 💫 Like cycle starting — 6/200 today, budget: 40
2026-04-14 17:51:29 +00:00: 2026-04-14 17:51:29,676 - __main__ - INFO - 📬 Found 10 of our tweets to check for replies
2026-04-14 17:51:29 +00:00: 2026-04-14 17:51:29,834 - __main__ - INFO - Search unexpected status: 404
2026-04-14 17:51:30 +00:00: 2026-04-14 17:51:30,969 - __main__ - INFO - Search unexpected status: 404
2026-04-14 17:51:32 +00:00: 2026-04-14 17:51:32,090 - __main__ - INFO - Search unexpected status: 404
2026-04-14 17:51:33 +00:00: 2026-04-14 17:51:33,091 - __main__ - INFO - 📬 Reply strategy: 0 candidates
2026-04-14 17:51:34 +00:00: 2026-04-14 17:51:34,520 - __main__ - INFO - 📊 VIP DB: 2 candidates from events
2026-04-14 17:51:34 +00:00: 2026-04-14 17:51:34,520 - __main__ - INFO - 📡 VIP GraphQL fallback triggered — 2 DB candidates < 10
2026-04-14 17:51:35 +00:00: 2026-04-14 17:51:35,428 - __main__ - INFO - 📡 GraphQL timeline @LiquipediaCS: 20 tweets, status=200
2026-04-14 17:51:35 +00:00: 2026-04-14 17:51:35,429 - __main__ - INFO - 📡 @LiquipediaCS: 20 tweets via GraphQL
2026-04-14 17:51:37 +00:00: 2026-04-14 17:51:37,592 - __main__ - INFO - 📡 GraphQL timeline @Nors3: 0 tweets, status=200
2026-04-14 17:51:40 +00:00: 2026-04-14 17:51:40,329 - __main__ - INFO - 📡 GraphQL timeline @Slasher: 20 tweets, status=200
2026-04-14 17:51:40 +00:00: 2026-04-14 17:51:40,330 - __main__ - INFO - 📡 @Slasher: 20 tweets via GraphQL
2026-04-14 17:51:43 +00:00: 2026-04-14 17:51:43,139 - __main__ - INFO - 📡 GraphQL timeline @CounterStrike: 20 tweets, status=200
2026-04-14 17:51:43 +00:00: 2026-04-14 17:51:43,140 - __main__ - INFO - 📡 @CounterStrike: 20 tweets via GraphQL
2026-04-14 17:51:45 +00:00: 2026-04-14 17:51:45,902 - __main__ - INFO - 📡 GraphQL timeline @Dust2us: 20 tweets, status=200
2026-04-14 17:51:45 +00:00: 2026-04-14 17:51:45,903 - __main__ - INFO - 📡 @Dust2us: 20 tweets via GraphQL
2026-04-14 17:51:48 +00:00: 2026-04-14 17:51:48,662 - __main__ - INFO - 📡 GraphQL timeline @EsportsInsider: 20 tweets, status=200
2026-04-14 17:51:48 +00:00: 2026-04-14 17:51:48,663 - __main__ - INFO - 📡 @EsportsInsider: 20 tweets via GraphQL
2026-04-14 17:51:50 +00:00: 2026-04-14 17:51:50,666 - __main__ - INFO - 📊 VIP strategy: 27 total candidates
2026-04-14 17:51:55 +00:00: 2026-04-14 17:51:55,905 - __main__ - INFO - 🎯 Engagement target strategy: 4 candidates
2026-04-14 17:51:57 +00:00: 2026-04-14 17:51:57,164 - __main__ - INFO - 📡 GraphQL timeline @ESLCS: 20 tweets, status=200
2026-04-14 17:51:57 +00:00: 2026-04-14 17:51:57,164 - __main__ - INFO - 🌐 @ESLCS: 20 tweets via timeline scrape
2026-04-14 17:51:59 +00:00: 2026-04-14 17:51:59,325 - __main__ - INFO - 📡 GraphQL timeline @rainCS: 0 tweets, status=200
2026-04-14 17:52:01 +00:00: 2026-04-14 17:52:01,940 - __main__ - INFO - 📡 GraphQL timeline @BIGCLANgg: 18 tweets, status=200
2026-04-14 17:52:01 +00:00: 2026-04-14 17:52:01,940 - __main__ - INFO - 🌐 @BIGCLANgg: 18 tweets via timeline scrape
2026-04-14 17:52:05 +00:00: 2026-04-14 17:52:05,729 - __main__ - INFO - ❤️  Liked tweet 204410862620636... by @BIGCLANgg (cs2_community:BIGCLANgg)
2026-04-14 17:52:13 +00:00: 2026-04-14 17:52:13,788 - __main__ - INFO - ❤️  Liked tweet 204410148836075... by @BIGCLANgg (cs2_community:BIGCLANgg)
2026-04-14 17:52:20 +00:00: 2026-04-14 17:52:20,097 - __main__ - INFO - ❤️  Liked tweet 204410791154308... by @BIGCLANgg (cs2_community:BIGCLANgg)
2026-04-14 17:52:27 +00:00: 2026-04-14 17:52:27,216 - __main__ - INFO - ❤️  Liked tweet 204410233867617... by @BIGCLANgg (cs2_community:BIGCLANgg)
2026-04-14 17:52:37 +00:00: 2026-04-14 17:52:37,524 - __main__ - INFO - ❤️  Liked tweet 204410810615036... by @BIGCLANgg (cs2_community:BIGCLANgg)
2026-04-14 17:52:45 +00:00: 2026-04-14 17:52:45,871 - __main__ - INFO - ✅ Like cycle complete — liked 5 tweets (11/200 today)
2026-04-14 18:37:45 +00:00: 2026-04-14 18:37:45,906 - utils.db_utils - WARNING - ⚠️  DB connection stale — reconnecting…
2026-04-14 18:37:46 +00:00: 2026-04-14 18:37:46,944 - utils.db_utils - INFO - ✅ Reconnected to PostgreSQL
2026-04-14 18:37:47 +00:00: 2026-04-14 18:37:47,268 - __main__ - INFO - 💫 Like cycle starting — 11/200 today, budget: 40
2026-04-14 18:37:48 +00:00: 2026-04-14 18:37:48,237 - __main__ - INFO - 📬 Found 10 of our tweets to check for replies
2026-04-14 18:37:48 +00:00: 2026-04-14 18:37:48,467 - __main__ - INFO - 🔑 Guest token refreshed
2026-04-14 18:37:48 +00:00: 2026-04-14 18:37:48,608 - __main__ - INFO - Search unexpected status: 404
2026-04-14 18:37:49 +00:00: 2026-04-14 18:37:49,737 - __main__ - INFO - Search error: Input is a zero-length, empty document: line 1 column 1 (char 0)
2026-04-14 18:37:50 +00:00: 2026-04-14 18:37:50,857 - __main__ - INFO - Search unexpected status: 404
2026-04-14 18:37:51 +00:00: 2026-04-14 18:37:51,858 - __main__ - INFO - 📬 Reply strategy: 0 candidates
2026-04-14 18:37:53 +00:00: 2026-04-14 18:37:53,308 - __main__ - INFO - 📊 VIP DB: 3 candidates from events
2026-04-14 18:37:53 +00:00: 2026-04-14 18:37:53,309 - __main__ - INFO - 📡 VIP GraphQL fallback triggered — 3 DB candidates < 10
2026-04-14 18:37:53 +00:00: 2026-04-14 18:37:53,631 - __main__ - INFO - 📡 GraphQL timeline @Nors3: 0 tweets, status=200
2026-04-14 18:37:56 +00:00: 2026-04-14 18:37:56,350 - __main__ - INFO - 📡 GraphQL timeline @EsportsInsider: 20 tweets, status=200
2026-04-14 18:37:56 +00:00: 2026-04-14 18:37:56,350 - __main__ - INFO - 📡 @EsportsInsider: 20 tweets via GraphQL
2026-04-14 18:37:59 +00:00: 2026-04-14 18:37:59,127 - __main__ - INFO - 📡 GraphQL timeline @CounterStrike: 20 tweets, status=200
2026-04-14 18:37:59 +00:00: 2026-04-14 18:37:59,127 - __main__ - INFO - 📡 @CounterStrike: 20 tweets via GraphQL
2026-04-14 18:38:01 +00:00: 2026-04-14 18:38:01,298 - __main__ - INFO - 📡 GraphQL timeline @hltv: 0 tweets, status=200
2026-04-14 18:38:04 +00:00: 2026-04-14 18:38:04,021 - __main__ - INFO - 📡 GraphQL timeline @CS2News_EN: 20 tweets, status=200
2026-04-14 18:38:04 +00:00: 2026-04-14 18:38:04,022 - __main__ - INFO - 📡 @CS2News_EN: 20 tweets via GraphQL
2026-04-14 18:38:06 +00:00: 2026-04-14 18:38:06,837 - __main__ - INFO - 📡 GraphQL timeline @Slasher: 20 tweets, status=200
2026-04-14 18:38:06 +00:00: 2026-04-14 18:38:06,837 - __main__ - INFO - 📡 @Slasher: 20 tweets via GraphQL
2026-04-14 18:38:08 +00:00: 2026-04-14 18:38:08,840 - __main__ - INFO - 📊 VIP strategy: 23 total candidates
2026-04-14 18:38:13 +00:00: 2026-04-14 18:38:13,404 - __main__ - INFO - ❤️  Liked tweet 204411622395317... by @mousesports (vip_from_events)
2026-04-14 18:38:21 +00:00: 2026-04-14 18:38:21,925 - __main__ - INFO - 🎯 Engagement target strategy: 5 candidates
2026-04-14 18:38:23 +00:00: 2026-04-14 18:38:23,337 - __main__ - INFO - 📡 GraphQL timeline @Karrigancsgo: 20 tweets, status=200
2026-04-14 18:38:23 +00:00: 2026-04-14 18:38:23,338 - __main__ - INFO - 🌐 @Karrigancsgo: 20 tweets via timeline scrape
2026-04-14 18:38:25 +00:00: 2026-04-14 18:38:25,482 - __main__ - INFO - 📡 GraphQL timeline @Brehze: 0 tweets, status=200
2026-04-14 18:38:28 +00:00: 2026-04-14 18:38:28,092 - __main__ - INFO - 📡 GraphQL timeline @BIGCLANgg: 18 tweets, status=200
2026-04-14 18:38:28 +00:00: 2026-04-14 18:38:28,093 - __main__ - INFO - 🌐 @BIGCLANgg: 18 tweets via timeline scrape
2026-04-14 18:38:31 +00:00: 2026-04-14 18:38:31,857 - __main__ - INFO - ❤️  Liked tweet 204411591341103... by @BIGCLANgg (cs2_community:BIGCLANgg)
2026-04-14 18:38:43 +00:00: 2026-04-14 18:38:43,012 - __main__ - INFO - ✅ Like cycle complete — liked 2 tweets (13/200 today)
2026-04-14 19:23:43 +00:00: 2026-04-14 19:23:43,114 - utils.db_utils - WARNING - ⚠️  DB connection stale — reconnecting…
2026-04-14 19:23:44 +00:00: 2026-04-14 19:23:44,081 - utils.db_utils - INFO - ✅ Reconnected to PostgreSQL
2026-04-14 19:23:44 +00:00: 2026-04-14 19:23:44,401 - __main__ - INFO - 💫 Like cycle starting — 13/200 today, budget: 40
2026-04-14 19:23:45 +00:00: 2026-04-14 19:23:45,377 - __main__ - INFO - 📬 Found 10 of our tweets to check for replies
2026-04-14 19:23:45 +00:00: 2026-04-14 19:23:45,530 - __main__ - INFO - Search unexpected status: 404
2026-04-14 19:23:46 +00:00: 2026-04-14 19:23:46,658 - __main__ - INFO - Search unexpected status: 404
2026-04-14 19:23:47 +00:00: 2026-04-14 19:23:47,784 - __main__ - INFO - Search unexpected status: 404
2026-04-14 19:23:48 +00:00: 2026-04-14 19:23:48,786 - __main__ - INFO - 📬 Reply strategy: 0 candidates
2026-04-14 19:23:50 +00:00: 2026-04-14 19:23:50,213 - __main__ - INFO - 📊 VIP DB: 3 candidates from events
2026-04-14 19:23:50 +00:00: 2026-04-14 19:23:50,214 - __main__ - INFO - 📡 VIP GraphQL fallback triggered — 3 DB candidates < 10
2026-04-14 19:23:51 +00:00: 2026-04-14 19:23:51,147 - __main__ - INFO - 📡 GraphQL timeline @Dust2us: 20 tweets, status=200
2026-04-14 19:23:51 +00:00: 2026-04-14 19:23:51,148 - __main__ - INFO - 📡 @Dust2us: 20 tweets via GraphQL
2026-04-14 19:23:53 +00:00: 2026-04-14 19:23:53,969 - __main__ - INFO - 📡 GraphQL timeline @Slasher: 20 tweets, status=200
2026-04-14 19:23:53 +00:00: 2026-04-14 19:23:53,969 - __main__ - INFO - 📡 @Slasher: 20 tweets via GraphQL
2026-04-14 19:23:56 +00:00: 2026-04-14 19:23:56,755 - __main__ - INFO - 📡 GraphQL timeline @CounterStrike: 20 tweets, status=200
2026-04-14 19:23:56 +00:00: 2026-04-14 19:23:56,755 - __main__ - INFO - 📡 @CounterStrike: 20 tweets via GraphQL
2026-04-14 19:23:58 +00:00: 2026-04-14 19:23:58,912 - __main__ - INFO - 📡 GraphQL timeline @Nors3: 0 tweets, status=200
2026-04-14 19:24:01 +00:00: 2026-04-14 19:24:01,698 - __main__ - INFO - 📡 GraphQL timeline @EsportsInsider: 20 tweets, status=200
2026-04-14 19:24:01 +00:00: 2026-04-14 19:24:01,698 - __main__ - INFO - 📡 @EsportsInsider: 20 tweets via GraphQL
2026-04-14 19:24:04 +00:00: 2026-04-14 19:24:04,381 - __main__ - INFO - 📡 GraphQL timeline @LiquipediaCS: 20 tweets, status=200
2026-04-14 19:24:04 +00:00: 2026-04-14 19:24:04,382 - __main__ - INFO - 📡 @LiquipediaCS: 20 tweets via GraphQL
2026-04-14 19:24:06 +00:00: 2026-04-14 19:24:06,384 - __main__ - INFO - 📊 VIP strategy: 28 total candidates
2026-04-14 19:24:11 +00:00: 2026-04-14 19:24:11,780 - __main__ - INFO - 🎯 Engagement target strategy: 5 candidates
2026-04-14 19:24:13 +00:00: 2026-04-14 19:24:13,314 - __main__ - INFO - 📡 GraphQL timeline @OGesports: 20 tweets, status=200
2026-04-14 19:24:13 +00:00: 2026-04-14 19:24:13,314 - __main__ - INFO - 🌐 @OGesports: 20 tweets via timeline scrape
2026-04-14 19:24:15 +00:00: 2026-04-14 19:24:15,459 - __main__ - INFO - 📡 GraphQL timeline @Brehze: 0 tweets, status=200
2026-04-14 19:24:18 +00:00: 2026-04-14 19:24:18,203 - __main__ - INFO - 📡 GraphQL timeline @EliGE: 20 tweets, status=200
2026-04-14 19:24:18 +00:00: 2026-04-14 19:24:18,205 - __main__ - INFO - 🌐 @EliGE: 20 tweets via timeline scrape
2026-04-14 19:24:21 +00:00: 2026-04-14 19:24:21,796 - __main__ - INFO - ✅ Like cycle complete — liked 0 tweets (13/200 today)
2026-04-14 20:09:21 +00:00: 2026-04-14 20:09:21,863 - utils.db_utils - WARNING - ⚠️  DB connection stale — reconnecting…
2026-04-14 20:09:22 +00:00: 2026-04-14 20:09:22,882 - utils.db_utils - INFO - ✅ Reconnected to PostgreSQL
2026-04-14 20:09:23 +00:00: 2026-04-14 20:09:23,195 - __main__ - INFO - 💫 Like cycle starting — 13/200 today, budget: 40
2026-04-14 20:09:24 +00:00: 2026-04-14 20:09:24,136 - __main__ - INFO - 📬 Found 10 of our tweets to check for replies
2026-04-14 20:09:24 +00:00: 2026-04-14 20:09:24,283 - __main__ - INFO - Search unexpected status: 404
2026-04-14 20:09:25 +00:00: 2026-04-14 20:09:25,509 - __main__ - INFO - Search unexpected status: 404
2026-04-14 20:09:26 +00:00: 2026-04-14 20:09:26,645 - __main__ - INFO - Search unexpected status: 404
2026-04-14 20:09:27 +00:00: 2026-04-14 20:09:27,647 - __main__ - INFO - 📬 Reply strategy: 0 candidates
2026-04-14 20:09:29 +00:00: 2026-04-14 20:09:29,057 - __main__ - INFO - 📊 VIP DB: 3 candidates from events
2026-04-14 20:09:29 +00:00: 2026-04-14 20:09:29,057 - __main__ - INFO - 📡 VIP GraphQL fallback triggered — 3 DB candidates < 10
2026-04-14 20:09:29 +00:00: 2026-04-14 20:09:29,959 - __main__ - INFO - 📡 GraphQL timeline @CounterStrike: 20 tweets, status=200
2026-04-14 20:09:29 +00:00: 2026-04-14 20:09:29,960 - __main__ - INFO - 📡 @CounterStrike: 20 tweets via GraphQL
2026-04-14 20:09:32 +00:00: 2026-04-14 20:09:32,719 - __main__ - INFO - 📡 GraphQL timeline @EsportsInsider: 20 tweets, status=200
2026-04-14 20:09:32 +00:00: 2026-04-14 20:09:32,719 - __main__ - INFO - 📡 @EsportsInsider: 20 tweets via GraphQL
2026-04-14 20:09:34 +00:00: 2026-04-14 20:09:34,870 - __main__ - INFO - Could not resolve @DonHaci: 200
2026-04-14 20:09:37 +00:00: 2026-04-14 20:09:37,042 - __main__ - INFO - 📡 GraphQL timeline @hltv: 0 tweets, status=200
2026-04-14 20:09:39 +00:00: 2026-04-14 20:09:39,773 - __main__ - INFO - 📡 GraphQL timeline @Slasher: 20 tweets, status=200
2026-04-14 20:09:39 +00:00: 2026-04-14 20:09:39,774 - __main__ - INFO - 📡 @Slasher: 20 tweets via GraphQL
2026-04-14 20:09:42 +00:00: 2026-04-14 20:09:42,311 - __main__ - INFO - 📡 GraphQL timeline @BlastPremier: 8 tweets, status=200
2026-04-14 20:09:42 +00:00: 2026-04-14 20:09:42,311 - __main__ - INFO - 📡 @BlastPremier: 8 tweets via GraphQL
2026-04-14 20:09:44 +00:00: 2026-04-14 20:09:44,313 - __main__ - INFO - 📊 VIP strategy: 23 total candidates
2026-04-14 20:09:48 +00:00: 2026-04-14 20:09:48,544 - __main__ - INFO - 🎯 Engagement target strategy: 5 candidates
2026-04-14 20:09:49 +00:00: 2026-04-14 20:09:49,471 - __main__ - INFO - 📡 GraphQL timeline @Brehze: 0 tweets, status=200
2026-04-14 20:09:52 +00:00: 2026-04-14 20:09:52,080 - __main__ - INFO - 📡 GraphQL timeline @Karrigancsgo: 20 tweets, status=200
2026-04-14 20:09:52 +00:00: 2026-04-14 20:09:52,081 - __main__ - INFO - 🌐 @Karrigancsgo: 20 tweets via timeline scrape
2026-04-14 20:09:54 +00:00: 2026-04-14 20:09:54,823 - __main__ - INFO - 📡 GraphQL timeline @TeamLiquidCS: 20 tweets, status=200
2026-04-14 20:09:54 +00:00: 2026-04-14 20:09:54,823 - __main__ - INFO - 🌐 @TeamLiquidCS: 20 tweets via timeline scrape
2026-04-14 20:09:58 +00:00: 2026-04-14 20:09:58,397 - __main__ - INFO - ✅ Like cycle complete — liked 0 tweets (13/200 today)
2026-04-14 20:54:58 +00:00: 2026-04-14 20:54:58,498 - utils.db_utils - WARNING - ⚠️  DB connection stale — reconnecting…
2026-04-14 20:54:59 +00:00: 2026-04-14 20:54:59,436 - utils.db_utils - INFO - ✅ Reconnected to PostgreSQL
2026-04-14 20:54:59 +00:00: 2026-04-14 20:54:59,744 - __main__ - INFO - 💫 Like cycle starting — 13/200 today, budget: 40
2026-04-14 20:55:00 +00:00: 2026-04-14 20:55:00,668 - __main__ - INFO - 📬 Found 10 of our tweets to check for replies
2026-04-14 20:55:00 +00:00: 2026-04-14 20:55:00,850 - __main__ - INFO - 🔑 Guest token refreshed
2026-04-14 20:55:01 +00:00: 2026-04-14 20:55:01,020 - __main__ - INFO - Search unexpected status: 404
2026-04-14 20:55:02 +00:00: 2026-04-14 20:55:02,139 - __main__ - INFO - Search unexpected status: 404
2026-04-14 20:55:03 +00:00: 2026-04-14 20:55:03,256 - __main__ - INFO - Search unexpected status: 404
2026-04-14 20:55:04 +00:00: 2026-04-14 20:55:04,258 - __main__ - INFO - 📬 Reply strategy: 0 candidates
2026-04-14 20:55:05 +00:00: 2026-04-14 20:55:05,647 - __main__ - INFO - 📊 VIP DB: 3 candidates from events
2026-04-14 20:55:05 +00:00: 2026-04-14 20:55:05,647 - __main__ - INFO - 📡 VIP GraphQL fallback triggered — 3 DB candidates < 10
2026-04-14 20:55:06 +00:00: 2026-04-14 20:55:06,714 - __main__ - INFO - 📡 GraphQL timeline @Dust2us: 20 tweets, status=200
2026-04-14 20:55:06 +00:00: 2026-04-14 20:55:06,715 - __main__ - INFO - 📡 @Dust2us: 20 tweets via GraphQL
2026-04-14 20:55:09 +00:00: 2026-04-14 20:55:09,766 - __main__ - INFO - 📡 GraphQL timeline @CounterStrike: 20 tweets, status=200
2026-04-14 20:55:09 +00:00: 2026-04-14 20:55:09,766 - __main__ - INFO - 📡 @CounterStrike: 20 tweets via GraphQL
2026-04-14 20:55:11 +00:00: 2026-04-14 20:55:11,942 - __main__ - INFO - 📡 GraphQL timeline @hltv: 0 tweets, status=200
2026-04-14 20:55:15 +00:00: 2026-04-14 20:55:15,003 - __main__ - INFO - 📡 GraphQL timeline @LiquipediaCS: 20 tweets, status=200
2026-04-14 20:55:15 +00:00: 2026-04-14 20:55:15,004 - __main__ - INFO - 📡 @LiquipediaCS: 20 tweets via GraphQL
2026-04-14 20:55:17 +00:00: 2026-04-14 20:55:17,159 - __main__ - INFO - 📡 GraphQL timeline @Nors3: 0 tweets, status=200
2026-04-14 20:55:19 +00:00: 2026-04-14 20:55:19,865 - __main__ - INFO - 📡 GraphQL timeline @BlastPremier: 8 tweets, status=200
2026-04-14 20:55:19 +00:00: 2026-04-14 20:55:19,866 - __main__ - INFO - 📡 @BlastPremier: 8 tweets via GraphQL
2026-04-14 20:55:21 +00:00: 2026-04-14 20:55:21,868 - __main__ - INFO - 📊 VIP strategy: 23 total candidates
2026-04-14 20:55:26 +00:00: 2026-04-14 20:55:26,030 - __main__ - INFO - 🎯 Engagement target strategy: 5 candidates
2026-04-14 20:55:27 +00:00: 2026-04-14 20:55:27,557 - __main__ - INFO - 📡 GraphQL timeline @OGesports: 20 tweets, status=200
2026-04-14 20:55:27 +00:00: 2026-04-14 20:55:27,557 - __main__ - INFO - 🌐 @OGesports: 20 tweets via timeline scrape
2026-04-14 20:55:30 +00:00: 2026-04-14 20:55:30,592 - __main__ - INFO - 📡 GraphQL timeline @nilocsgo: 20 tweets, status=200
2026-04-14 20:55:30 +00:00: 2026-04-14 20:55:30,592 - __main__ - INFO - 🌐 @nilocsgo: 20 tweets via timeline scrape
2026-04-14 20:55:33 +00:00: 2026-04-14 20:55:33,598 - __main__ - INFO - 📡 GraphQL timeline @Twistzz: 20 tweets, status=200
2026-04-14 20:55:33 +00:00: 2026-04-14 20:55:33,598 - __main__ - INFO - 🌐 @Twistzz: 20 tweets via timeline scrape
2026-04-14 20:55:39 +00:00: 2026-04-14 20:55:39,499 - __main__ - INFO - ❤️  Liked tweet 174265038004599... by @niloCSGO (cs2_community:nilocsgo)
2026-04-14 20:55:44 +00:00: 2026-04-14 20:55:44,240 - __main__ - INFO - ✅ Like cycle complete — liked 1 tweets (14/200 today)
2026-04-14 21:40:45 +00:00: 2026-04-14 21:40:45,105 - __main__ - INFO - 💫 Like cycle starting — 14/200 today, budget: 40
2026-04-14 21:40:46 +00:00: 2026-04-14 21:40:46,031 - __main__ - INFO - 📬 Found 10 of our tweets to check for replies
2026-04-14 21:40:46 +00:00: 2026-04-14 21:40:46,210 - __main__ - INFO - Search unexpected status: 404
2026-04-14 21:40:47 +00:00: 2026-04-14 21:40:47,339 - __main__ - INFO - Search unexpected status: 404
2026-04-14 21:40:48 +00:00: 2026-04-14 21:40:48,463 - __main__ - INFO - Search unexpected status: 404
2026-04-14 21:40:49 +00:00: 2026-04-14 21:40:49,465 - __main__ - INFO - 📬 Reply strategy: 0 candidates
2026-04-14 21:40:50 +00:00: 2026-04-14 21:40:50,852 - __main__ - INFO - 📊 VIP DB: 4 candidates from events
2026-04-14 21:40:50 +00:00: 2026-04-14 21:40:50,853 - __main__ - INFO - 📡 VIP GraphQL fallback triggered — 4 DB candidates < 10
2026-04-14 21:40:51 +00:00: 2026-04-14 21:40:51,619 - __main__ - INFO - 📡 GraphQL timeline @BlastPremier: 8 tweets, status=200
2026-04-14 21:40:51 +00:00: 2026-04-14 21:40:51,620 - __main__ - INFO - 📡 @BlastPremier: 8 tweets via GraphQL
2026-04-14 21:40:54 +00:00: 2026-04-14 21:40:54,464 - __main__ - INFO - 📡 GraphQL timeline @Slasher: 20 tweets, status=200
2026-04-14 21:40:54 +00:00: 2026-04-14 21:40:54,465 - __main__ - INFO - 📡 @Slasher: 20 tweets via GraphQL
2026-04-14 21:40:56 +00:00: 2026-04-14 21:40:56,641 - __main__ - INFO - 📡 GraphQL timeline @hltv: 0 tweets, status=200
2026-04-14 21:40:59 +00:00: 2026-04-14 21:40:59,378 - __main__ - INFO - 📡 GraphQL timeline @EsportsInsider: 20 tweets, status=200
2026-04-14 21:40:59 +00:00: 2026-04-14 21:40:59,379 - __main__ - INFO - 📡 @EsportsInsider: 20 tweets via GraphQL
2026-04-14 21:41:01 +00:00: 2026-04-14 21:41:01,531 - __main__ - INFO - 📡 GraphQL timeline @ABORCS: 0 tweets, status=200
2026-04-14 21:41:04 +00:00: 2026-04-14 21:41:04,330 - __main__ - INFO - 📡 GraphQL timeline @CounterStrike: 20 tweets, status=200
2026-04-14 21:41:04 +00:00: 2026-04-14 21:41:04,330 - __main__ - INFO - 📡 @CounterStrike: 20 tweets via GraphQL
2026-04-14 21:41:06 +00:00: 2026-04-14 21:41:06,333 - __main__ - INFO - 📊 VIP strategy: 24 total candidates
2026-04-14 21:41:08 +00:00: 2026-04-14 21:41:08,327 - __main__ - INFO - ❤️  Liked tweet 204416081843918... by @mousesports (vip_from_events)
2026-04-14 21:41:15 +00:00: 2026-04-14 21:41:15,386 - __main__ - INFO - 🎯 Engagement target strategy: 6 candidates
2026-04-14 21:41:17 +00:00: 2026-04-14 21:41:17,208 - __main__ - INFO - 📡 GraphQL timeline @ESLCS: 20 tweets, status=200
2026-04-14 21:41:17 +00:00: 2026-04-14 21:41:17,208 - __main__ - INFO - 🌐 @ESLCS: 20 tweets via timeline scrape
2026-04-14 21:41:19 +00:00: 2026-04-14 21:41:19,956 - __main__ - INFO - 📡 GraphQL timeline @Cloud9: 10 tweets, status=200
2026-04-14 21:41:19 +00:00: 2026-04-14 21:41:19,957 - __main__ - INFO - 🌐 @Cloud9: 10 tweets via timeline scrape
2026-04-14 21:41:22 +00:00: 2026-04-14 21:41:22,126 - __main__ - INFO - 📡 GraphQL timeline @PGL_Esports: 0 tweets, status=200
2026-04-14 21:41:25 +00:00: 2026-04-14 21:41:25,676 - __main__ - INFO - ✅ Like cycle complete — liked 1 tweets (15/200 today)
2026-04-14 22:26:25 +00:00: 2026-04-14 22:26:25,779 - utils.db_utils - WARNING - ⚠️  DB connection stale — reconnecting…
2026-04-14 22:26:26 +00:00: 2026-04-14 22:26:26,780 - utils.db_utils - INFO - ✅ Reconnected to PostgreSQL
2026-04-14 22:26:27 +00:00: 2026-04-14 22:26:27,088 - __main__ - INFO - 💫 Like cycle starting — 15/200 today, budget: 40
2026-04-14 22:26:28 +00:00: 2026-04-14 22:26:28,012 - __main__ - INFO - 📬 Found 10 of our tweets to check for replies
2026-04-14 22:26:28 +00:00: 2026-04-14 22:26:28,163 - __main__ - INFO - Search unexpected status: 404
2026-04-14 22:26:29 +00:00: 2026-04-14 22:26:29,283 - __main__ - INFO - Search unexpected status: 404
2026-04-14 22:26:30 +00:00: 2026-04-14 22:26:30,405 - __main__ - INFO - Search unexpected status: 404
2026-04-14 22:26:31 +00:00: 2026-04-14 22:26:31,407 - __main__ - INFO - 📬 Reply strategy: 0 candidates
2026-04-14 22:26:32 +00:00: 2026-04-14 22:26:32,792 - __main__ - INFO - 📊 VIP DB: 7 candidates from events
2026-04-14 22:26:32 +00:00: 2026-04-14 22:26:32,792 - __main__ - INFO - 📡 VIP GraphQL fallback triggered — 7 DB candidates < 10
2026-04-14 22:26:33 +00:00: 2026-04-14 22:26:33,834 - __main__ - INFO - 📡 GraphQL timeline @Dust2us: 20 tweets, status=200
2026-04-14 22:26:33 +00:00: 2026-04-14 22:26:33,834 - __main__ - INFO - 📡 @Dust2us: 20 tweets via GraphQL
2026-04-14 22:26:36 +00:00: 2026-04-14 22:26:36,516 - __main__ - INFO - 📡 GraphQL timeline @EsportsInsider: 20 tweets, status=200
2026-04-14 22:26:36 +00:00: 2026-04-14 22:26:36,516 - __main__ - INFO - 📡 @EsportsInsider: 20 tweets via GraphQL
2026-04-14 22:26:39 +00:00: 2026-04-14 22:26:39,234 - __main__ - INFO - 📡 GraphQL timeline @CounterStrike: 20 tweets, status=200
2026-04-14 22:26:39 +00:00: 2026-04-14 22:26:39,235 - __main__ - INFO - 📡 @CounterStrike: 20 tweets via GraphQL
2026-04-14 22:26:41 +00:00: 2026-04-14 22:26:41,837 - __main__ - INFO - 📡 GraphQL timeline @BlastPremier: 8 tweets, status=200
2026-04-14 22:26:41 +00:00: 2026-04-14 22:26:41,838 - __main__ - INFO - 📡 @BlastPremier: 8 tweets via GraphQL
2026-04-14 22:26:44 +00:00: 2026-04-14 22:26:44,010 - __main__ - INFO - 📡 GraphQL timeline @hltv: 0 tweets, status=200
2026-04-14 22:26:46 +00:00: 2026-04-14 22:26:46,164 - __main__ - INFO - 📡 GraphQL timeline @Nors3: 0 tweets, status=200
2026-04-14 22:26:48 +00:00: 2026-04-14 22:26:48,166 - __main__ - INFO - 📊 VIP strategy: 27 total candidates
2026-04-14 22:26:51 +00:00: 2026-04-14 22:26:51,472 - __main__ - INFO - ❤️  Liked tweet 204417156210694... by @mousesports (vip_from_events)
2026-04-14 22:26:56 +00:00: 2026-04-14 22:26:56,545 - __main__ - INFO - ❤️  Liked tweet 204417414985824... by @mousesports (vip_from_events)
2026-04-14 22:27:04 +00:00: 2026-04-14 22:27:04,066 - __main__ - INFO - ❤️  Liked tweet 204416759853578... by @mousesports (vip_from_events)
2026-04-14 22:27:09 +00:00: 2026-04-14 22:27:09,820 - __main__ - INFO - 🎯 Engagement target strategy: 8 candidates
2026-04-14 22:27:11 +00:00: 2026-04-14 22:27:11,552 - __main__ - INFO - 📡 GraphQL timeline @BIGCLANgg: 18 tweets, status=200
2026-04-14 22:27:11 +00:00: 2026-04-14 22:27:11,553 - __main__ - INFO - 🌐 @BIGCLANgg: 18 tweets via timeline scrape
2026-04-14 22:27:13 +00:00: 2026-04-14 22:27:13,740 - __main__ - INFO - 📡 GraphQL timeline @rainCS: 0 tweets, status=200
2026-04-14 22:27:16 +00:00: 2026-04-14 22:27:16,462 - __main__ - INFO - 📡 GraphQL timeline @OGesports: 20 tweets, status=200
2026-04-14 22:27:16 +00:00: 2026-04-14 22:27:16,462 - __main__ - INFO - 🌐 @OGesports: 20 tweets via timeline scrape
2026-04-14 22:27:20 +00:00: 2026-04-14 22:27:20,812 - __main__ - INFO - ❤️  Liked tweet 204413320566666... by @BIGCLANgg (cs2_community:BIGCLANgg)
2026-04-14 22:27:27 +00:00: 2026-04-14 22:27:27,369 - __main__ - INFO - ❤️  Liked tweet 204413238832676... by @BIGCLANgg (cs2_community:BIGCLANgg)
2026-04-14 22:27:39 +00:00: 2026-04-14 22:27:39,074 - __main__ - INFO - ❤️  Liked tweet 204412922799000... by @BIGCLANgg (cs2_community:BIGCLANgg)
2026-04-14 22:27:48 +00:00: 2026-04-14 22:27:48,230 - __main__ - INFO - ✅ Like cycle complete — liked 6 tweets (21/200 today)
2026-04-14 23:12:49 +00:00: 2026-04-14 23:12:49,080 - __main__ - INFO - 💫 Like cycle starting — 21/200 today, budget: 40
2026-04-14 23:12:50 +00:00: 2026-04-14 23:12:50,015 - __main__ - INFO - 📬 Found 10 of our tweets to check for replies
2026-04-14 23:12:50 +00:00: 2026-04-14 23:12:50,247 - __main__ - INFO - 🔑 Guest token refreshed
2026-04-14 23:12:50 +00:00: 2026-04-14 23:12:50,409 - __main__ - INFO - Search unexpected status: 404
2026-04-14 23:12:51 +00:00: 2026-04-14 23:12:51,541 - __main__ - INFO - Search unexpected status: 404
2026-04-14 23:12:52 +00:00: 2026-04-14 23:12:52,662 - __main__ - INFO - Search unexpected status: 404
2026-04-14 23:12:53 +00:00: 2026-04-14 23:12:53,663 - __main__ - INFO - 📬 Reply strategy: 0 candidates
2026-04-14 23:12:55 +00:00: 2026-04-14 23:12:55,064 - __main__ - INFO - 📊 VIP DB: 8 candidates from events
2026-04-14 23:12:55 +00:00: 2026-04-14 23:12:55,065 - __main__ - INFO - 📡 VIP GraphQL fallback triggered — 8 DB candidates < 10
2026-04-14 23:12:55 +00:00: 2026-04-14 23:12:55,920 - __main__ - INFO - 📡 GraphQL timeline @Slasher: 20 tweets, status=200
2026-04-14 23:12:55 +00:00: 2026-04-14 23:12:55,920 - __main__ - INFO - 📡 @Slasher: 20 tweets via GraphQL
2026-04-14 23:12:58 +00:00: 2026-04-14 23:12:58,097 - __main__ - INFO - 📡 GraphQL timeline @hltv: 0 tweets, status=200
2026-04-14 23:13:00 +00:00: 2026-04-14 23:13:00,841 - __main__ - INFO - 📡 GraphQL timeline @CounterStrike: 20 tweets, status=200
2026-04-14 23:13:00 +00:00: 2026-04-14 23:13:00,842 - __main__ - INFO - 📡 @CounterStrike: 20 tweets via GraphQL
2026-04-14 23:13:02 +00:00: 2026-04-14 23:13:02,997 - __main__ - INFO - 📡 GraphQL timeline @Nors3: 0 tweets, status=200
2026-04-14 23:13:05 +00:00: 2026-04-14 23:13:05,711 - __main__ - INFO - 📡 GraphQL timeline @EsportsInsider: 20 tweets, status=200
2026-04-14 23:13:05 +00:00: 2026-04-14 23:13:05,711 - __main__ - INFO - 📡 @EsportsInsider: 20 tweets via GraphQL
2026-04-14 23:13:08 +00:00: 2026-04-14 23:13:08,444 - __main__ - INFO - 📡 GraphQL timeline @BlastPremier: 8 tweets, status=200
2026-04-14 23:13:08 +00:00: 2026-04-14 23:13:08,445 - __main__ - INFO - 📡 @BlastPremier: 8 tweets via GraphQL
2026-04-14 23:13:10 +00:00: 2026-04-14 23:13:10,448 - __main__ - INFO - 📊 VIP strategy: 28 total candidates
2026-04-14 23:13:15 +00:00: 2026-04-14 23:13:15,280 - __main__ - INFO - 🎯 Engagement target strategy: 9 candidates
2026-04-14 23:13:17 +00:00: 2026-04-14 23:13:17,443 - __main__ - INFO - 📡 GraphQL timeline @EliGE: 20 tweets, status=200
2026-04-14 23:13:17 +00:00: 2026-04-14 23:13:17,444 - __main__ - INFO - 🌐 @EliGE: 20 tweets via timeline scrape
2026-04-14 23:13:20 +00:00: 2026-04-14 23:13:20,174 - __main__ - INFO - 📡 GraphQL timeline @nilocsgo: 20 tweets, status=200
2026-04-14 23:13:20 +00:00: 2026-04-14 23:13:20,175 - __main__ - INFO - 🌐 @nilocsgo: 20 tweets via timeline scrape
2026-04-14 23:13:22 +00:00: 2026-04-14 23:13:22,874 - __main__ - INFO - 📡 GraphQL timeline @OGesports: 20 tweets, status=200
2026-04-14 23:13:22 +00:00: 2026-04-14 23:13:22,874 - __main__ - INFO - 🌐 @OGesports: 20 tweets via timeline scrape
2026-04-14 23:13:27 +00:00: 2026-04-14 23:13:27,218 - __main__ - INFO - ✅ Like cycle complete — liked 0 tweets (21/200 today)
2026-04-14 23:58:27 +00:00: 2026-04-14 23:58:27,287 - utils.db_utils - WARNING - ⚠️  DB connection stale — reconnecting…
2026-04-14 23:58:28 +00:00: 2026-04-14 23:58:28,233 - utils.db_utils - INFO - ✅ Reconnected to PostgreSQL
2026-04-14 23:58:28 +00:00: 2026-04-14 23:58:28,546 - __main__ - INFO - 💫 Like cycle starting — 21/200 today, budget: 40
2026-04-14 23:58:29 +00:00: 2026-04-14 23:58:29,480 - __main__ - INFO - 📬 Found 10 of our tweets to check for replies
2026-04-14 23:58:29 +00:00: 2026-04-14 23:58:29,632 - __main__ - INFO - Search unexpected status: 404
2026-04-14 23:58:30 +00:00: 2026-04-14 23:58:30,758 - __main__ - INFO - Search unexpected status: 404
2026-04-14 23:58:31 +00:00: 2026-04-14 23:58:31,888 - __main__ - INFO - Search unexpected status: 404
2026-04-14 23:58:32 +00:00: 2026-04-14 23:58:32,889 - __main__ - INFO - 📬 Reply strategy: 0 candidates
2026-04-14 23:58:34 +00:00: 2026-04-14 23:58:34,293 - __main__ - INFO - 📊 VIP DB: 9 candidates from events
2026-04-14 23:58:34 +00:00: 2026-04-14 23:58:34,293 - __main__ - INFO - 📡 VIP GraphQL fallback triggered — 9 DB candidates < 10
2026-04-14 23:58:34 +00:00: 2026-04-14 23:58:34,597 - __main__ - INFO - 📡 GraphQL timeline @Nors3: 0 tweets, status=200
2026-04-14 23:58:37 +00:00: 2026-04-14 23:58:37,314 - __main__ - INFO - 📡 GraphQL timeline @LiquipediaCS: 20 tweets, status=200
2026-04-14 23:58:37 +00:00: 2026-04-14 23:58:37,314 - __main__ - INFO - 📡 @LiquipediaCS: 20 tweets via GraphQL
2026-04-14 23:58:39 +00:00: 2026-04-14 23:58:39,505 - __main__ - INFO - 📡 GraphQL timeline @hltv: 0 tweets, status=200
2026-04-14 23:58:42 +00:00: 2026-04-14 23:58:42,320 - __main__ - INFO - 📡 GraphQL timeline @Dust2us: 20 tweets, status=200
2026-04-14 23:58:42 +00:00: 2026-04-14 23:58:42,321 - __main__ - INFO - 📡 @Dust2us: 20 tweets via GraphQL
2026-04-14 23:58:45 +00:00: 2026-04-14 23:58:45,035 - __main__ - INFO - 📡 GraphQL timeline @Slasher: 20 tweets, status=200
2026-04-14 23:58:45 +00:00: 2026-04-14 23:58:45,037 - __main__ - INFO - 📡 @Slasher: 20 tweets via GraphQL
2026-04-14 23:58:47 +00:00: 2026-04-14 23:58:47,734 - __main__ - INFO - 📡 GraphQL timeline @EsportsInsider: 20 tweets, status=200
2026-04-14 23:58:47 +00:00: 2026-04-14 23:58:47,734 - __main__ - INFO - 📡 @EsportsInsider: 20 tweets via GraphQL
2026-04-14 23:58:49 +00:00: 2026-04-14 23:58:49,737 - __main__ - INFO - 📊 VIP strategy: 29 total candidates
2026-04-14 23:58:54 +00:00: 2026-04-14 23:58:54,879 - __main__ - INFO - 🎯 Engagement target strategy: 9 candidates
2026-04-14 23:58:56 +00:00: 2026-04-14 23:58:56,930 - __main__ - INFO - 📡 GraphQL timeline @ESLCS: 20 tweets, status=200
2026-04-14 23:58:56 +00:00: 2026-04-14 23:58:56,930 - __main__ - INFO - 🌐 @ESLCS: 20 tweets via timeline scrape
2026-04-14 23:58:59 +00:00: 2026-04-14 23:58:59,669 - __main__ - INFO - 📡 GraphQL timeline @nilocsgo: 20 tweets, status=200
2026-04-14 23:58:59 +00:00: 2026-04-14 23:58:59,670 - __main__ - INFO - 🌐 @nilocsgo: 20 tweets via timeline scrape
2026-04-14 23:59:02 +00:00: 2026-04-14 23:59:02,358 - __main__ - INFO - 📡 GraphQL timeline @EliGE: 20 tweets, status=200
2026-04-14 23:59:02 +00:00: 2026-04-14 23:59:02,359 - __main__ - INFO - 🌐 @EliGE: 20 tweets via timeline scrape
2026-04-14 23:59:06 +00:00: 2026-04-14 23:59:06,706 - __main__ - INFO - ✅ Like cycle complete — liked 0 tweets (21/200 today)
2026-04-15 00:44:06 +00:00: 2026-04-15 00:44:06,809 - utils.db_utils - WARNING - ⚠️  DB connection stale — reconnecting…
2026-04-15 00:44:07 +00:00: 2026-04-15 00:44:07,755 - utils.db_utils - INFO - ✅ Reconnected to PostgreSQL
2026-04-15 00:44:08 +00:00: 2026-04-15 00:44:08,069 - __main__ - INFO - 💫 Like cycle starting — 0/200 today, budget: 40
2026-04-15 00:44:09 +00:00: 2026-04-15 00:44:09,005 - __main__ - INFO - 📬 Found 10 of our tweets to check for replies
2026-04-15 00:44:09 +00:00: 2026-04-15 00:44:09,153 - __main__ - INFO - Search unexpected status: 404
2026-04-15 00:44:10 +00:00: 2026-04-15 00:44:10,274 - __main__ - INFO - Search unexpected status: 404
2026-04-15 00:44:11 +00:00: 2026-04-15 00:44:11,392 - __main__ - INFO - Search unexpected status: 404
2026-04-15 00:44:12 +00:00: 2026-04-15 00:44:12,394 - __main__ - INFO - 📬 Reply strategy: 0 candidates
2026-04-15 00:44:13 +00:00: 2026-04-15 00:44:13,796 - __main__ - INFO - 📊 VIP DB: 9 candidates from events
2026-04-15 00:44:13 +00:00: 2026-04-15 00:44:13,797 - __main__ - INFO - 📡 VIP GraphQL fallback triggered — 9 DB candidates < 10
2026-04-15 00:44:14 +00:00: 2026-04-15 00:44:14,534 - __main__ - INFO - 📡 GraphQL timeline @BlastPremier: 8 tweets, status=200
2026-04-15 00:44:14 +00:00: 2026-04-15 00:44:14,535 - __main__ - INFO - 📡 @BlastPremier: 8 tweets via GraphQL
2026-04-15 00:44:17 +00:00: 2026-04-15 00:44:17,253 - __main__ - INFO - 📡 GraphQL timeline @EsportsInsider: 20 tweets, status=200
2026-04-15 00:44:17 +00:00: 2026-04-15 00:44:17,255 - __main__ - INFO - 📡 @EsportsInsider: 20 tweets via GraphQL
2026-04-15 00:44:20 +00:00: 2026-04-15 00:44:20,013 - __main__ - INFO - 📡 GraphQL timeline @CounterStrike: 20 tweets, status=200
2026-04-15 00:44:20 +00:00: 2026-04-15 00:44:20,014 - __main__ - INFO - 📡 @CounterStrike: 20 tweets via GraphQL
2026-04-15 00:44:22 +00:00: 2026-04-15 00:44:22,811 - __main__ - INFO - 📡 GraphQL timeline @LiquipediaCS: 20 tweets, status=200
2026-04-15 00:44:22 +00:00: 2026-04-15 00:44:22,812 - __main__ - INFO - 📡 @LiquipediaCS: 20 tweets via GraphQL
2026-04-15 00:44:25 +00:00: 2026-04-15 00:44:25,528 - __main__ - INFO - 📡 GraphQL timeline @Slasher: 20 tweets, status=200
2026-04-15 00:44:25 +00:00: 2026-04-15 00:44:25,529 - __main__ - INFO - 📡 @Slasher: 20 tweets via GraphQL
2026-04-15 00:44:27 +00:00: 2026-04-15 00:44:27,682 - __main__ - INFO - Could not resolve @DonHaci: 200
2026-04-15 00:44:29 +00:00: 2026-04-15 00:44:29,683 - __main__ - INFO - 📊 VIP strategy: 34 total candidates
2026-04-15 00:44:35 +00:00: 2026-04-15 00:44:35,295 - __main__ - INFO - 🎯 Engagement target strategy: 9 candidates
2026-04-15 00:44:37 +00:00: 2026-04-15 00:44:37,356 - __main__ - INFO - 📡 GraphQL timeline @Complexity: 11 tweets, status=200
2026-04-15 00:44:37 +00:00: 2026-04-15 00:44:37,356 - __main__ - INFO - 🌐 @Complexity: 11 tweets via timeline scrape
2026-04-15 00:44:40 +00:00: 2026-04-15 00:44:40,117 - __main__ - INFO - 📡 GraphQL timeline @EliGE: 20 tweets, status=200
2026-04-15 00:44:40 +00:00: 2026-04-15 00:44:40,118 - __main__ - INFO - 🌐 @EliGE: 20 tweets via timeline scrape
2026-04-15 00:44:42 +00:00: 2026-04-15 00:44:42,268 - __main__ - INFO - 📡 GraphQL timeline @PGL_Esports: 0 tweets, status=200
2026-04-15 00:44:45 +00:00: 2026-04-15 00:44:45,830 - __main__ - INFO - ✅ Like cycle complete — liked 0 tweets (0/200 today)
2026-04-15 02:14:45 +00:00: 2026-04-15 02:14:45,913 - utils.db_utils - WARNING - ⚠️  DB connection stale — reconnecting…
2026-04-15 02:14:46 +00:00: 2026-04-15 02:14:46,885 - utils.db_utils - INFO - ✅ Reconnected to PostgreSQL
2026-04-15 02:14:47 +00:00: 2026-04-15 02:14:47,204 - __main__ - INFO - 💫 Like cycle starting — 0/200 today, budget: 40
2026-04-15 02:14:48 +00:00: 2026-04-15 02:14:48,157 - __main__ - INFO - 📬 Found 10 of our tweets to check for replies
2026-04-15 02:14:48 +00:00: 2026-04-15 02:14:48,343 - __main__ - INFO - 🔑 Guest token refreshed
2026-04-15 02:14:48 +00:00: 2026-04-15 02:14:48,493 - __main__ - INFO - Search unexpected status: 404
2026-04-15 02:14:49 +00:00: 2026-04-15 02:14:49,624 - __main__ - INFO - Search unexpected status: 404
2026-04-15 02:14:50 +00:00: 2026-04-15 02:14:50,746 - __main__ - INFO - Search unexpected status: 404
2026-04-15 02:14:51 +00:00: 2026-04-15 02:14:51,748 - __main__ - INFO - 📬 Reply strategy: 0 candidates
2026-04-15 02:14:53 +00:00: 2026-04-15 02:14:53,177 - __main__ - INFO - 📊 VIP DB: 9 candidates from events
2026-04-15 02:14:53 +00:00: 2026-04-15 02:14:53,178 - __main__ - INFO - 📡 VIP GraphQL fallback triggered — 9 DB candidates < 10
2026-04-15 02:14:54 +00:00: 2026-04-15 02:14:54,139 - __main__ - INFO - 📡 GraphQL timeline @RazedEsport: 20 tweets, status=200
2026-04-15 02:14:54 +00:00: 2026-04-15 02:14:54,139 - __main__ - INFO - 📡 @RazedEsport: 20 tweets via GraphQL
2026-04-15 02:14:56 +00:00: 2026-04-15 02:14:56,808 - __main__ - INFO - 📡 GraphQL timeline @EsportsInsider: 20 tweets, status=200
2026-04-15 02:14:56 +00:00: 2026-04-15 02:14:56,808 - __main__ - INFO - 📡 @EsportsInsider: 20 tweets via GraphQL
2026-04-15 02:14:59 +00:00: 2026-04-15 02:14:59,439 - __main__ - INFO - 📡 GraphQL timeline @BlastPremier: 8 tweets, status=200
2026-04-15 02:14:59 +00:00: 2026-04-15 02:14:59,440 - __main__ - INFO - 📡 @BlastPremier: 8 tweets via GraphQL
2026-04-15 02:15:02 +00:00: 2026-04-15 02:15:02,114 - __main__ - INFO - 📡 GraphQL timeline @CounterStrike: 20 tweets, status=200
2026-04-15 02:15:02 +00:00: 2026-04-15 02:15:02,115 - __main__ - INFO - 📡 @CounterStrike: 20 tweets via GraphQL
2026-04-15 02:15:04 +00:00: 2026-04-15 02:15:04,273 - __main__ - INFO - 📡 GraphQL timeline @Nors3: 0 tweets, status=200
2026-04-15 02:15:07 +00:00: 2026-04-15 02:15:07,062 - __main__ - INFO - 📡 GraphQL timeline @Slasher: 20 tweets, status=200
2026-04-15 02:15:07 +00:00: 2026-04-15 02:15:07,063 - __main__ - INFO - 📡 @Slasher: 20 tweets via GraphQL
2026-04-15 02:15:09 +00:00: 2026-04-15 02:15:09,065 - __main__ - INFO - 📊 VIP strategy: 34 total candidates
2026-04-15 02:15:14 +00:00: 2026-04-15 02:15:14,788 - __main__ - INFO - 🎯 Engagement target strategy: 9 candidates
2026-04-15 02:15:16 +00:00: 2026-04-15 02:15:16,976 - __main__ - INFO - 📡 GraphQL timeline @OGesports: 20 tweets, status=200
2026-04-15 02:15:16 +00:00: 2026-04-15 02:15:16,976 - __main__ - INFO - 🌐 @OGesports: 20 tweets via timeline scrape
2026-04-15 02:15:19 +00:00: 2026-04-15 02:15:19,662 - __main__ - INFO - 📡 GraphQL timeline @TeamLiquidCS: 20 tweets, status=200
2026-04-15 02:15:19 +00:00: 2026-04-15 02:15:19,662 - __main__ - INFO - 🌐 @TeamLiquidCS: 20 tweets via timeline scrape
2026-04-15 02:15:21 +00:00: 2026-04-15 02:15:21,803 - __main__ - INFO - Could not resolve @LOABORVRE_CS2: 200
2026-04-15 02:15:25 +00:00: 2026-04-15 02:15:25,394 - __main__ - INFO - ✅ Like cycle complete — liked 0 tweets (0/200 today)
2026-04-15 03:45:25 +00:00: 2026-04-15 03:45:25,422 - utils.db_utils - WARNING - ⚠️  DB connection stale — reconnecting…
2026-04-15 03:45:26 +00:00: 2026-04-15 03:45:26,381 - utils.db_utils - INFO - ✅ Reconnected to PostgreSQL
2026-04-15 03:45:26 +00:00: 2026-04-15 03:45:26,696 - __main__ - INFO - 💫 Like cycle starting — 0/200 today, budget: 40
2026-04-15 03:45:27 +00:00: 2026-04-15 03:45:27,639 - __main__ - INFO - 📬 Found 10 of our tweets to check for replies
2026-04-15 03:45:27 +00:00: 2026-04-15 03:45:27,803 - __main__ - INFO - Search 403 — resetting guest token
2026-04-15 03:45:28 +00:00: 2026-04-15 03:45:28,995 - __main__ - INFO - 🔑 Guest token refreshed
2026-04-15 03:45:29 +00:00: 2026-04-15 03:45:29,121 - __main__ - INFO - Search unexpected status: 404
2026-04-15 03:45:30 +00:00: 2026-04-15 03:45:30,254 - __main__ - INFO - Search unexpected status: 404
2026-04-15 03:45:31 +00:00: 2026-04-15 03:45:31,255 - __main__ - INFO - 📬 Reply strategy: 0 candidates
2026-04-15 03:45:32 +00:00: 2026-04-15 03:45:32,669 - __main__ - INFO - 📊 VIP DB: 9 candidates from events
2026-04-15 03:45:32 +00:00: 2026-04-15 03:45:32,670 - __main__ - INFO - 📡 VIP GraphQL fallback triggered — 9 DB candidates < 10
2026-04-15 03:45:33 +00:00: 2026-04-15 03:45:33,660 - __main__ - INFO - 📡 GraphQL timeline @CounterStrike: 20 tweets, status=200
2026-04-15 03:45:33 +00:00: 2026-04-15 03:45:33,660 - __main__ - INFO - 📡 @CounterStrike: 20 tweets via GraphQL
2026-04-15 03:45:35 +00:00: 2026-04-15 03:45:35,833 - __main__ - INFO - 📡 GraphQL timeline @hltv: 0 tweets, status=200
2026-04-15 03:45:38 +00:00: 2026-04-15 03:45:38,629 - __main__ - INFO - 📡 GraphQL timeline @EsportsInsider: 20 tweets, status=200
2026-04-15 03:45:38 +00:00: 2026-04-15 03:45:38,630 - __main__ - INFO - 📡 @EsportsInsider: 20 tweets via GraphQL
2026-04-15 03:45:41 +00:00: 2026-04-15 03:45:41,400 - __main__ - INFO - 📡 GraphQL timeline @Slasher: 20 tweets, status=200
2026-04-15 03:45:41 +00:00: 2026-04-15 03:45:41,400 - __main__ - INFO - 📡 @Slasher: 20 tweets via GraphQL
2026-04-15 03:45:44 +00:00: 2026-04-15 03:45:44,116 - __main__ - INFO - 📡 GraphQL timeline @LiquipediaCS: 20 tweets, status=200
2026-04-15 03:45:44 +00:00: 2026-04-15 03:45:44,116 - __main__ - INFO - 📡 @LiquipediaCS: 20 tweets via GraphQL
2026-04-15 03:45:46 +00:00: 2026-04-15 03:45:46,684 - __main__ - INFO - 📡 GraphQL timeline @BlastPremier: 8 tweets, status=200
2026-04-15 03:45:46 +00:00: 2026-04-15 03:45:46,684 - __main__ - INFO - 📡 @BlastPremier: 8 tweets via GraphQL
2026-04-15 03:45:48 +00:00: 2026-04-15 03:45:48,686 - __main__ - INFO - 📊 VIP strategy: 34 total candidates
2026-04-15 03:45:54 +00:00: 2026-04-15 03:45:54,345 - __main__ - INFO - 🎯 Engagement target strategy: 9 candidates
2026-04-15 03:45:56 +00:00: 2026-04-15 03:45:56,540 - __main__ - INFO - 📡 GraphQL timeline @nilocsgo: 20 tweets, status=200
2026-04-15 03:45:56 +00:00: 2026-04-15 03:45:56,541 - __main__ - INFO - 🌐 @nilocsgo: 20 tweets via timeline scrape
2026-04-15 03:45:58 +00:00: 2026-04-15 03:45:58,686 - __main__ - INFO - Could not resolve @gaborcsgo: 200
2026-04-15 03:46:01 +00:00: 2026-04-15 03:46:01,406 - __main__ - INFO - 📡 GraphQL timeline @Twistzz: 20 tweets, status=200
2026-04-15 03:46:01 +00:00: 2026-04-15 03:46:01,406 - __main__ - INFO - 🌐 @Twistzz: 20 tweets via timeline scrape
2026-04-15 03:46:04 +00:00: 2026-04-15 03:46:04,980 - __main__ - INFO - ✅ Like cycle complete — liked 0 tweets (0/200 today)
2026-04-15 05:16:05 +00:00: 2026-04-15 05:16:05,078 - utils.db_utils - WARNING - ⚠️  DB connection stale — reconnecting…
2026-04-15 05:16:06 +00:00: 2026-04-15 05:16:06,039 - utils.db_utils - INFO - ✅ Reconnected to PostgreSQL
2026-04-15 05:16:06 +00:00: 2026-04-15 05:16:06,353 - __main__ - INFO - 💫 Like cycle starting — 0/200 today, budget: 40
2026-04-15 05:16:07 +00:00: 2026-04-15 05:16:07,294 - __main__ - INFO - 📬 Found 10 of our tweets to check for replies
2026-04-15 05:16:07 +00:00: 2026-04-15 05:16:07,441 - __main__ - INFO - Search 403 — resetting guest token
2026-04-15 05:16:08 +00:00: 2026-04-15 05:16:08,624 - __main__ - INFO - 🔑 Guest token refreshed
2026-04-15 05:16:08 +00:00: 2026-04-15 05:16:08,753 - __main__ - INFO - Search unexpected status: 404
2026-04-15 05:16:09 +00:00: 2026-04-15 05:16:09,881 - __main__ - INFO - Search unexpected status: 404
2026-04-15 05:16:10 +00:00: 2026-04-15 05:16:10,882 - __main__ - INFO - 📬 Reply strategy: 0 candidates
2026-04-15 05:16:12 +00:00: 2026-04-15 05:16:12,292 - __main__ - INFO - 📊 VIP DB: 10 candidates from events
2026-04-15 05:16:12 +00:00: 2026-04-15 05:16:12,292 - __main__ - INFO - 📊 VIP strategy: 10 total candidates
2026-04-15 05:16:14 +00:00: 2026-04-15 05:16:14,703 - __main__ - INFO - ❤️  Liked tweet 204427225191098... by @mousesports (vip_from_events)
2026-04-15 05:16:20 +00:00: 2026-04-15 05:16:20,271 - __main__ - INFO - 🎯 Engagement target strategy: 9 candidates
2026-04-15 05:16:21 +00:00: 2026-04-15 05:16:21,821 - __main__ - INFO - 📡 GraphQL timeline @Brehze: 0 tweets, status=200
2026-04-15 05:16:24 +00:00: 2026-04-15 05:16:24,559 - __main__ - INFO - 📡 GraphQL timeline @Complexity: 11 tweets, status=200
2026-04-15 05:16:24 +00:00: 2026-04-15 05:16:24,559 - __main__ - INFO - 🌐 @Complexity: 11 tweets via timeline scrape
2026-04-15 05:16:26 +00:00: 2026-04-15 05:16:26,713 - __main__ - INFO - 📡 GraphQL timeline @rainCS: 0 tweets, status=200
2026-04-15 05:16:29 +00:00: 2026-04-15 05:16:29,498 - __main__ - INFO - ✅ Like cycle complete — liked 1 tweets (1/200 today)
2026-04-15 06:46:29 +00:00: 2026-04-15 06:46:29,583 - utils.db_utils - WARNING - ⚠️  DB connection stale — reconnecting…
2026-04-15 06:46:30 +00:00: 2026-04-15 06:46:30,628 - utils.db_utils - INFO - ✅ Reconnected to PostgreSQL
2026-04-15 06:46:30 +00:00: 2026-04-15 06:46:30,967 - __main__ - INFO - 💫 Like cycle starting — 1/200 today, budget: 40
2026-04-15 06:46:31 +00:00: 2026-04-15 06:46:31,988 - __main__ - INFO - 📬 Found 10 of our tweets to check for replies
2026-04-15 06:46:32 +00:00: 2026-04-15 06:46:32,147 - __main__ - INFO - Search 403 — resetting guest token
2026-04-15 06:46:33 +00:00: 2026-04-15 06:46:33,335 - __main__ - INFO - 🔑 Guest token refreshed
2026-04-15 06:46:33 +00:00: 2026-04-15 06:46:33,456 - __main__ - INFO - Search unexpected status: 404
2026-04-15 06:46:34 +00:00: 2026-04-15 06:46:34,583 - __main__ - INFO - Search unexpected status: 404
2026-04-15 06:46:35 +00:00: 2026-04-15 06:46:35,585 - __main__ - INFO - 📬 Reply strategy: 0 candidates
2026-04-15 06:46:37 +00:00: 2026-04-15 06:46:37,111 - __main__ - INFO - 📊 VIP DB: 10 candidates from events
2026-04-15 06:46:37 +00:00: 2026-04-15 06:46:37,111 - __main__ - INFO - 📊 VIP strategy: 10 total candidates
2026-04-15 06:46:39 +00:00: 2026-04-15 06:46:39,480 - __main__ - INFO - 🎯 Engagement target strategy: 10 candidates
2026-04-15 06:46:41 +00:00: 2026-04-15 06:46:41,321 - __main__ - INFO - 📡 GraphQL timeline @rainCS: 0 tweets, status=200
2026-04-15 06:46:43 +00:00: 2026-04-15 06:46:43,925 - __main__ - INFO - 📡 GraphQL timeline @Karrigancsgo: 20 tweets, status=200
2026-04-15 06:46:43 +00:00: 2026-04-15 06:46:43,926 - __main__ - INFO - 🌐 @Karrigancsgo: 20 tweets via timeline scrape
2026-04-15 06:46:46 +00:00: 2026-04-15 06:46:46,662 - __main__ - INFO - 📡 GraphQL timeline @EliGE: 20 tweets, status=200
2026-04-15 06:46:46 +00:00: 2026-04-15 06:46:46,663 - __main__ - INFO - 🌐 @EliGE: 20 tweets via timeline scrape
2026-04-15 06:46:50 +00:00: 2026-04-15 06:46:50,362 - __main__ - INFO - ✅ Like cycle complete — liked 0 tweets (1/200 today)
2026-04-15 08:16:50 +00:00: 2026-04-15 08:16:50,391 - utils.db_utils - WARNING - ⚠️  DB connection stale — reconnecting…
2026-04-15 08:16:51 +00:00: 2026-04-15 08:16:51,352 - utils.db_utils - INFO - ✅ Reconnected to PostgreSQL
2026-04-15 08:16:51 +00:00: 2026-04-15 08:16:51,668 - __main__ - INFO - 💫 Like cycle starting — 1/200 today, budget: 40
2026-04-15 08:16:52 +00:00: 2026-04-15 08:16:52,616 - __main__ - INFO - 📬 Found 10 of our tweets to check for replies
2026-04-15 08:16:52 +00:00: 2026-04-15 08:16:52,763 - __main__ - INFO - Search 403 — resetting guest token
2026-04-15 08:16:53 +00:00: 2026-04-15 08:16:53,978 - __main__ - INFO - 🔑 Guest token refreshed
2026-04-15 08:16:54 +00:00: 2026-04-15 08:16:54,094 - __main__ - INFO - Search unexpected status: 404
2026-04-15 08:16:55 +00:00: 2026-04-15 08:16:55,228 - __main__ - INFO - Search unexpected status: 404
2026-04-15 08:16:56 +00:00: 2026-04-15 08:16:56,230 - __main__ - INFO - 📬 Reply strategy: 0 candidates
2026-04-15 08:16:57 +00:00: 2026-04-15 08:16:57,646 - __main__ - INFO - 📊 VIP DB: 11 candidates from events
2026-04-15 08:16:57 +00:00: 2026-04-15 08:16:57,646 - __main__ - INFO - 📊 VIP strategy: 11 total candidates
2026-04-15 08:16:59 +00:00: 2026-04-15 08:16:59,260 - __main__ - INFO - ❤️  Liked tweet 204430370897732... by @mousesports (vip_from_events)
2026-04-15 08:17:06 +00:00: 2026-04-15 08:17:06,982 - __main__ - INFO - 🎯 Engagement target strategy: 11 candidates
2026-04-15 08:17:09 +00:00: 2026-04-15 08:17:09,207 - __main__ - INFO - 📡 GraphQL timeline @BIGCLANgg: 18 tweets, status=200
2026-04-15 08:17:09 +00:00: 2026-04-15 08:17:09,207 - __main__ - INFO - 🌐 @BIGCLANgg: 18 tweets via timeline scrape
2026-04-15 08:17:11 +00:00: 2026-04-15 08:17:11,354 - __main__ - INFO - 📡 GraphQL timeline @PGL_Esports: 0 tweets, status=200
2026-04-15 08:17:13 +00:00: 2026-04-15 08:17:13,482 - __main__ - INFO - Could not resolve @LOABORVRE_CS2: 200
2026-04-15 08:17:16 +00:00: 2026-04-15 08:17:16,272 - __main__ - INFO - ✅ Like cycle complete — liked 1 tweets (2/200 today)
2026-04-15 09:47:16 +00:00: 2026-04-15 09:47:16,352 - utils.db_utils - WARNING - ⚠️  DB connection stale — reconnecting…
2026-04-15 09:47:17 +00:00: 2026-04-15 09:47:17,372 - utils.db_utils - INFO - ✅ Reconnected to PostgreSQL
2026-04-15 09:47:17 +00:00: 2026-04-15 09:47:17,713 - __main__ - INFO - 💫 Like cycle starting — 2/200 today, budget: 40
2026-04-15 09:47:18 +00:00: 2026-04-15 09:47:18,722 - __main__ - INFO - 📬 Found 10 of our tweets to check for replies
2026-04-15 09:47:18 +00:00: 2026-04-15 09:47:18,877 - __main__ - INFO - Search 403 — resetting guest token
2026-04-15 09:47:20 +00:00: 2026-04-15 09:47:20,054 - __main__ - INFO - 🔑 Guest token refreshed
2026-04-15 09:47:20 +00:00: 2026-04-15 09:47:20,177 - __main__ - INFO - Search unexpected status: 404
2026-04-15 09:47:21 +00:00: 2026-04-15 09:47:21,303 - __main__ - INFO - Search unexpected status: 404
2026-04-15 09:47:22 +00:00: 2026-04-15 09:47:22,304 - __main__ - INFO - 📬 Reply strategy: 0 candidates
2026-04-15 09:47:23 +00:00: 2026-04-15 09:47:23,814 - __main__ - INFO - 📊 VIP DB: 11 candidates from events
2026-04-15 09:47:23 +00:00: 2026-04-15 09:47:23,815 - __main__ - INFO - 📊 VIP strategy: 11 total candidates
2026-04-15 09:47:26 +00:00: 2026-04-15 09:47:26,335 - __main__ - INFO - 🎯 Engagement target strategy: 11 candidates
2026-04-15 09:47:28 +00:00: 2026-04-15 09:47:28,319 - __main__ - INFO - Could not resolve @gaborcsgo: 200
2026-04-15 09:47:30 +00:00: 2026-04-15 09:47:30,890 - __main__ - INFO - 📡 GraphQL timeline @EliGE: 20 tweets, status=200
2026-04-15 09:47:30 +00:00: 2026-04-15 09:47:30,891 - __main__ - INFO - 🌐 @EliGE: 20 tweets via timeline scrape
2026-04-15 09:47:33 +00:00: 2026-04-15 09:47:33,442 - __main__ - INFO - 📡 GraphQL timeline @Twistzz: 20 tweets, status=200
2026-04-15 09:47:33 +00:00: 2026-04-15 09:47:33,442 - __main__ - INFO - 🌐 @Twistzz: 20 tweets via timeline scrape
2026-04-15 09:47:37 +00:00: 2026-04-15 09:47:37,123 - __main__ - INFO - ✅ Like cycle complete — liked 0 tweets (2/200 today)
2026-04-15 10:49:57 +00:00: Traceback (most recent call last):
2026-04-15 10:49:57 +00:00:   File "/home/ubuntu/openclaw/scripts/output/community_liker.py", line 744, in <module>
2026-04-15 10:49:57 +00:00:     asyncio.run(CommunityLiker().run_forever())
2026-04-15 10:49:57 +00:00:   File "/usr/lib/python3.10/asyncio/runners.py", line 44, in run
2026-04-15 10:49:57 +00:00:     return loop.run_until_complete(main)
2026-04-15 10:49:57 +00:00:   File "/usr/lib/python3.10/asyncio/base_events.py", line 636, in run_until_complete
2026-04-15 10:49:57 +00:00:     self.run_forever()
2026-04-15 10:49:57 +00:00:   File "/usr/lib/python3.10/asyncio/base_events.py", line 603, in run_forever
2026-04-15 10:49:57 +00:00:     self._run_once()
2026-04-15 10:49:57 +00:00:   File "/usr/lib/python3.10/asyncio/base_events.py", line 1871, in _run_once
2026-04-15 10:49:57 +00:00:     event_list = self._selector.select(timeout)
2026-04-15 10:49:57 +00:00:   File "/usr/lib/python3.10/selectors.py", line 469, in select
2026-04-15 10:49:57 +00:00:     fd_event_list = self._selector.poll(timeout, max_ev)
2026-04-15 10:49:57 +00:00: KeyboardInterrupt
