2026-03-26 19:32:09 +00:00: 2026-03-26 19:32:09,344 - __main__ - INFO - ✅ Connected to PostgreSQL
2026-03-26 19:32:09 +00:00: 2026-03-26 19:32:09,344 - __main__ - INFO - ✅ Twitter API client initialized
2026-03-26 19:32:09 +00:00: 2026-03-26 19:32:09,496 - __main__ - INFO - ✅ Growth tracking tables ready
2026-03-26 19:32:09 +00:00: 2026-03-26 19:32:09,496 - __main__ - INFO - 🚀 Follower Growth Tracker started (60min cycle)
2026-03-26 19:32:09 +00:00: 2026-03-26 19:32:09,689 - __main__ - ERROR - ❌ Failed to fetch account metrics: 403 Forbidden
2026-03-26 19:32:09 +00:00: When authenticating requests to the Twitter API v2 endpoints, you must use keys and tokens from a Twitter developer App that is attached to a Project. You can create a project via the developer portal.
2026-03-26 19:33:04 +00:00: Traceback (most recent call last):
2026-03-26 19:33:04 +00:00:   File "/home/ubuntu/openclaw/scripts/output/follower_growth_tracker.py", line 228, in <module>
2026-03-26 19:33:04 +00:00:   File "/usr/lib/python3.10/asyncio/runners.py", line 44, in run
2026-03-26 19:33:04 +00:00:     return loop.run_until_complete(main)
2026-03-26 19:33:04 +00:00:   File "/usr/lib/python3.10/asyncio/base_events.py", line 636, in run_until_complete
2026-03-26 19:33:04 +00:00:     self.run_forever()
2026-03-26 19:33:04 +00:00:   File "/usr/lib/python3.10/asyncio/base_events.py", line 603, in run_forever
2026-03-26 19:33:04 +00:00:     self._run_once()
2026-03-26 19:33:04 +00:00:   File "/usr/lib/python3.10/asyncio/base_events.py", line 1871, in _run_once
2026-03-26 19:33:04 +00:00:     event_list = self._selector.select(timeout)
2026-03-26 19:33:04 +00:00:   File "/usr/lib/python3.10/selectors.py", line 469, in select
2026-03-26 19:33:04 +00:00:     fd_event_list = self._selector.poll(timeout, max_ev)
2026-03-26 19:33:04 +00:00: 
2026-03-26 19:33:06 +00:00: 2026-03-26 19:33:06,109 - __main__ - INFO - ✅ Connected to PostgreSQL
2026-03-26 19:33:06 +00:00: 2026-03-26 19:33:06,109 - __main__ - INFO - ✅ Twitter API v1.1 client initialized
2026-03-26 19:33:06 +00:00: 2026-03-26 19:33:06,259 - __main__ - INFO - ✅ Growth tracking tables ready
2026-03-26 19:33:06 +00:00: 2026-03-26 19:33:06,259 - __main__ - INFO - 🚀 Follower Growth Tracker started (60min cycle)
2026-03-26 19:33:06 +00:00: 2026-03-26 19:33:06,781 - __main__ - INFO - 📊 Snapshot: 54 followers (+0 since last check)
2026-03-26 19:33:06 +00:00: 2026-03-26 19:33:06,931 - __main__ - INFO - 📈 24h Growth: +0 followers (54 → 54)
2026-03-26 19:33:07 +00:00: 2026-03-26 19:33:07,079 - __main__ - INFO - 📈 7d Growth: +0 followers (avg 0.0/day, est inf days to 1K)
2026-03-26 19:44:01 +00:00: Traceback (most recent call last):
2026-03-26 19:44:01 +00:00:   File "/home/ubuntu/openclaw/scripts/output/follower_growth_tracker.py", line 224, in <module>
2026-03-26 19:44:01 +00:00:     asyncio.run(main())
2026-03-26 19:44:01 +00:00:   File "/usr/lib/python3.10/asyncio/runners.py", line 44, in run
2026-03-26 19:44:01 +00:00:     return loop.run_until_complete(main)
2026-03-26 19:44:01 +00:00:   File "/usr/lib/python3.10/asyncio/base_events.py", line 636, in run_until_complete
2026-03-26 19:44:01 +00:00:     self.run_forever()
2026-03-26 19:44:01 +00:00:   File "/usr/lib/python3.10/asyncio/base_events.py", line 603, in run_forever
2026-03-26 19:44:01 +00:00:     self._run_once()
2026-03-26 19:44:01 +00:00:   File "/usr/lib/python3.10/asyncio/base_events.py", line 1871, in _run_once
2026-03-26 19:44:01 +00:00:     event_list = self._selector.select(timeout)
2026-03-26 19:44:01 +00:00:   File "/usr/lib/python3.10/selectors.py", line 469, in select
2026-03-26 19:44:01 +00:00:     fd_event_list = self._selector.poll(timeout, max_ev)
2026-03-26 19:44:01 +00:00: KeyboardInterrupt
2026-03-26 19:44:02 +00:00: 2026-03-26 19:44:02,471 - __main__ - INFO - ✅ Connected to PostgreSQL
2026-03-26 19:44:02 +00:00: 2026-03-26 19:44:02,472 - __main__ - INFO - ✅ Twitter API v1.1 client initialized
2026-03-26 19:44:02 +00:00: 2026-03-26 19:44:02,625 - __main__ - INFO - ✅ Growth tracking tables ready
2026-03-26 19:44:02 +00:00: 2026-03-26 19:44:02,626 - __main__ - INFO - 🚀 Follower Growth Tracker started (60min cycle)
2026-03-26 19:44:03 +00:00: 2026-03-26 19:44:03,183 - __main__ - INFO - 📊 Snapshot: 54 followers (+0 since last check)
2026-03-26 19:44:03 +00:00: 2026-03-26 19:44:03,335 - __main__ - INFO - 📈 24h Growth: +0 followers (54 → 54)
2026-03-26 19:44:03 +00:00: 2026-03-26 19:44:03,488 - __main__ - INFO - 📈 7d Growth: +0 followers (avg 0.0/day, est inf days to 1K)
2026-03-26 20:44:03 +00:00: 2026-03-26 20:44:03,786 - __main__ - ERROR - ❌ Failed to fetch account metrics: 401 Unauthorized
2026-03-26 20:44:03 +00:00: 89 - Invalid or expired token.
2026-03-26 21:44:04 +00:00: 2026-03-26 21:44:04,114 - __main__ - ERROR - ❌ Failed to fetch account metrics: 401 Unauthorized
2026-03-26 21:44:04 +00:00: 89 - Invalid or expired token.
2026-03-26 22:44:04 +00:00: 2026-03-26 22:44:04,573 - __main__ - ERROR - ❌ Failed to fetch account metrics: 401 Unauthorized
2026-03-26 22:44:04 +00:00: 89 - Invalid or expired token.
2026-03-26 23:44:04 +00:00: 2026-03-26 23:44:04,929 - __main__ - ERROR - ❌ Failed to fetch account metrics: 401 Unauthorized
2026-03-26 23:44:04 +00:00: 89 - Invalid or expired token.
2026-03-27 00:20:42 +00:00: Traceback (most recent call last):
2026-03-27 00:20:42 +00:00:   File "/home/ubuntu/openclaw/scripts/output/follower_growth_tracker.py", line 224, in <module>
2026-03-27 00:20:42 +00:00:     asyncio.run(main())
2026-03-27 00:20:42 +00:00:   File "/usr/lib/python3.10/asyncio/runners.py", line 44, in run
2026-03-27 00:20:42 +00:00:     return loop.run_until_complete(main)
2026-03-27 00:20:42 +00:00:   File "/usr/lib/python3.10/asyncio/base_events.py", line 636, in run_until_complete
2026-03-27 00:20:42 +00:00:     self.run_forever()
2026-03-27 00:20:42 +00:00:   File "/usr/lib/python3.10/asyncio/base_events.py", line 603, in run_forever
2026-03-27 00:20:42 +00:00:     self._run_once()
2026-03-27 00:20:42 +00:00:   File "/usr/lib/python3.10/asyncio/base_events.py", line 1871, in _run_once
2026-03-27 00:20:42 +00:00:     event_list = self._selector.select(timeout)
2026-03-27 00:20:42 +00:00:   File "/usr/lib/python3.10/selectors.py", line 469, in select
2026-03-27 00:20:42 +00:00:     fd_event_list = self._selector.poll(timeout, max_ev)
2026-03-27 00:20:42 +00:00: KeyboardInterrupt
2026-03-27 00:20:43 +00:00: 2026-03-27 00:20:43,466 - __main__ - INFO - ✅ Connected to PostgreSQL
2026-03-27 00:20:43 +00:00: 2026-03-27 00:20:43,466 - __main__ - INFO - ✅ Twitter API v1.1 client initialized
2026-03-27 00:20:43 +00:00: 2026-03-27 00:20:43,615 - __main__ - INFO - ✅ Growth tracking tables ready
2026-03-27 00:20:43 +00:00: 2026-03-27 00:20:43,615 - __main__ - INFO - 🚀 Follower Growth Tracker started (60min cycle)
2026-03-27 00:20:44 +00:00: 2026-03-27 00:20:44,213 - __main__ - INFO - 📊 Snapshot: 53 followers (-1 since last check)
2026-03-27 00:20:44 +00:00: 2026-03-27 00:20:44,362 - __main__ - INFO - 📈 24h Growth: +1 followers (53 → 54)
2026-03-27 00:20:44 +00:00: 2026-03-27 00:20:44,511 - __main__ - INFO - 📈 7d Growth: +1 followers (avg 0.1/day, est 6622 days to 1K)
2026-03-27 00:44:53 +00:00: Traceback (most recent call last):
2026-03-27 00:44:53 +00:00:   File "/home/ubuntu/openclaw/scripts/output/follower_growth_tracker.py", line 224, in <module>
2026-03-27 00:44:53 +00:00:     asyncio.run(main())
2026-03-27 00:44:53 +00:00:   File "/usr/lib/python3.10/asyncio/runners.py", line 44, in run
2026-03-27 00:44:53 +00:00:     return loop.run_until_complete(main)
2026-03-27 00:44:53 +00:00:   File "/usr/lib/python3.10/asyncio/base_events.py", line 636, in run_until_complete
2026-03-27 00:44:53 +00:00:     self.run_forever()
2026-03-27 00:44:53 +00:00:   File "/usr/lib/python3.10/asyncio/base_events.py", line 603, in run_forever
2026-03-27 00:44:53 +00:00:     self._run_once()
2026-03-27 00:44:53 +00:00:   File "/usr/lib/python3.10/asyncio/base_events.py", line 1871, in _run_once
2026-03-27 00:44:53 +00:00:     event_list = self._selector.select(timeout)
2026-03-27 00:44:53 +00:00:   File "/usr/lib/python3.10/selectors.py", line 469, in select
2026-03-27 00:44:53 +00:00:     fd_event_list = self._selector.poll(timeout, max_ev)
2026-03-27 00:44:53 +00:00: KeyboardInterrupt
2026-03-27 00:44:55 +00:00: 2026-03-27 00:44:55,032 - __main__ - INFO - ✅ Connected to PostgreSQL
2026-03-27 00:44:55 +00:00: 2026-03-27 00:44:55,033 - __main__ - INFO - ✅ Twitter API v1.1 client initialized
2026-03-27 00:44:55 +00:00: 2026-03-27 00:44:55,184 - __main__ - INFO - ✅ Growth tracking tables ready
2026-03-27 00:44:55 +00:00: 2026-03-27 00:44:55,184 - __main__ - INFO - 🚀 Follower Growth Tracker started (60min cycle)
2026-03-27 00:44:55 +00:00: 2026-03-27 00:44:55,767 - __main__ - INFO - 📊 Snapshot: 53 followers (+0 since last check)
2026-03-27 00:44:55 +00:00: 2026-03-27 00:44:55,919 - __main__ - INFO - 📈 24h Growth: +1 followers (53 → 54)
2026-03-27 00:44:56 +00:00: 2026-03-27 00:44:56,071 - __main__ - INFO - 📈 7d Growth: +1 followers (avg 0.1/day, est 6622 days to 1K)
2026-03-27 00:56:23 +00:00: Traceback (most recent call last):
2026-03-27 00:56:23 +00:00:   File "/home/ubuntu/openclaw/scripts/output/follower_growth_tracker.py", line 224, in <module>
2026-03-27 00:56:23 +00:00:     asyncio.run(main())
2026-03-27 00:56:23 +00:00:   File "/usr/lib/python3.10/asyncio/runners.py", line 44, in run
2026-03-27 00:56:23 +00:00:     return loop.run_until_complete(main)
2026-03-27 00:56:23 +00:00:   File "/usr/lib/python3.10/asyncio/base_events.py", line 636, in run_until_complete
2026-03-27 00:56:23 +00:00:     self.run_forever()
2026-03-27 00:56:23 +00:00:   File "/usr/lib/python3.10/asyncio/base_events.py", line 603, in run_forever
2026-03-27 00:56:23 +00:00:     self._run_once()
2026-03-27 00:56:23 +00:00:   File "/usr/lib/python3.10/asyncio/base_events.py", line 1871, in _run_once
2026-03-27 00:56:23 +00:00:     event_list = self._selector.select(timeout)
2026-03-27 00:56:23 +00:00:   File "/usr/lib/python3.10/selectors.py", line 469, in select
2026-03-27 00:56:23 +00:00:     fd_event_list = self._selector.poll(timeout, max_ev)
2026-03-27 00:56:23 +00:00: KeyboardInterrupt
2026-03-27 00:56:24 +00:00: 2026-03-27 00:56:24,795 - __main__ - INFO - ✅ Connected to PostgreSQL
2026-03-27 00:56:24 +00:00: 2026-03-27 00:56:24,795 - __main__ - INFO - ✅ Twitter API v1.1 client initialized
2026-03-27 00:56:24 +00:00: 2026-03-27 00:56:24,946 - __main__ - INFO - ✅ Growth tracking tables ready
2026-03-27 00:56:24 +00:00: 2026-03-27 00:56:24,946 - __main__ - INFO - 🚀 Follower Growth Tracker started (60min cycle)
2026-03-27 00:56:25 +00:00: 2026-03-27 00:56:25,468 - __main__ - INFO - 📊 Snapshot: 53 followers (+0 since last check)
2026-03-27 00:56:25 +00:00: 2026-03-27 00:56:25,619 - __main__ - INFO - 📈 24h Growth: +1 followers (53 → 54)
2026-03-27 00:56:25 +00:00: 2026-03-27 00:56:25,770 - __main__ - INFO - 📈 7d Growth: +1 followers (avg 0.1/day, est 6622 days to 1K)
2026-03-27 01:39:37 +00:00: Traceback (most recent call last):
2026-03-27 01:39:37 +00:00:   File "/home/ubuntu/openclaw/scripts/output/follower_growth_tracker.py", line 224, in <module>
2026-03-27 01:39:37 +00:00:     finally:
2026-03-27 01:39:37 +00:00:   File "/usr/lib/python3.10/asyncio/runners.py", line 44, in run
2026-03-27 01:39:37 +00:00:     return loop.run_until_complete(main)
2026-03-27 01:39:37 +00:00:   File "/usr/lib/python3.10/asyncio/base_events.py", line 636, in run_until_complete
2026-03-27 01:39:37 +00:00:     self.run_forever()
2026-03-27 01:39:37 +00:00:   File "/usr/lib/python3.10/asyncio/base_events.py", line 603, in run_forever
2026-03-27 01:39:37 +00:00:     self._run_once()
2026-03-27 01:39:37 +00:00:   File "/usr/lib/python3.10/asyncio/base_events.py", line 1871, in _run_once
2026-03-27 01:39:37 +00:00:     event_list = self._selector.select(timeout)
2026-03-27 01:39:37 +00:00:   File "/usr/lib/python3.10/selectors.py", line 469, in select
2026-03-27 01:39:37 +00:00:     fd_event_list = self._selector.poll(timeout, max_ev)
2026-03-27 01:39:37 +00:00: KeyboardInterrupt
2026-03-27 01:39:39 +00:00: 2026-03-27 01:39:39,075 - utils.db_utils - INFO - ✅ Reconnected to PostgreSQL
2026-03-27 01:39:39 +00:00: 2026-03-27 01:39:39,075 - __main__ - INFO - ✅ Twitter API v1.1 client initialized
2026-03-27 01:39:39 +00:00: 2026-03-27 01:39:39,227 - __main__ - INFO - ✅ Growth tracking tables ready
2026-03-27 01:39:39 +00:00: 2026-03-27 01:39:39,227 - __main__ - INFO - 🚀 Follower Growth Tracker started (60min cycle)
2026-03-27 01:39:40 +00:00: 2026-03-27 01:39:40,031 - __main__ - INFO - 📊 Snapshot: 53 followers (+0 since last check)
2026-03-27 01:39:40 +00:00: 2026-03-27 01:39:40,183 - __main__ - INFO - 📈 24h Growth: +1 followers (53 → 54)
2026-03-27 01:39:40 +00:00: 2026-03-27 01:39:40,334 - __main__ - INFO - 📈 7d Growth: +1 followers (avg 0.1/day, est 6622 days to 1K)
2026-03-27 02:39:41 +00:00: 2026-03-27 02:39:41,254 - __main__ - INFO - 📊 Snapshot: 53 followers (+0 since last check)
2026-03-27 02:39:41 +00:00: 2026-03-27 02:39:41,406 - __main__ - INFO - 📈 24h Growth: +1 followers (53 → 54)
2026-03-27 02:39:41 +00:00: 2026-03-27 02:39:41,558 - __main__ - INFO - 📈 7d Growth: +1 followers (avg 0.1/day, est 6622 days to 1K)
2026-03-27 03:39:42 +00:00: 2026-03-27 03:39:42,332 - __main__ - INFO - 📊 Snapshot: 53 followers (+0 since last check)
2026-03-27 03:39:42 +00:00: 2026-03-27 03:39:42,483 - __main__ - INFO - 📈 24h Growth: +1 followers (53 → 54)
2026-03-27 03:39:42 +00:00: 2026-03-27 03:39:42,634 - __main__ - INFO - 📈 7d Growth: +1 followers (avg 0.1/day, est 6622 days to 1K)
2026-03-27 04:39:43 +00:00: 2026-03-27 04:39:43,433 - __main__ - INFO - 📊 Snapshot: 53 followers (+0 since last check)
2026-03-27 04:39:43 +00:00: 2026-03-27 04:39:43,584 - __main__ - INFO - 📈 24h Growth: +1 followers (53 → 54)
2026-03-27 04:39:43 +00:00: 2026-03-27 04:39:43,736 - __main__ - INFO - 📈 7d Growth: +1 followers (avg 0.1/day, est 6622 days to 1K)
2026-03-27 05:39:44 +00:00: 2026-03-27 05:39:44,519 - __main__ - INFO - 📊 Snapshot: 53 followers (+0 since last check)
2026-03-27 05:39:44 +00:00: 2026-03-27 05:39:44,670 - __main__ - INFO - 📈 24h Growth: +1 followers (53 → 54)
2026-03-27 05:39:44 +00:00: 2026-03-27 05:39:44,821 - __main__ - INFO - 📈 7d Growth: +1 followers (avg 0.1/day, est 6622 days to 1K)
2026-03-27 06:39:45 +00:00: 2026-03-27 06:39:45,678 - __main__ - INFO - 📊 Snapshot: 53 followers (+0 since last check)
2026-03-27 06:39:45 +00:00: 2026-03-27 06:39:45,831 - __main__ - INFO - 📈 24h Growth: +1 followers (53 → 54)
2026-03-27 06:39:45 +00:00: 2026-03-27 06:39:45,982 - __main__ - INFO - 📈 7d Growth: +1 followers (avg 0.1/day, est 6622 days to 1K)
2026-03-27 07:39:46 +00:00: 2026-03-27 07:39:46,794 - __main__ - INFO - 📊 Snapshot: 53 followers (+0 since last check)
2026-03-27 07:39:46 +00:00: 2026-03-27 07:39:46,945 - __main__ - INFO - 📈 24h Growth: +1 followers (53 → 54)
2026-03-27 07:39:47 +00:00: 2026-03-27 07:39:47,096 - __main__ - INFO - 📈 7d Growth: +1 followers (avg 0.1/day, est 6622 days to 1K)
2026-03-27 08:39:47 +00:00: 2026-03-27 08:39:47,786 - __main__ - INFO - 📊 Snapshot: 53 followers (+0 since last check)
2026-03-27 08:39:47 +00:00: 2026-03-27 08:39:47,938 - __main__ - INFO - 📈 24h Growth: +1 followers (53 → 54)
2026-03-27 08:39:48 +00:00: 2026-03-27 08:39:48,089 - __main__ - INFO - 📈 7d Growth: +1 followers (avg 0.1/day, est 6622 days to 1K)
2026-03-27 09:39:48 +00:00: 2026-03-27 09:39:48,838 - __main__ - INFO - 📊 Snapshot: 53 followers (+0 since last check)
2026-03-27 09:39:48 +00:00: 2026-03-27 09:39:48,989 - __main__ - INFO - 📈 24h Growth: +1 followers (53 → 54)
2026-03-27 09:39:49 +00:00: 2026-03-27 09:39:49,140 - __main__ - INFO - 📈 7d Growth: +1 followers (avg 0.1/day, est 6622 days to 1K)
2026-03-27 10:39:49 +00:00: 2026-03-27 10:39:49,931 - __main__ - INFO - 📊 Snapshot: 53 followers (+0 since last check)
2026-03-27 10:39:50 +00:00: 2026-03-27 10:39:50,083 - __main__ - INFO - 📈 24h Growth: +1 followers (53 → 54)
2026-03-27 10:39:50 +00:00: 2026-03-27 10:39:50,234 - __main__ - INFO - 📈 7d Growth: +1 followers (avg 0.1/day, est 6622 days to 1K)
2026-03-27 11:39:51 +00:00: 2026-03-27 11:39:51,008 - __main__ - INFO - 📊 Snapshot: 53 followers (+0 since last check)
2026-03-27 11:39:51 +00:00: 2026-03-27 11:39:51,159 - __main__ - INFO - 📈 24h Growth: +1 followers (53 → 54)
2026-03-27 11:39:51 +00:00: 2026-03-27 11:39:51,310 - __main__ - INFO - 📈 7d Growth: +1 followers (avg 0.1/day, est 6622 days to 1K)
2026-03-27 12:39:52 +00:00: 2026-03-27 12:39:52,130 - __main__ - INFO - 📊 Snapshot: 53 followers (+0 since last check)
2026-03-27 12:39:52 +00:00: 2026-03-27 12:39:52,281 - __main__ - INFO - 📈 24h Growth: +1 followers (53 → 54)
2026-03-27 12:39:52 +00:00: 2026-03-27 12:39:52,431 - __main__ - INFO - 📈 7d Growth: +1 followers (avg 0.1/day, est 6622 days to 1K)
2026-03-27 13:39:53 +00:00: 2026-03-27 13:39:53,240 - __main__ - INFO - 📊 Snapshot: 53 followers (+0 since last check)
2026-03-27 13:39:53 +00:00: 2026-03-27 13:39:53,391 - __main__ - INFO - 📈 24h Growth: +1 followers (53 → 54)
2026-03-27 13:39:53 +00:00: 2026-03-27 13:39:53,543 - __main__ - INFO - 📈 7d Growth: +1 followers (avg 0.1/day, est 6622 days to 1K)
2026-03-27 13:56:50 +00:00: Traceback (most recent call last):
2026-03-27 13:56:50 +00:00:   File "/home/ubuntu/openclaw/scripts/output/follower_growth_tracker.py", line 229, in <module>
2026-03-27 13:56:50 +00:00:     asyncio.run(main())
2026-03-27 13:56:50 +00:00:   File "/usr/lib/python3.10/asyncio/runners.py", line 44, in run
2026-03-27 13:56:50 +00:00:     return loop.run_until_complete(main)
2026-03-27 13:56:50 +00:00:   File "/usr/lib/python3.10/asyncio/base_events.py", line 636, in run_until_complete
2026-03-27 13:56:50 +00:00:     self.run_forever()
2026-03-27 13:56:50 +00:00:   File "/usr/lib/python3.10/asyncio/base_events.py", line 603, in run_forever
2026-03-27 13:56:50 +00:00:     self._run_once()
2026-03-27 13:56:50 +00:00:   File "/usr/lib/python3.10/asyncio/base_events.py", line 1871, in _run_once
2026-03-27 13:56:50 +00:00:     event_list = self._selector.select(timeout)
2026-03-27 13:56:50 +00:00:   File "/usr/lib/python3.10/selectors.py", line 469, in select
2026-03-27 13:56:50 +00:00:     fd_event_list = self._selector.poll(timeout, max_ev)
2026-03-27 13:56:50 +00:00: KeyboardInterrupt
2026-03-27 13:56:51 +00:00: 2026-03-27 13:56:51,397 - utils.db_utils - INFO - ✅ Reconnected to PostgreSQL
2026-03-27 13:56:51 +00:00: 2026-03-27 13:56:51,397 - __main__ - INFO - ✅ Twitter API v1.1 client initialized
2026-03-27 13:56:51 +00:00: 2026-03-27 13:56:51,552 - __main__ - INFO - ✅ Growth tracking tables ready
2026-03-27 13:56:51 +00:00: 2026-03-27 13:56:51,552 - __main__ - INFO - 🚀 Follower Growth Tracker started (60min cycle)
2026-03-27 13:56:52 +00:00: 2026-03-27 13:56:52,284 - __main__ - INFO - 📊 Snapshot: 53 followers (+0 since last check)
2026-03-27 13:56:52 +00:00: 2026-03-27 13:56:52,442 - __main__ - INFO - 📈 24h Growth: +1 followers (53 → 54)
2026-03-27 13:56:52 +00:00: 2026-03-27 13:56:52,598 - __main__ - INFO - 📈 7d Growth: +1 followers (avg 0.1/day, est 6622 days to 1K)
2026-03-27 14:56:53 +00:00: 2026-03-27 14:56:53,430 - __main__ - INFO - 📊 Snapshot: 53 followers (+0 since last check)
2026-03-27 14:56:53 +00:00: 2026-03-27 14:56:53,585 - __main__ - INFO - 📈 24h Growth: +1 followers (53 → 54)
2026-03-27 14:56:53 +00:00: 2026-03-27 14:56:53,739 - __main__ - INFO - 📈 7d Growth: +1 followers (avg 0.1/day, est 6622 days to 1K)
2026-03-27 15:56:54 +00:00: 2026-03-27 15:56:54,474 - __main__ - INFO - 📊 Snapshot: 53 followers (+0 since last check)
2026-03-27 15:56:54 +00:00: 2026-03-27 15:56:54,632 - __main__ - INFO - 📈 24h Growth: +1 followers (53 → 54)
2026-03-27 15:56:54 +00:00: 2026-03-27 15:56:54,787 - __main__ - INFO - 📈 7d Growth: +1 followers (avg 0.1/day, est 6622 days to 1K)
2026-03-27 16:56:55 +00:00: 2026-03-27 16:56:55,676 - __main__ - INFO - 📊 Snapshot: 53 followers (+0 since last check)
2026-03-27 16:56:55 +00:00: 2026-03-27 16:56:55,831 - __main__ - INFO - 📈 24h Growth: +1 followers (53 → 54)
2026-03-27 16:56:55 +00:00: 2026-03-27 16:56:55,986 - __main__ - INFO - 📈 7d Growth: +1 followers (avg 0.1/day, est 6622 days to 1K)
2026-03-27 17:56:56 +00:00: 2026-03-27 17:56:56,713 - __main__ - INFO - 📊 Snapshot: 53 followers (+0 since last check)
2026-03-27 17:56:56 +00:00: 2026-03-27 17:56:56,868 - __main__ - INFO - 📈 24h Growth: +1 followers (53 → 54)
2026-03-27 17:56:57 +00:00: 2026-03-27 17:56:57,023 - __main__ - INFO - 📈 7d Growth: +1 followers (avg 0.1/day, est 6622 days to 1K)
2026-03-27 18:57:02 +00:00: 2026-03-27 18:57:02,779 - __main__ - INFO - 📊 Snapshot: 53 followers (+0 since last check)
2026-03-27 18:57:02 +00:00: 2026-03-27 18:57:02,936 - __main__ - INFO - 📈 24h Growth: +1 followers (53 → 54)
2026-03-27 18:57:03 +00:00: 2026-03-27 18:57:03,091 - __main__ - INFO - 📈 7d Growth: +1 followers (avg 0.1/day, est 6622 days to 1K)
2026-03-27 19:57:03 +00:00: 2026-03-27 19:57:03,948 - __main__ - INFO - 📊 Snapshot: 53 followers (+0 since last check)
2026-03-27 19:57:04 +00:00: 2026-03-27 19:57:04,103 - __main__ - INFO - 📈 24h Growth: +0 followers (53 → 53)
2026-03-27 19:57:04 +00:00: 2026-03-27 19:57:04,258 - __main__ - INFO - 📈 7d Growth: +1 followers (avg 0.1/day, est 6622 days to 1K)
2026-03-27 20:57:05 +00:00: 2026-03-27 20:57:05,060 - __main__ - INFO - 📊 Snapshot: 53 followers (+0 since last check)
2026-03-27 20:57:05 +00:00: 2026-03-27 20:57:05,215 - __main__ - INFO - 📈 24h Growth: +0 followers (53 → 53)
2026-03-27 20:57:05 +00:00: 2026-03-27 20:57:05,369 - __main__ - INFO - 📈 7d Growth: +1 followers (avg 0.1/day, est 6622 days to 1K)
2026-03-27 21:57:06 +00:00: 2026-03-27 21:57:06,193 - __main__ - INFO - 📊 Snapshot: 53 followers (+0 since last check)
2026-03-27 21:57:06 +00:00: 2026-03-27 21:57:06,348 - __main__ - INFO - 📈 24h Growth: +0 followers (53 → 53)
2026-03-27 21:57:06 +00:00: 2026-03-27 21:57:06,503 - __main__ - INFO - 📈 7d Growth: +1 followers (avg 0.1/day, est 6622 days to 1K)
2026-03-27 22:57:07 +00:00: 2026-03-27 22:57:07,312 - __main__ - INFO - 📊 Snapshot: 53 followers (+0 since last check)
2026-03-27 22:57:07 +00:00: 2026-03-27 22:57:07,468 - __main__ - INFO - 📈 24h Growth: +0 followers (53 → 53)
2026-03-27 22:57:07 +00:00: 2026-03-27 22:57:07,622 - __main__ - INFO - 📈 7d Growth: +1 followers (avg 0.1/day, est 6622 days to 1K)
2026-03-27 23:57:08 +00:00: 2026-03-27 23:57:08,440 - __main__ - INFO - 📊 Snapshot: 53 followers (+0 since last check)
2026-03-27 23:57:08 +00:00: 2026-03-27 23:57:08,595 - __main__ - INFO - 📈 24h Growth: +0 followers (53 → 53)
2026-03-27 23:57:08 +00:00: 2026-03-27 23:57:08,752 - __main__ - INFO - 📈 7d Growth: +1 followers (avg 0.1/day, est 6622 days to 1K)
2026-03-28 00:57:09 +00:00: 2026-03-28 00:57:09,702 - __main__ - INFO - 📊 Snapshot: 53 followers (+0 since last check)
2026-03-28 00:57:09 +00:00: 2026-03-28 00:57:09,857 - __main__ - INFO - 📈 24h Growth: +0 followers (53 → 53)
2026-03-28 00:57:10 +00:00: 2026-03-28 00:57:10,012 - __main__ - INFO - 📈 7d Growth: +1 followers (avg 0.1/day, est 6622 days to 1K)
2026-03-28 01:57:10 +00:00: 2026-03-28 01:57:10,836 - __main__ - INFO - 📊 Snapshot: 53 followers (+0 since last check)
2026-03-28 01:57:10 +00:00: 2026-03-28 01:57:10,991 - __main__ - INFO - 📈 24h Growth: +0 followers (53 → 53)
2026-03-28 01:57:11 +00:00: 2026-03-28 01:57:11,146 - __main__ - INFO - 📈 7d Growth: +1 followers (avg 0.1/day, est 6622 days to 1K)
2026-03-28 02:57:12 +00:00: 2026-03-28 02:57:12,023 - __main__ - INFO - 📊 Snapshot: 53 followers (+0 since last check)
2026-03-28 02:57:12 +00:00: 2026-03-28 02:57:12,178 - __main__ - INFO - 📈 24h Growth: +0 followers (53 → 53)
2026-03-28 02:57:12 +00:00: 2026-03-28 02:57:12,334 - __main__ - INFO - 📈 7d Growth: +1 followers (avg 0.1/day, est 6622 days to 1K)
2026-03-28 03:57:13 +00:00: 2026-03-28 03:57:13,179 - __main__ - INFO - 📊 Snapshot: 53 followers (+0 since last check)
2026-03-28 03:57:13 +00:00: 2026-03-28 03:57:13,336 - __main__ - INFO - 📈 24h Growth: +0 followers (53 → 53)
2026-03-28 03:57:13 +00:00: 2026-03-28 03:57:13,491 - __main__ - INFO - 📈 7d Growth: +1 followers (avg 0.1/day, est 6622 days to 1K)
2026-03-28 04:57:14 +00:00: 2026-03-28 04:57:14,232 - __main__ - INFO - 📊 Snapshot: 53 followers (+0 since last check)
2026-03-28 04:57:14 +00:00: 2026-03-28 04:57:14,387 - __main__ - INFO - 📈 24h Growth: +0 followers (53 → 53)
2026-03-28 04:57:14 +00:00: 2026-03-28 04:57:14,542 - __main__ - INFO - 📈 7d Growth: +1 followers (avg 0.1/day, est 6622 days to 1K)
2026-03-28 05:57:15 +00:00: 2026-03-28 05:57:15,714 - __main__ - INFO - 📊 Snapshot: 53 followers (+0 since last check)
2026-03-28 05:57:15 +00:00: 2026-03-28 05:57:15,869 - __main__ - INFO - 📈 24h Growth: +0 followers (53 → 53)
2026-03-28 05:57:16 +00:00: 2026-03-28 05:57:16,024 - __main__ - INFO - 📈 7d Growth: +1 followers (avg 0.1/day, est 6622 days to 1K)
2026-03-28 06:57:16 +00:00: 2026-03-28 06:57:16,806 - __main__ - INFO - 📊 Snapshot: 53 followers (+0 since last check)
2026-03-28 06:57:16 +00:00: 2026-03-28 06:57:16,961 - __main__ - INFO - 📈 24h Growth: +0 followers (53 → 53)
2026-03-28 06:57:17 +00:00: 2026-03-28 06:57:17,116 - __main__ - INFO - 📈 7d Growth: +1 followers (avg 0.1/day, est 6622 days to 1K)
2026-03-28 07:57:17 +00:00: 2026-03-28 07:57:17,904 - __main__ - INFO - 📊 Snapshot: 53 followers (+0 since last check)
2026-03-28 07:57:18 +00:00: 2026-03-28 07:57:18,059 - __main__ - INFO - 📈 24h Growth: +0 followers (53 → 53)
2026-03-28 07:57:18 +00:00: 2026-03-28 07:57:18,214 - __main__ - INFO - 📈 7d Growth: +1 followers (avg 0.1/day, est 6622 days to 1K)
2026-03-28 08:57:19 +00:00: 2026-03-28 08:57:19,040 - __main__ - INFO - 📊 Snapshot: 53 followers (+0 since last check)
2026-03-28 08:57:19 +00:00: 2026-03-28 08:57:19,195 - __main__ - INFO - 📈 24h Growth: +0 followers (53 → 53)
2026-03-28 08:57:19 +00:00: 2026-03-28 08:57:19,352 - __main__ - INFO - 📈 7d Growth: +1 followers (avg 0.1/day, est 6622 days to 1K)
2026-03-28 09:57:20 +00:00: 2026-03-28 09:57:20,310 - __main__ - INFO - 📊 Snapshot: 53 followers (+0 since last check)
2026-03-28 09:57:20 +00:00: 2026-03-28 09:57:20,465 - __main__ - INFO - 📈 24h Growth: +0 followers (53 → 53)
2026-03-28 09:57:20 +00:00: 2026-03-28 09:57:20,620 - __main__ - INFO - 📈 7d Growth: +1 followers (avg 0.1/day, est 6622 days to 1K)
2026-03-28 10:57:21 +00:00: 2026-03-28 10:57:21,419 - __main__ - INFO - 📊 Snapshot: 53 followers (+0 since last check)
2026-03-28 10:57:21 +00:00: 2026-03-28 10:57:21,574 - __main__ - INFO - 📈 24h Growth: +0 followers (53 → 53)
2026-03-28 10:57:21 +00:00: 2026-03-28 10:57:21,729 - __main__ - INFO - 📈 7d Growth: +1 followers (avg 0.1/day, est 6622 days to 1K)
2026-03-28 11:57:22 +00:00: 2026-03-28 11:57:22,520 - __main__ - INFO - 📊 Snapshot: 53 followers (+0 since last check)
2026-03-28 11:57:22 +00:00: 2026-03-28 11:57:22,679 - __main__ - INFO - 📈 24h Growth: +0 followers (53 → 53)
2026-03-28 11:57:22 +00:00: 2026-03-28 11:57:22,834 - __main__ - INFO - 📈 7d Growth: +1 followers (avg 0.1/day, est 6622 days to 1K)
2026-03-28 12:57:23 +00:00: 2026-03-28 12:57:23,727 - __main__ - INFO - 📊 Snapshot: 53 followers (+0 since last check)
2026-03-28 12:57:23 +00:00: 2026-03-28 12:57:23,882 - __main__ - INFO - 📈 24h Growth: +0 followers (53 → 53)
2026-03-28 12:57:24 +00:00: 2026-03-28 12:57:24,037 - __main__ - INFO - 📈 7d Growth: +1 followers (avg 0.1/day, est 6622 days to 1K)
2026-03-28 13:57:24 +00:00: 2026-03-28 13:57:24,865 - __main__ - INFO - 📊 Snapshot: 53 followers (+0 since last check)
2026-03-28 13:57:25 +00:00: 2026-03-28 13:57:25,020 - __main__ - INFO - 📈 24h Growth: +0 followers (53 → 53)
2026-03-28 13:57:25 +00:00: 2026-03-28 13:57:25,177 - __main__ - INFO - 📈 7d Growth: +1 followers (avg 0.1/day, est 6622 days to 1K)
2026-03-28 14:57:25 +00:00: 2026-03-28 14:57:25,982 - __main__ - INFO - 📊 Snapshot: 53 followers (+0 since last check)
2026-03-28 14:57:26 +00:00: 2026-03-28 14:57:26,137 - __main__ - INFO - 📈 24h Growth: +0 followers (53 → 53)
2026-03-28 14:57:26 +00:00: 2026-03-28 14:57:26,292 - __main__ - INFO - 📈 7d Growth: +1 followers (avg 0.1/day, est 6622 days to 1K)
2026-03-28 15:57:27 +00:00: 2026-03-28 15:57:27,074 - __main__ - INFO - 📊 Snapshot: 53 followers (+0 since last check)
2026-03-28 15:57:27 +00:00: 2026-03-28 15:57:27,229 - __main__ - INFO - 📈 24h Growth: +0 followers (53 → 53)
2026-03-28 15:57:27 +00:00: 2026-03-28 15:57:27,384 - __main__ - INFO - 📈 7d Growth: +1 followers (avg 0.1/day, est 6622 days to 1K)
2026-03-28 16:57:28 +00:00: 2026-03-28 16:57:28,168 - __main__ - INFO - 📊 Snapshot: 53 followers (+0 since last check)
2026-03-28 16:57:28 +00:00: 2026-03-28 16:57:28,324 - __main__ - INFO - 📈 24h Growth: +0 followers (53 → 53)
2026-03-28 16:57:28 +00:00: 2026-03-28 16:57:28,478 - __main__ - INFO - 📈 7d Growth: +1 followers (avg 0.1/day, est 6622 days to 1K)
2026-03-28 17:57:29 +00:00: 2026-03-28 17:57:29,202 - __main__ - INFO - 📊 Snapshot: 53 followers (+0 since last check)
2026-03-28 17:57:29 +00:00: 2026-03-28 17:57:29,357 - __main__ - INFO - 📈 24h Growth: +0 followers (53 → 53)
2026-03-28 17:57:29 +00:00: 2026-03-28 17:57:29,512 - __main__ - INFO - 📈 7d Growth: +1 followers (avg 0.1/day, est 6622 days to 1K)
2026-03-28 18:57:30 +00:00: 2026-03-28 18:57:30,257 - __main__ - INFO - 📊 Snapshot: 53 followers (+0 since last check)
2026-03-28 18:57:30 +00:00: 2026-03-28 18:57:30,412 - __main__ - INFO - 📈 24h Growth: +0 followers (53 → 53)
2026-03-28 18:57:30 +00:00: 2026-03-28 18:57:30,567 - __main__ - INFO - 📈 7d Growth: +1 followers (avg 0.1/day, est 6622 days to 1K)
2026-03-28 19:57:31 +00:00: 2026-03-28 19:57:31,366 - __main__ - INFO - 📊 Snapshot: 53 followers (+0 since last check)
2026-03-28 19:57:31 +00:00: 2026-03-28 19:57:31,521 - __main__ - INFO - 📈 24h Growth: +0 followers (53 → 53)
2026-03-28 19:57:31 +00:00: 2026-03-28 19:57:31,675 - __main__ - INFO - 📈 7d Growth: +1 followers (avg 0.1/day, est 6622 days to 1K)
2026-03-28 20:57:32 +00:00: 2026-03-28 20:57:32,547 - __main__ - INFO - 📊 Snapshot: 53 followers (+0 since last check)
2026-03-28 20:57:32 +00:00: 2026-03-28 20:57:32,702 - __main__ - INFO - 📈 24h Growth: +0 followers (53 → 53)
2026-03-28 20:57:32 +00:00: 2026-03-28 20:57:32,857 - __main__ - INFO - 📈 7d Growth: +1 followers (avg 0.1/day, est 6622 days to 1K)
2026-03-28 21:57:33 +00:00: 2026-03-28 21:57:33,635 - __main__ - INFO - 📊 Snapshot: 53 followers (+0 since last check)
2026-03-28 21:57:33 +00:00: 2026-03-28 21:57:33,790 - __main__ - INFO - 📈 24h Growth: +0 followers (53 → 53)
2026-03-28 21:57:33 +00:00: 2026-03-28 21:57:33,945 - __main__ - INFO - 📈 7d Growth: +1 followers (avg 0.1/day, est 6622 days to 1K)
2026-03-28 22:57:34 +00:00: 2026-03-28 22:57:34,739 - __main__ - INFO - 📊 Snapshot: 53 followers (+0 since last check)
2026-03-28 22:57:34 +00:00: 2026-03-28 22:57:34,894 - __main__ - INFO - 📈 24h Growth: +0 followers (53 → 53)
2026-03-28 22:57:35 +00:00: 2026-03-28 22:57:35,049 - __main__ - INFO - 📈 7d Growth: +1 followers (avg 0.1/day, est 6622 days to 1K)
2026-03-28 23:57:35 +00:00: 2026-03-28 23:57:35,929 - __main__ - INFO - 📊 Snapshot: 53 followers (+0 since last check)
2026-03-28 23:57:36 +00:00: 2026-03-28 23:57:36,084 - __main__ - INFO - 📈 24h Growth: +0 followers (53 → 53)
2026-03-28 23:57:36 +00:00: 2026-03-28 23:57:36,239 - __main__ - INFO - 📈 7d Growth: +1 followers (avg 0.1/day, est 6622 days to 1K)
2026-03-29 00:57:37 +00:00: 2026-03-29 00:57:37,014 - __main__ - INFO - 📊 Snapshot: 52 followers (-1 since last check)
2026-03-29 00:57:37 +00:00: 2026-03-29 00:57:37,171 - __main__ - INFO - 📈 24h Growth: +1 followers (52 → 53)
2026-03-29 00:57:37 +00:00: 2026-03-29 00:57:37,328 - __main__ - INFO - 📈 7d Growth: +2 followers (avg 0.3/day, est 3311 days to 1K)
2026-03-29 01:57:38 +00:00: 2026-03-29 01:57:38,146 - __main__ - INFO - 📊 Snapshot: 51 followers (-1 since last check)
2026-03-29 01:57:38 +00:00: 2026-03-29 01:57:38,301 - __main__ - INFO - 📈 24h Growth: +2 followers (51 → 53)
2026-03-29 01:57:38 +00:00: 2026-03-29 01:57:38,456 - __main__ - INFO - 📈 7d Growth: +3 followers (avg 0.4/day, est 2207 days to 1K)
2026-03-29 02:57:39 +00:00: 2026-03-29 02:57:39,283 - __main__ - INFO - 📊 Snapshot: 51 followers (+0 since last check)
2026-03-29 02:57:39 +00:00: 2026-03-29 02:57:39,438 - __main__ - INFO - 📈 24h Growth: +2 followers (51 → 53)
2026-03-29 02:57:39 +00:00: 2026-03-29 02:57:39,593 - __main__ - INFO - 📈 7d Growth: +3 followers (avg 0.4/day, est 2207 days to 1K)
2026-03-29 03:57:40 +00:00: 2026-03-29 03:57:40,392 - __main__ - INFO - 📊 Snapshot: 51 followers (+0 since last check)
2026-03-29 03:57:40 +00:00: 2026-03-29 03:57:40,548 - __main__ - INFO - 📈 24h Growth: +2 followers (51 → 53)
2026-03-29 03:57:40 +00:00: 2026-03-29 03:57:40,704 - __main__ - INFO - 📈 7d Growth: +3 followers (avg 0.4/day, est 2207 days to 1K)
2026-03-29 04:57:41 +00:00: 2026-03-29 04:57:41,519 - __main__ - INFO - 📊 Snapshot: 51 followers (+0 since last check)
2026-03-29 04:57:41 +00:00: 2026-03-29 04:57:41,674 - __main__ - INFO - 📈 24h Growth: +2 followers (51 → 53)
2026-03-29 04:57:41 +00:00: 2026-03-29 04:57:41,829 - __main__ - INFO - 📈 7d Growth: +3 followers (avg 0.4/day, est 2207 days to 1K)
2026-03-29 05:57:42 +00:00: 2026-03-29 05:57:42,664 - __main__ - INFO - 📊 Snapshot: 51 followers (+0 since last check)
2026-03-29 05:57:42 +00:00: 2026-03-29 05:57:42,819 - __main__ - INFO - 📈 24h Growth: +2 followers (51 → 53)
2026-03-29 05:57:42 +00:00: 2026-03-29 05:57:42,974 - __main__ - INFO - 📈 7d Growth: +3 followers (avg 0.4/day, est 2207 days to 1K)
2026-03-29 06:57:43 +00:00: 2026-03-29 06:57:43,751 - __main__ - INFO - 📊 Snapshot: 51 followers (+0 since last check)
2026-03-29 06:57:43 +00:00: 2026-03-29 06:57:43,906 - __main__ - INFO - 📈 24h Growth: +2 followers (51 → 53)
2026-03-29 06:57:44 +00:00: 2026-03-29 06:57:44,063 - __main__ - INFO - 📈 7d Growth: +3 followers (avg 0.4/day, est 2207 days to 1K)
2026-03-29 07:57:44 +00:00: 2026-03-29 07:57:44,773 - __main__ - INFO - 📊 Snapshot: 51 followers (+0 since last check)
2026-03-29 07:57:44 +00:00: 2026-03-29 07:57:44,932 - __main__ - INFO - 📈 24h Growth: +2 followers (51 → 53)
2026-03-29 07:57:45 +00:00: 2026-03-29 07:57:45,087 - __main__ - INFO - 📈 7d Growth: +3 followers (avg 0.4/day, est 2207 days to 1K)
2026-03-29 08:57:45 +00:00: 2026-03-29 08:57:45,866 - __main__ - INFO - 📊 Snapshot: 51 followers (+0 since last check)
2026-03-29 08:57:46 +00:00: 2026-03-29 08:57:46,022 - __main__ - INFO - 📈 24h Growth: +2 followers (51 → 53)
2026-03-29 08:57:46 +00:00: 2026-03-29 08:57:46,177 - __main__ - INFO - 📈 7d Growth: +3 followers (avg 0.4/day, est 2207 days to 1K)
2026-03-29 09:57:46 +00:00: 2026-03-29 09:57:46,864 - __main__ - INFO - 📊 Snapshot: 51 followers (+0 since last check)
2026-03-29 09:57:47 +00:00: 2026-03-29 09:57:47,021 - __main__ - INFO - 📈 24h Growth: +2 followers (51 → 53)
2026-03-29 09:57:47 +00:00: 2026-03-29 09:57:47,181 - __main__ - INFO - 📈 7d Growth: +3 followers (avg 0.4/day, est 2207 days to 1K)
2026-03-29 10:57:47 +00:00: 2026-03-29 10:57:47,990 - __main__ - INFO - 📊 Snapshot: 51 followers (+0 since last check)
2026-03-29 10:57:48 +00:00: 2026-03-29 10:57:48,152 - __main__ - INFO - 📈 24h Growth: +2 followers (51 → 53)
2026-03-29 10:57:48 +00:00: 2026-03-29 10:57:48,307 - __main__ - INFO - 📈 7d Growth: +3 followers (avg 0.4/day, est 2207 days to 1K)
2026-03-29 11:57:49 +00:00: 2026-03-29 11:57:49,020 - __main__ - INFO - 📊 Snapshot: 51 followers (+0 since last check)
2026-03-29 11:57:49 +00:00: 2026-03-29 11:57:49,180 - __main__ - INFO - 📈 24h Growth: +2 followers (51 → 53)
2026-03-29 11:57:49 +00:00: 2026-03-29 11:57:49,338 - __main__ - INFO - 📈 7d Growth: +3 followers (avg 0.4/day, est 2207 days to 1K)
2026-03-29 12:57:50 +00:00: 2026-03-29 12:57:50,138 - __main__ - INFO - 📊 Snapshot: 51 followers (+0 since last check)
2026-03-29 12:57:50 +00:00: 2026-03-29 12:57:50,293 - __main__ - INFO - 📈 24h Growth: +2 followers (51 → 53)
2026-03-29 12:57:50 +00:00: 2026-03-29 12:57:50,450 - __main__ - INFO - 📈 7d Growth: +3 followers (avg 0.4/day, est 2207 days to 1K)
2026-03-29 13:57:51 +00:00: 2026-03-29 13:57:51,230 - __main__ - INFO - 📊 Snapshot: 51 followers (+0 since last check)
2026-03-29 13:57:51 +00:00: 2026-03-29 13:57:51,385 - __main__ - INFO - 📈 24h Growth: +2 followers (51 → 53)
2026-03-29 13:57:51 +00:00: 2026-03-29 13:57:51,542 - __main__ - INFO - 📈 7d Growth: +3 followers (avg 0.4/day, est 2207 days to 1K)
2026-03-29 14:57:52 +00:00: 2026-03-29 14:57:52,347 - __main__ - INFO - 📊 Snapshot: 51 followers (+0 since last check)
2026-03-29 14:57:52 +00:00: 2026-03-29 14:57:52,504 - __main__ - INFO - 📈 24h Growth: +2 followers (51 → 53)
2026-03-29 14:57:52 +00:00: 2026-03-29 14:57:52,662 - __main__ - INFO - 📈 7d Growth: +3 followers (avg 0.4/day, est 2207 days to 1K)
2026-03-29 15:57:53 +00:00: 2026-03-29 15:57:53,531 - __main__ - INFO - 📊 Snapshot: 51 followers (+0 since last check)
2026-03-29 15:57:53 +00:00: 2026-03-29 15:57:53,687 - __main__ - INFO - 📈 24h Growth: +2 followers (51 → 53)
2026-03-29 15:57:53 +00:00: 2026-03-29 15:57:53,842 - __main__ - INFO - 📈 7d Growth: +3 followers (avg 0.4/day, est 2207 days to 1K)
2026-03-29 16:57:54 +00:00: 2026-03-29 16:57:54,705 - __main__ - INFO - 📊 Snapshot: 51 followers (+0 since last check)
2026-03-29 16:57:54 +00:00: 2026-03-29 16:57:54,864 - __main__ - INFO - 📈 24h Growth: +2 followers (51 → 53)
2026-03-29 16:57:55 +00:00: 2026-03-29 16:57:55,020 - __main__ - INFO - 📈 7d Growth: +3 followers (avg 0.4/day, est 2207 days to 1K)
2026-03-29 17:57:55 +00:00: 2026-03-29 17:57:55,795 - __main__ - INFO - 📊 Snapshot: 51 followers (+0 since last check)
2026-03-29 17:57:55 +00:00: 2026-03-29 17:57:55,954 - __main__ - INFO - 📈 24h Growth: +2 followers (51 → 53)
2026-03-29 17:57:56 +00:00: 2026-03-29 17:57:56,110 - __main__ - INFO - 📈 7d Growth: +3 followers (avg 0.4/day, est 2207 days to 1K)
2026-03-29 18:57:56 +00:00: 2026-03-29 18:57:56,892 - __main__ - INFO - 📊 Snapshot: 50 followers (-1 since last check)
2026-03-29 18:57:57 +00:00: 2026-03-29 18:57:57,049 - __main__ - INFO - 📈 24h Growth: +3 followers (50 → 53)
2026-03-29 18:57:57 +00:00: 2026-03-29 18:57:57,206 - __main__ - INFO - 📈 7d Growth: +4 followers (avg 0.6/day, est 1656 days to 1K)
2026-03-29 19:57:58 +00:00: 2026-03-29 19:57:58,018 - __main__ - INFO - 📊 Snapshot: 50 followers (+0 since last check)
2026-03-29 19:57:58 +00:00: 2026-03-29 19:57:58,176 - __main__ - INFO - 📈 24h Growth: +3 followers (50 → 53)
2026-03-29 19:57:58 +00:00: 2026-03-29 19:57:58,338 - __main__ - INFO - 📈 7d Growth: +4 followers (avg 0.6/day, est 1656 days to 1K)
2026-03-29 20:57:59 +00:00: 2026-03-29 20:57:59,181 - __main__ - INFO - 📊 Snapshot: 50 followers (+0 since last check)
2026-03-29 20:57:59 +00:00: 2026-03-29 20:57:59,341 - __main__ - INFO - 📈 24h Growth: +3 followers (50 → 53)
2026-03-29 20:57:59 +00:00: 2026-03-29 20:57:59,496 - __main__ - INFO - 📈 7d Growth: +4 followers (avg 0.6/day, est 1656 days to 1K)
2026-03-29 21:58:00 +00:00: 2026-03-29 21:58:00,383 - __main__ - INFO - 📊 Snapshot: 50 followers (+0 since last check)
2026-03-29 21:58:00 +00:00: 2026-03-29 21:58:00,539 - __main__ - INFO - 📈 24h Growth: +3 followers (50 → 53)
2026-03-29 21:58:00 +00:00: 2026-03-29 21:58:00,694 - __main__ - INFO - 📈 7d Growth: +4 followers (avg 0.6/day, est 1656 days to 1K)
2026-03-29 22:58:01 +00:00: 2026-03-29 22:58:01,477 - __main__ - INFO - 📊 Snapshot: 50 followers (+0 since last check)
2026-03-29 22:58:01 +00:00: 2026-03-29 22:58:01,633 - __main__ - INFO - 📈 24h Growth: +3 followers (50 → 53)
2026-03-29 22:58:01 +00:00: 2026-03-29 22:58:01,788 - __main__ - INFO - 📈 7d Growth: +4 followers (avg 0.6/day, est 1656 days to 1K)
2026-03-29 23:58:02 +00:00: 2026-03-29 23:58:02,570 - __main__ - INFO - 📊 Snapshot: 50 followers (+0 since last check)
2026-03-29 23:58:02 +00:00: 2026-03-29 23:58:02,729 - __main__ - INFO - 📈 24h Growth: +2 followers (50 → 52)
2026-03-29 23:58:02 +00:00: 2026-03-29 23:58:02,885 - __main__ - INFO - 📈 7d Growth: +4 followers (avg 0.6/day, est 1656 days to 1K)
2026-03-30 00:58:03 +00:00: 2026-03-30 00:58:03,704 - __main__ - INFO - 📊 Snapshot: 50 followers (+0 since last check)
2026-03-30 00:58:03 +00:00: 2026-03-30 00:58:03,864 - __main__ - INFO - 📈 24h Growth: +1 followers (50 → 51)
2026-03-30 00:58:04 +00:00: 2026-03-30 00:58:04,020 - __main__ - INFO - 📈 7d Growth: +4 followers (avg 0.6/day, est 1656 days to 1K)
2026-03-30 01:58:04 +00:00: 2026-03-30 01:58:04,839 - __main__ - INFO - 📊 Snapshot: 50 followers (+0 since last check)
2026-03-30 01:58:04 +00:00: 2026-03-30 01:58:04,994 - __main__ - INFO - 📈 24h Growth: +1 followers (50 → 51)
2026-03-30 01:58:05 +00:00: 2026-03-30 01:58:05,151 - __main__ - INFO - 📈 7d Growth: +4 followers (avg 0.6/day, est 1656 days to 1K)
2026-03-30 02:58:06 +00:00: 2026-03-30 02:58:06,033 - __main__ - INFO - 📊 Snapshot: 50 followers (+0 since last check)
2026-03-30 02:58:06 +00:00: 2026-03-30 02:58:06,189 - __main__ - INFO - 📈 24h Growth: +1 followers (50 → 51)
2026-03-30 02:58:06 +00:00: 2026-03-30 02:58:06,344 - __main__ - INFO - 📈 7d Growth: +4 followers (avg 0.6/day, est 1656 days to 1K)
2026-03-30 03:58:07 +00:00: 2026-03-30 03:58:07,141 - __main__ - INFO - 📊 Snapshot: 50 followers (+0 since last check)
2026-03-30 03:58:07 +00:00: 2026-03-30 03:58:07,297 - __main__ - INFO - 📈 24h Growth: +1 followers (50 → 51)
2026-03-30 03:58:07 +00:00: 2026-03-30 03:58:07,454 - __main__ - INFO - 📈 7d Growth: +4 followers (avg 0.6/day, est 1656 days to 1K)
2026-03-30 04:58:08 +00:00: 2026-03-30 04:58:08,322 - __main__ - INFO - 📊 Snapshot: 50 followers (+0 since last check)
2026-03-30 04:58:08 +00:00: 2026-03-30 04:58:08,478 - __main__ - INFO - 📈 24h Growth: +1 followers (50 → 51)
2026-03-30 04:58:08 +00:00: 2026-03-30 04:58:08,634 - __main__ - INFO - 📈 7d Growth: +4 followers (avg 0.6/day, est 1656 days to 1K)
2026-03-30 05:58:09 +00:00: 2026-03-30 05:58:09,500 - __main__ - INFO - 📊 Snapshot: 50 followers (+0 since last check)
2026-03-30 05:58:09 +00:00: 2026-03-30 05:58:09,656 - __main__ - INFO - 📈 24h Growth: +1 followers (50 → 51)
2026-03-30 05:58:09 +00:00: 2026-03-30 05:58:09,812 - __main__ - INFO - 📈 7d Growth: +4 followers (avg 0.6/day, est 1656 days to 1K)
2026-03-30 06:58:10 +00:00: 2026-03-30 06:58:10,631 - __main__ - INFO - 📊 Snapshot: 50 followers (+0 since last check)
2026-03-30 06:58:10 +00:00: 2026-03-30 06:58:10,787 - __main__ - INFO - 📈 24h Growth: +1 followers (50 → 51)
2026-03-30 06:58:10 +00:00: 2026-03-30 06:58:10,942 - __main__ - INFO - 📈 7d Growth: +4 followers (avg 0.6/day, est 1656 days to 1K)
2026-03-30 07:58:11 +00:00: 2026-03-30 07:58:11,742 - __main__ - INFO - 📊 Snapshot: 50 followers (+0 since last check)
2026-03-30 07:58:11 +00:00: 2026-03-30 07:58:11,899 - __main__ - INFO - 📈 24h Growth: +1 followers (50 → 51)
2026-03-30 07:58:12 +00:00: 2026-03-30 07:58:12,057 - __main__ - INFO - 📈 7d Growth: +4 followers (avg 0.6/day, est 1656 days to 1K)
2026-03-30 08:58:12 +00:00: 2026-03-30 08:58:12,918 - __main__ - INFO - 📊 Snapshot: 50 followers (+0 since last check)
2026-03-30 08:58:13 +00:00: 2026-03-30 08:58:13,073 - __main__ - INFO - 📈 24h Growth: +1 followers (50 → 51)
2026-03-30 08:58:13 +00:00: 2026-03-30 08:58:13,229 - __main__ - INFO - 📈 7d Growth: +4 followers (avg 0.6/day, est 1656 days to 1K)
2026-03-30 09:58:13 +00:00: 2026-03-30 09:58:13,972 - __main__ - INFO - 📊 Snapshot: 50 followers (+0 since last check)
2026-03-30 09:58:14 +00:00: 2026-03-30 09:58:14,132 - __main__ - INFO - 📈 24h Growth: +1 followers (50 → 51)
2026-03-30 09:58:14 +00:00: 2026-03-30 09:58:14,287 - __main__ - INFO - 📈 7d Growth: +4 followers (avg 0.6/day, est 1656 days to 1K)
2026-03-30 10:58:14 +00:00: 2026-03-30 10:58:14,979 - __main__ - INFO - 📊 Snapshot: 50 followers (+0 since last check)
2026-03-30 10:58:15 +00:00: 2026-03-30 10:58:15,136 - __main__ - INFO - 📈 24h Growth: +1 followers (50 → 51)
2026-03-30 10:58:15 +00:00: 2026-03-30 10:58:15,292 - __main__ - INFO - 📈 7d Growth: +4 followers (avg 0.6/day, est 1656 days to 1K)
2026-03-30 11:58:16 +00:00: 2026-03-30 11:58:16,101 - __main__ - INFO - 📊 Snapshot: 50 followers (+0 since last check)
2026-03-30 11:58:16 +00:00: 2026-03-30 11:58:16,257 - __main__ - INFO - 📈 24h Growth: +1 followers (50 → 51)
2026-03-30 11:58:16 +00:00: 2026-03-30 11:58:16,412 - __main__ - INFO - 📈 7d Growth: +4 followers (avg 0.6/day, est 1656 days to 1K)
2026-03-30 12:58:17 +00:00: 2026-03-30 12:58:17,221 - __main__ - INFO - 📊 Snapshot: 50 followers (+0 since last check)
2026-03-30 12:58:17 +00:00: 2026-03-30 12:58:17,377 - __main__ - INFO - 📈 24h Growth: +1 followers (50 → 51)
2026-03-30 12:58:17 +00:00: 2026-03-30 12:58:17,535 - __main__ - INFO - 📈 7d Growth: +4 followers (avg 0.6/day, est 1656 days to 1K)
2026-03-30 13:58:18 +00:00: 2026-03-30 13:58:18,319 - __main__ - INFO - 📊 Snapshot: 50 followers (+0 since last check)
2026-03-30 13:58:18 +00:00: 2026-03-30 13:58:18,475 - __main__ - INFO - 📈 24h Growth: +1 followers (50 → 51)
2026-03-30 13:58:18 +00:00: 2026-03-30 13:58:18,632 - __main__ - INFO - 📈 7d Growth: +4 followers (avg 0.6/day, est 1656 days to 1K)
2026-03-30 14:58:19 +00:00: 2026-03-30 14:58:19,454 - __main__ - INFO - 📊 Snapshot: 50 followers (+0 since last check)
2026-03-30 14:58:19 +00:00: 2026-03-30 14:58:19,610 - __main__ - INFO - 📈 24h Growth: +1 followers (50 → 51)
2026-03-30 14:58:19 +00:00: 2026-03-30 14:58:19,770 - __main__ - INFO - 📈 7d Growth: +4 followers (avg 0.6/day, est 1656 days to 1K)
2026-03-30 15:58:20 +00:00: 2026-03-30 15:58:20,626 - __main__ - INFO - 📊 Snapshot: 50 followers (+0 since last check)
2026-03-30 15:58:20 +00:00: 2026-03-30 15:58:20,781 - __main__ - INFO - 📈 24h Growth: +1 followers (50 → 51)
2026-03-30 15:58:20 +00:00: 2026-03-30 15:58:20,936 - __main__ - INFO - 📈 7d Growth: +4 followers (avg 0.6/day, est 1656 days to 1K)
2026-03-30 16:58:21 +00:00: 2026-03-30 16:58:21,803 - __main__ - INFO - 📊 Snapshot: 50 followers (+0 since last check)
2026-03-30 16:58:21 +00:00: 2026-03-30 16:58:21,968 - __main__ - INFO - 📈 24h Growth: +1 followers (50 → 51)
2026-03-30 16:58:22 +00:00: 2026-03-30 16:58:22,124 - __main__ - INFO - 📈 7d Growth: +4 followers (avg 0.6/day, est 1656 days to 1K)
2026-03-30 17:58:22 +00:00: 2026-03-30 17:58:22,963 - __main__ - INFO - 📊 Snapshot: 50 followers (+0 since last check)
2026-03-30 17:58:23 +00:00: 2026-03-30 17:58:23,116 - __main__ - INFO - 📈 24h Growth: +0 followers (50 → 50)
2026-03-30 17:58:23 +00:00: 2026-03-30 17:58:23,269 - __main__ - INFO - 📈 7d Growth: +4 followers (avg 0.6/day, est 1656 days to 1K)
2026-03-30 18:58:23 +00:00: 2026-03-30 18:58:23,978 - __main__ - INFO - 📊 Snapshot: 50 followers (+0 since last check)
2026-03-30 18:58:24 +00:00: 2026-03-30 18:58:24,132 - __main__ - INFO - 📈 24h Growth: +0 followers (50 → 50)
2026-03-30 18:58:24 +00:00: 2026-03-30 18:58:24,286 - __main__ - INFO - 📈 7d Growth: +4 followers (avg 0.6/day, est 1656 days to 1K)
2026-03-30 19:58:25 +00:00: 2026-03-30 19:58:25,092 - __main__ - INFO - 📊 Snapshot: 50 followers (+0 since last check)
2026-03-30 19:58:25 +00:00: 2026-03-30 19:58:25,245 - __main__ - INFO - 📈 24h Growth: +0 followers (50 → 50)
2026-03-30 19:58:25 +00:00: 2026-03-30 19:58:25,398 - __main__ - INFO - 📈 7d Growth: +4 followers (avg 0.6/day, est 1656 days to 1K)
2026-03-30 20:58:26 +00:00: 2026-03-30 20:58:26,120 - __main__ - INFO - 📊 Snapshot: 50 followers (+0 since last check)
2026-03-30 20:58:26 +00:00: 2026-03-30 20:58:26,273 - __main__ - INFO - 📈 24h Growth: +0 followers (50 → 50)
2026-03-30 20:58:26 +00:00: 2026-03-30 20:58:26,426 - __main__ - INFO - 📈 7d Growth: +4 followers (avg 0.6/day, est 1656 days to 1K)
2026-03-30 21:58:27 +00:00: 2026-03-30 21:58:27,333 - __main__ - INFO - 📊 Snapshot: 50 followers (+0 since last check)
2026-03-30 21:58:27 +00:00: 2026-03-30 21:58:27,486 - __main__ - INFO - 📈 24h Growth: +0 followers (50 → 50)
2026-03-30 21:58:27 +00:00: 2026-03-30 21:58:27,639 - __main__ - INFO - 📈 7d Growth: +4 followers (avg 0.6/day, est 1656 days to 1K)
2026-03-30 22:58:28 +00:00: 2026-03-30 22:58:28,455 - __main__ - INFO - 📊 Snapshot: 50 followers (+0 since last check)
2026-03-30 22:58:28 +00:00: 2026-03-30 22:58:28,609 - __main__ - INFO - 📈 24h Growth: +0 followers (50 → 50)
2026-03-30 22:58:28 +00:00: 2026-03-30 22:58:28,762 - __main__ - INFO - 📈 7d Growth: +4 followers (avg 0.6/day, est 1656 days to 1K)
2026-03-30 23:57:44 +00:00: Traceback (most recent call last):
2026-03-30 23:57:44 +00:00:   File "/home/ubuntu/openclaw/scripts/output/follower_growth_tracker.py", line 229, in <module>
2026-03-30 23:57:44 +00:00:     asyncio.run(main())
2026-03-30 23:57:44 +00:00:   File "/usr/lib/python3.10/asyncio/runners.py", line 44, in run
2026-03-30 23:57:44 +00:00:     return loop.run_until_complete(main)
2026-03-30 23:57:44 +00:00:   File "/usr/lib/python3.10/asyncio/base_events.py", line 636, in run_until_complete
2026-03-30 23:57:44 +00:00:     self.run_forever()
2026-03-30 23:57:44 +00:00:   File "/usr/lib/python3.10/asyncio/base_events.py", line 603, in run_forever
2026-03-30 23:57:44 +00:00:     self._run_once()
2026-03-30 23:57:44 +00:00:   File "/usr/lib/python3.10/asyncio/base_events.py", line 1871, in _run_once
2026-03-30 23:57:44 +00:00:     event_list = self._selector.select(timeout)
2026-03-30 23:57:44 +00:00:   File "/usr/lib/python3.10/selectors.py", line 469, in select
2026-03-30 23:57:44 +00:00:     fd_event_list = self._selector.poll(timeout, max_ev)
2026-03-30 23:57:44 +00:00: 
2026-03-30 23:57:45 +00:00: 2026-03-30 23:57:45,681 - utils.db_utils - INFO - ✅ Reconnected to PostgreSQL
2026-03-30 23:57:45 +00:00: 2026-03-30 23:57:45,682 - __main__ - INFO - ✅ Twitter API v1.1 client initialized
2026-03-30 23:57:45 +00:00: 2026-03-30 23:57:45,832 - __main__ - INFO - ✅ Growth tracking tables ready
2026-03-30 23:57:45 +00:00: 2026-03-30 23:57:45,833 - __main__ - INFO - 🚀 Follower Growth Tracker started (60min cycle)
2026-03-30 23:57:46 +00:00: 2026-03-30 23:57:46,495 - __main__ - INFO - 📊 Snapshot: 50 followers (+0 since last check)
2026-03-30 23:57:46 +00:00: 2026-03-30 23:57:46,644 - __main__ - INFO - 📈 24h Growth: +0 followers (50 → 50)
2026-03-30 23:57:46 +00:00: 2026-03-30 23:57:46,794 - __main__ - INFO - 📈 7d Growth: +4 followers (avg 0.6/day, est 1656 days to 1K)
2026-03-31 00:57:47 +00:00: 2026-03-31 00:57:47,595 - __main__ - INFO - 📊 Snapshot: 50 followers (+0 since last check)
2026-03-31 00:57:47 +00:00: 2026-03-31 00:57:47,744 - __main__ - INFO - 📈 24h Growth: +0 followers (50 → 50)
2026-03-31 00:57:47 +00:00: 2026-03-31 00:57:47,893 - __main__ - INFO - 📈 7d Growth: +4 followers (avg 0.6/day, est 1656 days to 1K)
2026-03-31 01:57:48 +00:00: 2026-03-31 01:57:48,745 - __main__ - INFO - 📊 Snapshot: 50 followers (+0 since last check)
2026-03-31 01:57:48 +00:00: 2026-03-31 01:57:48,894 - __main__ - INFO - 📈 24h Growth: +0 followers (50 → 50)
2026-03-31 01:57:49 +00:00: 2026-03-31 01:57:49,043 - __main__ - INFO - 📈 7d Growth: +4 followers (avg 0.6/day, est 1656 days to 1K)
2026-03-31 02:57:49 +00:00: 2026-03-31 02:57:49,898 - __main__ - INFO - 📊 Snapshot: 50 followers (+0 since last check)
2026-03-31 02:57:50 +00:00: 2026-03-31 02:57:50,048 - __main__ - INFO - 📈 24h Growth: +0 followers (50 → 50)
2026-03-31 02:57:50 +00:00: 2026-03-31 02:57:50,197 - __main__ - INFO - 📈 7d Growth: +4 followers (avg 0.6/day, est 1656 days to 1K)
2026-03-31 03:57:50 +00:00: 2026-03-31 03:57:50,977 - __main__ - INFO - 📊 Snapshot: 50 followers (+0 since last check)
2026-03-31 03:57:51 +00:00: 2026-03-31 03:57:51,127 - __main__ - INFO - 📈 24h Growth: +0 followers (50 → 50)
2026-03-31 03:57:51 +00:00: 2026-03-31 03:57:51,277 - __main__ - INFO - 📈 7d Growth: +4 followers (avg 0.6/day, est 1656 days to 1K)
2026-03-31 04:57:51 +00:00: 2026-03-31 04:57:51,995 - __main__ - INFO - 📊 Snapshot: 50 followers (+0 since last check)
2026-03-31 04:57:52 +00:00: 2026-03-31 04:57:52,145 - __main__ - INFO - 📈 24h Growth: +0 followers (50 → 50)
2026-03-31 04:57:52 +00:00: 2026-03-31 04:57:52,294 - __main__ - INFO - 📈 7d Growth: +4 followers (avg 0.6/day, est 1656 days to 1K)
2026-03-31 05:57:53 +00:00: 2026-03-31 05:57:53,108 - __main__ - INFO - 📊 Snapshot: 50 followers (+0 since last check)
2026-03-31 05:57:53 +00:00: 2026-03-31 05:57:53,257 - __main__ - INFO - 📈 24h Growth: +0 followers (50 → 50)
2026-03-31 05:57:53 +00:00: 2026-03-31 05:57:53,406 - __main__ - INFO - 📈 7d Growth: +4 followers (avg 0.6/day, est 1656 days to 1K)
2026-03-31 06:57:54 +00:00: 2026-03-31 06:57:54,173 - __main__ - INFO - 📊 Snapshot: 50 followers (+0 since last check)
2026-03-31 06:57:54 +00:00: 2026-03-31 06:57:54,322 - __main__ - INFO - 📈 24h Growth: +0 followers (50 → 50)
2026-03-31 06:57:54 +00:00: 2026-03-31 06:57:54,471 - __main__ - INFO - 📈 7d Growth: +4 followers (avg 0.6/day, est 1656 days to 1K)
2026-03-31 07:57:55 +00:00: 2026-03-31 07:57:55,184 - __main__ - INFO - 📊 Snapshot: 50 followers (+0 since last check)
2026-03-31 07:57:55 +00:00: 2026-03-31 07:57:55,335 - __main__ - INFO - 📈 24h Growth: +0 followers (50 → 50)
2026-03-31 07:57:55 +00:00: 2026-03-31 07:57:55,484 - __main__ - INFO - 📈 7d Growth: +4 followers (avg 0.6/day, est 1656 days to 1K)
2026-03-31 08:57:56 +00:00: 2026-03-31 08:57:56,384 - __main__ - INFO - 📊 Snapshot: 50 followers (+0 since last check)
2026-03-31 08:57:56 +00:00: 2026-03-31 08:57:56,535 - __main__ - INFO - 📈 24h Growth: +0 followers (50 → 50)
2026-03-31 08:57:56 +00:00: 2026-03-31 08:57:56,684 - __main__ - INFO - 📈 7d Growth: +4 followers (avg 0.6/day, est 1656 days to 1K)
2026-03-31 09:57:57 +00:00: 2026-03-31 09:57:57,445 - __main__ - INFO - 📊 Snapshot: 50 followers (+0 since last check)
2026-03-31 09:57:57 +00:00: 2026-03-31 09:57:57,594 - __main__ - INFO - 📈 24h Growth: +0 followers (50 → 50)
2026-03-31 09:57:57 +00:00: 2026-03-31 09:57:57,744 - __main__ - INFO - 📈 7d Growth: +4 followers (avg 0.6/day, est 1656 days to 1K)
2026-03-31 10:57:58 +00:00: 2026-03-31 10:57:58,538 - __main__ - INFO - 📊 Snapshot: 50 followers (+0 since last check)
2026-03-31 10:57:58 +00:00: 2026-03-31 10:57:58,688 - __main__ - INFO - 📈 24h Growth: +0 followers (50 → 50)
2026-03-31 10:57:58 +00:00: 2026-03-31 10:57:58,838 - __main__ - INFO - 📈 7d Growth: +4 followers (avg 0.6/day, est 1656 days to 1K)
2026-03-31 11:57:59 +00:00: 2026-03-31 11:57:59,699 - __main__ - INFO - 📊 Snapshot: 50 followers (+0 since last check)
2026-03-31 11:57:59 +00:00: 2026-03-31 11:57:59,848 - __main__ - INFO - 📈 24h Growth: +0 followers (50 → 50)
2026-03-31 11:57:59 +00:00: 2026-03-31 11:57:59,997 - __main__ - INFO - 📈 7d Growth: +4 followers (avg 0.6/day, est 1656 days to 1K)
2026-03-31 12:58:00 +00:00: 2026-03-31 12:58:00,719 - __main__ - INFO - 📊 Snapshot: 50 followers (+0 since last check)
2026-03-31 12:58:00 +00:00: 2026-03-31 12:58:00,871 - __main__ - INFO - 📈 24h Growth: +0 followers (50 → 50)
2026-03-31 12:58:01 +00:00: 2026-03-31 12:58:01,021 - __main__ - INFO - 📈 7d Growth: +4 followers (avg 0.6/day, est 1656 days to 1K)
2026-03-31 13:58:01 +00:00: 2026-03-31 13:58:01,818 - __main__ - INFO - 📊 Snapshot: 50 followers (+0 since last check)
2026-03-31 13:58:01 +00:00: 2026-03-31 13:58:01,967 - __main__ - INFO - 📈 24h Growth: +0 followers (50 → 50)
2026-03-31 13:58:02 +00:00: 2026-03-31 13:58:02,116 - __main__ - INFO - 📈 7d Growth: +4 followers (avg 0.6/day, est 1656 days to 1K)
2026-03-31 14:58:03 +00:00: 2026-03-31 14:58:03,050 - __main__ - INFO - 📊 Snapshot: 50 followers (+0 since last check)
2026-03-31 14:58:03 +00:00: 2026-03-31 14:58:03,199 - __main__ - INFO - 📈 24h Growth: +0 followers (50 → 50)
2026-03-31 14:58:03 +00:00: 2026-03-31 14:58:03,349 - __main__ - INFO - 📈 7d Growth: +4 followers (avg 0.6/day, est 1656 days to 1K)
2026-03-31 15:58:04 +00:00: 2026-03-31 15:58:04,086 - __main__ - INFO - 📊 Snapshot: 50 followers (+0 since last check)
2026-03-31 15:58:04 +00:00: 2026-03-31 15:58:04,237 - __main__ - INFO - 📈 24h Growth: +0 followers (50 → 50)
2026-03-31 15:58:04 +00:00: 2026-03-31 15:58:04,386 - __main__ - INFO - 📈 7d Growth: +4 followers (avg 0.6/day, est 1656 days to 1K)
2026-03-31 16:58:05 +00:00: 2026-03-31 16:58:05,172 - __main__ - INFO - 📊 Snapshot: 50 followers (+0 since last check)
2026-03-31 16:58:05 +00:00: 2026-03-31 16:58:05,322 - __main__ - INFO - 📈 24h Growth: +0 followers (50 → 50)
2026-03-31 16:58:05 +00:00: 2026-03-31 16:58:05,472 - __main__ - INFO - 📈 7d Growth: +4 followers (avg 0.6/day, est 1656 days to 1K)
2026-03-31 17:58:06 +00:00: 2026-03-31 17:58:06,280 - __main__ - INFO - 📊 Snapshot: 50 followers (+0 since last check)
2026-03-31 17:58:06 +00:00: 2026-03-31 17:58:06,429 - __main__ - INFO - 📈 24h Growth: +0 followers (50 → 50)
2026-03-31 17:58:06 +00:00: 2026-03-31 17:58:06,578 - __main__ - INFO - 📈 7d Growth: +4 followers (avg 0.6/day, est 1656 days to 1K)
2026-03-31 18:58:07 +00:00: 2026-03-31 18:58:07,322 - __main__ - INFO - 📊 Snapshot: 50 followers (+0 since last check)
2026-03-31 18:58:07 +00:00: 2026-03-31 18:58:07,472 - __main__ - INFO - 📈 24h Growth: +0 followers (50 → 50)
2026-03-31 18:58:07 +00:00: 2026-03-31 18:58:07,621 - __main__ - INFO - 📈 7d Growth: +4 followers (avg 0.6/day, est 1656 days to 1K)
2026-03-31 19:58:08 +00:00: 2026-03-31 19:58:08,404 - __main__ - INFO - 📊 Snapshot: 50 followers (+0 since last check)
2026-03-31 19:58:08 +00:00: 2026-03-31 19:58:08,555 - __main__ - INFO - 📈 24h Growth: +0 followers (50 → 50)
2026-03-31 19:58:08 +00:00: 2026-03-31 19:58:08,704 - __main__ - INFO - 📈 7d Growth: +4 followers (avg 0.6/day, est 1656 days to 1K)
2026-03-31 20:58:09 +00:00: 2026-03-31 20:58:09,521 - __main__ - INFO - 📊 Snapshot: 50 followers (+0 since last check)
2026-03-31 20:58:09 +00:00: 2026-03-31 20:58:09,672 - __main__ - INFO - 📈 24h Growth: +0 followers (50 → 50)
2026-03-31 20:58:09 +00:00: 2026-03-31 20:58:09,822 - __main__ - INFO - 📈 7d Growth: +4 followers (avg 0.6/day, est 1656 days to 1K)
2026-03-31 21:58:10 +00:00: 2026-03-31 21:58:10,712 - __main__ - INFO - 📊 Snapshot: 50 followers (+0 since last check)
2026-03-31 21:58:10 +00:00: 2026-03-31 21:58:10,862 - __main__ - INFO - 📈 24h Growth: +0 followers (50 → 50)
2026-03-31 21:58:11 +00:00: 2026-03-31 21:58:11,011 - __main__ - INFO - 📈 7d Growth: +4 followers (avg 0.6/day, est 1656 days to 1K)
2026-03-31 22:58:11 +00:00: 2026-03-31 22:58:11,814 - __main__ - INFO - 📊 Snapshot: 50 followers (+0 since last check)
2026-03-31 22:58:11 +00:00: 2026-03-31 22:58:11,963 - __main__ - INFO - 📈 24h Growth: +0 followers (50 → 50)
2026-03-31 22:58:12 +00:00: 2026-03-31 22:58:12,112 - __main__ - INFO - 📈 7d Growth: +4 followers (avg 0.6/day, est 1656 days to 1K)
2026-03-31 23:58:12 +00:00: 2026-03-31 23:58:12,948 - __main__ - INFO - 📊 Snapshot: 50 followers (+0 since last check)
2026-03-31 23:58:13 +00:00: 2026-03-31 23:58:13,098 - __main__ - INFO - 📈 24h Growth: +0 followers (50 → 50)
2026-03-31 23:58:13 +00:00: 2026-03-31 23:58:13,250 - __main__ - INFO - 📈 7d Growth: +4 followers (avg 0.6/day, est 1656 days to 1K)
2026-04-01 00:58:14 +00:00: 2026-04-01 00:58:14,041 - __main__ - INFO - 📊 Snapshot: 50 followers (+0 since last check)
2026-04-01 00:58:14 +00:00: 2026-04-01 00:58:14,190 - __main__ - INFO - 📈 24h Growth: +0 followers (50 → 50)
2026-04-01 00:58:14 +00:00: 2026-04-01 00:58:14,341 - __main__ - INFO - 📈 7d Growth: +4 followers (avg 0.6/day, est 1656 days to 1K)
2026-04-01 01:58:15 +00:00: 2026-04-01 01:58:15,100 - __main__ - INFO - 📊 Snapshot: 50 followers (+0 since last check)
2026-04-01 01:58:15 +00:00: 2026-04-01 01:58:15,249 - __main__ - INFO - 📈 24h Growth: +0 followers (50 → 50)
2026-04-01 01:58:15 +00:00: 2026-04-01 01:58:15,401 - __main__ - INFO - 📈 7d Growth: +4 followers (avg 0.6/day, est 1656 days to 1K)
2026-04-01 02:58:16 +00:00: 2026-04-01 02:58:16,294 - __main__ - INFO - 📊 Snapshot: 50 followers (+0 since last check)
2026-04-01 02:58:16 +00:00: 2026-04-01 02:58:16,443 - __main__ - INFO - 📈 24h Growth: +0 followers (50 → 50)
2026-04-01 02:58:16 +00:00: 2026-04-01 02:58:16,592 - __main__ - INFO - 📈 7d Growth: +4 followers (avg 0.6/day, est 1656 days to 1K)
2026-04-01 03:58:17 +00:00: 2026-04-01 03:58:17,394 - __main__ - INFO - 📊 Snapshot: 50 followers (+0 since last check)
2026-04-01 03:58:17 +00:00: 2026-04-01 03:58:17,544 - __main__ - INFO - 📈 24h Growth: +0 followers (50 → 50)
2026-04-01 03:58:17 +00:00: 2026-04-01 03:58:17,694 - __main__ - INFO - 📈 7d Growth: +4 followers (avg 0.6/day, est 1656 days to 1K)
2026-04-01 04:58:18 +00:00: 2026-04-01 04:58:18,479 - __main__ - INFO - 📊 Snapshot: 50 followers (+0 since last check)
2026-04-01 04:58:18 +00:00: 2026-04-01 04:58:18,628 - __main__ - INFO - 📈 24h Growth: +0 followers (50 → 50)
2026-04-01 04:58:18 +00:00: 2026-04-01 04:58:18,779 - __main__ - INFO - 📈 7d Growth: +4 followers (avg 0.6/day, est 1656 days to 1K)
2026-04-01 05:58:19 +00:00: 2026-04-01 05:58:19,529 - __main__ - INFO - 📊 Snapshot: 50 followers (+0 since last check)
2026-04-01 05:58:19 +00:00: 2026-04-01 05:58:19,678 - __main__ - INFO - 📈 24h Growth: +0 followers (50 → 50)
2026-04-01 05:58:19 +00:00: 2026-04-01 05:58:19,827 - __main__ - INFO - 📈 7d Growth: +4 followers (avg 0.6/day, est 1656 days to 1K)
2026-04-01 06:58:20 +00:00: 2026-04-01 06:58:20,606 - __main__ - INFO - 📊 Snapshot: 50 followers (+0 since last check)
2026-04-01 06:58:20 +00:00: 2026-04-01 06:58:20,756 - __main__ - INFO - 📈 24h Growth: +0 followers (50 → 50)
2026-04-01 06:58:20 +00:00: 2026-04-01 06:58:20,905 - __main__ - INFO - 📈 7d Growth: +4 followers (avg 0.6/day, est 1656 days to 1K)
2026-04-01 07:58:21 +00:00: 2026-04-01 07:58:21,762 - __main__ - INFO - 📊 Snapshot: 50 followers (+0 since last check)
2026-04-01 07:58:21 +00:00: 2026-04-01 07:58:21,911 - __main__ - INFO - 📈 24h Growth: +0 followers (50 → 50)
2026-04-01 07:58:22 +00:00: 2026-04-01 07:58:22,063 - __main__ - INFO - 📈 7d Growth: +4 followers (avg 0.6/day, est 1656 days to 1K)
2026-04-01 08:58:22 +00:00: 2026-04-01 08:58:22,863 - __main__ - INFO - 📊 Snapshot: 50 followers (+0 since last check)
2026-04-01 08:58:23 +00:00: 2026-04-01 08:58:23,012 - __main__ - INFO - 📈 24h Growth: +0 followers (50 → 50)
2026-04-01 08:58:23 +00:00: 2026-04-01 08:58:23,163 - __main__ - INFO - 📈 7d Growth: +4 followers (avg 0.6/day, est 1656 days to 1K)
2026-04-01 09:58:23 +00:00: 2026-04-01 09:58:23,889 - __main__ - INFO - 📊 Snapshot: 50 followers (+0 since last check)
2026-04-01 09:58:24 +00:00: 2026-04-01 09:58:24,038 - __main__ - INFO - 📈 24h Growth: +0 followers (50 → 50)
2026-04-01 09:58:24 +00:00: 2026-04-01 09:58:24,187 - __main__ - INFO - 📈 7d Growth: +4 followers (avg 0.6/day, est 1656 days to 1K)
2026-04-01 10:58:24 +00:00: 2026-04-01 10:58:24,998 - __main__ - INFO - 📊 Snapshot: 50 followers (+0 since last check)
2026-04-01 10:58:25 +00:00: 2026-04-01 10:58:25,148 - __main__ - INFO - 📈 24h Growth: +0 followers (50 → 50)
2026-04-01 10:58:25 +00:00: 2026-04-01 10:58:25,297 - __main__ - INFO - 📈 7d Growth: +4 followers (avg 0.6/day, est 1656 days to 1K)
2026-04-01 11:58:26 +00:00: 2026-04-01 11:58:26,116 - __main__ - INFO - 📊 Snapshot: 50 followers (+0 since last check)
2026-04-01 11:58:26 +00:00: 2026-04-01 11:58:26,272 - __main__ - INFO - 📈 24h Growth: +0 followers (50 → 50)
2026-04-01 11:58:26 +00:00: 2026-04-01 11:58:26,421 - __main__ - INFO - 📈 7d Growth: +4 followers (avg 0.6/day, est 1656 days to 1K)
2026-04-01 12:58:27 +00:00: 2026-04-01 12:58:27,150 - __main__ - INFO - 📊 Snapshot: 50 followers (+0 since last check)
2026-04-01 12:58:27 +00:00: 2026-04-01 12:58:27,300 - __main__ - INFO - 📈 24h Growth: +0 followers (50 → 50)
2026-04-01 12:58:27 +00:00: 2026-04-01 12:58:27,450 - __main__ - INFO - 📈 7d Growth: +4 followers (avg 0.6/day, est 1656 days to 1K)
2026-04-01 13:43:56 +00:00: Traceback (most recent call last):
2026-04-01 13:43:56 +00:00:   File "/home/ubuntu/openclaw/scripts/output/follower_growth_tracker.py", line 229, in <module>
2026-04-01 13:43:56 +00:00:     asyncio.run(main())
2026-04-01 13:43:56 +00:00:   File "/usr/lib/python3.10/asyncio/runners.py", line 44, in run
2026-04-01 13:43:56 +00:00:     return loop.run_until_complete(main)
2026-04-01 13:43:56 +00:00:   File "/usr/lib/python3.10/asyncio/base_events.py", line 636, in run_until_complete
2026-04-01 13:43:56 +00:00:     self.run_forever()
2026-04-01 13:43:56 +00:00:   File "/usr/lib/python3.10/asyncio/base_events.py", line 603, in run_forever
2026-04-01 13:43:56 +00:00:     self._run_once()
2026-04-01 13:43:56 +00:00:   File "/usr/lib/python3.10/asyncio/base_events.py", line 1871, in _run_once
2026-04-01 13:43:56 +00:00:     event_list = self._selector.select(timeout)
2026-04-01 13:43:56 +00:00:   File "/usr/lib/python3.10/selectors.py", line 469, in select
2026-04-01 13:43:56 +00:00:     fd_event_list = self._selector.poll(timeout, max_ev)
2026-04-01 13:43:56 +00:00: KeyboardInterrupt
2026-04-01 13:43:58 +00:00: 2026-04-01 13:43:58,373 - utils.db_utils - INFO - ✅ Reconnected to PostgreSQL
2026-04-01 13:43:58 +00:00: 2026-04-01 13:43:58,374 - __main__ - INFO - ✅ Twitter API v1.1 client initialized
2026-04-01 13:43:58 +00:00: 2026-04-01 13:43:58,526 - __main__ - INFO - ✅ Growth tracking tables ready
2026-04-01 13:43:58 +00:00: 2026-04-01 13:43:58,526 - __main__ - INFO - 🚀 Follower Growth Tracker started (60min cycle)
2026-04-01 13:43:59 +00:00: 2026-04-01 13:43:59,302 - __main__ - INFO - 📊 Snapshot: 50 followers (+0 since last check)
2026-04-01 13:43:59 +00:00: 2026-04-01 13:43:59,455 - __main__ - INFO - 📈 24h Growth: +0 followers (50 → 50)
2026-04-01 13:43:59 +00:00: 2026-04-01 13:43:59,607 - __main__ - INFO - 📈 7d Growth: +4 followers (avg 0.6/day, est 1656 days to 1K)
2026-04-01 14:13:00 +00:00: Traceback (most recent call last):
2026-04-01 14:13:00 +00:00:   File "/home/ubuntu/openclaw/scripts/output/follower_growth_tracker.py", line 229, in <module>
2026-04-01 14:13:00 +00:00:     asyncio.run(main())
2026-04-01 14:13:00 +00:00:   File "/usr/lib/python3.10/asyncio/runners.py", line 44, in run
2026-04-01 14:13:00 +00:00:     return loop.run_until_complete(main)
2026-04-01 14:13:00 +00:00:   File "/usr/lib/python3.10/asyncio/base_events.py", line 636, in run_until_complete
2026-04-01 14:13:00 +00:00:     self.run_forever()
2026-04-01 14:13:00 +00:00:   File "/usr/lib/python3.10/asyncio/base_events.py", line 603, in run_forever
2026-04-01 14:13:00 +00:00:     self._run_once()
2026-04-01 14:13:00 +00:00:   File "/usr/lib/python3.10/asyncio/base_events.py", line 1871, in _run_once
2026-04-01 14:13:00 +00:00:     event_list = self._selector.select(timeout)
2026-04-01 14:13:00 +00:00:   File "/usr/lib/python3.10/selectors.py", line 469, in select
2026-04-01 14:13:00 +00:00:     fd_event_list = self._selector.poll(timeout, max_ev)
2026-04-01 14:13:00 +00:00: KeyboardInterrupt
2026-04-01 14:13:02 +00:00: 2026-04-01 14:13:02,031 - utils.db_utils - INFO - ✅ Reconnected to PostgreSQL
2026-04-01 14:13:02 +00:00: 2026-04-01 14:13:02,031 - __main__ - INFO - ✅ Twitter API v1.1 client initialized
2026-04-01 14:13:02 +00:00: 2026-04-01 14:13:02,200 - __main__ - INFO - ✅ Growth tracking tables ready
2026-04-01 14:13:02 +00:00: 2026-04-01 14:13:02,200 - __main__ - INFO - 🚀 Follower Growth Tracker started (60min cycle)
2026-04-01 14:13:03 +00:00: 2026-04-01 14:13:03,031 - __main__ - INFO - 📊 Snapshot: 50 followers (+0 since last check)
2026-04-01 14:13:03 +00:00: 2026-04-01 14:13:03,200 - __main__ - INFO - 📈 24h Growth: +0 followers (50 → 50)
2026-04-01 14:13:03 +00:00: 2026-04-01 14:13:03,367 - __main__ - INFO - 📈 7d Growth: +4 followers (avg 0.6/day, est 1656 days to 1K)
2026-04-01 15:13:04 +00:00: 2026-04-01 15:13:04,165 - __main__ - INFO - 📊 Snapshot: 50 followers (+0 since last check)
2026-04-01 15:13:04 +00:00: 2026-04-01 15:13:04,330 - __main__ - INFO - 📈 24h Growth: +0 followers (50 → 50)
2026-04-01 15:13:04 +00:00: 2026-04-01 15:13:04,497 - __main__ - INFO - 📈 7d Growth: +4 followers (avg 0.6/day, est 1656 days to 1K)
2026-04-01 16:13:05 +00:00: 2026-04-01 16:13:05,448 - __main__ - INFO - 📊 Snapshot: 50 followers (+0 since last check)
2026-04-01 16:13:05 +00:00: 2026-04-01 16:13:05,614 - __main__ - INFO - 📈 24h Growth: +0 followers (50 → 50)
2026-04-01 16:13:05 +00:00: 2026-04-01 16:13:05,781 - __main__ - INFO - 📈 7d Growth: +4 followers (avg 0.6/day, est 1656 days to 1K)
2026-04-01 17:13:06 +00:00: 2026-04-01 17:13:06,659 - __main__ - INFO - 📊 Snapshot: 50 followers (+0 since last check)
2026-04-01 17:13:06 +00:00: 2026-04-01 17:13:06,826 - __main__ - INFO - 📈 24h Growth: +0 followers (50 → 50)
2026-04-01 17:13:06 +00:00: 2026-04-01 17:13:06,993 - __main__ - INFO - 📈 7d Growth: +4 followers (avg 0.6/day, est 1656 days to 1K)
2026-04-01 18:13:07 +00:00: 2026-04-01 18:13:07,838 - __main__ - INFO - 📊 Snapshot: 50 followers (+0 since last check)
2026-04-01 18:13:08 +00:00: 2026-04-01 18:13:08,002 - __main__ - INFO - 📈 24h Growth: +0 followers (50 → 50)
2026-04-01 18:13:08 +00:00: 2026-04-01 18:13:08,167 - __main__ - INFO - 📈 7d Growth: +4 followers (avg 0.6/day, est 1656 days to 1K)
2026-04-01 19:13:09 +00:00: 2026-04-01 19:13:09,040 - __main__ - INFO - 📊 Snapshot: 50 followers (+0 since last check)
2026-04-01 19:13:09 +00:00: 2026-04-01 19:13:09,208 - __main__ - INFO - 📈 24h Growth: +0 followers (50 → 50)
2026-04-01 19:13:09 +00:00: 2026-04-01 19:13:09,376 - __main__ - INFO - 📈 7d Growth: +4 followers (avg 0.6/day, est 1656 days to 1K)
2026-04-01 20:13:10 +00:00: 2026-04-01 20:13:10,218 - __main__ - INFO - 📊 Snapshot: 50 followers (+0 since last check)
2026-04-01 20:13:10 +00:00: 2026-04-01 20:13:10,383 - __main__ - INFO - 📈 24h Growth: +0 followers (50 → 50)
2026-04-01 20:13:10 +00:00: 2026-04-01 20:13:10,549 - __main__ - INFO - 📈 7d Growth: +4 followers (avg 0.6/day, est 1656 days to 1K)
2026-04-01 21:13:11 +00:00: 2026-04-01 21:13:11,406 - __main__ - INFO - 📊 Snapshot: 50 followers (+0 since last check)
2026-04-01 21:13:11 +00:00: 2026-04-01 21:13:11,573 - __main__ - INFO - 📈 24h Growth: +0 followers (50 → 50)
2026-04-01 21:13:11 +00:00: 2026-04-01 21:13:11,740 - __main__ - INFO - 📈 7d Growth: +4 followers (avg 0.6/day, est 1656 days to 1K)
2026-04-01 22:13:12 +00:00: 2026-04-01 22:13:12,554 - __main__ - INFO - 📊 Snapshot: 50 followers (+0 since last check)
2026-04-01 22:13:12 +00:00: 2026-04-01 22:13:12,719 - __main__ - INFO - 📈 24h Growth: +0 followers (50 → 50)
2026-04-01 22:13:12 +00:00: 2026-04-01 22:13:12,885 - __main__ - INFO - 📈 7d Growth: +4 followers (avg 0.6/day, est 1656 days to 1K)
2026-04-01 23:13:13 +00:00: 2026-04-01 23:13:13,810 - __main__ - INFO - 📊 Snapshot: 50 followers (+0 since last check)
2026-04-01 23:13:13 +00:00: 2026-04-01 23:13:13,977 - __main__ - INFO - 📈 24h Growth: +0 followers (50 → 50)
2026-04-01 23:13:14 +00:00: 2026-04-01 23:13:14,144 - __main__ - INFO - 📈 7d Growth: +4 followers (avg 0.6/day, est 1656 days to 1K)
2026-04-02 00:13:15 +00:00: 2026-04-02 00:13:15,034 - __main__ - INFO - 📊 Snapshot: 50 followers (+0 since last check)
2026-04-02 00:13:15 +00:00: 2026-04-02 00:13:15,201 - __main__ - INFO - 📈 24h Growth: +0 followers (50 → 50)
2026-04-02 00:13:15 +00:00: 2026-04-02 00:13:15,369 - __main__ - INFO - 📈 7d Growth: +4 followers (avg 0.6/day, est 1656 days to 1K)
2026-04-02 01:13:16 +00:00: 2026-04-02 01:13:16,237 - __main__ - INFO - 📊 Snapshot: 50 followers (+0 since last check)
2026-04-02 01:13:16 +00:00: 2026-04-02 01:13:16,402 - __main__ - INFO - 📈 24h Growth: +0 followers (50 → 50)
2026-04-02 01:13:16 +00:00: 2026-04-02 01:13:16,566 - __main__ - INFO - 📈 7d Growth: +4 followers (avg 0.6/day, est 1656 days to 1K)
2026-04-02 02:13:17 +00:00: 2026-04-02 02:13:17,445 - __main__ - INFO - 📊 Snapshot: 50 followers (+0 since last check)
2026-04-02 02:13:17 +00:00: 2026-04-02 02:13:17,612 - __main__ - INFO - 📈 24h Growth: +0 followers (50 → 50)
2026-04-02 02:13:17 +00:00: 2026-04-02 02:13:17,778 - __main__ - INFO - 📈 7d Growth: +4 followers (avg 0.6/day, est 1656 days to 1K)
2026-04-02 03:13:18 +00:00: 2026-04-02 03:13:18,673 - __main__ - INFO - 📊 Snapshot: 50 followers (+0 since last check)
2026-04-02 03:13:18 +00:00: 2026-04-02 03:13:18,841 - __main__ - INFO - 📈 24h Growth: +0 followers (50 → 50)
2026-04-02 03:13:19 +00:00: 2026-04-02 03:13:19,006 - __main__ - INFO - 📈 7d Growth: +4 followers (avg 0.6/day, est 1656 days to 1K)
2026-04-02 04:13:19 +00:00: 2026-04-02 04:13:19,834 - __main__ - INFO - 📊 Snapshot: 50 followers (+0 since last check)
2026-04-02 04:13:20 +00:00: 2026-04-02 04:13:20,000 - __main__ - INFO - 📈 24h Growth: +0 followers (50 → 50)
2026-04-02 04:13:20 +00:00: 2026-04-02 04:13:20,166 - __main__ - INFO - 📈 7d Growth: +4 followers (avg 0.6/day, est 1656 days to 1K)
2026-04-02 05:13:20 +00:00: 2026-04-02 05:13:20,998 - __main__ - INFO - 📊 Snapshot: 50 followers (+0 since last check)
2026-04-02 05:13:21 +00:00: 2026-04-02 05:13:21,164 - __main__ - INFO - 📈 24h Growth: +0 followers (50 → 50)
2026-04-02 05:13:21 +00:00: 2026-04-02 05:13:21,330 - __main__ - INFO - 📈 7d Growth: +4 followers (avg 0.6/day, est 1656 days to 1K)
2026-04-02 06:13:22 +00:00: 2026-04-02 06:13:22,145 - __main__ - INFO - 📊 Snapshot: 50 followers (+0 since last check)
2026-04-02 06:13:22 +00:00: 2026-04-02 06:13:22,312 - __main__ - INFO - 📈 24h Growth: +0 followers (50 → 50)
2026-04-02 06:13:22 +00:00: 2026-04-02 06:13:22,477 - __main__ - INFO - 📈 7d Growth: +4 followers (avg 0.6/day, est 1656 days to 1K)
2026-04-02 07:13:23 +00:00: 2026-04-02 07:13:23,334 - __main__ - INFO - 📊 Snapshot: 50 followers (+0 since last check)
2026-04-02 07:13:23 +00:00: 2026-04-02 07:13:23,499 - __main__ - INFO - 📈 24h Growth: +0 followers (50 → 50)
2026-04-02 07:13:23 +00:00: 2026-04-02 07:13:23,664 - __main__ - INFO - 📈 7d Growth: +4 followers (avg 0.6/day, est 1656 days to 1K)
2026-04-02 08:13:24 +00:00: 2026-04-02 08:13:24,591 - __main__ - INFO - 📊 Snapshot: 50 followers (+0 since last check)
2026-04-02 08:13:24 +00:00: 2026-04-02 08:13:24,758 - __main__ - INFO - 📈 24h Growth: +0 followers (50 → 50)
2026-04-02 08:13:24 +00:00: 2026-04-02 08:13:24,924 - __main__ - INFO - 📈 7d Growth: +4 followers (avg 0.6/day, est 1656 days to 1K)
2026-04-02 09:13:25 +00:00: 2026-04-02 09:13:25,780 - __main__ - INFO - 📊 Snapshot: 50 followers (+0 since last check)
2026-04-02 09:13:25 +00:00: 2026-04-02 09:13:25,946 - __main__ - INFO - 📈 24h Growth: +0 followers (50 → 50)
2026-04-02 09:13:26 +00:00: 2026-04-02 09:13:26,112 - __main__ - INFO - 📈 7d Growth: +4 followers (avg 0.6/day, est 1656 days to 1K)
2026-04-02 10:13:26 +00:00: 2026-04-02 10:13:26,945 - __main__ - INFO - 📊 Snapshot: 50 followers (+0 since last check)
2026-04-02 10:13:27 +00:00: 2026-04-02 10:13:27,111 - __main__ - INFO - 📈 24h Growth: +0 followers (50 → 50)
2026-04-02 10:13:27 +00:00: 2026-04-02 10:13:27,277 - __main__ - INFO - 📈 7d Growth: +4 followers (avg 0.6/day, est 1656 days to 1K)
2026-04-02 11:13:28 +00:00: 2026-04-02 11:13:28,157 - __main__ - INFO - 📊 Snapshot: 50 followers (+0 since last check)
2026-04-02 11:13:28 +00:00: 2026-04-02 11:13:28,324 - __main__ - INFO - 📈 24h Growth: +0 followers (50 → 50)
2026-04-02 11:13:28 +00:00: 2026-04-02 11:13:28,490 - __main__ - INFO - 📈 7d Growth: +4 followers (avg 0.6/day, est 1656 days to 1K)
2026-04-02 12:13:29 +00:00: 2026-04-02 12:13:29,336 - __main__ - INFO - 📊 Snapshot: 50 followers (+0 since last check)
2026-04-02 12:13:29 +00:00: 2026-04-02 12:13:29,501 - __main__ - INFO - 📈 24h Growth: +0 followers (50 → 50)
2026-04-02 12:13:29 +00:00: 2026-04-02 12:13:29,666 - __main__ - INFO - 📈 7d Growth: +4 followers (avg 0.6/day, est 1656 days to 1K)
2026-04-02 13:13:30 +00:00: 2026-04-02 13:13:30,501 - __main__ - INFO - 📊 Snapshot: 50 followers (+0 since last check)
2026-04-02 13:13:30 +00:00: 2026-04-02 13:13:30,665 - __main__ - INFO - 📈 24h Growth: +0 followers (50 → 50)
2026-04-02 13:13:30 +00:00: 2026-04-02 13:13:30,830 - __main__ - INFO - 📈 7d Growth: +4 followers (avg 0.6/day, est 1656 days to 1K)
2026-04-02 14:13:36 +00:00: 2026-04-02 14:13:36,681 - __main__ - INFO - 📊 Snapshot: 50 followers (+0 since last check)
2026-04-02 14:13:36 +00:00: 2026-04-02 14:13:36,847 - __main__ - INFO - 📈 24h Growth: +0 followers (50 → 50)
2026-04-02 14:13:37 +00:00: 2026-04-02 14:13:37,013 - __main__ - INFO - 📈 7d Growth: +4 followers (avg 0.6/day, est 1656 days to 1K)
2026-04-02 15:13:37 +00:00: 2026-04-02 15:13:37,919 - __main__ - INFO - 📊 Snapshot: 50 followers (+0 since last check)
2026-04-02 15:13:38 +00:00: 2026-04-02 15:13:38,084 - __main__ - INFO - 📈 24h Growth: +0 followers (50 → 50)
2026-04-02 15:13:38 +00:00: 2026-04-02 15:13:38,249 - __main__ - INFO - 📈 7d Growth: +4 followers (avg 0.6/day, est 1656 days to 1K)
2026-04-02 15:14:23 +00:00: Traceback (most recent call last):
2026-04-02 15:14:23 +00:00:   File "/home/ubuntu/openclaw/scripts/output/follower_growth_tracker.py", line 229, in <module>
2026-04-02 15:14:23 +00:00:     asyncio.run(main())
2026-04-02 15:14:23 +00:00:   File "/usr/lib/python3.10/asyncio/runners.py", line 44, in run
2026-04-02 15:14:23 +00:00:     return loop.run_until_complete(main)
2026-04-02 15:14:23 +00:00:   File "/usr/lib/python3.10/asyncio/base_events.py", line 636, in run_until_complete
2026-04-02 15:14:23 +00:00:     self.run_forever()
2026-04-02 15:14:23 +00:00:   File "/usr/lib/python3.10/asyncio/base_events.py", line 603, in run_forever
2026-04-02 15:14:23 +00:00:     self._run_once()
2026-04-02 15:14:23 +00:00:   File "/usr/lib/python3.10/asyncio/base_events.py", line 1871, in _run_once
2026-04-02 15:14:23 +00:00:     event_list = self._selector.select(timeout)
2026-04-02 15:14:23 +00:00:   File "/usr/lib/python3.10/selectors.py", line 469, in select
2026-04-02 15:14:23 +00:00:     fd_event_list = self._selector.poll(timeout, max_ev)
2026-04-02 15:14:23 +00:00: KeyboardInterrupt
2026-04-02 15:14:25 +00:00: 2026-04-02 15:14:25,038 - utils.db_utils - INFO - ✅ Reconnected to PostgreSQL
2026-04-02 15:14:25 +00:00: 2026-04-02 15:14:25,039 - __main__ - INFO - ✅ Twitter API v1.1 client initialized
2026-04-02 15:14:25 +00:00: 2026-04-02 15:14:25,188 - __main__ - INFO - ✅ Growth tracking tables ready
2026-04-02 15:14:25 +00:00: 2026-04-02 15:14:25,188 - __main__ - INFO - 🚀 Follower Growth Tracker started (60min cycle)
2026-04-02 15:14:25 +00:00: 2026-04-02 15:14:25,891 - __main__ - INFO - 📊 Snapshot: 50 followers (+0 since last check)
2026-04-02 15:14:26 +00:00: 2026-04-02 15:14:26,040 - __main__ - INFO - 📈 24h Growth: +0 followers (50 → 50)
2026-04-02 15:14:26 +00:00: 2026-04-02 15:14:26,188 - __main__ - INFO - 📈 7d Growth: +4 followers (avg 0.6/day, est 1656 days to 1K)
2026-04-02 15:19:11 +00:00: Traceback (most recent call last):
2026-04-02 15:19:11 +00:00:   File "/home/ubuntu/openclaw/scripts/output/follower_growth_tracker.py", line 229, in <module>
2026-04-02 15:19:11 +00:00:     asyncio.run(main())
2026-04-02 15:19:11 +00:00:   File "/usr/lib/python3.10/asyncio/runners.py", line 44, in run
2026-04-02 15:19:11 +00:00:     return loop.run_until_complete(main)
2026-04-02 15:19:11 +00:00:   File "/usr/lib/python3.10/asyncio/base_events.py", line 636, in run_until_complete
2026-04-02 15:19:11 +00:00:     self.run_forever()
2026-04-02 15:19:11 +00:00:   File "/usr/lib/python3.10/asyncio/base_events.py", line 603, in run_forever
2026-04-02 15:19:11 +00:00:     self._run_once()
2026-04-02 15:19:11 +00:00:   File "/usr/lib/python3.10/asyncio/base_events.py", line 1871, in _run_once
2026-04-02 15:19:11 +00:00:     event_list = self._selector.select(timeout)
2026-04-02 15:19:11 +00:00:   File "/usr/lib/python3.10/selectors.py", line 469, in select
2026-04-02 15:19:11 +00:00:     fd_event_list = self._selector.poll(timeout, max_ev)
2026-04-02 15:19:11 +00:00: KeyboardInterrupt
2026-04-02 15:19:13 +00:00: 2026-04-02 15:19:13,010 - utils.db_utils - INFO - ✅ Reconnected to PostgreSQL
2026-04-02 15:19:13 +00:00: 2026-04-02 15:19:13,011 - __main__ - INFO - ✅ Twitter API v1.1 client initialized
2026-04-02 15:19:13 +00:00: 2026-04-02 15:19:13,160 - __main__ - INFO - ✅ Growth tracking tables ready
2026-04-02 15:19:13 +00:00: 2026-04-02 15:19:13,160 - __main__ - INFO - 🚀 Follower Growth Tracker started (60min cycle)
2026-04-02 15:19:13 +00:00: 2026-04-02 15:19:13,846 - __main__ - INFO - 📊 Snapshot: 50 followers (+0 since last check)
2026-04-02 15:19:13 +00:00: 2026-04-02 15:19:13,994 - __main__ - INFO - 📈 24h Growth: +0 followers (50 → 50)
2026-04-02 15:19:14 +00:00: 2026-04-02 15:19:14,143 - __main__ - INFO - 📈 7d Growth: +4 followers (avg 0.6/day, est 1656 days to 1K)
2026-04-02 16:19:14 +00:00: 2026-04-02 16:19:14,926 - __main__ - INFO - 📊 Snapshot: 50 followers (+0 since last check)
2026-04-02 16:19:15 +00:00: 2026-04-02 16:19:15,075 - __main__ - INFO - 📈 24h Growth: +0 followers (50 → 50)
2026-04-02 16:19:15 +00:00: 2026-04-02 16:19:15,224 - __main__ - INFO - 📈 7d Growth: +4 followers (avg 0.6/day, est 1656 days to 1K)
2026-04-02 17:19:16 +00:00: 2026-04-02 17:19:16,060 - __main__ - INFO - 📊 Snapshot: 50 followers (+0 since last check)
2026-04-02 17:19:16 +00:00: 2026-04-02 17:19:16,208 - __main__ - INFO - 📈 24h Growth: +0 followers (50 → 50)
2026-04-02 17:19:16 +00:00: 2026-04-02 17:19:16,359 - __main__ - INFO - 📈 7d Growth: +4 followers (avg 0.6/day, est 1656 days to 1K)
2026-04-02 18:19:17 +00:00: 2026-04-02 18:19:17,156 - __main__ - INFO - 📊 Snapshot: 50 followers (+0 since last check)
2026-04-02 18:19:17 +00:00: 2026-04-02 18:19:17,305 - __main__ - INFO - 📈 24h Growth: +0 followers (50 → 50)
2026-04-02 18:19:17 +00:00: 2026-04-02 18:19:17,453 - __main__ - INFO - 📈 7d Growth: +4 followers (avg 0.6/day, est 1656 days to 1K)
2026-04-02 19:19:18 +00:00: 2026-04-02 19:19:18,262 - __main__ - INFO - 📊 Snapshot: 50 followers (+0 since last check)
2026-04-02 19:19:18 +00:00: 2026-04-02 19:19:18,411 - __main__ - INFO - 📈 24h Growth: +0 followers (50 → 50)
2026-04-02 19:19:18 +00:00: 2026-04-02 19:19:18,560 - __main__ - INFO - 📈 7d Growth: +4 followers (avg 0.6/day, est 1656 days to 1K)
2026-04-02 20:19:19 +00:00: 2026-04-02 20:19:19,427 - __main__ - INFO - 📊 Snapshot: 50 followers (+0 since last check)
2026-04-02 20:19:19 +00:00: 2026-04-02 20:19:19,576 - __main__ - INFO - 📈 24h Growth: +0 followers (50 → 50)
2026-04-02 20:19:19 +00:00: 2026-04-02 20:19:19,724 - __main__ - INFO - 📈 7d Growth: +3 followers (avg 0.4/day, est 2210 days to 1K)
2026-04-02 21:19:20 +00:00: 2026-04-02 21:19:20,481 - __main__ - INFO - 📊 Snapshot: 50 followers (+0 since last check)
2026-04-02 21:19:20 +00:00: 2026-04-02 21:19:20,631 - __main__ - INFO - 📈 24h Growth: +0 followers (50 → 50)
2026-04-02 21:19:20 +00:00: 2026-04-02 21:19:20,780 - __main__ - INFO - 📈 7d Growth: +3 followers (avg 0.4/day, est 2210 days to 1K)
2026-04-02 22:19:21 +00:00: 2026-04-02 22:19:21,633 - __main__ - INFO - 📊 Snapshot: 50 followers (+0 since last check)
2026-04-02 22:19:21 +00:00: 2026-04-02 22:19:21,782 - __main__ - INFO - 📈 24h Growth: +0 followers (50 → 50)
2026-04-02 22:19:21 +00:00: 2026-04-02 22:19:21,931 - __main__ - INFO - 📈 7d Growth: +3 followers (avg 0.4/day, est 2210 days to 1K)
2026-04-02 23:19:22 +00:00: 2026-04-02 23:19:22,732 - __main__ - INFO - 📊 Snapshot: 50 followers (+0 since last check)
2026-04-02 23:19:22 +00:00: 2026-04-02 23:19:22,881 - __main__ - INFO - 📈 24h Growth: +0 followers (50 → 50)
2026-04-02 23:19:23 +00:00: 2026-04-02 23:19:23,032 - __main__ - INFO - 📈 7d Growth: +3 followers (avg 0.4/day, est 2210 days to 1K)
2026-04-03 00:19:23 +00:00: 2026-04-03 00:19:23,886 - __main__ - INFO - 📊 Snapshot: 50 followers (+0 since last check)
2026-04-03 00:19:24 +00:00: 2026-04-03 00:19:24,034 - __main__ - INFO - 📈 24h Growth: +0 followers (50 → 50)
2026-04-03 00:19:24 +00:00: 2026-04-03 00:19:24,183 - __main__ - INFO - 📈 7d Growth: +3 followers (avg 0.4/day, est 2210 days to 1K)
2026-04-03 01:19:24 +00:00: 2026-04-03 01:19:24,995 - __main__ - INFO - 📊 Snapshot: 50 followers (+0 since last check)
2026-04-03 01:19:25 +00:00: 2026-04-03 01:19:25,144 - __main__ - INFO - 📈 24h Growth: +0 followers (50 → 50)
2026-04-03 01:19:25 +00:00: 2026-04-03 01:19:25,293 - __main__ - INFO - 📈 7d Growth: +3 followers (avg 0.4/day, est 2210 days to 1K)
2026-04-03 02:19:26 +00:00: 2026-04-03 02:19:26,127 - __main__ - INFO - 📊 Snapshot: 50 followers (+0 since last check)
2026-04-03 02:19:26 +00:00: 2026-04-03 02:19:26,277 - __main__ - INFO - 📈 24h Growth: +0 followers (50 → 50)
2026-04-03 02:19:26 +00:00: 2026-04-03 02:19:26,426 - __main__ - INFO - 📈 7d Growth: +3 followers (avg 0.4/day, est 2210 days to 1K)
2026-04-03 03:19:27 +00:00: 2026-04-03 03:19:27,164 - __main__ - INFO - 📊 Snapshot: 50 followers (+0 since last check)
2026-04-03 03:19:27 +00:00: 2026-04-03 03:19:27,313 - __main__ - INFO - 📈 24h Growth: +0 followers (50 → 50)
2026-04-03 03:19:27 +00:00: 2026-04-03 03:19:27,464 - __main__ - INFO - 📈 7d Growth: +3 followers (avg 0.4/day, est 2210 days to 1K)
2026-04-03 04:19:28 +00:00: 2026-04-03 04:19:28,245 - __main__ - INFO - 📊 Snapshot: 50 followers (+0 since last check)
2026-04-03 04:19:28 +00:00: 2026-04-03 04:19:28,393 - __main__ - INFO - 📈 24h Growth: +0 followers (50 → 50)
2026-04-03 04:19:28 +00:00: 2026-04-03 04:19:28,542 - __main__ - INFO - 📈 7d Growth: +3 followers (avg 0.4/day, est 2210 days to 1K)
2026-04-03 05:19:29 +00:00: 2026-04-03 05:19:29,344 - __main__ - INFO - 📊 Snapshot: 50 followers (+0 since last check)
2026-04-03 05:19:29 +00:00: 2026-04-03 05:19:29,495 - __main__ - INFO - 📈 24h Growth: +0 followers (50 → 50)
2026-04-03 05:19:29 +00:00: 2026-04-03 05:19:29,643 - __main__ - INFO - 📈 7d Growth: +3 followers (avg 0.4/day, est 2210 days to 1K)
2026-04-03 06:19:30 +00:00: 2026-04-03 06:19:30,423 - __main__ - INFO - 📊 Snapshot: 50 followers (+0 since last check)
2026-04-03 06:19:30 +00:00: 2026-04-03 06:19:30,572 - __main__ - INFO - 📈 24h Growth: +0 followers (50 → 50)
2026-04-03 06:19:30 +00:00: 2026-04-03 06:19:30,722 - __main__ - INFO - 📈 7d Growth: +3 followers (avg 0.4/day, est 2210 days to 1K)
2026-04-03 07:19:31 +00:00: 2026-04-03 07:19:31,587 - __main__ - INFO - 📊 Snapshot: 50 followers (+0 since last check)
2026-04-03 07:19:31 +00:00: 2026-04-03 07:19:31,736 - __main__ - INFO - 📈 24h Growth: +0 followers (50 → 50)
2026-04-03 07:19:31 +00:00: 2026-04-03 07:19:31,884 - __main__ - INFO - 📈 7d Growth: +3 followers (avg 0.4/day, est 2210 days to 1K)
2026-04-03 08:19:32 +00:00: 2026-04-03 08:19:32,592 - __main__ - INFO - 📊 Snapshot: 50 followers (+0 since last check)
2026-04-03 08:19:32 +00:00: 2026-04-03 08:19:32,741 - __main__ - INFO - 📈 24h Growth: +0 followers (50 → 50)
2026-04-03 08:19:32 +00:00: 2026-04-03 08:19:32,889 - __main__ - INFO - 📈 7d Growth: +3 followers (avg 0.4/day, est 2210 days to 1K)
2026-04-03 09:19:33 +00:00: 2026-04-03 09:19:33,663 - __main__ - INFO - 📊 Snapshot: 50 followers (+0 since last check)
2026-04-03 09:19:33 +00:00: 2026-04-03 09:19:33,812 - __main__ - INFO - 📈 24h Growth: +0 followers (50 → 50)
2026-04-03 09:19:33 +00:00: 2026-04-03 09:19:33,961 - __main__ - INFO - 📈 7d Growth: +3 followers (avg 0.4/day, est 2210 days to 1K)
2026-04-03 10:19:34 +00:00: 2026-04-03 10:19:34,758 - __main__ - INFO - 📊 Snapshot: 50 followers (+0 since last check)
2026-04-03 10:19:34 +00:00: 2026-04-03 10:19:34,911 - __main__ - INFO - 📈 24h Growth: +0 followers (50 → 50)
2026-04-03 10:19:35 +00:00: 2026-04-03 10:19:35,062 - __main__ - INFO - 📈 7d Growth: +3 followers (avg 0.4/day, est 2210 days to 1K)
2026-04-03 11:19:35 +00:00: 2026-04-03 11:19:35,928 - __main__ - INFO - 📊 Snapshot: 50 followers (+0 since last check)
2026-04-03 11:19:36 +00:00: 2026-04-03 11:19:36,079 - __main__ - INFO - 📈 24h Growth: +0 followers (50 → 50)
2026-04-03 11:19:36 +00:00: 2026-04-03 11:19:36,232 - __main__ - INFO - 📈 7d Growth: +3 followers (avg 0.4/day, est 2210 days to 1K)
2026-04-03 12:19:37 +00:00: 2026-04-03 12:19:37,172 - __main__ - INFO - 📊 Snapshot: 50 followers (+0 since last check)
2026-04-03 12:19:37 +00:00: 2026-04-03 12:19:37,323 - __main__ - INFO - 📈 24h Growth: +0 followers (50 → 50)
2026-04-03 12:19:37 +00:00: 2026-04-03 12:19:37,474 - __main__ - INFO - 📈 7d Growth: +3 followers (avg 0.4/day, est 2210 days to 1K)
2026-04-03 13:19:38 +00:00: 2026-04-03 13:19:38,163 - __main__ - INFO - 📊 Snapshot: 50 followers (+0 since last check)
2026-04-03 13:19:38 +00:00: 2026-04-03 13:19:38,314 - __main__ - INFO - 📈 24h Growth: +0 followers (50 → 50)
2026-04-03 13:19:38 +00:00: 2026-04-03 13:19:38,465 - __main__ - INFO - 📈 7d Growth: +3 followers (avg 0.4/day, est 2210 days to 1K)
2026-04-03 14:19:39 +00:00: 2026-04-03 14:19:39,250 - __main__ - INFO - 📊 Snapshot: 50 followers (+0 since last check)
2026-04-03 14:19:39 +00:00: 2026-04-03 14:19:39,402 - __main__ - INFO - 📈 24h Growth: +0 followers (50 → 50)
2026-04-03 14:19:39 +00:00: 2026-04-03 14:19:39,552 - __main__ - INFO - 📈 7d Growth: +3 followers (avg 0.4/day, est 2210 days to 1K)
2026-04-03 15:19:40 +00:00: 2026-04-03 15:19:40,331 - __main__ - INFO - 📊 Snapshot: 50 followers (+0 since last check)
2026-04-03 15:19:40 +00:00: 2026-04-03 15:19:40,483 - __main__ - INFO - 📈 24h Growth: +0 followers (50 → 50)
2026-04-03 15:19:40 +00:00: 2026-04-03 15:19:40,634 - __main__ - INFO - 📈 7d Growth: +3 followers (avg 0.4/day, est 2210 days to 1K)
2026-04-03 16:19:41 +00:00: 2026-04-03 16:19:41,392 - __main__ - INFO - 📊 Snapshot: 50 followers (+0 since last check)
2026-04-03 16:19:41 +00:00: 2026-04-03 16:19:41,543 - __main__ - INFO - 📈 24h Growth: +0 followers (50 → 50)
2026-04-03 16:19:41 +00:00: 2026-04-03 16:19:41,696 - __main__ - INFO - 📈 7d Growth: +3 followers (avg 0.4/day, est 2210 days to 1K)
2026-04-03 17:19:42 +00:00: 2026-04-03 17:19:42,622 - __main__ - INFO - 📊 Snapshot: 50 followers (+0 since last check)
2026-04-03 17:19:42 +00:00: 2026-04-03 17:19:42,773 - __main__ - INFO - 📈 24h Growth: +0 followers (50 → 50)
2026-04-03 17:19:42 +00:00: 2026-04-03 17:19:42,924 - __main__ - INFO - 📈 7d Growth: +3 followers (avg 0.4/day, est 2210 days to 1K)
2026-04-03 18:19:43 +00:00: 2026-04-03 18:19:43,693 - __main__ - INFO - 📊 Snapshot: 50 followers (+0 since last check)
2026-04-03 18:19:43 +00:00: 2026-04-03 18:19:43,844 - __main__ - INFO - 📈 24h Growth: +0 followers (50 → 50)
2026-04-03 18:19:43 +00:00: 2026-04-03 18:19:43,995 - __main__ - INFO - 📈 7d Growth: +3 followers (avg 0.4/day, est 2210 days to 1K)
2026-04-03 19:19:44 +00:00: 2026-04-03 19:19:44,837 - __main__ - INFO - 📊 Snapshot: 50 followers (+0 since last check)
2026-04-03 19:19:44 +00:00: 2026-04-03 19:19:44,988 - __main__ - INFO - 📈 24h Growth: +0 followers (50 → 50)
2026-04-03 19:19:45 +00:00: 2026-04-03 19:19:45,139 - __main__ - INFO - 📈 7d Growth: +3 followers (avg 0.4/day, est 2210 days to 1K)
2026-04-03 20:19:46 +00:00: 2026-04-03 20:19:46,019 - __main__ - INFO - 📊 Snapshot: 50 followers (+0 since last check)
2026-04-03 20:19:46 +00:00: 2026-04-03 20:19:46,172 - __main__ - INFO - 📈 24h Growth: +0 followers (50 → 50)
2026-04-03 20:19:46 +00:00: 2026-04-03 20:19:46,323 - __main__ - INFO - 📈 7d Growth: +3 followers (avg 0.4/day, est 2210 days to 1K)
2026-04-03 21:19:47 +00:00: 2026-04-03 21:19:47,145 - __main__ - INFO - 📊 Snapshot: 50 followers (+0 since last check)
2026-04-03 21:19:47 +00:00: 2026-04-03 21:19:47,296 - __main__ - INFO - 📈 24h Growth: +0 followers (50 → 50)
2026-04-03 21:19:47 +00:00: 2026-04-03 21:19:47,447 - __main__ - INFO - 📈 7d Growth: +3 followers (avg 0.4/day, est 2210 days to 1K)
2026-04-03 22:19:48 +00:00: 2026-04-03 22:19:48,289 - __main__ - INFO - 📊 Snapshot: 50 followers (+0 since last check)
2026-04-03 22:19:48 +00:00: 2026-04-03 22:19:48,440 - __main__ - INFO - 📈 24h Growth: +0 followers (50 → 50)
2026-04-03 22:19:48 +00:00: 2026-04-03 22:19:48,592 - __main__ - INFO - 📈 7d Growth: +3 followers (avg 0.4/day, est 2210 days to 1K)
2026-04-03 23:19:49 +00:00: 2026-04-03 23:19:49,470 - __main__ - INFO - 📊 Snapshot: 50 followers (+0 since last check)
2026-04-03 23:19:49 +00:00: 2026-04-03 23:19:49,622 - __main__ - INFO - 📈 24h Growth: +0 followers (50 → 50)
2026-04-03 23:19:49 +00:00: 2026-04-03 23:19:49,773 - __main__ - INFO - 📈 7d Growth: +3 followers (avg 0.4/day, est 2210 days to 1K)
2026-04-04 00:19:50 +00:00: 2026-04-04 00:19:50,517 - __main__ - INFO - 📊 Snapshot: 50 followers (+0 since last check)
2026-04-04 00:19:50 +00:00: 2026-04-04 00:19:50,668 - __main__ - INFO - 📈 24h Growth: +0 followers (50 → 50)
2026-04-04 00:19:50 +00:00: 2026-04-04 00:19:50,818 - __main__ - INFO - 📈 7d Growth: +3 followers (avg 0.4/day, est 2210 days to 1K)
2026-04-04 01:19:51 +00:00: 2026-04-04 01:19:51,619 - __main__ - INFO - 📊 Snapshot: 50 followers (+0 since last check)
2026-04-04 01:19:51 +00:00: 2026-04-04 01:19:51,770 - __main__ - INFO - 📈 24h Growth: +0 followers (50 → 50)
2026-04-04 01:19:51 +00:00: 2026-04-04 01:19:51,922 - __main__ - INFO - 📈 7d Growth: +3 followers (avg 0.4/day, est 2210 days to 1K)
2026-04-04 02:19:52 +00:00: 2026-04-04 02:19:52,694 - __main__ - INFO - 📊 Snapshot: 50 followers (+0 since last check)
2026-04-04 02:19:52 +00:00: 2026-04-04 02:19:52,845 - __main__ - INFO - 📈 24h Growth: +0 followers (50 → 50)
2026-04-04 02:19:52 +00:00: 2026-04-04 02:19:52,996 - __main__ - INFO - 📈 7d Growth: +3 followers (avg 0.4/day, est 2210 days to 1K)
2026-04-04 03:19:53 +00:00: 2026-04-04 03:19:53,803 - __main__ - INFO - 📊 Snapshot: 50 followers (+0 since last check)
2026-04-04 03:19:53 +00:00: 2026-04-04 03:19:53,954 - __main__ - INFO - 📈 24h Growth: +0 followers (50 → 50)
2026-04-04 03:19:54 +00:00: 2026-04-04 03:19:54,105 - __main__ - INFO - 📈 7d Growth: +3 followers (avg 0.4/day, est 2210 days to 1K)
2026-04-04 04:19:54 +00:00: 2026-04-04 04:19:54,976 - __main__ - INFO - 📊 Snapshot: 50 followers (+0 since last check)
2026-04-04 04:19:55 +00:00: 2026-04-04 04:19:55,127 - __main__ - INFO - 📈 24h Growth: +0 followers (50 → 50)
2026-04-04 04:19:55 +00:00: 2026-04-04 04:19:55,278 - __main__ - INFO - 📈 7d Growth: +3 followers (avg 0.4/day, est 2210 days to 1K)
2026-04-04 05:19:56 +00:00: 2026-04-04 05:19:56,033 - __main__ - INFO - 📊 Snapshot: 50 followers (+0 since last check)
2026-04-04 05:19:56 +00:00: 2026-04-04 05:19:56,184 - __main__ - INFO - 📈 24h Growth: +0 followers (50 → 50)
2026-04-04 05:19:56 +00:00: 2026-04-04 05:19:56,335 - __main__ - INFO - 📈 7d Growth: +3 followers (avg 0.4/day, est 2210 days to 1K)
2026-04-04 06:19:57 +00:00: 2026-04-04 06:19:57,035 - __main__ - INFO - 📊 Snapshot: 50 followers (+0 since last check)
2026-04-04 06:19:57 +00:00: 2026-04-04 06:19:57,186 - __main__ - INFO - 📈 24h Growth: +0 followers (50 → 50)
2026-04-04 06:19:57 +00:00: 2026-04-04 06:19:57,337 - __main__ - INFO - 📈 7d Growth: +3 followers (avg 0.4/day, est 2210 days to 1K)
2026-04-04 07:19:58 +00:00: 2026-04-04 07:19:58,235 - __main__ - INFO - 📊 Snapshot: 50 followers (+0 since last check)
2026-04-04 07:19:58 +00:00: 2026-04-04 07:19:58,386 - __main__ - INFO - 📈 24h Growth: +0 followers (50 → 50)
2026-04-04 07:19:58 +00:00: 2026-04-04 07:19:58,537 - __main__ - INFO - 📈 7d Growth: +3 followers (avg 0.4/day, est 2210 days to 1K)
2026-04-04 08:19:59 +00:00: 2026-04-04 08:19:59,305 - __main__ - INFO - 📊 Snapshot: 50 followers (+0 since last check)
2026-04-04 08:19:59 +00:00: 2026-04-04 08:19:59,456 - __main__ - INFO - 📈 24h Growth: +0 followers (50 → 50)
2026-04-04 08:19:59 +00:00: 2026-04-04 08:19:59,606 - __main__ - INFO - 📈 7d Growth: +3 followers (avg 0.4/day, est 2210 days to 1K)
2026-04-04 09:20:00 +00:00: 2026-04-04 09:20:00,390 - __main__ - INFO - 📊 Snapshot: 50 followers (+0 since last check)
2026-04-04 09:20:00 +00:00: 2026-04-04 09:20:00,542 - __main__ - INFO - 📈 24h Growth: +0 followers (50 → 50)
2026-04-04 09:20:00 +00:00: 2026-04-04 09:20:00,693 - __main__ - INFO - 📈 7d Growth: +3 followers (avg 0.4/day, est 2210 days to 1K)
2026-04-04 10:20:01 +00:00: 2026-04-04 10:20:01,446 - __main__ - INFO - 📊 Snapshot: 50 followers (+0 since last check)
2026-04-04 10:20:01 +00:00: 2026-04-04 10:20:01,598 - __main__ - INFO - 📈 24h Growth: +0 followers (50 → 50)
2026-04-04 10:20:01 +00:00: 2026-04-04 10:20:01,749 - __main__ - INFO - 📈 7d Growth: +3 followers (avg 0.4/day, est 2210 days to 1K)
2026-04-04 11:20:02 +00:00: 2026-04-04 11:20:02,581 - __main__ - INFO - 📊 Snapshot: 50 followers (+0 since last check)
2026-04-04 11:20:02 +00:00: 2026-04-04 11:20:02,732 - __main__ - INFO - 📈 24h Growth: +0 followers (50 → 50)
2026-04-04 11:20:02 +00:00: 2026-04-04 11:20:02,883 - __main__ - INFO - 📈 7d Growth: +3 followers (avg 0.4/day, est 2210 days to 1K)
2026-04-04 12:20:03 +00:00: 2026-04-04 12:20:03,702 - __main__ - INFO - 📊 Snapshot: 50 followers (+0 since last check)
2026-04-04 12:20:03 +00:00: 2026-04-04 12:20:03,853 - __main__ - INFO - 📈 24h Growth: +0 followers (50 → 50)
2026-04-04 12:20:04 +00:00: 2026-04-04 12:20:04,004 - __main__ - INFO - 📈 7d Growth: +3 followers (avg 0.4/day, est 2210 days to 1K)
2026-04-04 13:20:04 +00:00: 2026-04-04 13:20:04,940 - __main__ - INFO - 📊 Snapshot: 50 followers (+0 since last check)
2026-04-04 13:20:05 +00:00: 2026-04-04 13:20:05,092 - __main__ - INFO - 📈 24h Growth: +0 followers (50 → 50)
2026-04-04 13:20:05 +00:00: 2026-04-04 13:20:05,243 - __main__ - INFO - 📈 7d Growth: +3 followers (avg 0.4/day, est 2210 days to 1K)
2026-04-04 14:20:06 +00:00: 2026-04-04 14:20:06,034 - __main__ - INFO - 📊 Snapshot: 50 followers (+0 since last check)
2026-04-04 14:20:06 +00:00: 2026-04-04 14:20:06,188 - __main__ - INFO - 📈 24h Growth: +0 followers (50 → 50)
2026-04-04 14:20:06 +00:00: 2026-04-04 14:20:06,339 - __main__ - INFO - 📈 7d Growth: +3 followers (avg 0.4/day, est 2210 days to 1K)
2026-04-04 15:20:07 +00:00: 2026-04-04 15:20:07,107 - __main__ - INFO - 📊 Snapshot: 50 followers (+0 since last check)
2026-04-04 15:20:07 +00:00: 2026-04-04 15:20:07,258 - __main__ - INFO - 📈 24h Growth: +0 followers (50 → 50)
2026-04-04 15:20:07 +00:00: 2026-04-04 15:20:07,409 - __main__ - INFO - 📈 7d Growth: +3 followers (avg 0.4/day, est 2210 days to 1K)
2026-04-04 16:20:08 +00:00: 2026-04-04 16:20:08,213 - __main__ - INFO - 📊 Snapshot: 50 followers (+0 since last check)
2026-04-04 16:20:08 +00:00: 2026-04-04 16:20:08,364 - __main__ - INFO - 📈 24h Growth: +0 followers (50 → 50)
2026-04-04 16:20:08 +00:00: 2026-04-04 16:20:08,514 - __main__ - INFO - 📈 7d Growth: +3 followers (avg 0.4/day, est 2210 days to 1K)
2026-04-04 17:20:09 +00:00: 2026-04-04 17:20:09,306 - __main__ - INFO - 📊 Snapshot: 50 followers (+0 since last check)
2026-04-04 17:20:09 +00:00: 2026-04-04 17:20:09,457 - __main__ - INFO - 📈 24h Growth: +0 followers (50 → 50)
2026-04-04 17:20:09 +00:00: 2026-04-04 17:20:09,607 - __main__ - INFO - 📈 7d Growth: +3 followers (avg 0.4/day, est 2210 days to 1K)
2026-04-04 18:20:10 +00:00: 2026-04-04 18:20:10,473 - __main__ - INFO - 📊 Snapshot: 50 followers (+0 since last check)
2026-04-04 18:20:10 +00:00: 2026-04-04 18:20:10,625 - __main__ - INFO - 📈 24h Growth: +0 followers (50 → 50)
2026-04-04 18:20:10 +00:00: 2026-04-04 18:20:10,776 - __main__ - INFO - 📈 7d Growth: +3 followers (avg 0.4/day, est 2210 days to 1K)
2026-04-04 19:20:11 +00:00: 2026-04-04 19:20:11,580 - __main__ - INFO - 📊 Snapshot: 50 followers (+0 since last check)
2026-04-04 19:20:11 +00:00: 2026-04-04 19:20:11,731 - __main__ - INFO - 📈 24h Growth: +0 followers (50 → 50)
2026-04-04 19:20:11 +00:00: 2026-04-04 19:20:11,882 - __main__ - INFO - 📈 7d Growth: +3 followers (avg 0.4/day, est 2210 days to 1K)
2026-04-04 20:20:12 +00:00: 2026-04-04 20:20:12,694 - __main__ - INFO - 📊 Snapshot: 50 followers (+0 since last check)
2026-04-04 20:20:12 +00:00: 2026-04-04 20:20:12,845 - __main__ - INFO - 📈 24h Growth: +0 followers (50 → 50)
2026-04-04 20:20:12 +00:00: 2026-04-04 20:20:12,996 - __main__ - INFO - 📈 7d Growth: +3 followers (avg 0.4/day, est 2210 days to 1K)
2026-04-04 21:20:13 +00:00: 2026-04-04 21:20:13,862 - __main__ - INFO - 📊 Snapshot: 50 followers (+0 since last check)
2026-04-04 21:20:14 +00:00: 2026-04-04 21:20:14,013 - __main__ - INFO - 📈 24h Growth: +0 followers (50 → 50)
2026-04-04 21:20:14 +00:00: 2026-04-04 21:20:14,165 - __main__ - INFO - 📈 7d Growth: +3 followers (avg 0.4/day, est 2210 days to 1K)
2026-04-04 22:20:14 +00:00: 2026-04-04 22:20:14,944 - __main__ - INFO - 📊 Snapshot: 50 followers (+0 since last check)
2026-04-04 22:20:15 +00:00: 2026-04-04 22:20:15,095 - __main__ - INFO - 📈 24h Growth: +0 followers (50 → 50)
2026-04-04 22:20:15 +00:00: 2026-04-04 22:20:15,246 - __main__ - INFO - 📈 7d Growth: +3 followers (avg 0.4/day, est 2210 days to 1K)
2026-04-04 23:20:15 +00:00: 2026-04-04 23:20:15,946 - __main__ - INFO - 📊 Snapshot: 50 followers (+0 since last check)
2026-04-04 23:20:16 +00:00: 2026-04-04 23:20:16,097 - __main__ - INFO - 📈 24h Growth: +0 followers (50 → 50)
2026-04-04 23:20:16 +00:00: 2026-04-04 23:20:16,248 - __main__ - INFO - 📈 7d Growth: +3 followers (avg 0.4/day, est 2210 days to 1K)
2026-04-05 00:20:17 +00:00: 2026-04-05 00:20:17,024 - __main__ - INFO - 📊 Snapshot: 50 followers (+0 since last check)
2026-04-05 00:20:17 +00:00: 2026-04-05 00:20:17,175 - __main__ - INFO - 📈 24h Growth: +0 followers (50 → 50)
2026-04-05 00:20:17 +00:00: 2026-04-05 00:20:17,325 - __main__ - INFO - 📈 7d Growth: +2 followers (avg 0.3/day, est 3318 days to 1K)
2026-04-05 01:20:18 +00:00: 2026-04-05 01:20:18,129 - __main__ - INFO - 📊 Snapshot: 49 followers (-1 since last check)
2026-04-05 01:20:18 +00:00: 2026-04-05 01:20:18,280 - __main__ - INFO - 📈 24h Growth: +1 followers (49 → 50)
2026-04-05 01:20:18 +00:00: 2026-04-05 01:20:18,431 - __main__ - INFO - 📈 7d Growth: +2 followers (avg 0.3/day, est 3322 days to 1K)
2026-04-05 02:20:19 +00:00: 2026-04-05 02:20:19,334 - __main__ - INFO - 📊 Snapshot: 49 followers (+0 since last check)
2026-04-05 02:20:19 +00:00: 2026-04-05 02:20:19,487 - __main__ - INFO - 📈 24h Growth: +1 followers (49 → 50)
2026-04-05 02:20:19 +00:00: 2026-04-05 02:20:19,638 - __main__ - INFO - 📈 7d Growth: +2 followers (avg 0.3/day, est 3322 days to 1K)
2026-04-05 03:20:20 +00:00: 2026-04-05 03:20:20,493 - __main__ - INFO - 📊 Snapshot: 49 followers (+0 since last check)
2026-04-05 03:20:20 +00:00: 2026-04-05 03:20:20,645 - __main__ - INFO - 📈 24h Growth: +1 followers (49 → 50)
2026-04-05 03:20:20 +00:00: 2026-04-05 03:20:20,796 - __main__ - INFO - 📈 7d Growth: +2 followers (avg 0.3/day, est 3322 days to 1K)
2026-04-05 04:20:21 +00:00: 2026-04-05 04:20:21,628 - __main__ - INFO - 📊 Snapshot: 49 followers (+0 since last check)
2026-04-05 04:20:21 +00:00: 2026-04-05 04:20:21,779 - __main__ - INFO - 📈 24h Growth: +1 followers (49 → 50)
2026-04-05 04:20:21 +00:00: 2026-04-05 04:20:21,930 - __main__ - INFO - 📈 7d Growth: +2 followers (avg 0.3/day, est 3322 days to 1K)
2026-04-05 05:20:22 +00:00: 2026-04-05 05:20:22,678 - __main__ - INFO - 📊 Snapshot: 49 followers (+0 since last check)
2026-04-05 05:20:22 +00:00: 2026-04-05 05:20:22,829 - __main__ - INFO - 📈 24h Growth: +1 followers (49 → 50)
2026-04-05 05:20:22 +00:00: 2026-04-05 05:20:22,980 - __main__ - INFO - 📈 7d Growth: +2 followers (avg 0.3/day, est 3322 days to 1K)
2026-04-05 06:20:23 +00:00: 2026-04-05 06:20:23,822 - __main__ - INFO - 📊 Snapshot: 49 followers (+0 since last check)
2026-04-05 06:20:23 +00:00: 2026-04-05 06:20:23,973 - __main__ - INFO - 📈 24h Growth: +1 followers (49 → 50)
2026-04-05 06:20:24 +00:00: 2026-04-05 06:20:24,124 - __main__ - INFO - 📈 7d Growth: +2 followers (avg 0.3/day, est 3322 days to 1K)
2026-04-05 07:20:25 +00:00: 2026-04-05 07:20:25,054 - __main__ - INFO - 📊 Snapshot: 49 followers (+0 since last check)
2026-04-05 07:20:25 +00:00: 2026-04-05 07:20:25,208 - __main__ - INFO - 📈 24h Growth: +1 followers (49 → 50)
2026-04-05 07:20:25 +00:00: 2026-04-05 07:20:25,360 - __main__ - INFO - 📈 7d Growth: +2 followers (avg 0.3/day, est 3322 days to 1K)
2026-04-05 08:20:26 +00:00: 2026-04-05 08:20:26,279 - __main__ - INFO - 📊 Snapshot: 49 followers (+0 since last check)
2026-04-05 08:20:26 +00:00: 2026-04-05 08:20:26,430 - __main__ - INFO - 📈 24h Growth: +1 followers (49 → 50)
2026-04-05 08:20:26 +00:00: 2026-04-05 08:20:26,581 - __main__ - INFO - 📈 7d Growth: +2 followers (avg 0.3/day, est 3322 days to 1K)
2026-04-05 09:20:27 +00:00: 2026-04-05 09:20:27,443 - __main__ - INFO - 📊 Snapshot: 49 followers (+0 since last check)
2026-04-05 09:20:27 +00:00: 2026-04-05 09:20:27,597 - __main__ - INFO - 📈 24h Growth: +1 followers (49 → 50)
2026-04-05 09:20:27 +00:00: 2026-04-05 09:20:27,747 - __main__ - INFO - 📈 7d Growth: +2 followers (avg 0.3/day, est 3322 days to 1K)
2026-04-05 10:20:28 +00:00: 2026-04-05 10:20:28,456 - __main__ - INFO - 📊 Snapshot: 49 followers (+0 since last check)
2026-04-05 10:20:28 +00:00: 2026-04-05 10:20:28,607 - __main__ - INFO - 📈 24h Growth: +1 followers (49 → 50)
2026-04-05 10:20:28 +00:00: 2026-04-05 10:20:28,758 - __main__ - INFO - 📈 7d Growth: +2 followers (avg 0.3/day, est 3322 days to 1K)
2026-04-05 11:20:29 +00:00: 2026-04-05 11:20:29,549 - __main__ - INFO - 📊 Snapshot: 49 followers (+0 since last check)
2026-04-05 11:20:29 +00:00: 2026-04-05 11:20:29,701 - __main__ - INFO - 📈 24h Growth: +1 followers (49 → 50)
2026-04-05 11:20:29 +00:00: 2026-04-05 11:20:29,852 - __main__ - INFO - 📈 7d Growth: +2 followers (avg 0.3/day, est 3322 days to 1K)
2026-04-05 12:20:30 +00:00: 2026-04-05 12:20:30,682 - __main__ - INFO - 📊 Snapshot: 48 followers (-1 since last check)
2026-04-05 12:20:30 +00:00: 2026-04-05 12:20:30,834 - __main__ - INFO - 📈 24h Growth: +2 followers (48 → 50)
2026-04-05 12:20:30 +00:00: 2026-04-05 12:20:30,985 - __main__ - INFO - 📈 7d Growth: +3 followers (avg 0.4/day, est 2214 days to 1K)
2026-04-05 13:20:31 +00:00: 2026-04-05 13:20:31,814 - __main__ - INFO - 📊 Snapshot: 48 followers (+0 since last check)
2026-04-05 13:20:31 +00:00: 2026-04-05 13:20:31,965 - __main__ - INFO - 📈 24h Growth: +2 followers (48 → 50)
2026-04-05 13:20:32 +00:00: 2026-04-05 13:20:32,116 - __main__ - INFO - 📈 7d Growth: +3 followers (avg 0.4/day, est 2214 days to 1K)
2026-04-05 14:20:32 +00:00: 2026-04-05 14:20:32,961 - __main__ - INFO - 📊 Snapshot: 48 followers (+0 since last check)
2026-04-05 14:20:33 +00:00: 2026-04-05 14:20:33,112 - __main__ - INFO - 📈 24h Growth: +2 followers (48 → 50)
2026-04-05 14:20:33 +00:00: 2026-04-05 14:20:33,263 - __main__ - INFO - 📈 7d Growth: +3 followers (avg 0.4/day, est 2214 days to 1K)
2026-04-05 15:20:34 +00:00: 2026-04-05 15:20:34,027 - __main__ - INFO - 📊 Snapshot: 48 followers (+0 since last check)
2026-04-05 15:20:34 +00:00: 2026-04-05 15:20:34,178 - __main__ - INFO - 📈 24h Growth: +2 followers (48 → 50)
2026-04-05 15:20:34 +00:00: 2026-04-05 15:20:34,329 - __main__ - INFO - 📈 7d Growth: +3 followers (avg 0.4/day, est 2214 days to 1K)
2026-04-05 16:20:35 +00:00: 2026-04-05 16:20:35,127 - __main__ - INFO - 📊 Snapshot: 48 followers (+0 since last check)
2026-04-05 16:20:35 +00:00: 2026-04-05 16:20:35,279 - __main__ - INFO - 📈 24h Growth: +2 followers (48 → 50)
2026-04-05 16:20:35 +00:00: 2026-04-05 16:20:35,430 - __main__ - INFO - 📈 7d Growth: +3 followers (avg 0.4/day, est 2214 days to 1K)
2026-04-05 17:20:36 +00:00: 2026-04-05 17:20:36,217 - __main__ - INFO - 📊 Snapshot: 48 followers (+0 since last check)
2026-04-05 17:20:36 +00:00: 2026-04-05 17:20:36,368 - __main__ - INFO - 📈 24h Growth: +2 followers (48 → 50)
2026-04-05 17:20:36 +00:00: 2026-04-05 17:20:36,519 - __main__ - INFO - 📈 7d Growth: +3 followers (avg 0.4/day, est 2214 days to 1K)
2026-04-05 18:20:37 +00:00: 2026-04-05 18:20:37,329 - __main__ - INFO - 📊 Snapshot: 48 followers (+0 since last check)
2026-04-05 18:20:37 +00:00: 2026-04-05 18:20:37,481 - __main__ - INFO - 📈 24h Growth: +2 followers (48 → 50)
2026-04-05 18:20:37 +00:00: 2026-04-05 18:20:37,632 - __main__ - INFO - 📈 7d Growth: +2 followers (avg 0.3/day, est 3325 days to 1K)
2026-04-05 19:20:38 +00:00: 2026-04-05 19:20:38,517 - __main__ - INFO - 📊 Snapshot: 48 followers (+0 since last check)
2026-04-05 19:20:38 +00:00: 2026-04-05 19:20:38,668 - __main__ - INFO - 📈 24h Growth: +2 followers (48 → 50)
2026-04-05 19:20:38 +00:00: 2026-04-05 19:20:38,819 - __main__ - INFO - 📈 7d Growth: +2 followers (avg 0.3/day, est 3325 days to 1K)
2026-04-05 20:20:39 +00:00: 2026-04-05 20:20:39,665 - __main__ - INFO - 📊 Snapshot: 48 followers (+0 since last check)
2026-04-05 20:20:39 +00:00: 2026-04-05 20:20:39,816 - __main__ - INFO - 📈 24h Growth: +2 followers (48 → 50)
2026-04-05 20:20:39 +00:00: 2026-04-05 20:20:39,966 - __main__ - INFO - 📈 7d Growth: +2 followers (avg 0.3/day, est 3325 days to 1K)
2026-04-05 21:20:40 +00:00: 2026-04-05 21:20:40,674 - __main__ - INFO - 📊 Snapshot: 48 followers (+0 since last check)
2026-04-05 21:20:40 +00:00: 2026-04-05 21:20:40,824 - __main__ - INFO - 📈 24h Growth: +2 followers (48 → 50)
2026-04-05 21:20:40 +00:00: 2026-04-05 21:20:40,975 - __main__ - INFO - 📈 7d Growth: +2 followers (avg 0.3/day, est 3325 days to 1K)
2026-04-05 22:20:41 +00:00: 2026-04-05 22:20:41,794 - __main__ - INFO - 📊 Snapshot: 48 followers (+0 since last check)
2026-04-05 22:20:41 +00:00: 2026-04-05 22:20:41,947 - __main__ - INFO - 📈 24h Growth: +2 followers (48 → 50)
2026-04-05 22:20:42 +00:00: 2026-04-05 22:20:42,098 - __main__ - INFO - 📈 7d Growth: +2 followers (avg 0.3/day, est 3325 days to 1K)
2026-04-05 23:20:42 +00:00: 2026-04-05 23:20:42,921 - __main__ - INFO - 📊 Snapshot: 48 followers (+0 since last check)
2026-04-05 23:20:43 +00:00: 2026-04-05 23:20:43,072 - __main__ - INFO - 📈 24h Growth: +2 followers (48 → 50)
2026-04-05 23:20:43 +00:00: 2026-04-05 23:20:43,222 - __main__ - INFO - 📈 7d Growth: +2 followers (avg 0.3/day, est 3325 days to 1K)
2026-04-06 00:20:43 +00:00: 2026-04-06 00:20:43,946 - __main__ - INFO - 📊 Snapshot: 48 followers (+0 since last check)
2026-04-06 00:20:44 +00:00: 2026-04-06 00:20:44,103 - __main__ - INFO - 📈 24h Growth: +1 followers (48 → 49)
2026-04-06 00:20:44 +00:00: 2026-04-06 00:20:44,254 - __main__ - INFO - 📈 7d Growth: +2 followers (avg 0.3/day, est 3325 days to 1K)
2026-04-06 01:20:45 +00:00: 2026-04-06 01:20:45,134 - __main__ - INFO - 📊 Snapshot: 48 followers (+0 since last check)
2026-04-06 01:20:45 +00:00: 2026-04-06 01:20:45,285 - __main__ - INFO - 📈 24h Growth: +1 followers (48 → 49)
2026-04-06 01:20:45 +00:00: 2026-04-06 01:20:45,436 - __main__ - INFO - 📈 7d Growth: +2 followers (avg 0.3/day, est 3325 days to 1K)
2026-04-06 02:20:46 +00:00: 2026-04-06 02:20:46,234 - __main__ - INFO - 📊 Snapshot: 48 followers (+0 since last check)
2026-04-06 02:20:46 +00:00: 2026-04-06 02:20:46,385 - __main__ - INFO - 📈 24h Growth: +1 followers (48 → 49)
2026-04-06 02:20:46 +00:00: 2026-04-06 02:20:46,536 - __main__ - INFO - 📈 7d Growth: +2 followers (avg 0.3/day, est 3325 days to 1K)
2026-04-06 03:20:47 +00:00: 2026-04-06 03:20:47,405 - __main__ - INFO - 📊 Snapshot: 48 followers (+0 since last check)
2026-04-06 03:20:47 +00:00: 2026-04-06 03:20:47,556 - __main__ - INFO - 📈 24h Growth: +1 followers (48 → 49)
2026-04-06 03:20:47 +00:00: 2026-04-06 03:20:47,707 - __main__ - INFO - 📈 7d Growth: +2 followers (avg 0.3/day, est 3325 days to 1K)
2026-04-06 04:20:48 +00:00: 2026-04-06 04:20:48,573 - __main__ - INFO - 📊 Snapshot: 48 followers (+0 since last check)
2026-04-06 04:20:48 +00:00: 2026-04-06 04:20:48,724 - __main__ - INFO - 📈 24h Growth: +1 followers (48 → 49)
2026-04-06 04:20:48 +00:00: 2026-04-06 04:20:48,874 - __main__ - INFO - 📈 7d Growth: +2 followers (avg 0.3/day, est 3325 days to 1K)
2026-04-06 05:20:49 +00:00: 2026-04-06 05:20:49,664 - __main__ - INFO - 📊 Snapshot: 48 followers (+0 since last check)
2026-04-06 05:20:49 +00:00: 2026-04-06 05:20:49,815 - __main__ - INFO - 📈 24h Growth: +1 followers (48 → 49)
2026-04-06 05:20:49 +00:00: 2026-04-06 05:20:49,965 - __main__ - INFO - 📈 7d Growth: +2 followers (avg 0.3/day, est 3325 days to 1K)
2026-04-06 06:20:50 +00:00: 2026-04-06 06:20:50,751 - __main__ - INFO - 📊 Snapshot: 48 followers (+0 since last check)
2026-04-06 06:20:50 +00:00: 2026-04-06 06:20:50,904 - __main__ - INFO - 📈 24h Growth: +1 followers (48 → 49)
2026-04-06 06:20:51 +00:00: 2026-04-06 06:20:51,055 - __main__ - INFO - 📈 7d Growth: +2 followers (avg 0.3/day, est 3325 days to 1K)
2026-04-06 07:20:51 +00:00: 2026-04-06 07:20:51,814 - __main__ - INFO - 📊 Snapshot: 48 followers (+0 since last check)
2026-04-06 07:20:51 +00:00: 2026-04-06 07:20:51,965 - __main__ - INFO - 📈 24h Growth: +1 followers (48 → 49)
2026-04-06 07:20:52 +00:00: 2026-04-06 07:20:52,116 - __main__ - INFO - 📈 7d Growth: +2 followers (avg 0.3/day, est 3325 days to 1K)
2026-04-06 08:20:52 +00:00: 2026-04-06 08:20:52,941 - __main__ - INFO - 📊 Snapshot: 48 followers (+0 since last check)
2026-04-06 08:20:53 +00:00: 2026-04-06 08:20:53,092 - __main__ - INFO - 📈 24h Growth: +1 followers (48 → 49)
2026-04-06 08:20:53 +00:00: 2026-04-06 08:20:53,242 - __main__ - INFO - 📈 7d Growth: +2 followers (avg 0.3/day, est 3325 days to 1K)
2026-04-06 09:20:54 +00:00: 2026-04-06 09:20:54,124 - __main__ - INFO - 📊 Snapshot: 48 followers (+0 since last check)
2026-04-06 09:20:54 +00:00: 2026-04-06 09:20:54,275 - __main__ - INFO - 📈 24h Growth: +1 followers (48 → 49)
2026-04-06 09:20:54 +00:00: 2026-04-06 09:20:54,426 - __main__ - INFO - 📈 7d Growth: +2 followers (avg 0.3/day, est 3325 days to 1K)
2026-04-06 10:20:55 +00:00: 2026-04-06 10:20:55,951 - __main__ - INFO - 📊 Snapshot: 48 followers (+0 since last check)
2026-04-06 10:20:56 +00:00: 2026-04-06 10:20:56,102 - __main__ - INFO - 📈 24h Growth: +1 followers (48 → 49)
2026-04-06 10:20:56 +00:00: 2026-04-06 10:20:56,253 - __main__ - INFO - 📈 7d Growth: +2 followers (avg 0.3/day, est 3325 days to 1K)
2026-04-06 11:20:56 +00:00: 2026-04-06 11:20:56,947 - __main__ - INFO - 📊 Snapshot: 48 followers (+0 since last check)
2026-04-06 11:20:57 +00:00: 2026-04-06 11:20:57,098 - __main__ - INFO - 📈 24h Growth: +0 followers (48 → 48)
2026-04-06 11:20:57 +00:00: 2026-04-06 11:20:57,249 - __main__ - INFO - 📈 7d Growth: +2 followers (avg 0.3/day, est 3325 days to 1K)
2026-04-06 12:20:58 +00:00: 2026-04-06 12:20:58,134 - __main__ - INFO - 📊 Snapshot: 48 followers (+0 since last check)
2026-04-06 12:20:58 +00:00: 2026-04-06 12:20:58,288 - __main__ - INFO - 📈 24h Growth: +0 followers (48 → 48)
2026-04-06 12:20:58 +00:00: 2026-04-06 12:20:58,439 - __main__ - INFO - 📈 7d Growth: +2 followers (avg 0.3/day, est 3325 days to 1K)
2026-04-06 13:20:59 +00:00: 2026-04-06 13:20:59,266 - __main__ - INFO - 📊 Snapshot: 48 followers (+0 since last check)
2026-04-06 13:20:59 +00:00: 2026-04-06 13:20:59,421 - __main__ - INFO - 📈 24h Growth: +0 followers (48 → 48)
2026-04-06 13:20:59 +00:00: 2026-04-06 13:20:59,576 - __main__ - INFO - 📈 7d Growth: +2 followers (avg 0.3/day, est 3325 days to 1K)
2026-04-06 14:21:00 +00:00: 2026-04-06 14:21:00,322 - __main__ - INFO - 📊 Snapshot: 48 followers (+0 since last check)
2026-04-06 14:21:00 +00:00: 2026-04-06 14:21:00,473 - __main__ - INFO - 📈 24h Growth: +0 followers (48 → 48)
2026-04-06 14:21:00 +00:00: 2026-04-06 14:21:00,624 - __main__ - INFO - 📈 7d Growth: +2 followers (avg 0.3/day, est 3325 days to 1K)
2026-04-06 15:21:01 +00:00: 2026-04-06 15:21:01,535 - __main__ - INFO - 📊 Snapshot: 48 followers (+0 since last check)
2026-04-06 15:21:01 +00:00: 2026-04-06 15:21:01,686 - __main__ - INFO - 📈 24h Growth: +0 followers (48 → 48)
2026-04-06 15:21:01 +00:00: 2026-04-06 15:21:01,837 - __main__ - INFO - 📈 7d Growth: +2 followers (avg 0.3/day, est 3325 days to 1K)
2026-04-06 16:21:02 +00:00: 2026-04-06 16:21:02,590 - __main__ - INFO - 📊 Snapshot: 48 followers (+0 since last check)
2026-04-06 16:21:02 +00:00: 2026-04-06 16:21:02,742 - __main__ - INFO - 📈 24h Growth: +0 followers (48 → 48)
2026-04-06 16:21:02 +00:00: 2026-04-06 16:21:02,895 - __main__ - INFO - 📈 7d Growth: +2 followers (avg 0.3/day, est 3325 days to 1K)
2026-04-06 17:21:03 +00:00: 2026-04-06 17:21:03,620 - __main__ - INFO - 📊 Snapshot: 48 followers (+0 since last check)
2026-04-06 17:21:03 +00:00: 2026-04-06 17:21:03,771 - __main__ - INFO - 📈 24h Growth: +0 followers (48 → 48)
2026-04-06 17:21:03 +00:00: 2026-04-06 17:21:03,922 - __main__ - INFO - 📈 7d Growth: +2 followers (avg 0.3/day, est 3325 days to 1K)
2026-04-06 17:22:15 +00:00: Traceback (most recent call last):
2026-04-06 17:22:15 +00:00:   File "/home/ubuntu/openclaw/scripts/output/follower_growth_tracker.py", line 229, in <module>
2026-04-06 17:22:15 +00:00:     
2026-04-06 17:22:15 +00:00:   File "/usr/lib/python3.10/asyncio/runners.py", line 44, in run
2026-04-06 17:22:15 +00:00:     return loop.run_until_complete(main)
2026-04-06 17:22:15 +00:00:   File "/usr/lib/python3.10/asyncio/base_events.py", line 636, in run_until_complete
2026-04-06 17:22:15 +00:00:     self.run_forever()
2026-04-06 17:22:15 +00:00:   File "/usr/lib/python3.10/asyncio/base_events.py", line 603, in run_forever
2026-04-06 17:22:15 +00:00:     self._run_once()
2026-04-06 17:22:15 +00:00:   File "/usr/lib/python3.10/asyncio/base_events.py", line 1871, in _run_once
2026-04-06 17:22:15 +00:00:     event_list = self._selector.select(timeout)
2026-04-06 17:22:15 +00:00:   File "/usr/lib/python3.10/selectors.py", line 469, in select
2026-04-06 17:22:15 +00:00:     fd_event_list = self._selector.poll(timeout, max_ev)
2026-04-06 17:22:15 +00:00: KeyboardInterrupt
2026-04-06 17:22:16 +00:00: 2026-04-06 17:22:16,601 - utils.db_utils - INFO - ✅ Reconnected to PostgreSQL
2026-04-06 17:22:16 +00:00: 2026-04-06 17:22:16,602 - __main__ - INFO - ✅ Twitter API v1.1 client initialized
2026-04-06 17:22:16 +00:00: 2026-04-06 17:22:16,755 - __main__ - INFO - ✅ Growth tracking tables ready
2026-04-06 17:22:16 +00:00: 2026-04-06 17:22:16,755 - __main__ - INFO - 🚀 Follower Growth Tracker started (60min cycle)
2026-04-06 17:22:17 +00:00: 2026-04-06 17:22:17,531 - __main__ - INFO - 📊 Snapshot: 48 followers (+0 since last check)
2026-04-06 17:22:17 +00:00: 2026-04-06 17:22:17,686 - __main__ - INFO - 📈 24h Growth: +0 followers (48 → 48)
2026-04-06 17:22:17 +00:00: 2026-04-06 17:22:17,839 - __main__ - INFO - 📈 7d Growth: +2 followers (avg 0.3/day, est 3325 days to 1K)
2026-04-06 18:22:18 +00:00: 2026-04-06 18:22:18,599 - __main__ - INFO - 📊 Snapshot: 48 followers (+0 since last check)
2026-04-06 18:22:18 +00:00: 2026-04-06 18:22:18,752 - __main__ - INFO - 📈 24h Growth: +0 followers (48 → 48)
2026-04-06 18:22:18 +00:00: 2026-04-06 18:22:18,905 - __main__ - INFO - 📈 7d Growth: +2 followers (avg 0.3/day, est 3325 days to 1K)
2026-04-06 19:22:19 +00:00: 2026-04-06 19:22:19,700 - __main__ - INFO - 📊 Snapshot: 48 followers (+0 since last check)
2026-04-06 19:22:19 +00:00: 2026-04-06 19:22:19,853 - __main__ - INFO - 📈 24h Growth: +0 followers (48 → 48)
2026-04-06 19:22:20 +00:00: 2026-04-06 19:22:20,006 - __main__ - INFO - 📈 7d Growth: +2 followers (avg 0.3/day, est 3325 days to 1K)
2026-04-06 20:22:20 +00:00: 2026-04-06 20:22:20,799 - __main__ - INFO - 📊 Snapshot: 48 followers (+0 since last check)
2026-04-06 20:22:20 +00:00: 2026-04-06 20:22:20,952 - __main__ - INFO - 📈 24h Growth: +0 followers (48 → 48)
2026-04-06 20:22:21 +00:00: 2026-04-06 20:22:21,106 - __main__ - INFO - 📈 7d Growth: +2 followers (avg 0.3/day, est 3325 days to 1K)
2026-04-06 21:22:21 +00:00: 2026-04-06 21:22:21,987 - __main__ - INFO - 📊 Snapshot: 48 followers (+0 since last check)
2026-04-06 21:22:22 +00:00: 2026-04-06 21:22:22,141 - __main__ - INFO - 📈 24h Growth: +0 followers (48 → 48)
2026-04-06 21:22:22 +00:00: 2026-04-06 21:22:22,295 - __main__ - INFO - 📈 7d Growth: +2 followers (avg 0.3/day, est 3325 days to 1K)
2026-04-06 22:22:23 +00:00: 2026-04-06 22:22:23,065 - __main__ - INFO - 📊 Snapshot: 48 followers (+0 since last check)
2026-04-06 22:22:23 +00:00: 2026-04-06 22:22:23,218 - __main__ - INFO - 📈 24h Growth: +0 followers (48 → 48)
2026-04-06 22:22:23 +00:00: 2026-04-06 22:22:23,372 - __main__ - INFO - 📈 7d Growth: +2 followers (avg 0.3/day, est 3325 days to 1K)
2026-04-06 23:22:24 +00:00: 2026-04-06 23:22:24,224 - __main__ - INFO - 📊 Snapshot: 48 followers (+0 since last check)
2026-04-06 23:22:24 +00:00: 2026-04-06 23:22:24,377 - __main__ - INFO - 📈 24h Growth: +0 followers (48 → 48)
2026-04-06 23:22:24 +00:00: 2026-04-06 23:22:24,531 - __main__ - INFO - 📈 7d Growth: +2 followers (avg 0.3/day, est 3325 days to 1K)
2026-04-07 00:22:25 +00:00: 2026-04-07 00:22:25,413 - __main__ - INFO - 📊 Snapshot: 48 followers (+0 since last check)
2026-04-07 00:22:25 +00:00: 2026-04-07 00:22:25,571 - __main__ - INFO - 📈 24h Growth: +0 followers (48 → 48)
2026-04-07 00:22:25 +00:00: 2026-04-07 00:22:25,724 - __main__ - INFO - 📈 7d Growth: +2 followers (avg 0.3/day, est 3325 days to 1K)
2026-04-07 01:22:26 +00:00: 2026-04-07 01:22:26,510 - __main__ - INFO - 📊 Snapshot: 48 followers (+0 since last check)
2026-04-07 01:22:26 +00:00: 2026-04-07 01:22:26,664 - __main__ - INFO - 📈 24h Growth: +0 followers (48 → 48)
2026-04-07 01:22:26 +00:00: 2026-04-07 01:22:26,818 - __main__ - INFO - 📈 7d Growth: +2 followers (avg 0.3/day, est 3325 days to 1K)
2026-04-07 02:22:27 +00:00: 2026-04-07 02:22:27,589 - __main__ - INFO - 📊 Snapshot: 48 followers (+0 since last check)
2026-04-07 02:22:27 +00:00: 2026-04-07 02:22:27,743 - __main__ - INFO - 📈 24h Growth: +0 followers (48 → 48)
2026-04-07 02:22:27 +00:00: 2026-04-07 02:22:27,897 - __main__ - INFO - 📈 7d Growth: +2 followers (avg 0.3/day, est 3325 days to 1K)
2026-04-07 03:22:28 +00:00: 2026-04-07 03:22:28,726 - __main__ - INFO - 📊 Snapshot: 48 followers (+0 since last check)
2026-04-07 03:22:28 +00:00: 2026-04-07 03:22:28,879 - __main__ - INFO - 📈 24h Growth: +0 followers (48 → 48)
2026-04-07 03:22:29 +00:00: 2026-04-07 03:22:29,032 - __main__ - INFO - 📈 7d Growth: +2 followers (avg 0.3/day, est 3325 days to 1K)
2026-04-07 04:22:29 +00:00: 2026-04-07 04:22:29,775 - __main__ - INFO - 📊 Snapshot: 48 followers (+0 since last check)
2026-04-07 04:22:29 +00:00: 2026-04-07 04:22:29,929 - __main__ - INFO - 📈 24h Growth: +0 followers (48 → 48)
2026-04-07 04:22:30 +00:00: 2026-04-07 04:22:30,082 - __main__ - INFO - 📈 7d Growth: +2 followers (avg 0.3/day, est 3325 days to 1K)
2026-04-07 05:22:30 +00:00: 2026-04-07 05:22:30,793 - __main__ - INFO - 📊 Snapshot: 48 followers (+0 since last check)
2026-04-07 05:22:30 +00:00: 2026-04-07 05:22:30,947 - __main__ - INFO - 📈 24h Growth: +0 followers (48 → 48)
2026-04-07 05:22:31 +00:00: 2026-04-07 05:22:31,100 - __main__ - INFO - 📈 7d Growth: +2 followers (avg 0.3/day, est 3325 days to 1K)
2026-04-07 06:22:31 +00:00: 2026-04-07 06:22:31,905 - __main__ - INFO - 📊 Snapshot: 48 followers (+0 since last check)
2026-04-07 06:22:32 +00:00: 2026-04-07 06:22:32,059 - __main__ - INFO - 📈 24h Growth: +0 followers (48 → 48)
2026-04-07 06:22:32 +00:00: 2026-04-07 06:22:32,212 - __main__ - INFO - 📈 7d Growth: +2 followers (avg 0.3/day, est 3325 days to 1K)
2026-04-07 07:22:32 +00:00: 2026-04-07 07:22:32,955 - __main__ - INFO - 📊 Snapshot: 47 followers (-1 since last check)
2026-04-07 07:22:33 +00:00: 2026-04-07 07:22:33,109 - __main__ - INFO - 📈 24h Growth: +1 followers (47 → 48)
2026-04-07 07:22:33 +00:00: 2026-04-07 07:22:33,262 - __main__ - INFO - 📈 7d Growth: +3 followers (avg 0.4/day, est 2217 days to 1K)
2026-04-07 08:22:34 +00:00: 2026-04-07 08:22:34,059 - __main__ - INFO - 📊 Snapshot: 47 followers (+0 since last check)
2026-04-07 08:22:34 +00:00: 2026-04-07 08:22:34,212 - __main__ - INFO - 📈 24h Growth: +1 followers (47 → 48)
2026-04-07 08:22:34 +00:00: 2026-04-07 08:22:34,365 - __main__ - INFO - 📈 7d Growth: +3 followers (avg 0.4/day, est 2217 days to 1K)
2026-04-07 09:22:35 +00:00: 2026-04-07 09:22:35,302 - __main__ - INFO - 📊 Snapshot: 47 followers (+0 since last check)
2026-04-07 09:22:35 +00:00: 2026-04-07 09:22:35,456 - __main__ - INFO - 📈 24h Growth: +1 followers (47 → 48)
2026-04-07 09:22:35 +00:00: 2026-04-07 09:22:35,612 - __main__ - INFO - 📈 7d Growth: +3 followers (avg 0.4/day, est 2217 days to 1K)
2026-04-07 10:22:36 +00:00: 2026-04-07 10:22:36,407 - __main__ - INFO - 📊 Snapshot: 47 followers (+0 since last check)
2026-04-07 10:22:36 +00:00: 2026-04-07 10:22:36,560 - __main__ - INFO - 📈 24h Growth: +1 followers (47 → 48)
2026-04-07 10:22:36 +00:00: 2026-04-07 10:22:36,713 - __main__ - INFO - 📈 7d Growth: +3 followers (avg 0.4/day, est 2217 days to 1K)
2026-04-07 11:22:37 +00:00: 2026-04-07 11:22:37,440 - __main__ - INFO - 📊 Snapshot: 47 followers (+0 since last check)
2026-04-07 11:22:37 +00:00: 2026-04-07 11:22:37,593 - __main__ - INFO - 📈 24h Growth: +1 followers (47 → 48)
2026-04-07 11:22:37 +00:00: 2026-04-07 11:22:37,746 - __main__ - INFO - 📈 7d Growth: +3 followers (avg 0.4/day, est 2217 days to 1K)
2026-04-07 12:22:38 +00:00: 2026-04-07 12:22:38,546 - __main__ - INFO - 📊 Snapshot: 47 followers (+0 since last check)
2026-04-07 12:22:38 +00:00: 2026-04-07 12:22:38,701 - __main__ - INFO - 📈 24h Growth: +1 followers (47 → 48)
2026-04-07 12:22:38 +00:00: 2026-04-07 12:22:38,853 - __main__ - INFO - 📈 7d Growth: +3 followers (avg 0.4/day, est 2217 days to 1K)
2026-04-07 13:22:39 +00:00: 2026-04-07 13:22:39,633 - __main__ - INFO - 📊 Snapshot: 47 followers (+0 since last check)
2026-04-07 13:22:39 +00:00: 2026-04-07 13:22:39,786 - __main__ - INFO - 📈 24h Growth: +1 followers (47 → 48)
2026-04-07 13:22:39 +00:00: 2026-04-07 13:22:39,940 - __main__ - INFO - 📈 7d Growth: +3 followers (avg 0.4/day, est 2217 days to 1K)
2026-04-07 14:22:40 +00:00: 2026-04-07 14:22:40,758 - __main__ - INFO - 📊 Snapshot: 47 followers (+0 since last check)
2026-04-07 14:22:40 +00:00: 2026-04-07 14:22:40,912 - __main__ - INFO - 📈 24h Growth: +1 followers (47 → 48)
2026-04-07 14:22:41 +00:00: 2026-04-07 14:22:41,065 - __main__ - INFO - 📈 7d Growth: +3 followers (avg 0.4/day, est 2217 days to 1K)
2026-04-07 15:22:41 +00:00: 2026-04-07 15:22:41,787 - __main__ - INFO - 📊 Snapshot: 47 followers (+0 since last check)
2026-04-07 15:22:41 +00:00: 2026-04-07 15:22:41,940 - __main__ - INFO - 📈 24h Growth: +1 followers (47 → 48)
2026-04-07 15:22:42 +00:00: 2026-04-07 15:22:42,093 - __main__ - INFO - 📈 7d Growth: +3 followers (avg 0.4/day, est 2217 days to 1K)
2026-04-07 16:22:42 +00:00: 2026-04-07 16:22:42,960 - __main__ - INFO - 📊 Snapshot: 47 followers (+0 since last check)
2026-04-07 16:22:43 +00:00: 2026-04-07 16:22:43,113 - __main__ - INFO - 📈 24h Growth: +1 followers (47 → 48)
2026-04-07 16:22:43 +00:00: 2026-04-07 16:22:43,266 - __main__ - INFO - 📈 7d Growth: +3 followers (avg 0.4/day, est 2217 days to 1K)
2026-04-07 17:22:44 +00:00: 2026-04-07 17:22:44,037 - __main__ - INFO - 📊 Snapshot: 47 followers (+0 since last check)
2026-04-07 17:22:44 +00:00: 2026-04-07 17:22:44,190 - __main__ - INFO - 📈 24h Growth: +1 followers (47 → 48)
2026-04-07 17:22:44 +00:00: 2026-04-07 17:22:44,343 - __main__ - INFO - 📈 7d Growth: +3 followers (avg 0.4/day, est 2217 days to 1K)
2026-04-07 18:22:45 +00:00: 2026-04-07 18:22:45,154 - __main__ - INFO - 📊 Snapshot: 47 followers (+0 since last check)
2026-04-07 18:22:45 +00:00: 2026-04-07 18:22:45,308 - __main__ - INFO - 📈 24h Growth: +1 followers (47 → 48)
2026-04-07 18:22:45 +00:00: 2026-04-07 18:22:45,460 - __main__ - INFO - 📈 7d Growth: +3 followers (avg 0.4/day, est 2217 days to 1K)
2026-04-07 19:22:46 +00:00: 2026-04-07 19:22:46,341 - __main__ - INFO - 📊 Snapshot: 47 followers (+0 since last check)
2026-04-07 19:22:46 +00:00: 2026-04-07 19:22:46,497 - __main__ - INFO - 📈 24h Growth: +1 followers (47 → 48)
2026-04-07 19:22:46 +00:00: 2026-04-07 19:22:46,650 - __main__ - INFO - 📈 7d Growth: +3 followers (avg 0.4/day, est 2217 days to 1K)
2026-04-07 20:22:47 +00:00: 2026-04-07 20:22:47,512 - __main__ - INFO - 📊 Snapshot: 47 followers (+0 since last check)
2026-04-07 20:22:47 +00:00: 2026-04-07 20:22:47,665 - __main__ - INFO - 📈 24h Growth: +1 followers (47 → 48)
2026-04-07 20:22:47 +00:00: 2026-04-07 20:22:47,818 - __main__ - INFO - 📈 7d Growth: +3 followers (avg 0.4/day, est 2217 days to 1K)
2026-04-07 21:22:48 +00:00: 2026-04-07 21:22:48,632 - __main__ - INFO - 📊 Snapshot: 47 followers (+0 since last check)
2026-04-07 21:22:48 +00:00: 2026-04-07 21:22:48,785 - __main__ - INFO - 📈 24h Growth: +1 followers (47 → 48)
2026-04-07 21:22:48 +00:00: 2026-04-07 21:22:48,938 - __main__ - INFO - 📈 7d Growth: +3 followers (avg 0.4/day, est 2217 days to 1K)
2026-04-07 22:22:49 +00:00: 2026-04-07 22:22:49,733 - __main__ - INFO - 📊 Snapshot: 47 followers (+0 since last check)
2026-04-07 22:22:49 +00:00: 2026-04-07 22:22:49,886 - __main__ - INFO - 📈 24h Growth: +1 followers (47 → 48)
2026-04-07 22:22:50 +00:00: 2026-04-07 22:22:50,040 - __main__ - INFO - 📈 7d Growth: +3 followers (avg 0.4/day, est 2217 days to 1K)
2026-04-07 23:22:50 +00:00: 2026-04-07 23:22:50,822 - __main__ - INFO - 📊 Snapshot: 47 followers (+0 since last check)
2026-04-07 23:22:50 +00:00: 2026-04-07 23:22:50,975 - __main__ - INFO - 📈 24h Growth: +1 followers (47 → 48)
2026-04-07 23:22:51 +00:00: 2026-04-07 23:22:51,128 - __main__ - INFO - 📈 7d Growth: +3 followers (avg 0.4/day, est 2217 days to 1K)
2026-04-08 00:22:51 +00:00: 2026-04-08 00:22:51,866 - __main__ - INFO - 📊 Snapshot: 47 followers (+0 since last check)
2026-04-08 00:22:52 +00:00: 2026-04-08 00:22:52,022 - __main__ - INFO - 📈 24h Growth: +1 followers (47 → 48)
2026-04-08 00:22:52 +00:00: 2026-04-08 00:22:52,175 - __main__ - INFO - 📈 7d Growth: +3 followers (avg 0.4/day, est 2217 days to 1K)
2026-04-08 01:22:52 +00:00: 2026-04-08 01:22:52,968 - __main__ - INFO - 📊 Snapshot: 47 followers (+0 since last check)
2026-04-08 01:22:53 +00:00: 2026-04-08 01:22:53,121 - __main__ - INFO - 📈 24h Growth: +1 followers (47 → 48)
2026-04-08 01:22:53 +00:00: 2026-04-08 01:22:53,276 - __main__ - INFO - 📈 7d Growth: +3 followers (avg 0.4/day, est 2217 days to 1K)
2026-04-08 02:22:54 +00:00: 2026-04-08 02:22:54,051 - __main__ - INFO - 📊 Snapshot: 47 followers (+0 since last check)
2026-04-08 02:22:54 +00:00: 2026-04-08 02:22:54,206 - __main__ - INFO - 📈 24h Growth: +1 followers (47 → 48)
2026-04-08 02:22:54 +00:00: 2026-04-08 02:22:54,359 - __main__ - INFO - 📈 7d Growth: +3 followers (avg 0.4/day, est 2217 days to 1K)
2026-04-08 03:22:55 +00:00: 2026-04-08 03:22:55,117 - __main__ - INFO - 📊 Snapshot: 47 followers (+0 since last check)
2026-04-08 03:22:55 +00:00: 2026-04-08 03:22:55,271 - __main__ - INFO - 📈 24h Growth: +1 followers (47 → 48)
2026-04-08 03:22:55 +00:00: 2026-04-08 03:22:55,424 - __main__ - INFO - 📈 7d Growth: +3 followers (avg 0.4/day, est 2217 days to 1K)
2026-04-08 04:22:56 +00:00: 2026-04-08 04:22:56,315 - __main__ - INFO - 📊 Snapshot: 48 followers (+1 since last check)
2026-04-08 04:22:56 +00:00: 2026-04-08 04:22:56,468 - __main__ - INFO - 📈 24h Growth: +1 followers (47 → 48)
2026-04-08 04:22:56 +00:00: 2026-04-08 04:22:56,621 - __main__ - INFO - 📈 7d Growth: +3 followers (avg 0.4/day, est 2217 days to 1K)
2026-04-08 05:22:57 +00:00: 2026-04-08 05:22:57,494 - __main__ - INFO - 📊 Snapshot: 48 followers (+0 since last check)
2026-04-08 05:22:57 +00:00: 2026-04-08 05:22:57,648 - __main__ - INFO - 📈 24h Growth: +1 followers (47 → 48)
2026-04-08 05:22:57 +00:00: 2026-04-08 05:22:57,802 - __main__ - INFO - 📈 7d Growth: +3 followers (avg 0.4/day, est 2217 days to 1K)
2026-04-08 06:22:58 +00:00: 2026-04-08 06:22:58,627 - __main__ - INFO - 📊 Snapshot: 48 followers (+0 since last check)
2026-04-08 06:22:58 +00:00: 2026-04-08 06:22:58,780 - __main__ - INFO - 📈 24h Growth: +1 followers (47 → 48)
2026-04-08 06:22:58 +00:00: 2026-04-08 06:22:58,933 - __main__ - INFO - 📈 7d Growth: +3 followers (avg 0.4/day, est 2217 days to 1K)
2026-04-08 07:22:59 +00:00: 2026-04-08 07:22:59,781 - __main__ - INFO - 📊 Snapshot: 48 followers (+0 since last check)
2026-04-08 07:22:59 +00:00: 2026-04-08 07:22:59,935 - __main__ - INFO - 📈 24h Growth: +1 followers (47 → 48)
2026-04-08 07:23:00 +00:00: 2026-04-08 07:23:00,088 - __main__ - INFO - 📈 7d Growth: +3 followers (avg 0.4/day, est 2217 days to 1K)
2026-04-08 08:23:00 +00:00: 2026-04-08 08:23:00,888 - __main__ - INFO - 📊 Snapshot: 48 followers (+0 since last check)
2026-04-08 08:23:01 +00:00: 2026-04-08 08:23:01,041 - __main__ - INFO - 📈 24h Growth: +1 followers (47 → 48)
2026-04-08 08:23:01 +00:00: 2026-04-08 08:23:01,194 - __main__ - INFO - 📈 7d Growth: +3 followers (avg 0.4/day, est 2217 days to 1K)
2026-04-08 09:23:02 +00:00: 2026-04-08 09:23:02,006 - __main__ - INFO - 📊 Snapshot: 48 followers (+0 since last check)
2026-04-08 09:23:02 +00:00: 2026-04-08 09:23:02,160 - __main__ - INFO - 📈 24h Growth: +1 followers (47 → 48)
2026-04-08 09:23:02 +00:00: 2026-04-08 09:23:02,313 - __main__ - INFO - 📈 7d Growth: +3 followers (avg 0.4/day, est 2217 days to 1K)
2026-04-08 10:23:03 +00:00: 2026-04-08 10:23:03,144 - __main__ - INFO - 📊 Snapshot: 48 followers (+0 since last check)
2026-04-08 10:23:03 +00:00: 2026-04-08 10:23:03,297 - __main__ - INFO - 📈 24h Growth: +1 followers (47 → 48)
2026-04-08 10:23:03 +00:00: 2026-04-08 10:23:03,451 - __main__ - INFO - 📈 7d Growth: +3 followers (avg 0.4/day, est 2217 days to 1K)
2026-04-08 11:23:04 +00:00: 2026-04-08 11:23:04,170 - __main__ - INFO - 📊 Snapshot: 48 followers (+0 since last check)
2026-04-08 11:23:04 +00:00: 2026-04-08 11:23:04,324 - __main__ - INFO - 📈 24h Growth: +1 followers (47 → 48)
2026-04-08 11:23:04 +00:00: 2026-04-08 11:23:04,476 - __main__ - INFO - 📈 7d Growth: +3 followers (avg 0.4/day, est 2217 days to 1K)
2026-04-08 12:23:05 +00:00: 2026-04-08 12:23:05,300 - __main__ - INFO - 📊 Snapshot: 48 followers (+0 since last check)
2026-04-08 12:23:05 +00:00: 2026-04-08 12:23:05,453 - __main__ - INFO - 📈 24h Growth: +1 followers (47 → 48)
2026-04-08 12:23:05 +00:00: 2026-04-08 12:23:05,606 - __main__ - INFO - 📈 7d Growth: +3 followers (avg 0.4/day, est 2217 days to 1K)
2026-04-08 13:23:06 +00:00: 2026-04-08 13:23:06,338 - __main__ - INFO - 📊 Snapshot: 48 followers (+0 since last check)
2026-04-08 13:23:06 +00:00: 2026-04-08 13:23:06,487 - __main__ - INFO - 📈 24h Growth: +1 followers (47 → 48)
2026-04-08 13:23:06 +00:00: 2026-04-08 13:23:06,636 - __main__ - INFO - 📈 7d Growth: +3 followers (avg 0.4/day, est 2217 days to 1K)
2026-04-08 14:23:07 +00:00: 2026-04-08 14:23:07,438 - __main__ - INFO - 📊 Snapshot: 48 followers (+0 since last check)
2026-04-08 14:23:07 +00:00: 2026-04-08 14:23:07,587 - __main__ - INFO - 📈 24h Growth: +1 followers (47 → 48)
2026-04-08 14:23:07 +00:00: 2026-04-08 14:23:07,736 - __main__ - INFO - 📈 7d Growth: +3 followers (avg 0.4/day, est 2217 days to 1K)
2026-04-08 15:23:08 +00:00: 2026-04-08 15:23:08,440 - __main__ - INFO - 📊 Snapshot: 48 followers (+0 since last check)
2026-04-08 15:23:08 +00:00: 2026-04-08 15:23:08,589 - __main__ - INFO - 📈 24h Growth: +1 followers (47 → 48)
2026-04-08 15:23:08 +00:00: 2026-04-08 15:23:08,739 - __main__ - INFO - 📈 7d Growth: +3 followers (avg 0.4/day, est 2217 days to 1K)
2026-04-08 16:23:09 +00:00: 2026-04-08 16:23:09,506 - __main__ - INFO - 📊 Snapshot: 48 followers (+0 since last check)
2026-04-08 16:23:09 +00:00: 2026-04-08 16:23:09,655 - __main__ - INFO - 📈 24h Growth: +1 followers (47 → 48)
2026-04-08 16:23:09 +00:00: 2026-04-08 16:23:09,803 - __main__ - INFO - 📈 7d Growth: +3 followers (avg 0.4/day, est 2217 days to 1K)
2026-04-08 17:23:10 +00:00: 2026-04-08 17:23:10,595 - __main__ - INFO - 📊 Snapshot: 48 followers (+0 since last check)
2026-04-08 17:23:10 +00:00: 2026-04-08 17:23:10,744 - __main__ - INFO - 📈 24h Growth: +1 followers (47 → 48)
2026-04-08 17:23:10 +00:00: 2026-04-08 17:23:10,893 - __main__ - INFO - 📈 7d Growth: +3 followers (avg 0.4/day, est 2217 days to 1K)
2026-04-08 18:23:11 +00:00: 2026-04-08 18:23:11,736 - __main__ - INFO - 📊 Snapshot: 48 followers (+0 since last check)
2026-04-08 18:23:11 +00:00: 2026-04-08 18:23:11,885 - __main__ - INFO - 📈 24h Growth: +1 followers (47 → 48)
2026-04-08 18:23:12 +00:00: 2026-04-08 18:23:12,034 - __main__ - INFO - 📈 7d Growth: +3 followers (avg 0.4/day, est 2217 days to 1K)
2026-04-08 19:23:12 +00:00: 2026-04-08 19:23:12,735 - __main__ - INFO - 📊 Snapshot: 48 followers (+0 since last check)
2026-04-08 19:23:12 +00:00: 2026-04-08 19:23:12,884 - __main__ - INFO - 📈 24h Growth: +1 followers (47 → 48)
2026-04-08 19:23:13 +00:00: 2026-04-08 19:23:13,033 - __main__ - INFO - 📈 7d Growth: +3 followers (avg 0.4/day, est 2217 days to 1K)
2026-04-08 20:23:13 +00:00: 2026-04-08 20:23:13,726 - __main__ - INFO - 📊 Snapshot: 48 followers (+0 since last check)
2026-04-08 20:23:13 +00:00: 2026-04-08 20:23:13,875 - __main__ - INFO - 📈 24h Growth: +1 followers (47 → 48)
2026-04-08 20:23:14 +00:00: 2026-04-08 20:23:14,024 - __main__ - INFO - 📈 7d Growth: +3 followers (avg 0.4/day, est 2217 days to 1K)
2026-04-08 21:23:14 +00:00: 2026-04-08 21:23:14,875 - __main__ - INFO - 📊 Snapshot: 48 followers (+0 since last check)
2026-04-08 21:23:15 +00:00: 2026-04-08 21:23:15,023 - __main__ - INFO - 📈 24h Growth: +1 followers (47 → 48)
2026-04-08 21:23:15 +00:00: 2026-04-08 21:23:15,172 - __main__ - INFO - 📈 7d Growth: +3 followers (avg 0.4/day, est 2217 days to 1K)
2026-04-08 22:23:15 +00:00: 2026-04-08 22:23:15,961 - __main__ - INFO - 📊 Snapshot: 48 followers (+0 since last check)
2026-04-08 22:23:16 +00:00: 2026-04-08 22:23:16,110 - __main__ - INFO - 📈 24h Growth: +1 followers (47 → 48)
2026-04-08 22:23:16 +00:00: 2026-04-08 22:23:16,258 - __main__ - INFO - 📈 7d Growth: +3 followers (avg 0.4/day, est 2217 days to 1K)
2026-04-08 23:23:17 +00:00: 2026-04-08 23:23:17,108 - __main__ - INFO - 📊 Snapshot: 48 followers (+0 since last check)
2026-04-08 23:23:17 +00:00: 2026-04-08 23:23:17,257 - __main__ - INFO - 📈 24h Growth: +1 followers (47 → 48)
2026-04-08 23:23:17 +00:00: 2026-04-08 23:23:17,406 - __main__ - INFO - 📈 7d Growth: +3 followers (avg 0.4/day, est 2217 days to 1K)
2026-04-09 00:23:18 +00:00: 2026-04-09 00:23:18,164 - __main__ - INFO - 📊 Snapshot: 48 followers (+0 since last check)
2026-04-09 00:23:18 +00:00: 2026-04-09 00:23:18,312 - __main__ - INFO - 📈 24h Growth: +1 followers (47 → 48)
2026-04-09 00:23:18 +00:00: 2026-04-09 00:23:18,461 - __main__ - INFO - 📈 7d Growth: +3 followers (avg 0.4/day, est 2217 days to 1K)
2026-04-09 01:23:19 +00:00: 2026-04-09 01:23:19,208 - __main__ - INFO - 📊 Snapshot: 48 followers (+0 since last check)
2026-04-09 01:23:19 +00:00: 2026-04-09 01:23:19,357 - __main__ - INFO - 📈 24h Growth: +1 followers (47 → 48)
2026-04-09 01:23:19 +00:00: 2026-04-09 01:23:19,507 - __main__ - INFO - 📈 7d Growth: +3 followers (avg 0.4/day, est 2217 days to 1K)
2026-04-09 02:23:20 +00:00: 2026-04-09 02:23:20,234 - __main__ - INFO - 📊 Snapshot: 48 followers (+0 since last check)
2026-04-09 02:23:20 +00:00: 2026-04-09 02:23:20,386 - __main__ - INFO - 📈 24h Growth: +1 followers (47 → 48)
2026-04-09 02:23:20 +00:00: 2026-04-09 02:23:20,534 - __main__ - INFO - 📈 7d Growth: +3 followers (avg 0.4/day, est 2217 days to 1K)
2026-04-09 03:23:21 +00:00: 2026-04-09 03:23:21,349 - __main__ - INFO - 📊 Snapshot: 48 followers (+0 since last check)
2026-04-09 03:23:21 +00:00: 2026-04-09 03:23:21,498 - __main__ - INFO - 📈 24h Growth: +0 followers (48 → 48)
2026-04-09 03:23:21 +00:00: 2026-04-09 03:23:21,646 - __main__ - INFO - 📈 7d Growth: +3 followers (avg 0.4/day, est 2217 days to 1K)
2026-04-09 04:23:22 +00:00: 2026-04-09 04:23:22,381 - __main__ - INFO - 📊 Snapshot: 48 followers (+0 since last check)
2026-04-09 04:23:22 +00:00: 2026-04-09 04:23:22,530 - __main__ - INFO - 📈 24h Growth: +0 followers (48 → 48)
2026-04-09 04:23:22 +00:00: 2026-04-09 04:23:22,679 - __main__ - INFO - 📈 7d Growth: +3 followers (avg 0.4/day, est 2217 days to 1K)
2026-04-09 05:23:23 +00:00: 2026-04-09 05:23:23,484 - __main__ - INFO - 📊 Snapshot: 48 followers (+0 since last check)
2026-04-09 05:23:23 +00:00: 2026-04-09 05:23:23,633 - __main__ - INFO - 📈 24h Growth: +0 followers (48 → 48)
2026-04-09 05:23:23 +00:00: 2026-04-09 05:23:23,782 - __main__ - INFO - 📈 7d Growth: +3 followers (avg 0.4/day, est 2217 days to 1K)
2026-04-09 06:23:24 +00:00: 2026-04-09 06:23:24,523 - __main__ - INFO - 📊 Snapshot: 48 followers (+0 since last check)
2026-04-09 06:23:24 +00:00: 2026-04-09 06:23:24,672 - __main__ - INFO - 📈 24h Growth: +0 followers (48 → 48)
2026-04-09 06:23:24 +00:00: 2026-04-09 06:23:24,821 - __main__ - INFO - 📈 7d Growth: +3 followers (avg 0.4/day, est 2217 days to 1K)
2026-04-09 07:23:25 +00:00: 2026-04-09 07:23:25,640 - __main__ - INFO - 📊 Snapshot: 48 followers (+0 since last check)
2026-04-09 07:23:25 +00:00: 2026-04-09 07:23:25,789 - __main__ - INFO - 📈 24h Growth: +0 followers (48 → 48)
2026-04-09 07:23:25 +00:00: 2026-04-09 07:23:25,938 - __main__ - INFO - 📈 7d Growth: +3 followers (avg 0.4/day, est 2217 days to 1K)
2026-04-09 08:23:26 +00:00: 2026-04-09 08:23:26,736 - __main__ - INFO - 📊 Snapshot: 48 followers (+0 since last check)
2026-04-09 08:23:26 +00:00: 2026-04-09 08:23:26,885 - __main__ - INFO - 📈 24h Growth: +0 followers (48 → 48)
2026-04-09 08:23:27 +00:00: 2026-04-09 08:23:27,034 - __main__ - INFO - 📈 7d Growth: +3 followers (avg 0.4/day, est 2217 days to 1K)
2026-04-09 09:23:27 +00:00: 2026-04-09 09:23:27,728 - __main__ - INFO - 📊 Snapshot: 48 followers (+0 since last check)
2026-04-09 09:23:27 +00:00: 2026-04-09 09:23:27,877 - __main__ - INFO - 📈 24h Growth: +0 followers (48 → 48)
2026-04-09 09:23:28 +00:00: 2026-04-09 09:23:28,025 - __main__ - INFO - 📈 7d Growth: +3 followers (avg 0.4/day, est 2217 days to 1K)
2026-04-09 10:23:28 +00:00: 2026-04-09 10:23:28,739 - __main__ - INFO - 📊 Snapshot: 48 followers (+0 since last check)
2026-04-09 10:23:28 +00:00: 2026-04-09 10:23:28,888 - __main__ - INFO - 📈 24h Growth: +0 followers (48 → 48)
2026-04-09 10:23:29 +00:00: 2026-04-09 10:23:29,037 - __main__ - INFO - 📈 7d Growth: +3 followers (avg 0.4/day, est 2217 days to 1K)
2026-04-09 11:23:29 +00:00: 2026-04-09 11:23:29,797 - __main__ - INFO - 📊 Snapshot: 48 followers (+0 since last check)
2026-04-09 11:23:29 +00:00: 2026-04-09 11:23:29,947 - __main__ - INFO - 📈 24h Growth: +0 followers (48 → 48)
2026-04-09 11:23:30 +00:00: 2026-04-09 11:23:30,096 - __main__ - INFO - 📈 7d Growth: +3 followers (avg 0.4/day, est 2217 days to 1K)
2026-04-09 12:23:30 +00:00: 2026-04-09 12:23:30,930 - __main__ - INFO - 📊 Snapshot: 48 followers (+0 since last check)
2026-04-09 12:23:31 +00:00: 2026-04-09 12:23:31,079 - __main__ - INFO - 📈 24h Growth: +0 followers (48 → 48)
2026-04-09 12:23:31 +00:00: 2026-04-09 12:23:31,228 - __main__ - INFO - 📈 7d Growth: +3 followers (avg 0.4/day, est 2217 days to 1K)
2026-04-09 13:23:32 +00:00: 2026-04-09 13:23:32,054 - __main__ - INFO - 📊 Snapshot: 48 followers (+0 since last check)
2026-04-09 13:23:32 +00:00: 2026-04-09 13:23:32,204 - __main__ - INFO - 📈 24h Growth: +0 followers (48 → 48)
2026-04-09 13:23:32 +00:00: 2026-04-09 13:23:32,353 - __main__ - INFO - 📈 7d Growth: +3 followers (avg 0.4/day, est 2217 days to 1K)
2026-04-09 14:23:33 +00:00: 2026-04-09 14:23:33,094 - __main__ - INFO - 📊 Snapshot: 48 followers (+0 since last check)
2026-04-09 14:23:33 +00:00: 2026-04-09 14:23:33,249 - __main__ - INFO - 📈 24h Growth: +0 followers (48 → 48)
2026-04-09 14:23:33 +00:00: 2026-04-09 14:23:33,403 - __main__ - INFO - 📈 7d Growth: +3 followers (avg 0.4/day, est 2217 days to 1K)
2026-04-09 15:23:34 +00:00: 2026-04-09 15:23:34,182 - __main__ - INFO - 📊 Snapshot: 48 followers (+0 since last check)
2026-04-09 15:23:34 +00:00: 2026-04-09 15:23:34,336 - __main__ - INFO - 📈 24h Growth: +0 followers (48 → 48)
2026-04-09 15:23:34 +00:00: 2026-04-09 15:23:34,489 - __main__ - INFO - 📈 7d Growth: +3 followers (avg 0.4/day, est 2217 days to 1K)
2026-04-09 16:23:35 +00:00: 2026-04-09 16:23:35,256 - __main__ - INFO - 📊 Snapshot: 48 followers (+0 since last check)
2026-04-09 16:23:35 +00:00: 2026-04-09 16:23:35,410 - __main__ - INFO - 📈 24h Growth: +0 followers (48 → 48)
2026-04-09 16:23:35 +00:00: 2026-04-09 16:23:35,564 - __main__ - INFO - 📈 7d Growth: +3 followers (avg 0.4/day, est 2217 days to 1K)
2026-04-09 17:23:36 +00:00: 2026-04-09 17:23:36,389 - __main__ - INFO - 📊 Snapshot: 48 followers (+0 since last check)
2026-04-09 17:23:36 +00:00: 2026-04-09 17:23:36,542 - __main__ - INFO - 📈 24h Growth: +0 followers (48 → 48)
2026-04-09 17:23:36 +00:00: 2026-04-09 17:23:36,695 - __main__ - INFO - 📈 7d Growth: +3 followers (avg 0.4/day, est 2217 days to 1K)
2026-04-09 18:23:37 +00:00: 2026-04-09 18:23:37,501 - __main__ - INFO - 📊 Snapshot: 48 followers (+0 since last check)
2026-04-09 18:23:37 +00:00: 2026-04-09 18:23:37,659 - __main__ - INFO - 📈 24h Growth: +0 followers (48 → 48)
2026-04-09 18:23:37 +00:00: 2026-04-09 18:23:37,817 - __main__ - INFO - 📈 7d Growth: +3 followers (avg 0.4/day, est 2217 days to 1K)
2026-04-09 19:23:38 +00:00: 2026-04-09 19:23:38,615 - __main__ - INFO - 📊 Snapshot: 48 followers (+0 since last check)
2026-04-09 19:23:38 +00:00: 2026-04-09 19:23:38,770 - __main__ - INFO - 📈 24h Growth: +0 followers (48 → 48)
2026-04-09 19:23:38 +00:00: 2026-04-09 19:23:38,924 - __main__ - INFO - 📈 7d Growth: +3 followers (avg 0.4/day, est 2217 days to 1K)
2026-04-09 20:23:39 +00:00: 2026-04-09 20:23:39,704 - __main__ - INFO - 📊 Snapshot: 48 followers (+0 since last check)
2026-04-09 20:23:39 +00:00: 2026-04-09 20:23:39,860 - __main__ - INFO - 📈 24h Growth: +0 followers (48 → 48)
2026-04-09 20:23:40 +00:00: 2026-04-09 20:23:40,016 - __main__ - INFO - 📈 7d Growth: +3 followers (avg 0.4/day, est 2217 days to 1K)
2026-04-09 21:23:40 +00:00: 2026-04-09 21:23:40,777 - __main__ - INFO - 📊 Snapshot: 47 followers (-1 since last check)
2026-04-09 21:23:40 +00:00: 2026-04-09 21:23:40,935 - __main__ - INFO - 📈 24h Growth: +1 followers (47 → 48)
2026-04-09 21:23:41 +00:00: 2026-04-09 21:23:41,092 - __main__ - INFO - 📈 7d Growth: +3 followers (avg 0.4/day, est 2217 days to 1K)
2026-04-09 22:23:41 +00:00: 2026-04-09 22:23:41,899 - __main__ - INFO - 📊 Snapshot: 47 followers (+0 since last check)
2026-04-09 22:23:42 +00:00: 2026-04-09 22:23:42,055 - __main__ - INFO - 📈 24h Growth: +1 followers (47 → 48)
2026-04-09 22:23:42 +00:00: 2026-04-09 22:23:42,211 - __main__ - INFO - 📈 7d Growth: +3 followers (avg 0.4/day, est 2217 days to 1K)
2026-04-09 23:23:43 +00:00: 2026-04-09 23:23:43,000 - __main__ - INFO - 📊 Snapshot: 47 followers (+0 since last check)
2026-04-09 23:23:43 +00:00: 2026-04-09 23:23:43,156 - __main__ - INFO - 📈 24h Growth: +1 followers (47 → 48)
2026-04-09 23:23:43 +00:00: 2026-04-09 23:23:43,312 - __main__ - INFO - 📈 7d Growth: +3 followers (avg 0.4/day, est 2217 days to 1K)
2026-04-10 00:23:44 +00:00: 2026-04-10 00:23:44,096 - __main__ - INFO - 📊 Snapshot: 47 followers (+0 since last check)
2026-04-10 00:23:44 +00:00: 2026-04-10 00:23:44,252 - __main__ - INFO - 📈 24h Growth: +1 followers (47 → 48)
2026-04-10 00:23:44 +00:00: 2026-04-10 00:23:44,408 - __main__ - INFO - 📈 7d Growth: +3 followers (avg 0.4/day, est 2217 days to 1K)
2026-04-10 01:23:45 +00:00: 2026-04-10 01:23:45,261 - __main__ - INFO - 📊 Snapshot: 47 followers (+0 since last check)
2026-04-10 01:23:45 +00:00: 2026-04-10 01:23:45,419 - __main__ - INFO - 📈 24h Growth: +1 followers (47 → 48)
2026-04-10 01:23:45 +00:00: 2026-04-10 01:23:45,576 - __main__ - INFO - 📈 7d Growth: +3 followers (avg 0.4/day, est 2217 days to 1K)
2026-04-10 02:23:46 +00:00: 2026-04-10 02:23:46,354 - __main__ - INFO - 📊 Snapshot: 47 followers (+0 since last check)
2026-04-10 02:23:46 +00:00: 2026-04-10 02:23:46,510 - __main__ - INFO - 📈 24h Growth: +1 followers (47 → 48)
2026-04-10 02:23:46 +00:00: 2026-04-10 02:23:46,667 - __main__ - INFO - 📈 7d Growth: +3 followers (avg 0.4/day, est 2217 days to 1K)
2026-04-10 03:23:47 +00:00: 2026-04-10 03:23:47,454 - __main__ - INFO - 📊 Snapshot: 47 followers (+0 since last check)
2026-04-10 03:23:47 +00:00: 2026-04-10 03:23:47,610 - __main__ - INFO - 📈 24h Growth: +1 followers (47 → 48)
2026-04-10 03:23:47 +00:00: 2026-04-10 03:23:47,767 - __main__ - INFO - 📈 7d Growth: +3 followers (avg 0.4/day, est 2217 days to 1K)
2026-04-10 04:23:48 +00:00: 2026-04-10 04:23:48,580 - __main__ - INFO - 📊 Snapshot: 47 followers (+0 since last check)
2026-04-10 04:23:48 +00:00: 2026-04-10 04:23:48,735 - __main__ - INFO - 📈 24h Growth: +1 followers (47 → 48)
2026-04-10 04:23:48 +00:00: 2026-04-10 04:23:48,889 - __main__ - INFO - 📈 7d Growth: +3 followers (avg 0.4/day, est 2217 days to 1K)
2026-04-10 05:23:49 +00:00: 2026-04-10 05:23:49,780 - __main__ - INFO - 📊 Snapshot: 47 followers (+0 since last check)
2026-04-10 05:23:49 +00:00: 2026-04-10 05:23:49,938 - __main__ - INFO - 📈 24h Growth: +1 followers (47 → 48)
2026-04-10 05:23:50 +00:00: 2026-04-10 05:23:50,095 - __main__ - INFO - 📈 7d Growth: +3 followers (avg 0.4/day, est 2217 days to 1K)
2026-04-10 06:23:50 +00:00: 2026-04-10 06:23:50,852 - __main__ - INFO - 📊 Snapshot: 47 followers (+0 since last check)
2026-04-10 06:23:51 +00:00: 2026-04-10 06:23:51,011 - __main__ - INFO - 📈 24h Growth: +1 followers (47 → 48)
2026-04-10 06:23:51 +00:00: 2026-04-10 06:23:51,171 - __main__ - INFO - 📈 7d Growth: +3 followers (avg 0.4/day, est 2217 days to 1K)
2026-04-10 07:23:51 +00:00: 2026-04-10 07:23:51,986 - __main__ - INFO - 📊 Snapshot: 47 followers (+0 since last check)
2026-04-10 07:23:52 +00:00: 2026-04-10 07:23:52,141 - __main__ - INFO - 📈 24h Growth: +1 followers (47 → 48)
2026-04-10 07:23:52 +00:00: 2026-04-10 07:23:52,296 - __main__ - INFO - 📈 7d Growth: +3 followers (avg 0.4/day, est 2217 days to 1K)
2026-04-10 08:23:53 +00:00: 2026-04-10 08:23:53,050 - __main__ - INFO - 📊 Snapshot: 47 followers (+0 since last check)
2026-04-10 08:23:53 +00:00: 2026-04-10 08:23:53,205 - __main__ - INFO - 📈 24h Growth: +1 followers (47 → 48)
2026-04-10 08:23:53 +00:00: 2026-04-10 08:23:53,359 - __main__ - INFO - 📈 7d Growth: +3 followers (avg 0.4/day, est 2217 days to 1K)
2026-04-10 09:23:54 +00:00: 2026-04-10 09:23:54,166 - __main__ - INFO - 📊 Snapshot: 47 followers (+0 since last check)
2026-04-10 09:23:54 +00:00: 2026-04-10 09:23:54,323 - __main__ - INFO - 📈 24h Growth: +1 followers (47 → 48)
2026-04-10 09:23:54 +00:00: 2026-04-10 09:23:54,481 - __main__ - INFO - 📈 7d Growth: +3 followers (avg 0.4/day, est 2217 days to 1K)
2026-04-10 10:23:55 +00:00: 2026-04-10 10:23:55,258 - __main__ - INFO - 📊 Snapshot: 47 followers (+0 since last check)
2026-04-10 10:23:55 +00:00: 2026-04-10 10:23:55,416 - __main__ - INFO - 📈 24h Growth: +1 followers (47 → 48)
2026-04-10 10:23:55 +00:00: 2026-04-10 10:23:55,574 - __main__ - INFO - 📈 7d Growth: +3 followers (avg 0.4/day, est 2217 days to 1K)
2026-04-10 11:23:56 +00:00: 2026-04-10 11:23:56,439 - __main__ - INFO - 📊 Snapshot: 47 followers (+0 since last check)
2026-04-10 11:23:56 +00:00: 2026-04-10 11:23:56,596 - __main__ - INFO - 📈 24h Growth: +1 followers (47 → 48)
2026-04-10 11:23:56 +00:00: 2026-04-10 11:23:56,752 - __main__ - INFO - 📈 7d Growth: +3 followers (avg 0.4/day, est 2217 days to 1K)
2026-04-10 12:23:57 +00:00: 2026-04-10 12:23:57,459 - __main__ - INFO - 📊 Snapshot: 47 followers (+0 since last check)
2026-04-10 12:23:57 +00:00: 2026-04-10 12:23:57,614 - __main__ - INFO - 📈 24h Growth: +1 followers (47 → 48)
2026-04-10 12:23:57 +00:00: 2026-04-10 12:23:57,770 - __main__ - INFO - 📈 7d Growth: +3 followers (avg 0.4/day, est 2217 days to 1K)
2026-04-10 13:23:58 +00:00: 2026-04-10 13:23:58,559 - __main__ - INFO - 📊 Snapshot: 47 followers (+0 since last check)
2026-04-10 13:23:58 +00:00: 2026-04-10 13:23:58,715 - __main__ - INFO - 📈 24h Growth: +1 followers (47 → 48)
2026-04-10 13:23:58 +00:00: 2026-04-10 13:23:58,872 - __main__ - INFO - 📈 7d Growth: +3 followers (avg 0.4/day, est 2217 days to 1K)
2026-04-10 14:23:59 +00:00: 2026-04-10 14:23:59,670 - __main__ - INFO - 📊 Snapshot: 47 followers (+0 since last check)
2026-04-10 14:23:59 +00:00: 2026-04-10 14:23:59,827 - __main__ - INFO - 📈 24h Growth: +1 followers (47 → 48)
2026-04-10 14:23:59 +00:00: 2026-04-10 14:23:59,984 - __main__ - INFO - 📈 7d Growth: +3 followers (avg 0.4/day, est 2217 days to 1K)
2026-04-10 15:24:00 +00:00: 2026-04-10 15:24:00,699 - __main__ - INFO - 📊 Snapshot: 47 followers (+0 since last check)
2026-04-10 15:24:00 +00:00: 2026-04-10 15:24:00,856 - __main__ - INFO - 📈 24h Growth: +1 followers (47 → 48)
2026-04-10 15:24:01 +00:00: 2026-04-10 15:24:01,013 - __main__ - INFO - 📈 7d Growth: +3 followers (avg 0.4/day, est 2217 days to 1K)
2026-04-10 16:24:01 +00:00: 2026-04-10 16:24:01,832 - __main__ - INFO - 📊 Snapshot: 47 followers (+0 since last check)
2026-04-10 16:24:01 +00:00: 2026-04-10 16:24:01,989 - __main__ - INFO - 📈 24h Growth: +1 followers (47 → 48)
2026-04-10 16:24:02 +00:00: 2026-04-10 16:24:02,145 - __main__ - INFO - 📈 7d Growth: +3 followers (avg 0.4/day, est 2217 days to 1K)
2026-04-10 17:24:02 +00:00: 2026-04-10 17:24:02,950 - __main__ - INFO - 📊 Snapshot: 47 followers (+0 since last check)
2026-04-10 17:24:03 +00:00: 2026-04-10 17:24:03,104 - __main__ - INFO - 📈 24h Growth: +1 followers (47 → 48)
2026-04-10 17:24:03 +00:00: 2026-04-10 17:24:03,259 - __main__ - INFO - 📈 7d Growth: +3 followers (avg 0.4/day, est 2217 days to 1K)
2026-04-10 18:24:04 +00:00: 2026-04-10 18:24:04,018 - __main__ - INFO - 📊 Snapshot: 47 followers (+0 since last check)
2026-04-10 18:24:04 +00:00: 2026-04-10 18:24:04,176 - __main__ - INFO - 📈 24h Growth: +1 followers (47 → 48)
2026-04-10 18:24:04 +00:00: 2026-04-10 18:24:04,333 - __main__ - INFO - 📈 7d Growth: +3 followers (avg 0.4/day, est 2217 days to 1K)
2026-04-10 19:24:05 +00:00: 2026-04-10 19:24:05,159 - __main__ - INFO - 📊 Snapshot: 47 followers (+0 since last check)
2026-04-10 19:24:05 +00:00: 2026-04-10 19:24:05,316 - __main__ - INFO - 📈 24h Growth: +1 followers (47 → 48)
2026-04-10 19:24:05 +00:00: 2026-04-10 19:24:05,472 - __main__ - INFO - 📈 7d Growth: +3 followers (avg 0.4/day, est 2217 days to 1K)
2026-04-10 20:24:06 +00:00: 2026-04-10 20:24:06,271 - __main__ - INFO - 📊 Snapshot: 47 followers (+0 since last check)
2026-04-10 20:24:06 +00:00: 2026-04-10 20:24:06,429 - __main__ - INFO - 📈 24h Growth: +0 followers (47 → 47)
2026-04-10 20:24:06 +00:00: 2026-04-10 20:24:06,586 - __main__ - INFO - 📈 7d Growth: +3 followers (avg 0.4/day, est 2217 days to 1K)
2026-04-10 21:24:07 +00:00: 2026-04-10 21:24:07,319 - __main__ - INFO - 📊 Snapshot: 47 followers (+0 since last check)
2026-04-10 21:24:07 +00:00: 2026-04-10 21:24:07,474 - __main__ - INFO - 📈 24h Growth: +0 followers (47 → 47)
2026-04-10 21:24:07 +00:00: 2026-04-10 21:24:07,629 - __main__ - INFO - 📈 7d Growth: +3 followers (avg 0.4/day, est 2217 days to 1K)
2026-04-10 22:24:08 +00:00: 2026-04-10 22:24:08,427 - __main__ - INFO - 📊 Snapshot: 47 followers (+0 since last check)
2026-04-10 22:24:08 +00:00: 2026-04-10 22:24:08,584 - __main__ - INFO - 📈 24h Growth: +0 followers (47 → 47)
2026-04-10 22:24:08 +00:00: 2026-04-10 22:24:08,742 - __main__ - INFO - 📈 7d Growth: +3 followers (avg 0.4/day, est 2217 days to 1K)
2026-04-10 23:24:09 +00:00: 2026-04-10 23:24:09,562 - __main__ - INFO - 📊 Snapshot: 47 followers (+0 since last check)
2026-04-10 23:24:09 +00:00: 2026-04-10 23:24:09,723 - __main__ - INFO - 📈 24h Growth: +0 followers (47 → 47)
2026-04-10 23:24:09 +00:00: 2026-04-10 23:24:09,885 - __main__ - INFO - 📈 7d Growth: +3 followers (avg 0.4/day, est 2217 days to 1K)
2026-04-11 00:24:10 +00:00: 2026-04-11 00:24:10,798 - __main__ - INFO - 📊 Snapshot: 47 followers (+0 since last check)
2026-04-11 00:24:10 +00:00: 2026-04-11 00:24:10,955 - __main__ - INFO - 📈 24h Growth: +0 followers (47 → 47)
2026-04-11 00:24:11 +00:00: 2026-04-11 00:24:11,112 - __main__ - INFO - 📈 7d Growth: +3 followers (avg 0.4/day, est 2217 days to 1K)
2026-04-11 01:24:11 +00:00: 2026-04-11 01:24:11,925 - __main__ - INFO - 📊 Snapshot: 47 followers (+0 since last check)
2026-04-11 01:24:12 +00:00: 2026-04-11 01:24:12,083 - __main__ - INFO - 📈 24h Growth: +0 followers (47 → 47)
2026-04-11 01:24:12 +00:00: 2026-04-11 01:24:12,241 - __main__ - INFO - 📈 7d Growth: +3 followers (avg 0.4/day, est 2217 days to 1K)
2026-04-11 02:24:13 +00:00: 2026-04-11 02:24:13,064 - __main__ - INFO - 📊 Snapshot: 47 followers (+0 since last check)
2026-04-11 02:24:13 +00:00: 2026-04-11 02:24:13,222 - __main__ - INFO - 📈 24h Growth: +0 followers (47 → 47)
2026-04-11 02:24:13 +00:00: 2026-04-11 02:24:13,381 - __main__ - INFO - 📈 7d Growth: +3 followers (avg 0.4/day, est 2217 days to 1K)
2026-04-11 03:24:14 +00:00: 2026-04-11 03:24:14,123 - __main__ - INFO - 📊 Snapshot: 47 followers (+0 since last check)
2026-04-11 03:24:14 +00:00: 2026-04-11 03:24:14,279 - __main__ - INFO - 📈 24h Growth: +0 followers (47 → 47)
2026-04-11 03:24:14 +00:00: 2026-04-11 03:24:14,435 - __main__ - INFO - 📈 7d Growth: +3 followers (avg 0.4/day, est 2217 days to 1K)
2026-04-11 04:24:15 +00:00: 2026-04-11 04:24:15,244 - __main__ - INFO - 📊 Snapshot: 47 followers (+0 since last check)
2026-04-11 04:24:15 +00:00: 2026-04-11 04:24:15,400 - __main__ - INFO - 📈 24h Growth: +0 followers (47 → 47)
2026-04-11 04:24:15 +00:00: 2026-04-11 04:24:15,557 - __main__ - INFO - 📈 7d Growth: +3 followers (avg 0.4/day, est 2217 days to 1K)
2026-04-11 05:24:16 +00:00: 2026-04-11 05:24:16,386 - __main__ - INFO - 📊 Snapshot: 47 followers (+0 since last check)
2026-04-11 05:24:16 +00:00: 2026-04-11 05:24:16,543 - __main__ - INFO - 📈 24h Growth: +0 followers (47 → 47)
2026-04-11 05:24:16 +00:00: 2026-04-11 05:24:16,703 - __main__ - INFO - 📈 7d Growth: +3 followers (avg 0.4/day, est 2217 days to 1K)
2026-04-11 06:24:17 +00:00: 2026-04-11 06:24:17,635 - __main__ - INFO - 📊 Snapshot: 47 followers (+0 since last check)
2026-04-11 06:24:17 +00:00: 2026-04-11 06:24:17,791 - __main__ - INFO - 📈 24h Growth: +0 followers (47 → 47)
2026-04-11 06:24:17 +00:00: 2026-04-11 06:24:17,948 - __main__ - INFO - 📈 7d Growth: +3 followers (avg 0.4/day, est 2217 days to 1K)
2026-04-11 07:24:18 +00:00: 2026-04-11 07:24:18,754 - __main__ - INFO - 📊 Snapshot: 47 followers (+0 since last check)
2026-04-11 07:24:18 +00:00: 2026-04-11 07:24:18,911 - __main__ - INFO - 📈 24h Growth: +0 followers (47 → 47)
2026-04-11 07:24:19 +00:00: 2026-04-11 07:24:19,067 - __main__ - INFO - 📈 7d Growth: +3 followers (avg 0.4/day, est 2217 days to 1K)
2026-04-11 08:24:19 +00:00: 2026-04-11 08:24:19,990 - __main__ - INFO - 📊 Snapshot: 47 followers (+0 since last check)
2026-04-11 08:24:20 +00:00: 2026-04-11 08:24:20,148 - __main__ - INFO - 📈 24h Growth: +0 followers (47 → 47)
2026-04-11 08:24:20 +00:00: 2026-04-11 08:24:20,306 - __main__ - INFO - 📈 7d Growth: +3 followers (avg 0.4/day, est 2217 days to 1K)
2026-04-11 09:24:21 +00:00: 2026-04-11 09:24:21,132 - __main__ - INFO - 📊 Snapshot: 47 followers (+0 since last check)
2026-04-11 09:24:21 +00:00: 2026-04-11 09:24:21,290 - __main__ - INFO - 📈 24h Growth: +0 followers (47 → 47)
2026-04-11 09:24:21 +00:00: 2026-04-11 09:24:21,447 - __main__ - INFO - 📈 7d Growth: +3 followers (avg 0.4/day, est 2217 days to 1K)
2026-04-11 10:24:22 +00:00: 2026-04-11 10:24:22,300 - __main__ - INFO - 📊 Snapshot: 47 followers (+0 since last check)
2026-04-11 10:24:22 +00:00: 2026-04-11 10:24:22,454 - __main__ - INFO - 📈 24h Growth: +0 followers (47 → 47)
2026-04-11 10:24:22 +00:00: 2026-04-11 10:24:22,610 - __main__ - INFO - 📈 7d Growth: +3 followers (avg 0.4/day, est 2217 days to 1K)
2026-04-11 11:24:23 +00:00: 2026-04-11 11:24:23,407 - __main__ - INFO - 📊 Snapshot: 47 followers (+0 since last check)
2026-04-11 11:24:23 +00:00: 2026-04-11 11:24:23,564 - __main__ - INFO - 📈 24h Growth: +0 followers (47 → 47)
2026-04-11 11:24:23 +00:00: 2026-04-11 11:24:23,724 - __main__ - INFO - 📈 7d Growth: +3 followers (avg 0.4/day, est 2217 days to 1K)
2026-04-11 12:24:24 +00:00: 2026-04-11 12:24:24,534 - __main__ - INFO - 📊 Snapshot: 47 followers (+0 since last check)
2026-04-11 12:24:24 +00:00: 2026-04-11 12:24:24,691 - __main__ - INFO - 📈 24h Growth: +0 followers (47 → 47)
2026-04-11 12:24:24 +00:00: 2026-04-11 12:24:24,848 - __main__ - INFO - 📈 7d Growth: +3 followers (avg 0.4/day, est 2217 days to 1K)
2026-04-11 13:24:25 +00:00: 2026-04-11 13:24:25,651 - __main__ - INFO - 📊 Snapshot: 47 followers (+0 since last check)
2026-04-11 13:24:25 +00:00: 2026-04-11 13:24:25,809 - __main__ - INFO - 📈 24h Growth: +0 followers (47 → 47)
2026-04-11 13:24:25 +00:00: 2026-04-11 13:24:25,968 - __main__ - INFO - 📈 7d Growth: +3 followers (avg 0.4/day, est 2217 days to 1K)
2026-04-11 14:24:26 +00:00: 2026-04-11 14:24:26,812 - __main__ - INFO - 📊 Snapshot: 47 followers (+0 since last check)
2026-04-11 14:24:26 +00:00: 2026-04-11 14:24:26,967 - __main__ - INFO - 📈 24h Growth: +0 followers (47 → 47)
2026-04-11 14:24:27 +00:00: 2026-04-11 14:24:27,121 - __main__ - INFO - 📈 7d Growth: +3 followers (avg 0.4/day, est 2217 days to 1K)
2026-04-11 15:24:27 +00:00: 2026-04-11 15:24:27,839 - __main__ - INFO - 📊 Snapshot: 47 followers (+0 since last check)
2026-04-11 15:24:27 +00:00: 2026-04-11 15:24:27,996 - __main__ - INFO - 📈 24h Growth: +0 followers (47 → 47)
2026-04-11 15:24:28 +00:00: 2026-04-11 15:24:28,153 - __main__ - INFO - 📈 7d Growth: +3 followers (avg 0.4/day, est 2217 days to 1K)
2026-04-11 16:24:28 +00:00: 2026-04-11 16:24:28,988 - __main__ - INFO - 📊 Snapshot: 47 followers (+0 since last check)
2026-04-11 16:24:29 +00:00: 2026-04-11 16:24:29,148 - __main__ - INFO - 📈 24h Growth: +0 followers (47 → 47)
2026-04-11 16:24:29 +00:00: 2026-04-11 16:24:29,303 - __main__ - INFO - 📈 7d Growth: +3 followers (avg 0.4/day, est 2217 days to 1K)
2026-04-11 17:24:30 +00:00: 2026-04-11 17:24:30,071 - __main__ - INFO - 📊 Snapshot: 47 followers (+0 since last check)
2026-04-11 17:24:30 +00:00: 2026-04-11 17:24:30,227 - __main__ - INFO - 📈 24h Growth: +0 followers (47 → 47)
2026-04-11 17:24:30 +00:00: 2026-04-11 17:24:30,384 - __main__ - INFO - 📈 7d Growth: +3 followers (avg 0.4/day, est 2217 days to 1K)
2026-04-11 18:24:31 +00:00: 2026-04-11 18:24:31,103 - __main__ - INFO - 📊 Snapshot: 47 followers (+0 since last check)
2026-04-11 18:24:31 +00:00: 2026-04-11 18:24:31,260 - __main__ - INFO - 📈 24h Growth: +0 followers (47 → 47)
2026-04-11 18:24:31 +00:00: 2026-04-11 18:24:31,416 - __main__ - INFO - 📈 7d Growth: +3 followers (avg 0.4/day, est 2217 days to 1K)
2026-04-11 19:24:32 +00:00: 2026-04-11 19:24:32,358 - __main__ - INFO - 📊 Snapshot: 47 followers (+0 since last check)
2026-04-11 19:24:32 +00:00: 2026-04-11 19:24:32,513 - __main__ - INFO - 📈 24h Growth: +0 followers (47 → 47)
2026-04-11 19:24:32 +00:00: 2026-04-11 19:24:32,668 - __main__ - INFO - 📈 7d Growth: +3 followers (avg 0.4/day, est 2217 days to 1K)
2026-04-11 20:24:33 +00:00: 2026-04-11 20:24:33,481 - __main__ - INFO - 📊 Snapshot: 47 followers (+0 since last check)
2026-04-11 20:24:33 +00:00: 2026-04-11 20:24:33,635 - __main__ - INFO - 📈 24h Growth: +0 followers (47 → 47)
2026-04-11 20:24:33 +00:00: 2026-04-11 20:24:33,790 - __main__ - INFO - 📈 7d Growth: +3 followers (avg 0.4/day, est 2217 days to 1K)
2026-04-11 21:24:34 +00:00: 2026-04-11 21:24:34,616 - __main__ - INFO - 📊 Snapshot: 47 followers (+0 since last check)
2026-04-11 21:24:34 +00:00: 2026-04-11 21:24:34,773 - __main__ - INFO - 📈 24h Growth: +0 followers (47 → 47)
2026-04-11 21:24:34 +00:00: 2026-04-11 21:24:34,930 - __main__ - INFO - 📈 7d Growth: +3 followers (avg 0.4/day, est 2217 days to 1K)
2026-04-11 22:24:36 +00:00: 2026-04-11 22:24:36,041 - __main__ - INFO - 📊 Snapshot: 47 followers (+0 since last check)
2026-04-11 22:24:36 +00:00: 2026-04-11 22:24:36,199 - __main__ - INFO - 📈 24h Growth: +0 followers (47 → 47)
2026-04-11 22:24:36 +00:00: 2026-04-11 22:24:36,355 - __main__ - INFO - 📈 7d Growth: +3 followers (avg 0.4/day, est 2217 days to 1K)
2026-04-11 23:24:37 +00:00: 2026-04-11 23:24:37,112 - __main__ - INFO - 📊 Snapshot: 46 followers (-1 since last check)
2026-04-11 23:24:37 +00:00: 2026-04-11 23:24:37,269 - __main__ - INFO - 📈 24h Growth: +1 followers (46 → 47)
2026-04-11 23:24:37 +00:00: 2026-04-11 23:24:37,427 - __main__ - INFO - 📈 7d Growth: +4 followers (avg 0.6/day, est 1662 days to 1K)
2026-04-12 00:24:38 +00:00: 2026-04-12 00:24:38,291 - __main__ - INFO - 📊 Snapshot: 46 followers (+0 since last check)
2026-04-12 00:24:38 +00:00: 2026-04-12 00:24:38,449 - __main__ - INFO - 📈 24h Growth: +1 followers (46 → 47)
2026-04-12 00:24:38 +00:00: 2026-04-12 00:24:38,606 - __main__ - INFO - 📈 7d Growth: +3 followers (avg 0.4/day, est 2219 days to 1K)
2026-04-12 01:24:39 +00:00: 2026-04-12 01:24:39,485 - __main__ - INFO - 📊 Snapshot: 46 followers (+0 since last check)
2026-04-12 01:24:39 +00:00: 2026-04-12 01:24:39,640 - __main__ - INFO - 📈 24h Growth: +1 followers (46 → 47)
2026-04-12 01:24:39 +00:00: 2026-04-12 01:24:39,794 - __main__ - INFO - 📈 7d Growth: +3 followers (avg 0.4/day, est 2219 days to 1K)
2026-04-12 02:24:40 +00:00: 2026-04-12 02:24:40,609 - __main__ - INFO - 📊 Snapshot: 46 followers (+0 since last check)
2026-04-12 02:24:40 +00:00: 2026-04-12 02:24:40,766 - __main__ - INFO - 📈 24h Growth: +1 followers (46 → 47)
2026-04-12 02:24:40 +00:00: 2026-04-12 02:24:40,924 - __main__ - INFO - 📈 7d Growth: +3 followers (avg 0.4/day, est 2219 days to 1K)
2026-04-12 03:24:41 +00:00: 2026-04-12 03:24:41,640 - __main__ - INFO - 📊 Snapshot: 46 followers (+0 since last check)
2026-04-12 03:24:41 +00:00: 2026-04-12 03:24:41,797 - __main__ - INFO - 📈 24h Growth: +1 followers (46 → 47)
2026-04-12 03:24:41 +00:00: 2026-04-12 03:24:41,953 - __main__ - INFO - 📈 7d Growth: +3 followers (avg 0.4/day, est 2219 days to 1K)
2026-04-12 04:24:42 +00:00: 2026-04-12 04:24:42,813 - __main__ - INFO - 📊 Snapshot: 46 followers (+0 since last check)
2026-04-12 04:24:42 +00:00: 2026-04-12 04:24:42,969 - __main__ - INFO - 📈 24h Growth: +1 followers (46 → 47)
2026-04-12 04:24:43 +00:00: 2026-04-12 04:24:43,126 - __main__ - INFO - 📈 7d Growth: +3 followers (avg 0.4/day, est 2219 days to 1K)
2026-04-12 05:24:43 +00:00: 2026-04-12 05:24:43,935 - __main__ - INFO - 📊 Snapshot: 46 followers (+0 since last check)
2026-04-12 05:24:44 +00:00: 2026-04-12 05:24:44,094 - __main__ - INFO - 📈 24h Growth: +1 followers (46 → 47)
2026-04-12 05:24:44 +00:00: 2026-04-12 05:24:44,252 - __main__ - INFO - 📈 7d Growth: +3 followers (avg 0.4/day, est 2219 days to 1K)
2026-04-12 06:24:45 +00:00: 2026-04-12 06:24:45,013 - __main__ - INFO - 📊 Snapshot: 46 followers (+0 since last check)
2026-04-12 06:24:45 +00:00: 2026-04-12 06:24:45,170 - __main__ - INFO - 📈 24h Growth: +1 followers (46 → 47)
2026-04-12 06:24:45 +00:00: 2026-04-12 06:24:45,327 - __main__ - INFO - 📈 7d Growth: +3 followers (avg 0.4/day, est 2219 days to 1K)
2026-04-12 07:24:46 +00:00: 2026-04-12 07:24:46,111 - __main__ - INFO - 📊 Snapshot: 46 followers (+0 since last check)
2026-04-12 07:24:46 +00:00: 2026-04-12 07:24:46,269 - __main__ - INFO - 📈 24h Growth: +1 followers (46 → 47)
2026-04-12 07:24:46 +00:00: 2026-04-12 07:24:46,426 - __main__ - INFO - 📈 7d Growth: +3 followers (avg 0.4/day, est 2219 days to 1K)
2026-04-12 08:24:47 +00:00: 2026-04-12 08:24:47,166 - __main__ - INFO - 📊 Snapshot: 46 followers (+0 since last check)
2026-04-12 08:24:47 +00:00: 2026-04-12 08:24:47,318 - __main__ - INFO - 📈 24h Growth: +1 followers (46 → 47)
2026-04-12 08:24:47 +00:00: 2026-04-12 08:24:47,471 - __main__ - INFO - 📈 7d Growth: +3 followers (avg 0.4/day, est 2219 days to 1K)
2026-04-12 09:24:48 +00:00: 2026-04-12 09:24:48,283 - __main__ - INFO - 📊 Snapshot: 46 followers (+0 since last check)
2026-04-12 09:24:48 +00:00: 2026-04-12 09:24:48,435 - __main__ - INFO - 📈 24h Growth: +1 followers (46 → 47)
2026-04-12 09:24:48 +00:00: 2026-04-12 09:24:48,587 - __main__ - INFO - 📈 7d Growth: +3 followers (avg 0.4/day, est 2219 days to 1K)
2026-04-12 10:24:49 +00:00: 2026-04-12 10:24:49,377 - __main__ - INFO - 📊 Snapshot: 46 followers (+0 since last check)
2026-04-12 10:24:49 +00:00: 2026-04-12 10:24:49,530 - __main__ - INFO - 📈 24h Growth: +1 followers (46 → 47)
2026-04-12 10:24:49 +00:00: 2026-04-12 10:24:49,684 - __main__ - INFO - 📈 7d Growth: +3 followers (avg 0.4/day, est 2219 days to 1K)
2026-04-12 11:24:50 +00:00: 2026-04-12 11:24:50,485 - __main__ - INFO - 📊 Snapshot: 46 followers (+0 since last check)
2026-04-12 11:24:50 +00:00: 2026-04-12 11:24:50,638 - __main__ - INFO - 📈 24h Growth: +1 followers (46 → 47)
2026-04-12 11:24:50 +00:00: 2026-04-12 11:24:50,791 - __main__ - INFO - 📈 7d Growth: +2 followers (avg 0.3/day, est 3332 days to 1K)
2026-04-12 12:24:51 +00:00: 2026-04-12 12:24:51,657 - __main__ - INFO - 📊 Snapshot: 46 followers (+0 since last check)
2026-04-12 12:24:51 +00:00: 2026-04-12 12:24:51,812 - __main__ - INFO - 📈 24h Growth: +1 followers (46 → 47)
2026-04-12 12:24:51 +00:00: 2026-04-12 12:24:51,967 - __main__ - INFO - 📈 7d Growth: +2 followers (avg 0.3/day, est 3332 days to 1K)
2026-04-12 13:24:52 +00:00: 2026-04-12 13:24:52,804 - __main__ - INFO - 📊 Snapshot: 46 followers (+0 since last check)
2026-04-12 13:24:52 +00:00: 2026-04-12 13:24:52,959 - __main__ - INFO - 📈 24h Growth: +1 followers (46 → 47)
2026-04-12 13:24:53 +00:00: 2026-04-12 13:24:53,113 - __main__ - INFO - 📈 7d Growth: +2 followers (avg 0.3/day, est 3332 days to 1K)
2026-04-12 14:24:53 +00:00: 2026-04-12 14:24:53,939 - __main__ - INFO - 📊 Snapshot: 46 followers (+0 since last check)
2026-04-12 14:24:54 +00:00: 2026-04-12 14:24:54,093 - __main__ - INFO - 📈 24h Growth: +1 followers (46 → 47)
2026-04-12 14:24:54 +00:00: 2026-04-12 14:24:54,246 - __main__ - INFO - 📈 7d Growth: +2 followers (avg 0.3/day, est 3332 days to 1K)
2026-04-12 15:24:55 +00:00: 2026-04-12 15:24:55,094 - __main__ - INFO - 📊 Snapshot: 46 followers (+0 since last check)
2026-04-12 15:24:55 +00:00: 2026-04-12 15:24:55,249 - __main__ - INFO - 📈 24h Growth: +1 followers (46 → 47)
2026-04-12 15:24:55 +00:00: 2026-04-12 15:24:55,404 - __main__ - INFO - 📈 7d Growth: +2 followers (avg 0.3/day, est 3332 days to 1K)
2026-04-12 16:24:56 +00:00: 2026-04-12 16:24:56,221 - __main__ - INFO - 📊 Snapshot: 46 followers (+0 since last check)
2026-04-12 16:24:56 +00:00: 2026-04-12 16:24:56,374 - __main__ - INFO - 📈 24h Growth: +1 followers (46 → 47)
2026-04-12 16:24:56 +00:00: 2026-04-12 16:24:56,528 - __main__ - INFO - 📈 7d Growth: +2 followers (avg 0.3/day, est 3332 days to 1K)
2026-04-12 17:24:57 +00:00: 2026-04-12 17:24:57,420 - __main__ - INFO - 📊 Snapshot: 46 followers (+0 since last check)
2026-04-12 17:24:57 +00:00: 2026-04-12 17:24:57,572 - __main__ - INFO - 📈 24h Growth: +1 followers (46 → 47)
2026-04-12 17:24:57 +00:00: 2026-04-12 17:24:57,724 - __main__ - INFO - 📈 7d Growth: +2 followers (avg 0.3/day, est 3332 days to 1K)
2026-04-12 18:24:58 +00:00: 2026-04-12 18:24:58,545 - __main__ - INFO - 📊 Snapshot: 46 followers (+0 since last check)
2026-04-12 18:24:58 +00:00: 2026-04-12 18:24:58,698 - __main__ - INFO - 📈 24h Growth: +1 followers (46 → 47)
2026-04-12 18:24:58 +00:00: 2026-04-12 18:24:58,852 - __main__ - INFO - 📈 7d Growth: +2 followers (avg 0.3/day, est 3332 days to 1K)
2026-04-12 19:24:59 +00:00: 2026-04-12 19:24:59,978 - __main__ - INFO - 📊 Snapshot: 46 followers (+0 since last check)
2026-04-12 19:25:00 +00:00: 2026-04-12 19:25:00,132 - __main__ - INFO - 📈 24h Growth: +1 followers (46 → 47)
2026-04-12 19:25:00 +00:00: 2026-04-12 19:25:00,286 - __main__ - INFO - 📈 7d Growth: +2 followers (avg 0.3/day, est 3332 days to 1K)
2026-04-12 20:25:01 +00:00: 2026-04-12 20:25:01,096 - __main__ - INFO - 📊 Snapshot: 46 followers (+0 since last check)
2026-04-12 20:25:01 +00:00: 2026-04-12 20:25:01,250 - __main__ - INFO - 📈 24h Growth: +1 followers (46 → 47)
2026-04-12 20:25:01 +00:00: 2026-04-12 20:25:01,403 - __main__ - INFO - 📈 7d Growth: +2 followers (avg 0.3/day, est 3332 days to 1K)
2026-04-12 21:25:02 +00:00: 2026-04-12 21:25:02,309 - __main__ - INFO - 📊 Snapshot: 46 followers (+0 since last check)
2026-04-12 21:25:02 +00:00: 2026-04-12 21:25:02,464 - __main__ - INFO - 📈 24h Growth: +1 followers (46 → 47)
2026-04-12 21:25:02 +00:00: 2026-04-12 21:25:02,619 - __main__ - INFO - 📈 7d Growth: +2 followers (avg 0.3/day, est 3332 days to 1K)
2026-04-12 22:25:03 +00:00: 2026-04-12 22:25:03,565 - __main__ - INFO - 📊 Snapshot: 46 followers (+0 since last check)
2026-04-12 22:25:03 +00:00: 2026-04-12 22:25:03,745 - __main__ - INFO - 📈 24h Growth: +0 followers (46 → 46)
2026-04-12 22:25:03 +00:00: 2026-04-12 22:25:03,921 - __main__ - INFO - 📈 7d Growth: +2 followers (avg 0.3/day, est 3332 days to 1K)
2026-04-12 23:25:04 +00:00: 2026-04-12 23:25:04,661 - __main__ - INFO - 📊 Snapshot: 46 followers (+0 since last check)
2026-04-12 23:25:04 +00:00: 2026-04-12 23:25:04,816 - __main__ - INFO - 📈 24h Growth: +0 followers (46 → 46)
2026-04-12 23:25:04 +00:00: 2026-04-12 23:25:04,971 - __main__ - INFO - 📈 7d Growth: +2 followers (avg 0.3/day, est 3332 days to 1K)
2026-04-13 00:25:05 +00:00: 2026-04-13 00:25:05,782 - __main__ - INFO - 📊 Snapshot: 46 followers (+0 since last check)
2026-04-13 00:25:05 +00:00: 2026-04-13 00:25:05,936 - __main__ - INFO - 📈 24h Growth: +0 followers (46 → 46)
2026-04-13 00:25:06 +00:00: 2026-04-13 00:25:06,089 - __main__ - INFO - 📈 7d Growth: +2 followers (avg 0.3/day, est 3332 days to 1K)
2026-04-13 01:25:07 +00:00: 2026-04-13 01:25:07,004 - __main__ - INFO - 📊 Snapshot: 46 followers (+0 since last check)
2026-04-13 01:25:07 +00:00: 2026-04-13 01:25:07,158 - __main__ - INFO - 📈 24h Growth: +0 followers (46 → 46)
2026-04-13 01:25:07 +00:00: 2026-04-13 01:25:07,313 - __main__ - INFO - 📈 7d Growth: +2 followers (avg 0.3/day, est 3332 days to 1K)
2026-04-13 02:25:08 +00:00: 2026-04-13 02:25:08,032 - __main__ - INFO - 📊 Snapshot: 46 followers (+0 since last check)
2026-04-13 02:25:08 +00:00: 2026-04-13 02:25:08,185 - __main__ - INFO - 📈 24h Growth: +0 followers (46 → 46)
2026-04-13 02:25:08 +00:00: 2026-04-13 02:25:08,339 - __main__ - INFO - 📈 7d Growth: +2 followers (avg 0.3/day, est 3332 days to 1K)
2026-04-13 03:25:09 +00:00: 2026-04-13 03:25:09,047 - __main__ - INFO - 📊 Snapshot: 46 followers (+0 since last check)
2026-04-13 03:25:09 +00:00: 2026-04-13 03:25:09,201 - __main__ - INFO - 📈 24h Growth: +0 followers (46 → 46)
2026-04-13 03:25:09 +00:00: 2026-04-13 03:25:09,356 - __main__ - INFO - 📈 7d Growth: +2 followers (avg 0.3/day, est 3332 days to 1K)
2026-04-13 04:25:10 +00:00: 2026-04-13 04:25:10,105 - __main__ - INFO - 📊 Snapshot: 46 followers (+0 since last check)
2026-04-13 04:25:10 +00:00: 2026-04-13 04:25:10,256 - __main__ - INFO - 📈 24h Growth: +0 followers (46 → 46)
2026-04-13 04:25:10 +00:00: 2026-04-13 04:25:10,409 - __main__ - INFO - 📈 7d Growth: +2 followers (avg 0.3/day, est 3332 days to 1K)
2026-04-13 05:25:11 +00:00: 2026-04-13 05:25:11,261 - __main__ - INFO - 📊 Snapshot: 46 followers (+0 since last check)
2026-04-13 05:25:11 +00:00: 2026-04-13 05:25:11,416 - __main__ - INFO - 📈 24h Growth: +0 followers (46 → 46)
2026-04-13 05:25:11 +00:00: 2026-04-13 05:25:11,570 - __main__ - INFO - 📈 7d Growth: +2 followers (avg 0.3/day, est 3332 days to 1K)
2026-04-13 06:25:12 +00:00: 2026-04-13 06:25:12,422 - __main__ - INFO - 📊 Snapshot: 46 followers (+0 since last check)
2026-04-13 06:25:12 +00:00: 2026-04-13 06:25:12,575 - __main__ - INFO - 📈 24h Growth: +0 followers (46 → 46)
2026-04-13 06:25:12 +00:00: 2026-04-13 06:25:12,729 - __main__ - INFO - 📈 7d Growth: +2 followers (avg 0.3/day, est 3332 days to 1K)
2026-04-13 07:25:13 +00:00: 2026-04-13 07:25:13,576 - __main__ - INFO - 📊 Snapshot: 46 followers (+0 since last check)
2026-04-13 07:25:13 +00:00: 2026-04-13 07:25:13,730 - __main__ - INFO - 📈 24h Growth: +0 followers (46 → 46)
2026-04-13 07:25:13 +00:00: 2026-04-13 07:25:13,883 - __main__ - INFO - 📈 7d Growth: +2 followers (avg 0.3/day, est 3332 days to 1K)
2026-04-13 08:25:14 +00:00: 2026-04-13 08:25:14,691 - __main__ - INFO - 📊 Snapshot: 46 followers (+0 since last check)
2026-04-13 08:25:14 +00:00: 2026-04-13 08:25:14,846 - __main__ - INFO - 📈 24h Growth: +0 followers (46 → 46)
2026-04-13 08:25:15 +00:00: 2026-04-13 08:25:15,001 - __main__ - INFO - 📈 7d Growth: +2 followers (avg 0.3/day, est 3332 days to 1K)
2026-04-13 09:25:15 +00:00: 2026-04-13 09:25:15,863 - __main__ - INFO - 📊 Snapshot: 46 followers (+0 since last check)
2026-04-13 09:25:16 +00:00: 2026-04-13 09:25:16,017 - __main__ - INFO - 📈 24h Growth: +0 followers (46 → 46)
2026-04-13 09:25:16 +00:00: 2026-04-13 09:25:16,169 - __main__ - INFO - 📈 7d Growth: +2 followers (avg 0.3/day, est 3332 days to 1K)
2026-04-13 10:25:16 +00:00: 2026-04-13 10:25:16,978 - __main__ - INFO - 📊 Snapshot: 46 followers (+0 since last check)
2026-04-13 10:25:17 +00:00: 2026-04-13 10:25:17,132 - __main__ - INFO - 📈 24h Growth: +0 followers (46 → 46)
2026-04-13 10:25:17 +00:00: 2026-04-13 10:25:17,286 - __main__ - INFO - 📈 7d Growth: +2 followers (avg 0.3/day, est 3332 days to 1K)
2026-04-13 11:25:18 +00:00: 2026-04-13 11:25:18,128 - __main__ - INFO - 📊 Snapshot: 46 followers (+0 since last check)
2026-04-13 11:25:18 +00:00: 2026-04-13 11:25:18,282 - __main__ - INFO - 📈 24h Growth: +0 followers (46 → 46)
2026-04-13 11:25:18 +00:00: 2026-04-13 11:25:18,435 - __main__ - INFO - 📈 7d Growth: +2 followers (avg 0.3/day, est 3332 days to 1K)
2026-04-13 12:25:28 +00:00: 2026-04-13 12:25:28,516 - __main__ - INFO - 📊 Snapshot: 46 followers (+0 since last check)
2026-04-13 12:25:28 +00:00: 2026-04-13 12:25:28,671 - __main__ - INFO - 📈 24h Growth: +0 followers (46 → 46)
2026-04-13 12:25:28 +00:00: 2026-04-13 12:25:28,826 - __main__ - INFO - 📈 7d Growth: +2 followers (avg 0.3/day, est 3332 days to 1K)
2026-04-13 13:25:29 +00:00: 2026-04-13 13:25:29,686 - __main__ - INFO - 📊 Snapshot: 46 followers (+0 since last check)
2026-04-13 13:25:29 +00:00: 2026-04-13 13:25:29,839 - __main__ - INFO - 📈 24h Growth: +0 followers (46 → 46)
2026-04-13 13:25:29 +00:00: 2026-04-13 13:25:29,993 - __main__ - INFO - 📈 7d Growth: +2 followers (avg 0.3/day, est 3332 days to 1K)
2026-04-13 14:25:30 +00:00: 2026-04-13 14:25:30,699 - __main__ - INFO - 📊 Snapshot: 46 followers (+0 since last check)
2026-04-13 14:25:30 +00:00: 2026-04-13 14:25:30,853 - __main__ - INFO - 📈 24h Growth: +0 followers (46 → 46)
2026-04-13 14:25:31 +00:00: 2026-04-13 14:25:31,008 - __main__ - INFO - 📈 7d Growth: +2 followers (avg 0.3/day, est 3332 days to 1K)
2026-04-13 15:25:31 +00:00: 2026-04-13 15:25:31,820 - __main__ - INFO - 📊 Snapshot: 46 followers (+0 since last check)
2026-04-13 15:25:31 +00:00: 2026-04-13 15:25:31,973 - __main__ - INFO - 📈 24h Growth: +0 followers (46 → 46)
2026-04-13 15:25:32 +00:00: 2026-04-13 15:25:32,127 - __main__ - INFO - 📈 7d Growth: +2 followers (avg 0.3/day, est 3332 days to 1K)
2026-04-13 16:25:32 +00:00: 2026-04-13 16:25:32,876 - __main__ - INFO - 📊 Snapshot: 46 followers (+0 since last check)
2026-04-13 16:25:33 +00:00: 2026-04-13 16:25:33,029 - __main__ - INFO - 📈 24h Growth: +0 followers (46 → 46)
2026-04-13 16:25:33 +00:00: 2026-04-13 16:25:33,183 - __main__ - INFO - 📈 7d Growth: +2 followers (avg 0.3/day, est 3332 days to 1K)
2026-04-13 17:25:33 +00:00: 2026-04-13 17:25:33,999 - __main__ - INFO - 📊 Snapshot: 46 followers (+0 since last check)
2026-04-13 17:25:34 +00:00: 2026-04-13 17:25:34,152 - __main__ - INFO - 📈 24h Growth: +0 followers (46 → 46)
2026-04-13 17:25:34 +00:00: 2026-04-13 17:25:34,306 - __main__ - INFO - 📈 7d Growth: +2 followers (avg 0.3/day, est 3332 days to 1K)
2026-04-13 18:25:35 +00:00: 2026-04-13 18:25:35,087 - __main__ - INFO - 📊 Snapshot: 46 followers (+0 since last check)
2026-04-13 18:25:35 +00:00: 2026-04-13 18:25:35,241 - __main__ - INFO - 📈 24h Growth: +0 followers (46 → 46)
2026-04-13 18:25:35 +00:00: 2026-04-13 18:25:35,394 - __main__ - INFO - 📈 7d Growth: +2 followers (avg 0.3/day, est 3332 days to 1K)
2026-04-13 19:25:36 +00:00: 2026-04-13 19:25:36,105 - __main__ - INFO - 📊 Snapshot: 46 followers (+0 since last check)
2026-04-13 19:25:36 +00:00: 2026-04-13 19:25:36,258 - __main__ - INFO - 📈 24h Growth: +0 followers (46 → 46)
2026-04-13 19:25:36 +00:00: 2026-04-13 19:25:36,412 - __main__ - INFO - 📈 7d Growth: +2 followers (avg 0.3/day, est 3332 days to 1K)
2026-04-13 20:25:37 +00:00: 2026-04-13 20:25:37,316 - __main__ - INFO - 📊 Snapshot: 46 followers (+0 since last check)
2026-04-13 20:25:37 +00:00: 2026-04-13 20:25:37,468 - __main__ - INFO - 📈 24h Growth: +0 followers (46 → 46)
2026-04-13 20:25:37 +00:00: 2026-04-13 20:25:37,620 - __main__ - INFO - 📈 7d Growth: +2 followers (avg 0.3/day, est 3332 days to 1K)
2026-04-13 21:25:38 +00:00: 2026-04-13 21:25:38,313 - __main__ - INFO - 📊 Snapshot: 46 followers (+0 since last check)
2026-04-13 21:25:38 +00:00: 2026-04-13 21:25:38,467 - __main__ - INFO - 📈 24h Growth: +0 followers (46 → 46)
2026-04-13 21:25:38 +00:00: 2026-04-13 21:25:38,621 - __main__ - INFO - 📈 7d Growth: +2 followers (avg 0.3/day, est 3332 days to 1K)
2026-04-13 22:25:39 +00:00: 2026-04-13 22:25:39,444 - __main__ - INFO - 📊 Snapshot: 46 followers (+0 since last check)
2026-04-13 22:25:39 +00:00: 2026-04-13 22:25:39,597 - __main__ - INFO - 📈 24h Growth: +0 followers (46 → 46)
2026-04-13 22:25:39 +00:00: 2026-04-13 22:25:39,752 - __main__ - INFO - 📈 7d Growth: +2 followers (avg 0.3/day, est 3332 days to 1K)
2026-04-13 23:25:40 +00:00: 2026-04-13 23:25:40,595 - __main__ - INFO - 📊 Snapshot: 46 followers (+0 since last check)
2026-04-13 23:25:40 +00:00: 2026-04-13 23:25:40,750 - __main__ - INFO - 📈 24h Growth: +0 followers (46 → 46)
2026-04-13 23:25:40 +00:00: 2026-04-13 23:25:40,904 - __main__ - INFO - 📈 7d Growth: +2 followers (avg 0.3/day, est 3332 days to 1K)
2026-04-14 00:25:41 +00:00: 2026-04-14 00:25:41,766 - __main__ - INFO - 📊 Snapshot: 46 followers (+0 since last check)
2026-04-14 00:25:41 +00:00: 2026-04-14 00:25:41,920 - __main__ - INFO - 📈 24h Growth: +0 followers (46 → 46)
2026-04-14 00:25:42 +00:00: 2026-04-14 00:25:42,075 - __main__ - INFO - 📈 7d Growth: +2 followers (avg 0.3/day, est 3332 days to 1K)
2026-04-14 01:25:42 +00:00: 2026-04-14 01:25:42,836 - __main__ - INFO - 📊 Snapshot: 46 followers (+0 since last check)
2026-04-14 01:25:42 +00:00: 2026-04-14 01:25:42,991 - __main__ - INFO - 📈 24h Growth: +0 followers (46 → 46)
2026-04-14 01:25:43 +00:00: 2026-04-14 01:25:43,145 - __main__ - INFO - 📈 7d Growth: +2 followers (avg 0.3/day, est 3332 days to 1K)
2026-04-14 02:25:43 +00:00: 2026-04-14 02:25:43,946 - __main__ - INFO - 📊 Snapshot: 46 followers (+0 since last check)
2026-04-14 02:25:44 +00:00: 2026-04-14 02:25:44,101 - __main__ - INFO - 📈 24h Growth: +0 followers (46 → 46)
2026-04-14 02:25:44 +00:00: 2026-04-14 02:25:44,255 - __main__ - INFO - 📈 7d Growth: +2 followers (avg 0.3/day, est 3332 days to 1K)
2026-04-14 03:25:45 +00:00: 2026-04-14 03:25:45,030 - __main__ - INFO - 📊 Snapshot: 46 followers (+0 since last check)
2026-04-14 03:25:45 +00:00: 2026-04-14 03:25:45,184 - __main__ - INFO - 📈 24h Growth: +0 followers (46 → 46)
2026-04-14 03:25:45 +00:00: 2026-04-14 03:25:45,337 - __main__ - INFO - 📈 7d Growth: +2 followers (avg 0.3/day, est 3332 days to 1K)
2026-04-14 04:25:46 +00:00: 2026-04-14 04:25:46,058 - __main__ - INFO - 📊 Snapshot: 46 followers (+0 since last check)
2026-04-14 04:25:46 +00:00: 2026-04-14 04:25:46,213 - __main__ - INFO - 📈 24h Growth: +0 followers (46 → 46)
2026-04-14 04:25:46 +00:00: 2026-04-14 04:25:46,370 - __main__ - INFO - 📈 7d Growth: +2 followers (avg 0.3/day, est 3332 days to 1K)
2026-04-14 05:25:47 +00:00: 2026-04-14 05:25:47,128 - __main__ - INFO - 📊 Snapshot: 46 followers (+0 since last check)
2026-04-14 05:25:47 +00:00: 2026-04-14 05:25:47,283 - __main__ - INFO - 📈 24h Growth: +0 followers (46 → 46)
2026-04-14 05:25:47 +00:00: 2026-04-14 05:25:47,438 - __main__ - INFO - 📈 7d Growth: +2 followers (avg 0.3/day, est 3332 days to 1K)
2026-04-14 06:25:48 +00:00: 2026-04-14 06:25:48,213 - __main__ - INFO - 📊 Snapshot: 46 followers (+0 since last check)
2026-04-14 06:25:48 +00:00: 2026-04-14 06:25:48,370 - __main__ - INFO - 📈 24h Growth: +0 followers (46 → 46)
2026-04-14 06:25:48 +00:00: 2026-04-14 06:25:48,525 - __main__ - INFO - 📈 7d Growth: +2 followers (avg 0.3/day, est 3332 days to 1K)
2026-04-14 07:25:49 +00:00: 2026-04-14 07:25:49,389 - __main__ - INFO - 📊 Snapshot: 46 followers (+0 since last check)
2026-04-14 07:25:49 +00:00: 2026-04-14 07:25:49,543 - __main__ - INFO - 📈 24h Growth: +0 followers (46 → 46)
2026-04-14 07:25:49 +00:00: 2026-04-14 07:25:49,698 - __main__ - INFO - 📈 7d Growth: +2 followers (avg 0.3/day, est 3332 days to 1K)
2026-04-14 08:25:50 +00:00: 2026-04-14 08:25:50,490 - __main__ - INFO - 📊 Snapshot: 46 followers (+0 since last check)
2026-04-14 08:25:50 +00:00: 2026-04-14 08:25:50,645 - __main__ - INFO - 📈 24h Growth: +0 followers (46 → 46)
2026-04-14 08:25:50 +00:00: 2026-04-14 08:25:50,799 - __main__ - INFO - 📈 7d Growth: +2 followers (avg 0.3/day, est 3332 days to 1K)
2026-04-14 09:25:51 +00:00: 2026-04-14 09:25:51,527 - __main__ - INFO - 📊 Snapshot: 46 followers (+0 since last check)
2026-04-14 09:25:51 +00:00: 2026-04-14 09:25:51,684 - __main__ - INFO - 📈 24h Growth: +0 followers (46 → 46)
2026-04-14 09:25:51 +00:00: 2026-04-14 09:25:51,840 - __main__ - INFO - 📈 7d Growth: +2 followers (avg 0.3/day, est 3332 days to 1K)
2026-04-14 10:25:52 +00:00: 2026-04-14 10:25:52,599 - __main__ - INFO - 📊 Snapshot: 46 followers (+0 since last check)
2026-04-14 10:25:52 +00:00: 2026-04-14 10:25:52,757 - __main__ - INFO - 📈 24h Growth: +0 followers (46 → 46)
2026-04-14 10:25:52 +00:00: 2026-04-14 10:25:52,914 - __main__ - INFO - 📈 7d Growth: +2 followers (avg 0.3/day, est 3332 days to 1K)
2026-04-14 11:25:53 +00:00: 2026-04-14 11:25:53,831 - __main__ - INFO - 📊 Snapshot: 46 followers (+0 since last check)
2026-04-14 11:25:53 +00:00: 2026-04-14 11:25:53,988 - __main__ - INFO - 📈 24h Growth: +0 followers (46 → 46)
2026-04-14 11:25:54 +00:00: 2026-04-14 11:25:54,144 - __main__ - INFO - 📈 7d Growth: +2 followers (avg 0.3/day, est 3332 days to 1K)
2026-04-14 12:25:54 +00:00: 2026-04-14 12:25:54,983 - __main__ - INFO - 📊 Snapshot: 46 followers (+0 since last check)
2026-04-14 12:25:55 +00:00: 2026-04-14 12:25:55,141 - __main__ - INFO - 📈 24h Growth: +0 followers (46 → 46)
2026-04-14 12:25:55 +00:00: 2026-04-14 12:25:55,299 - __main__ - INFO - 📈 7d Growth: +2 followers (avg 0.3/day, est 3332 days to 1K)
2026-04-14 13:25:56 +00:00: 2026-04-14 13:25:56,036 - __main__ - INFO - 📊 Snapshot: 46 followers (+0 since last check)
2026-04-14 13:25:56 +00:00: 2026-04-14 13:25:56,194 - __main__ - INFO - 📈 24h Growth: +0 followers (46 → 46)
2026-04-14 13:25:56 +00:00: 2026-04-14 13:25:56,352 - __main__ - INFO - 📈 7d Growth: +2 followers (avg 0.3/day, est 3332 days to 1K)
2026-04-14 14:25:57 +00:00: 2026-04-14 14:25:57,255 - __main__ - INFO - 📊 Snapshot: 46 followers (+0 since last check)
2026-04-14 14:25:57 +00:00: 2026-04-14 14:25:57,413 - __main__ - INFO - 📈 24h Growth: +0 followers (46 → 46)
2026-04-14 14:25:57 +00:00: 2026-04-14 14:25:57,570 - __main__ - INFO - 📈 7d Growth: +2 followers (avg 0.3/day, est 3332 days to 1K)
2026-04-14 15:25:58 +00:00: 2026-04-14 15:25:58,397 - __main__ - INFO - 📊 Snapshot: 46 followers (+0 since last check)
2026-04-14 15:25:58 +00:00: 2026-04-14 15:25:58,555 - __main__ - INFO - 📈 24h Growth: +0 followers (46 → 46)
2026-04-14 15:25:58 +00:00: 2026-04-14 15:25:58,713 - __main__ - INFO - 📈 7d Growth: +2 followers (avg 0.3/day, est 3332 days to 1K)
2026-04-14 16:25:59 +00:00: 2026-04-14 16:25:59,551 - __main__ - INFO - 📊 Snapshot: 46 followers (+0 since last check)
2026-04-14 16:25:59 +00:00: 2026-04-14 16:25:59,712 - __main__ - INFO - 📈 24h Growth: +0 followers (46 → 46)
2026-04-14 16:25:59 +00:00: 2026-04-14 16:25:59,870 - __main__ - INFO - 📈 7d Growth: +2 followers (avg 0.3/day, est 3332 days to 1K)
2026-04-14 17:26:00 +00:00: 2026-04-14 17:26:00,688 - __main__ - INFO - 📊 Snapshot: 46 followers (+0 since last check)
2026-04-14 17:26:00 +00:00: 2026-04-14 17:26:00,845 - __main__ - INFO - 📈 24h Growth: +0 followers (46 → 46)
2026-04-14 17:26:01 +00:00: 2026-04-14 17:26:01,001 - __main__ - INFO - 📈 7d Growth: +2 followers (avg 0.3/day, est 3332 days to 1K)
2026-04-14 18:26:01 +00:00: 2026-04-14 18:26:01,844 - __main__ - INFO - 📊 Snapshot: 46 followers (+0 since last check)
2026-04-14 18:26:02 +00:00: 2026-04-14 18:26:02,001 - __main__ - INFO - 📈 24h Growth: +0 followers (46 → 46)
2026-04-14 18:26:02 +00:00: 2026-04-14 18:26:02,159 - __main__ - INFO - 📈 7d Growth: +2 followers (avg 0.3/day, est 3332 days to 1K)
2026-04-14 19:26:02 +00:00: 2026-04-14 19:26:02,978 - __main__ - INFO - 📊 Snapshot: 46 followers (+0 since last check)
2026-04-14 19:26:03 +00:00: 2026-04-14 19:26:03,136 - __main__ - INFO - 📈 24h Growth: +0 followers (46 → 46)
2026-04-14 19:26:03 +00:00: 2026-04-14 19:26:03,294 - __main__ - INFO - 📈 7d Growth: +2 followers (avg 0.3/day, est 3332 days to 1K)
2026-04-14 20:26:04 +00:00: 2026-04-14 20:26:04,132 - __main__ - INFO - 📊 Snapshot: 46 followers (+0 since last check)
2026-04-14 20:26:04 +00:00: 2026-04-14 20:26:04,288 - __main__ - INFO - 📈 24h Growth: +0 followers (46 → 46)
2026-04-14 20:26:04 +00:00: 2026-04-14 20:26:04,445 - __main__ - INFO - 📈 7d Growth: +2 followers (avg 0.3/day, est 3332 days to 1K)
2026-04-14 21:26:05 +00:00: 2026-04-14 21:26:05,355 - __main__ - INFO - 📊 Snapshot: 46 followers (+0 since last check)
2026-04-14 21:26:05 +00:00: 2026-04-14 21:26:05,512 - __main__ - INFO - 📈 24h Growth: +0 followers (46 → 46)
2026-04-14 21:26:05 +00:00: 2026-04-14 21:26:05,670 - __main__ - INFO - 📈 7d Growth: +2 followers (avg 0.3/day, est 3332 days to 1K)
2026-04-14 22:26:06 +00:00: 2026-04-14 22:26:06,447 - __main__ - INFO - 📊 Snapshot: 46 followers (+0 since last check)
2026-04-14 22:26:06 +00:00: 2026-04-14 22:26:06,602 - __main__ - INFO - 📈 24h Growth: +0 followers (46 → 46)
2026-04-14 22:26:06 +00:00: 2026-04-14 22:26:06,757 - __main__ - INFO - 📈 7d Growth: +2 followers (avg 0.3/day, est 3332 days to 1K)
2026-04-14 23:26:07 +00:00: 2026-04-14 23:26:07,554 - __main__ - INFO - 📊 Snapshot: 46 followers (+0 since last check)
2026-04-14 23:26:07 +00:00: 2026-04-14 23:26:07,713 - __main__ - INFO - 📈 24h Growth: +0 followers (46 → 46)
2026-04-14 23:26:07 +00:00: 2026-04-14 23:26:07,872 - __main__ - INFO - 📈 7d Growth: +2 followers (avg 0.3/day, est 3332 days to 1K)
2026-04-15 00:26:08 +00:00: 2026-04-15 00:26:08,748 - __main__ - INFO - 📊 Snapshot: 46 followers (+0 since last check)
2026-04-15 00:26:08 +00:00: 2026-04-15 00:26:08,905 - __main__ - INFO - 📈 24h Growth: +0 followers (46 → 46)
2026-04-15 00:26:09 +00:00: 2026-04-15 00:26:09,062 - __main__ - INFO - 📈 7d Growth: +2 followers (avg 0.3/day, est 3332 days to 1K)
2026-04-15 01:26:09 +00:00: 2026-04-15 01:26:09,862 - __main__ - INFO - 📊 Snapshot: 46 followers (+0 since last check)
2026-04-15 01:26:10 +00:00: 2026-04-15 01:26:10,019 - __main__ - INFO - 📈 24h Growth: +0 followers (46 → 46)
2026-04-15 01:26:10 +00:00: 2026-04-15 01:26:10,175 - __main__ - INFO - 📈 7d Growth: +2 followers (avg 0.3/day, est 3332 days to 1K)
2026-04-15 02:26:10 +00:00: 2026-04-15 02:26:10,950 - __main__ - INFO - 📊 Snapshot: 46 followers (+0 since last check)
2026-04-15 02:26:11 +00:00: 2026-04-15 02:26:11,108 - __main__ - INFO - 📈 24h Growth: +0 followers (46 → 46)
2026-04-15 02:26:11 +00:00: 2026-04-15 02:26:11,266 - __main__ - INFO - 📈 7d Growth: +2 followers (avg 0.3/day, est 3332 days to 1K)
2026-04-15 03:26:12 +00:00: 2026-04-15 03:26:12,084 - __main__ - INFO - 📊 Snapshot: 46 followers (+0 since last check)
2026-04-15 03:26:12 +00:00: 2026-04-15 03:26:12,241 - __main__ - INFO - 📈 24h Growth: +0 followers (46 → 46)
2026-04-15 03:26:12 +00:00: 2026-04-15 03:26:12,399 - __main__ - INFO - 📈 7d Growth: +2 followers (avg 0.3/day, est 3332 days to 1K)
2026-04-15 04:26:13 +00:00: 2026-04-15 04:26:13,248 - __main__ - INFO - 📊 Snapshot: 46 followers (+0 since last check)
2026-04-15 04:26:13 +00:00: 2026-04-15 04:26:13,406 - __main__ - INFO - 📈 24h Growth: +0 followers (46 → 46)
2026-04-15 04:26:13 +00:00: 2026-04-15 04:26:13,564 - __main__ - INFO - 📈 7d Growth: +2 followers (avg 0.3/day, est 3332 days to 1K)
2026-04-15 05:26:14 +00:00: 2026-04-15 05:26:14,430 - __main__ - INFO - 📊 Snapshot: 46 followers (+0 since last check)
2026-04-15 05:26:14 +00:00: 2026-04-15 05:26:14,587 - __main__ - INFO - 📈 24h Growth: +0 followers (46 → 46)
2026-04-15 05:26:14 +00:00: 2026-04-15 05:26:14,743 - __main__ - INFO - 📈 7d Growth: +2 followers (avg 0.3/day, est 3332 days to 1K)
2026-04-15 06:26:15 +00:00: 2026-04-15 06:26:15,503 - __main__ - INFO - 📊 Snapshot: 46 followers (+0 since last check)
2026-04-15 06:26:15 +00:00: 2026-04-15 06:26:15,661 - __main__ - INFO - 📈 24h Growth: +0 followers (46 → 46)
2026-04-15 06:26:15 +00:00: 2026-04-15 06:26:15,818 - __main__ - INFO - 📈 7d Growth: +2 followers (avg 0.3/day, est 3332 days to 1K)
2026-04-15 07:26:16 +00:00: 2026-04-15 07:26:16,672 - __main__ - INFO - 📊 Snapshot: 46 followers (+0 since last check)
2026-04-15 07:26:16 +00:00: 2026-04-15 07:26:16,828 - __main__ - INFO - 📈 24h Growth: +0 followers (46 → 46)
2026-04-15 07:26:16 +00:00: 2026-04-15 07:26:16,985 - __main__ - INFO - 📈 7d Growth: +2 followers (avg 0.3/day, est 3332 days to 1K)
2026-04-15 08:26:17 +00:00: 2026-04-15 08:26:17,786 - __main__ - INFO - 📊 Snapshot: 46 followers (+0 since last check)
2026-04-15 08:26:17 +00:00: 2026-04-15 08:26:17,943 - __main__ - INFO - 📈 24h Growth: +0 followers (46 → 46)
2026-04-15 08:26:18 +00:00: 2026-04-15 08:26:18,100 - __main__ - INFO - 📈 7d Growth: +2 followers (avg 0.3/day, est 3332 days to 1K)
2026-04-15 09:26:18 +00:00: 2026-04-15 09:26:18,952 - __main__ - INFO - 📊 Snapshot: 46 followers (+0 since last check)
2026-04-15 09:26:19 +00:00: 2026-04-15 09:26:19,109 - __main__ - INFO - 📈 24h Growth: +0 followers (46 → 46)
2026-04-15 09:26:19 +00:00: 2026-04-15 09:26:19,266 - __main__ - INFO - 📈 7d Growth: +2 followers (avg 0.3/day, est 3332 days to 1K)
2026-04-15 10:26:20 +00:00: 2026-04-15 10:26:20,022 - __main__ - INFO - 📊 Snapshot: 46 followers (+0 since last check)
2026-04-15 10:26:20 +00:00: 2026-04-15 10:26:20,179 - __main__ - INFO - 📈 24h Growth: +0 followers (46 → 46)
2026-04-15 10:26:20 +00:00: 2026-04-15 10:26:20,335 - __main__ - INFO - 📈 7d Growth: +2 followers (avg 0.3/day, est 3332 days to 1K)
2026-04-15 11:26:21 +00:00: 2026-04-15 11:26:21,136 - __main__ - INFO - 📊 Snapshot: 46 followers (+0 since last check)
2026-04-15 11:26:21 +00:00: 2026-04-15 11:26:21,291 - __main__ - INFO - 📈 24h Growth: +0 followers (46 → 46)
2026-04-15 11:26:21 +00:00: 2026-04-15 11:26:21,445 - __main__ - INFO - 📈 7d Growth: +2 followers (avg 0.3/day, est 3332 days to 1K)
2026-04-15 12:26:22 +00:00: 2026-04-15 12:26:22,325 - __main__ - INFO - 📊 Snapshot: 46 followers (+0 since last check)
2026-04-15 12:26:22 +00:00: 2026-04-15 12:26:22,479 - __main__ - INFO - 📈 24h Growth: +0 followers (46 → 46)
2026-04-15 12:26:22 +00:00: 2026-04-15 12:26:22,634 - __main__ - INFO - 📈 7d Growth: +2 followers (avg 0.3/day, est 3332 days to 1K)
2026-04-15 13:26:23 +00:00: 2026-04-15 13:26:23,381 - __main__ - INFO - 📊 Snapshot: 46 followers (+0 since last check)
2026-04-15 13:26:23 +00:00: 2026-04-15 13:26:23,538 - __main__ - INFO - 📈 24h Growth: +0 followers (46 → 46)
2026-04-15 13:26:23 +00:00: 2026-04-15 13:26:23,694 - __main__ - INFO - 📈 7d Growth: +2 followers (avg 0.3/day, est 3332 days to 1K)
2026-04-15 14:26:24 +00:00: 2026-04-15 14:26:24,578 - __main__ - INFO - 📊 Snapshot: 46 followers (+0 since last check)
2026-04-15 14:26:24 +00:00: 2026-04-15 14:26:24,736 - __main__ - INFO - 📈 24h Growth: +0 followers (46 → 46)
2026-04-15 14:26:24 +00:00: 2026-04-15 14:26:24,893 - __main__ - INFO - 📈 7d Growth: +2 followers (avg 0.3/day, est 3332 days to 1K)
2026-04-15 15:26:25 +00:00: 2026-04-15 15:26:25,654 - __main__ - INFO - 📊 Snapshot: 46 followers (+0 since last check)
2026-04-15 15:26:25 +00:00: 2026-04-15 15:26:25,811 - __main__ - INFO - 📈 24h Growth: +0 followers (46 → 46)
2026-04-15 15:26:25 +00:00: 2026-04-15 15:26:25,968 - __main__ - INFO - 📈 7d Growth: +2 followers (avg 0.3/day, est 3332 days to 1K)
2026-04-15 16:26:26 +00:00: 2026-04-15 16:26:26,874 - __main__ - INFO - 📊 Snapshot: 46 followers (+0 since last check)
2026-04-15 16:26:27 +00:00: 2026-04-15 16:26:27,031 - __main__ - INFO - 📈 24h Growth: +0 followers (46 → 46)
2026-04-15 16:26:27 +00:00: 2026-04-15 16:26:27,187 - __main__ - INFO - 📈 7d Growth: +2 followers (avg 0.3/day, est 3332 days to 1K)
2026-04-15 17:26:28 +00:00: 2026-04-15 17:26:28,004 - __main__ - INFO - 📊 Snapshot: 46 followers (+0 since last check)
2026-04-15 17:26:28 +00:00: 2026-04-15 17:26:28,163 - __main__ - INFO - 📈 24h Growth: +0 followers (46 → 46)
2026-04-15 17:26:28 +00:00: 2026-04-15 17:26:28,320 - __main__ - INFO - 📈 7d Growth: +2 followers (avg 0.3/day, est 3332 days to 1K)
2026-04-15 18:26:29 +00:00: 2026-04-15 18:26:29,060 - __main__ - INFO - 📊 Snapshot: 46 followers (+0 since last check)
2026-04-15 18:26:29 +00:00: 2026-04-15 18:26:29,217 - __main__ - INFO - 📈 24h Growth: +0 followers (46 → 46)
2026-04-15 18:26:29 +00:00: 2026-04-15 18:26:29,373 - __main__ - INFO - 📈 7d Growth: +2 followers (avg 0.3/day, est 3332 days to 1K)
2026-04-15 19:26:30 +00:00: 2026-04-15 19:26:30,193 - __main__ - INFO - 📊 Snapshot: 46 followers (+0 since last check)
2026-04-15 19:26:30 +00:00: 2026-04-15 19:26:30,348 - __main__ - INFO - 📈 24h Growth: +0 followers (46 → 46)
2026-04-15 19:26:30 +00:00: 2026-04-15 19:26:30,503 - __main__ - INFO - 📈 7d Growth: +2 followers (avg 0.3/day, est 3332 days to 1K)
2026-04-15 20:26:31 +00:00: 2026-04-15 20:26:31,285 - __main__ - INFO - 📊 Snapshot: 46 followers (+0 since last check)
2026-04-15 20:26:31 +00:00: 2026-04-15 20:26:31,442 - __main__ - INFO - 📈 24h Growth: +0 followers (46 → 46)
2026-04-15 20:26:31 +00:00: 2026-04-15 20:26:31,600 - __main__ - INFO - 📈 7d Growth: +2 followers (avg 0.3/day, est 3332 days to 1K)
2026-04-15 21:26:32 +00:00: 2026-04-15 21:26:32,452 - __main__ - INFO - 📊 Snapshot: 46 followers (+0 since last check)
2026-04-15 21:26:32 +00:00: 2026-04-15 21:26:32,609 - __main__ - INFO - 📈 24h Growth: +0 followers (46 → 46)
2026-04-15 21:26:32 +00:00: 2026-04-15 21:26:32,766 - __main__ - INFO - 📈 7d Growth: +2 followers (avg 0.3/day, est 3332 days to 1K)
2026-04-15 22:26:33 +00:00: 2026-04-15 22:26:33,688 - __main__ - INFO - 📊 Snapshot: 46 followers (+0 since last check)
2026-04-15 22:26:33 +00:00: 2026-04-15 22:26:33,847 - __main__ - INFO - 📈 24h Growth: +0 followers (46 → 46)
2026-04-15 22:26:34 +00:00: 2026-04-15 22:26:34,004 - __main__ - INFO - 📈 7d Growth: +2 followers (avg 0.3/day, est 3332 days to 1K)
2026-04-15 23:26:34 +00:00: 2026-04-15 23:26:34,747 - __main__ - INFO - 📊 Snapshot: 46 followers (+0 since last check)
2026-04-15 23:26:34 +00:00: 2026-04-15 23:26:34,905 - __main__ - INFO - 📈 24h Growth: +0 followers (46 → 46)
2026-04-15 23:26:35 +00:00: 2026-04-15 23:26:35,062 - __main__ - INFO - 📈 7d Growth: +2 followers (avg 0.3/day, est 3332 days to 1K)
2026-04-16 00:26:35 +00:00: 2026-04-16 00:26:35,853 - __main__ - INFO - 📊 Snapshot: 46 followers (+0 since last check)
2026-04-16 00:26:36 +00:00: 2026-04-16 00:26:36,010 - __main__ - INFO - 📈 24h Growth: +0 followers (46 → 46)
2026-04-16 00:26:36 +00:00: 2026-04-16 00:26:36,166 - __main__ - INFO - 📈 7d Growth: +2 followers (avg 0.3/day, est 3332 days to 1K)
2026-04-16 01:26:36 +00:00: 2026-04-16 01:26:36,962 - __main__ - INFO - 📊 Snapshot: 46 followers (+0 since last check)
2026-04-16 01:26:37 +00:00: 2026-04-16 01:26:37,117 - __main__ - INFO - 📈 24h Growth: +0 followers (46 → 46)
2026-04-16 01:26:37 +00:00: 2026-04-16 01:26:37,271 - __main__ - INFO - 📈 7d Growth: +2 followers (avg 0.3/day, est 3332 days to 1K)
2026-04-16 02:26:38 +00:00: 2026-04-16 02:26:38,110 - __main__ - INFO - 📊 Snapshot: 46 followers (+0 since last check)
2026-04-16 02:26:38 +00:00: 2026-04-16 02:26:38,265 - __main__ - INFO - 📈 24h Growth: +0 followers (46 → 46)
2026-04-16 02:26:38 +00:00: 2026-04-16 02:26:38,419 - __main__ - INFO - 📈 7d Growth: +2 followers (avg 0.3/day, est 3332 days to 1K)
2026-04-16 03:26:39 +00:00: 2026-04-16 03:26:39,261 - __main__ - INFO - 📊 Snapshot: 46 followers (+0 since last check)
2026-04-16 03:26:39 +00:00: 2026-04-16 03:26:39,418 - __main__ - INFO - 📈 24h Growth: +0 followers (46 → 46)
2026-04-16 03:26:39 +00:00: 2026-04-16 03:26:39,574 - __main__ - INFO - 📈 7d Growth: +2 followers (avg 0.3/day, est 3332 days to 1K)
2026-04-16 04:26:40 +00:00: 2026-04-16 04:26:40,434 - __main__ - INFO - 📊 Snapshot: 46 followers (+0 since last check)
2026-04-16 04:26:40 +00:00: 2026-04-16 04:26:40,591 - __main__ - INFO - 📈 24h Growth: +0 followers (46 → 46)
2026-04-16 04:26:40 +00:00: 2026-04-16 04:26:40,747 - __main__ - INFO - 📈 7d Growth: +2 followers (avg 0.3/day, est 3332 days to 1K)
2026-04-16 05:26:41 +00:00: 2026-04-16 05:26:41,556 - __main__ - INFO - 📊 Snapshot: 46 followers (+0 since last check)
2026-04-16 05:26:41 +00:00: 2026-04-16 05:26:41,713 - __main__ - INFO - 📈 24h Growth: +0 followers (46 → 46)
2026-04-16 05:26:41 +00:00: 2026-04-16 05:26:41,870 - __main__ - INFO - 📈 7d Growth: +2 followers (avg 0.3/day, est 3332 days to 1K)
2026-04-16 06:26:42 +00:00: 2026-04-16 06:26:42,723 - __main__ - INFO - 📊 Snapshot: 46 followers (+0 since last check)
2026-04-16 06:26:42 +00:00: 2026-04-16 06:26:42,879 - __main__ - INFO - 📈 24h Growth: +0 followers (46 → 46)
2026-04-16 06:26:43 +00:00: 2026-04-16 06:26:43,036 - __main__ - INFO - 📈 7d Growth: +2 followers (avg 0.3/day, est 3332 days to 1K)
2026-04-16 07:26:43 +00:00: 2026-04-16 07:26:43,964 - __main__ - INFO - 📊 Snapshot: 46 followers (+0 since last check)
2026-04-16 07:26:44 +00:00: 2026-04-16 07:26:44,120 - __main__ - INFO - 📈 24h Growth: +0 followers (46 → 46)
2026-04-16 07:26:44 +00:00: 2026-04-16 07:26:44,276 - __main__ - INFO - 📈 7d Growth: +2 followers (avg 0.3/day, est 3332 days to 1K)
2026-04-16 08:26:45 +00:00: 2026-04-16 08:26:45,029 - __main__ - INFO - 📊 Snapshot: 46 followers (+0 since last check)
2026-04-16 08:26:45 +00:00: 2026-04-16 08:26:45,185 - __main__ - INFO - 📈 24h Growth: +0 followers (46 → 46)
2026-04-16 08:26:45 +00:00: 2026-04-16 08:26:45,341 - __main__ - INFO - 📈 7d Growth: +2 followers (avg 0.3/day, est 3332 days to 1K)
2026-04-16 09:26:46 +00:00: 2026-04-16 09:26:46,145 - __main__ - INFO - 📊 Snapshot: 46 followers (+0 since last check)
2026-04-16 09:26:46 +00:00: 2026-04-16 09:26:46,300 - __main__ - INFO - 📈 24h Growth: +0 followers (46 → 46)
2026-04-16 09:26:46 +00:00: 2026-04-16 09:26:46,454 - __main__ - INFO - 📈 7d Growth: +2 followers (avg 0.3/day, est 3332 days to 1K)
2026-04-16 10:26:47 +00:00: 2026-04-16 10:26:47,368 - __main__ - INFO - 📊 Snapshot: 46 followers (+0 since last check)
2026-04-16 10:26:47 +00:00: 2026-04-16 10:26:47,526 - __main__ - INFO - 📈 24h Growth: +0 followers (46 → 46)
2026-04-16 10:26:47 +00:00: 2026-04-16 10:26:47,684 - __main__ - INFO - 📈 7d Growth: +2 followers (avg 0.3/day, est 3332 days to 1K)
2026-04-16 11:26:48 +00:00: 2026-04-16 11:26:48,467 - __main__ - INFO - 📊 Snapshot: 46 followers (+0 since last check)
2026-04-16 11:26:48 +00:00: 2026-04-16 11:26:48,621 - __main__ - INFO - 📈 24h Growth: +0 followers (46 → 46)
2026-04-16 11:26:48 +00:00: 2026-04-16 11:26:48,776 - __main__ - INFO - 📈 7d Growth: +2 followers (avg 0.3/day, est 3332 days to 1K)
2026-04-16 12:26:49 +00:00: 2026-04-16 12:26:49,627 - __main__ - INFO - 📊 Snapshot: 46 followers (+0 since last check)
2026-04-16 12:26:49 +00:00: 2026-04-16 12:26:49,781 - __main__ - INFO - 📈 24h Growth: +0 followers (46 → 46)
2026-04-16 12:26:49 +00:00: 2026-04-16 12:26:49,936 - __main__ - INFO - 📈 7d Growth: +2 followers (avg 0.3/day, est 3332 days to 1K)
2026-04-16 13:26:50 +00:00: 2026-04-16 13:26:50,706 - __main__ - INFO - 📊 Snapshot: 46 followers (+0 since last check)
2026-04-16 13:26:50 +00:00: 2026-04-16 13:26:50,864 - __main__ - INFO - 📈 24h Growth: +0 followers (46 → 46)
2026-04-16 13:26:51 +00:00: 2026-04-16 13:26:51,020 - __main__ - INFO - 📈 7d Growth: +2 followers (avg 0.3/day, est 3332 days to 1K)
2026-04-16 14:26:51 +00:00: 2026-04-16 14:26:51,823 - __main__ - INFO - 📊 Snapshot: 46 followers (+0 since last check)
2026-04-16 14:26:51 +00:00: 2026-04-16 14:26:51,981 - __main__ - INFO - 📈 24h Growth: +0 followers (46 → 46)
2026-04-16 14:26:52 +00:00: 2026-04-16 14:26:52,138 - __main__ - INFO - 📈 7d Growth: +2 followers (avg 0.3/day, est 3332 days to 1K)
2026-04-16 15:26:52 +00:00: 2026-04-16 15:26:52,969 - __main__ - INFO - 📊 Snapshot: 46 followers (+0 since last check)
2026-04-16 15:26:53 +00:00: 2026-04-16 15:26:53,126 - __main__ - INFO - 📈 24h Growth: +0 followers (46 → 46)
2026-04-16 15:26:53 +00:00: 2026-04-16 15:26:53,282 - __main__ - INFO - 📈 7d Growth: +2 followers (avg 0.3/day, est 3332 days to 1K)
2026-04-16 16:26:54 +00:00: 2026-04-16 16:26:54,230 - __main__ - INFO - 📊 Snapshot: 46 followers (+0 since last check)
2026-04-16 16:26:54 +00:00: 2026-04-16 16:26:54,388 - __main__ - INFO - 📈 24h Growth: +0 followers (46 → 46)
2026-04-16 16:26:54 +00:00: 2026-04-16 16:26:54,545 - __main__ - INFO - 📈 7d Growth: +2 followers (avg 0.3/day, est 3332 days to 1K)
2026-04-16 17:26:55 +00:00: 2026-04-16 17:26:55,328 - __main__ - INFO - 📊 Snapshot: 46 followers (+0 since last check)
2026-04-16 17:26:55 +00:00: 2026-04-16 17:26:55,481 - __main__ - INFO - 📈 24h Growth: +0 followers (46 → 46)
2026-04-16 17:26:55 +00:00: 2026-04-16 17:26:55,634 - __main__ - INFO - 📈 7d Growth: +2 followers (avg 0.3/day, est 3332 days to 1K)
2026-04-16 18:26:56 +00:00: 2026-04-16 18:26:56,397 - __main__ - INFO - 📊 Snapshot: 46 followers (+0 since last check)
2026-04-16 18:26:56 +00:00: 2026-04-16 18:26:56,552 - __main__ - INFO - 📈 24h Growth: +0 followers (46 → 46)
2026-04-16 18:26:56 +00:00: 2026-04-16 18:26:56,705 - __main__ - INFO - 📈 7d Growth: +2 followers (avg 0.3/day, est 3332 days to 1K)
2026-04-16 19:26:57 +00:00: 2026-04-16 19:26:57,492 - __main__ - INFO - 📊 Snapshot: 46 followers (+0 since last check)
2026-04-16 19:26:57 +00:00: 2026-04-16 19:26:57,645 - __main__ - INFO - 📈 24h Growth: +0 followers (46 → 46)
2026-04-16 19:26:57 +00:00: 2026-04-16 19:26:57,799 - __main__ - INFO - 📈 7d Growth: +2 followers (avg 0.3/day, est 3332 days to 1K)
2026-04-16 20:26:58 +00:00: 2026-04-16 20:26:58,648 - __main__ - INFO - 📊 Snapshot: 46 followers (+0 since last check)
2026-04-16 20:26:58 +00:00: 2026-04-16 20:26:58,800 - __main__ - INFO - 📈 24h Growth: +0 followers (46 → 46)
2026-04-16 20:26:58 +00:00: 2026-04-16 20:26:58,953 - __main__ - INFO - 📈 7d Growth: +1 followers (avg 0.1/day, est 6671 days to 1K)
2026-04-16 21:26:59 +00:00: 2026-04-16 21:26:59,730 - __main__ - INFO - 📊 Snapshot: 46 followers (+0 since last check)
2026-04-16 21:26:59 +00:00: 2026-04-16 21:26:59,883 - __main__ - INFO - 📈 24h Growth: +0 followers (46 → 46)
2026-04-16 21:27:00 +00:00: 2026-04-16 21:27:00,036 - __main__ - INFO - 📈 7d Growth: +1 followers (avg 0.1/day, est 6671 days to 1K)
2026-04-16 22:27:00 +00:00: 2026-04-16 22:27:00,836 - __main__ - INFO - 📊 Snapshot: 46 followers (+0 since last check)
2026-04-16 22:27:00 +00:00: 2026-04-16 22:27:00,990 - __main__ - INFO - 📈 24h Growth: +0 followers (46 → 46)
2026-04-16 22:27:01 +00:00: 2026-04-16 22:27:01,144 - __main__ - INFO - 📈 7d Growth: +1 followers (avg 0.1/day, est 6671 days to 1K)
2026-04-16 23:27:02 +00:00: 2026-04-16 23:27:02,034 - __main__ - INFO - 📊 Snapshot: 46 followers (+0 since last check)
2026-04-16 23:27:02 +00:00: 2026-04-16 23:27:02,187 - __main__ - INFO - 📈 24h Growth: +0 followers (46 → 46)
2026-04-16 23:27:02 +00:00: 2026-04-16 23:27:02,340 - __main__ - INFO - 📈 7d Growth: +1 followers (avg 0.1/day, est 6671 days to 1K)
2026-04-17 00:27:03 +00:00: 2026-04-17 00:27:03,083 - __main__ - INFO - 📊 Snapshot: 46 followers (+0 since last check)
2026-04-17 00:27:03 +00:00: 2026-04-17 00:27:03,244 - __main__ - INFO - 📈 24h Growth: +0 followers (46 → 46)
2026-04-17 00:27:03 +00:00: 2026-04-17 00:27:03,398 - __main__ - INFO - 📈 7d Growth: +1 followers (avg 0.1/day, est 6671 days to 1K)
2026-04-17 01:27:04 +00:00: 2026-04-17 01:27:04,255 - __main__ - INFO - 📊 Snapshot: 46 followers (+0 since last check)
2026-04-17 01:27:04 +00:00: 2026-04-17 01:27:04,408 - __main__ - INFO - 📈 24h Growth: +0 followers (46 → 46)
2026-04-17 01:27:04 +00:00: 2026-04-17 01:27:04,561 - __main__ - INFO - 📈 7d Growth: +0 followers (avg 0.0/day, est inf days to 1K)
2026-04-17 02:27:05 +00:00: 2026-04-17 02:27:05,317 - __main__ - INFO - 📊 Snapshot: 46 followers (+0 since last check)
2026-04-17 02:27:05 +00:00: 2026-04-17 02:27:05,471 - __main__ - INFO - 📈 24h Growth: +0 followers (46 → 46)
2026-04-17 02:27:05 +00:00: 2026-04-17 02:27:05,624 - __main__ - INFO - 📈 7d Growth: +0 followers (avg 0.0/day, est inf days to 1K)
2026-04-17 03:27:06 +00:00: 2026-04-17 03:27:06,499 - __main__ - INFO - 📊 Snapshot: 46 followers (+0 since last check)
2026-04-17 03:27:06 +00:00: 2026-04-17 03:27:06,652 - __main__ - INFO - 📈 24h Growth: +0 followers (46 → 46)
2026-04-17 03:27:06 +00:00: 2026-04-17 03:27:06,805 - __main__ - INFO - 📈 7d Growth: +0 followers (avg 0.0/day, est inf days to 1K)
2026-04-17 04:27:07 +00:00: 2026-04-17 04:27:07,868 - __main__ - INFO - 📊 Snapshot: 46 followers (+0 since last check)
2026-04-17 04:27:08 +00:00: 2026-04-17 04:27:08,021 - __main__ - INFO - 📈 24h Growth: +0 followers (46 → 46)
2026-04-17 04:27:08 +00:00: 2026-04-17 04:27:08,174 - __main__ - INFO - 📈 7d Growth: +0 followers (avg 0.0/day, est inf days to 1K)
2026-04-17 05:27:08 +00:00: 2026-04-17 05:27:08,938 - __main__ - INFO - 📊 Snapshot: 46 followers (+0 since last check)
2026-04-17 05:27:09 +00:00: 2026-04-17 05:27:09,091 - __main__ - INFO - 📈 24h Growth: +0 followers (46 → 46)
2026-04-17 05:27:09 +00:00: 2026-04-17 05:27:09,244 - __main__ - INFO - 📈 7d Growth: +0 followers (avg 0.0/day, est inf days to 1K)
2026-04-17 06:27:10 +00:00: 2026-04-17 06:27:10,127 - __main__ - INFO - 📊 Snapshot: 46 followers (+0 since last check)
2026-04-17 06:27:10 +00:00: 2026-04-17 06:27:10,281 - __main__ - INFO - 📈 24h Growth: +0 followers (46 → 46)
2026-04-17 06:27:10 +00:00: 2026-04-17 06:27:10,434 - __main__ - INFO - 📈 7d Growth: +0 followers (avg 0.0/day, est inf days to 1K)
2026-04-17 07:27:11 +00:00: 2026-04-17 07:27:11,317 - __main__ - INFO - 📊 Snapshot: 46 followers (+0 since last check)
2026-04-17 07:27:11 +00:00: 2026-04-17 07:27:11,470 - __main__ - INFO - 📈 24h Growth: +0 followers (46 → 46)
2026-04-17 07:27:11 +00:00: 2026-04-17 07:27:11,623 - __main__ - INFO - 📈 7d Growth: +0 followers (avg 0.0/day, est inf days to 1K)
2026-04-17 08:27:12 +00:00: 2026-04-17 08:27:12,541 - __main__ - INFO - 📊 Snapshot: 46 followers (+0 since last check)
2026-04-17 08:27:12 +00:00: 2026-04-17 08:27:12,694 - __main__ - INFO - 📈 24h Growth: +0 followers (46 → 46)
2026-04-17 08:27:12 +00:00: 2026-04-17 08:27:12,848 - __main__ - INFO - 📈 7d Growth: +0 followers (avg 0.0/day, est inf days to 1K)
2026-04-17 09:27:13 +00:00: 2026-04-17 09:27:13,731 - __main__ - INFO - 📊 Snapshot: 46 followers (+0 since last check)
2026-04-17 09:27:13 +00:00: 2026-04-17 09:27:13,885 - __main__ - INFO - 📈 24h Growth: +0 followers (46 → 46)
2026-04-17 09:27:14 +00:00: 2026-04-17 09:27:14,038 - __main__ - INFO - 📈 7d Growth: +0 followers (avg 0.0/day, est inf days to 1K)
2026-04-17 10:27:14 +00:00: 2026-04-17 10:27:14,941 - __main__ - INFO - 📊 Snapshot: 46 followers (+0 since last check)
2026-04-17 10:27:15 +00:00: 2026-04-17 10:27:15,094 - __main__ - INFO - 📈 24h Growth: +0 followers (46 → 46)
2026-04-17 10:27:15 +00:00: 2026-04-17 10:27:15,247 - __main__ - INFO - 📈 7d Growth: +0 followers (avg 0.0/day, est inf days to 1K)
2026-04-17 11:27:16 +00:00: 2026-04-17 11:27:16,076 - __main__ - INFO - 📊 Snapshot: 46 followers (+0 since last check)
2026-04-17 11:27:16 +00:00: 2026-04-17 11:27:16,229 - __main__ - INFO - 📈 24h Growth: +0 followers (46 → 46)
2026-04-17 11:27:16 +00:00: 2026-04-17 11:27:16,382 - __main__ - INFO - 📈 7d Growth: +0 followers (avg 0.0/day, est inf days to 1K)
2026-04-17 12:27:17 +00:00: 2026-04-17 12:27:17,209 - __main__ - INFO - 📊 Snapshot: 46 followers (+0 since last check)
2026-04-17 12:27:17 +00:00: 2026-04-17 12:27:17,362 - __main__ - INFO - 📈 24h Growth: +0 followers (46 → 46)
2026-04-17 12:27:17 +00:00: 2026-04-17 12:27:17,516 - __main__ - INFO - 📈 7d Growth: +0 followers (avg 0.0/day, est inf days to 1K)
2026-04-17 13:27:18 +00:00: 2026-04-17 13:27:18,373 - __main__ - INFO - 📊 Snapshot: 46 followers (+0 since last check)
2026-04-17 13:27:18 +00:00: 2026-04-17 13:27:18,526 - __main__ - INFO - 📈 24h Growth: +0 followers (46 → 46)
2026-04-17 13:27:18 +00:00: 2026-04-17 13:27:18,679 - __main__ - INFO - 📈 7d Growth: +0 followers (avg 0.0/day, est inf days to 1K)
2026-04-17 14:27:19 +00:00: 2026-04-17 14:27:19,472 - __main__ - INFO - 📊 Snapshot: 46 followers (+0 since last check)
2026-04-17 14:27:19 +00:00: 2026-04-17 14:27:19,625 - __main__ - INFO - 📈 24h Growth: +0 followers (46 → 46)
2026-04-17 14:27:19 +00:00: 2026-04-17 14:27:19,778 - __main__ - INFO - 📈 7d Growth: +0 followers (avg 0.0/day, est inf days to 1K)
2026-04-17 15:27:20 +00:00: 2026-04-17 15:27:20,597 - __main__ - INFO - 📊 Snapshot: 46 followers (+0 since last check)
2026-04-17 15:27:20 +00:00: 2026-04-17 15:27:20,750 - __main__ - INFO - 📈 24h Growth: +0 followers (46 → 46)
2026-04-17 15:27:20 +00:00: 2026-04-17 15:27:20,903 - __main__ - INFO - 📈 7d Growth: +0 followers (avg 0.0/day, est inf days to 1K)
2026-04-17 16:27:21 +00:00: 2026-04-17 16:27:21,654 - __main__ - INFO - 📊 Snapshot: 46 followers (+0 since last check)
2026-04-17 16:27:21 +00:00: 2026-04-17 16:27:21,807 - __main__ - INFO - 📈 24h Growth: +0 followers (46 → 46)
2026-04-17 16:27:21 +00:00: 2026-04-17 16:27:21,959 - __main__ - INFO - 📈 7d Growth: +0 followers (avg 0.0/day, est inf days to 1K)
2026-04-17 17:27:22 +00:00: 2026-04-17 17:27:22,887 - __main__ - INFO - 📊 Snapshot: 46 followers (+0 since last check)
2026-04-17 17:27:23 +00:00: 2026-04-17 17:27:23,040 - __main__ - INFO - 📈 24h Growth: +0 followers (46 → 46)
2026-04-17 17:27:23 +00:00: 2026-04-17 17:27:23,193 - __main__ - INFO - 📈 7d Growth: +0 followers (avg 0.0/day, est inf days to 1K)
2026-04-17 18:27:24 +00:00: 2026-04-17 18:27:24,001 - __main__ - INFO - 📊 Snapshot: 46 followers (+0 since last check)
2026-04-17 18:27:24 +00:00: 2026-04-17 18:27:24,155 - __main__ - INFO - 📈 24h Growth: +0 followers (46 → 46)
2026-04-17 18:27:24 +00:00: 2026-04-17 18:27:24,309 - __main__ - INFO - 📈 7d Growth: +0 followers (avg 0.0/day, est inf days to 1K)
2026-04-17 19:27:25 +00:00: 2026-04-17 19:27:25,087 - __main__ - INFO - 📊 Snapshot: 46 followers (+0 since last check)
2026-04-17 19:27:25 +00:00: 2026-04-17 19:27:25,241 - __main__ - INFO - 📈 24h Growth: +0 followers (46 → 46)
2026-04-17 19:27:25 +00:00: 2026-04-17 19:27:25,394 - __main__ - INFO - 📈 7d Growth: +0 followers (avg 0.0/day, est inf days to 1K)
2026-04-17 20:27:26 +00:00: 2026-04-17 20:27:26,158 - __main__ - INFO - 📊 Snapshot: 46 followers (+0 since last check)
2026-04-17 20:27:26 +00:00: 2026-04-17 20:27:26,311 - __main__ - INFO - 📈 24h Growth: +0 followers (46 → 46)
2026-04-17 20:27:26 +00:00: 2026-04-17 20:27:26,464 - __main__ - INFO - 📈 7d Growth: +0 followers (avg 0.0/day, est inf days to 1K)
2026-04-17 21:27:27 +00:00: 2026-04-17 21:27:27,305 - __main__ - INFO - 📊 Snapshot: 46 followers (+0 since last check)
2026-04-17 21:27:27 +00:00: 2026-04-17 21:27:27,459 - __main__ - INFO - 📈 24h Growth: +0 followers (46 → 46)
2026-04-17 21:27:27 +00:00: 2026-04-17 21:27:27,612 - __main__ - INFO - 📈 7d Growth: +0 followers (avg 0.0/day, est inf days to 1K)
2026-04-17 22:27:28 +00:00: 2026-04-17 22:27:28,457 - __main__ - INFO - 📊 Snapshot: 46 followers (+0 since last check)
2026-04-17 22:27:28 +00:00: 2026-04-17 22:27:28,610 - __main__ - INFO - 📈 24h Growth: +0 followers (46 → 46)
2026-04-17 22:27:28 +00:00: 2026-04-17 22:27:28,763 - __main__ - INFO - 📈 7d Growth: +0 followers (avg 0.0/day, est inf days to 1K)
2026-04-17 23:27:29 +00:00: 2026-04-17 23:27:29,535 - __main__ - INFO - 📊 Snapshot: 46 followers (+0 since last check)
2026-04-17 23:27:29 +00:00: 2026-04-17 23:27:29,688 - __main__ - INFO - 📈 24h Growth: +0 followers (46 → 46)
2026-04-17 23:27:29 +00:00: 2026-04-17 23:27:29,844 - __main__ - INFO - 📈 7d Growth: +0 followers (avg 0.0/day, est inf days to 1K)
2026-04-18 00:27:30 +00:00: 2026-04-18 00:27:30,631 - __main__ - INFO - 📊 Snapshot: 46 followers (+0 since last check)
2026-04-18 00:27:30 +00:00: 2026-04-18 00:27:30,785 - __main__ - INFO - 📈 24h Growth: +0 followers (46 → 46)
2026-04-18 00:27:30 +00:00: 2026-04-18 00:27:30,939 - __main__ - INFO - 📈 7d Growth: +0 followers (avg 0.0/day, est inf days to 1K)
2026-04-18 01:27:31 +00:00: 2026-04-18 01:27:31,656 - __main__ - INFO - 📊 Snapshot: 46 followers (+0 since last check)
2026-04-18 01:27:31 +00:00: 2026-04-18 01:27:31,809 - __main__ - INFO - 📈 24h Growth: +0 followers (46 → 46)
2026-04-18 01:27:31 +00:00: 2026-04-18 01:27:31,961 - __main__ - INFO - 📈 7d Growth: +0 followers (avg 0.0/day, est inf days to 1K)
2026-04-18 02:27:32 +00:00: 2026-04-18 02:27:32,775 - __main__ - INFO - 📊 Snapshot: 46 followers (+0 since last check)
2026-04-18 02:27:32 +00:00: 2026-04-18 02:27:32,930 - __main__ - INFO - 📈 24h Growth: +0 followers (46 → 46)
2026-04-18 02:27:33 +00:00: 2026-04-18 02:27:33,083 - __main__ - INFO - 📈 7d Growth: +0 followers (avg 0.0/day, est inf days to 1K)
2026-04-18 03:27:33 +00:00: 2026-04-18 03:27:33,967 - __main__ - INFO - 📊 Snapshot: 46 followers (+0 since last check)
2026-04-18 03:27:34 +00:00: 2026-04-18 03:27:34,124 - __main__ - INFO - 📈 24h Growth: +0 followers (46 → 46)
2026-04-18 03:27:34 +00:00: 2026-04-18 03:27:34,278 - __main__ - INFO - 📈 7d Growth: +0 followers (avg 0.0/day, est inf days to 1K)
2026-04-18 04:27:34 +00:00: 2026-04-18 04:27:34,996 - __main__ - INFO - 📊 Snapshot: 46 followers (+0 since last check)
2026-04-18 04:27:35 +00:00: 2026-04-18 04:27:35,149 - __main__ - INFO - 📈 24h Growth: +0 followers (46 → 46)
2026-04-18 04:27:35 +00:00: 2026-04-18 04:27:35,303 - __main__ - INFO - 📈 7d Growth: +0 followers (avg 0.0/day, est inf days to 1K)
2026-04-18 05:27:36 +00:00: 2026-04-18 05:27:36,198 - __main__ - INFO - 📊 Snapshot: 46 followers (+0 since last check)
2026-04-18 05:27:36 +00:00: 2026-04-18 05:27:36,351 - __main__ - INFO - 📈 24h Growth: +0 followers (46 → 46)
2026-04-18 05:27:36 +00:00: 2026-04-18 05:27:36,504 - __main__ - INFO - 📈 7d Growth: +0 followers (avg 0.0/day, est inf days to 1K)
2026-04-18 06:27:37 +00:00: 2026-04-18 06:27:37,360 - __main__ - INFO - 📊 Snapshot: 46 followers (+0 since last check)
2026-04-18 06:27:37 +00:00: 2026-04-18 06:27:37,514 - __main__ - INFO - 📈 24h Growth: +0 followers (46 → 46)
2026-04-18 06:27:37 +00:00: 2026-04-18 06:27:37,667 - __main__ - INFO - 📈 7d Growth: +0 followers (avg 0.0/day, est inf days to 1K)
2026-04-18 07:27:38 +00:00: 2026-04-18 07:27:38,457 - __main__ - INFO - 📊 Snapshot: 46 followers (+0 since last check)
2026-04-18 07:27:38 +00:00: 2026-04-18 07:27:38,610 - __main__ - INFO - 📈 24h Growth: +0 followers (46 → 46)
2026-04-18 07:27:38 +00:00: 2026-04-18 07:27:38,763 - __main__ - INFO - 📈 7d Growth: +0 followers (avg 0.0/day, est inf days to 1K)
2026-04-18 08:27:39 +00:00: 2026-04-18 08:27:39,618 - __main__ - INFO - 📊 Snapshot: 46 followers (+0 since last check)
2026-04-18 08:27:39 +00:00: 2026-04-18 08:27:39,771 - __main__ - INFO - 📈 24h Growth: +0 followers (46 → 46)
2026-04-18 08:27:39 +00:00: 2026-04-18 08:27:39,924 - __main__ - INFO - 📈 7d Growth: +0 followers (avg 0.0/day, est inf days to 1K)
2026-04-18 09:27:40 +00:00: 2026-04-18 09:27:40,719 - __main__ - INFO - 📊 Snapshot: 46 followers (+0 since last check)
2026-04-18 09:27:40 +00:00: 2026-04-18 09:27:40,876 - __main__ - INFO - 📈 24h Growth: +0 followers (46 → 46)
2026-04-18 09:27:41 +00:00: 2026-04-18 09:27:41,029 - __main__ - INFO - 📈 7d Growth: +0 followers (avg 0.0/day, est inf days to 1K)
2026-04-18 10:27:41 +00:00: 2026-04-18 10:27:41,873 - __main__ - INFO - 📊 Snapshot: 46 followers (+0 since last check)
2026-04-18 10:27:42 +00:00: 2026-04-18 10:27:42,027 - __main__ - INFO - 📈 24h Growth: +0 followers (46 → 46)
2026-04-18 10:27:42 +00:00: 2026-04-18 10:27:42,180 - __main__ - INFO - 📈 7d Growth: +0 followers (avg 0.0/day, est inf days to 1K)
2026-04-18 11:27:43 +00:00: 2026-04-18 11:27:43,081 - __main__ - INFO - 📊 Snapshot: 46 followers (+0 since last check)
2026-04-18 11:27:43 +00:00: 2026-04-18 11:27:43,235 - __main__ - INFO - 📈 24h Growth: +0 followers (46 → 46)
2026-04-18 11:27:43 +00:00: 2026-04-18 11:27:43,390 - __main__ - INFO - 📈 7d Growth: +0 followers (avg 0.0/day, est inf days to 1K)
2026-04-18 12:27:44 +00:00: 2026-04-18 12:27:44,166 - __main__ - INFO - 📊 Snapshot: 46 followers (+0 since last check)
2026-04-18 12:27:44 +00:00: 2026-04-18 12:27:44,319 - __main__ - INFO - 📈 24h Growth: +0 followers (46 → 46)
2026-04-18 12:27:44 +00:00: 2026-04-18 12:27:44,472 - __main__ - INFO - 📈 7d Growth: +0 followers (avg 0.0/day, est inf days to 1K)
2026-04-18 13:27:45 +00:00: 2026-04-18 13:27:45,282 - __main__ - INFO - 📊 Snapshot: 46 followers (+0 since last check)
2026-04-18 13:27:45 +00:00: 2026-04-18 13:27:45,435 - __main__ - INFO - 📈 24h Growth: +0 followers (46 → 46)
2026-04-18 13:27:45 +00:00: 2026-04-18 13:27:45,588 - __main__ - INFO - 📈 7d Growth: +0 followers (avg 0.0/day, est inf days to 1K)
2026-04-18 14:27:46 +00:00: 2026-04-18 14:27:46,521 - __main__ - INFO - 📊 Snapshot: 46 followers (+0 since last check)
2026-04-18 14:27:46 +00:00: 2026-04-18 14:27:46,680 - __main__ - INFO - 📈 24h Growth: +0 followers (46 → 46)
2026-04-18 14:27:46 +00:00: 2026-04-18 14:27:46,833 - __main__ - INFO - 📈 7d Growth: +0 followers (avg 0.0/day, est inf days to 1K)
2026-04-18 15:27:47 +00:00: 2026-04-18 15:27:47,596 - __main__ - INFO - 📊 Snapshot: 46 followers (+0 since last check)
2026-04-18 15:27:47 +00:00: 2026-04-18 15:27:47,750 - __main__ - INFO - 📈 24h Growth: +0 followers (46 → 46)
2026-04-18 15:27:47 +00:00: 2026-04-18 15:27:47,903 - __main__ - INFO - 📈 7d Growth: +0 followers (avg 0.0/day, est inf days to 1K)
2026-04-18 16:27:48 +00:00: 2026-04-18 16:27:48,824 - __main__ - INFO - 📊 Snapshot: 46 followers (+0 since last check)
2026-04-18 16:27:48 +00:00: 2026-04-18 16:27:48,977 - __main__ - INFO - 📈 24h Growth: +0 followers (46 → 46)
2026-04-18 16:27:49 +00:00: 2026-04-18 16:27:49,130 - __main__ - INFO - 📈 7d Growth: +0 followers (avg 0.0/day, est inf days to 1K)
2026-04-18 17:27:49 +00:00: 2026-04-18 17:27:49,976 - __main__ - INFO - 📊 Snapshot: 46 followers (+0 since last check)
2026-04-18 17:27:50 +00:00: 2026-04-18 17:27:50,130 - __main__ - INFO - 📈 24h Growth: +0 followers (46 → 46)
2026-04-18 17:27:50 +00:00: 2026-04-18 17:27:50,283 - __main__ - INFO - 📈 7d Growth: +0 followers (avg 0.0/day, est inf days to 1K)
2026-04-18 18:27:51 +00:00: 2026-04-18 18:27:51,149 - __main__ - INFO - 📊 Snapshot: 46 followers (+0 since last check)
2026-04-18 18:27:51 +00:00: 2026-04-18 18:27:51,303 - __main__ - INFO - 📈 24h Growth: +0 followers (46 → 46)
2026-04-18 18:27:51 +00:00: 2026-04-18 18:27:51,458 - __main__ - INFO - 📈 7d Growth: +0 followers (avg 0.0/day, est inf days to 1K)
2026-04-18 19:27:52 +00:00: 2026-04-18 19:27:52,375 - __main__ - INFO - 📊 Snapshot: 46 followers (+0 since last check)
2026-04-18 19:27:52 +00:00: 2026-04-18 19:27:52,530 - __main__ - INFO - 📈 24h Growth: +0 followers (46 → 46)
2026-04-18 19:27:52 +00:00: 2026-04-18 19:27:52,691 - __main__ - INFO - 📈 7d Growth: +0 followers (avg 0.0/day, est inf days to 1K)
2026-04-18 20:27:53 +00:00: 2026-04-18 20:27:53,613 - __main__ - INFO - 📊 Snapshot: 46 followers (+0 since last check)
2026-04-18 20:27:53 +00:00: 2026-04-18 20:27:53,767 - __main__ - INFO - 📈 24h Growth: +0 followers (46 → 46)
2026-04-18 20:27:53 +00:00: 2026-04-18 20:27:53,920 - __main__ - INFO - 📈 7d Growth: +0 followers (avg 0.0/day, est inf days to 1K)
2026-04-18 21:27:54 +00:00: 2026-04-18 21:27:54,824 - __main__ - INFO - 📊 Snapshot: 46 followers (+0 since last check)
2026-04-18 21:27:54 +00:00: 2026-04-18 21:27:54,978 - __main__ - INFO - 📈 24h Growth: +0 followers (46 → 46)
2026-04-18 21:27:55 +00:00: 2026-04-18 21:27:55,132 - __main__ - INFO - 📈 7d Growth: +0 followers (avg 0.0/day, est inf days to 1K)
2026-04-18 22:27:56 +00:00: 2026-04-18 22:27:56,009 - __main__ - INFO - 📊 Snapshot: 46 followers (+0 since last check)
2026-04-18 22:27:56 +00:00: 2026-04-18 22:27:56,163 - __main__ - INFO - 📈 24h Growth: +0 followers (46 → 46)
2026-04-18 22:27:56 +00:00: 2026-04-18 22:27:56,316 - __main__ - INFO - 📈 7d Growth: +0 followers (avg 0.0/day, est inf days to 1K)
2026-04-18 23:27:57 +00:00: 2026-04-18 23:27:57,169 - __main__ - INFO - 📊 Snapshot: 46 followers (+0 since last check)
2026-04-18 23:27:57 +00:00: 2026-04-18 23:27:57,323 - __main__ - INFO - 📈 24h Growth: +0 followers (46 → 46)
2026-04-18 23:27:57 +00:00: 2026-04-18 23:27:57,476 - __main__ - INFO - 📈 7d Growth: +0 followers (avg 0.0/day, est inf days to 1K)
2026-04-19 00:27:58 +00:00: 2026-04-19 00:27:58,362 - __main__ - INFO - 📊 Snapshot: 46 followers (+0 since last check)
2026-04-19 00:27:58 +00:00: 2026-04-19 00:27:58,516 - __main__ - INFO - 📈 24h Growth: +0 followers (46 → 46)
2026-04-19 00:27:58 +00:00: 2026-04-19 00:27:58,669 - __main__ - INFO - 📈 7d Growth: +0 followers (avg 0.0/day, est inf days to 1K)
2026-04-19 01:27:59 +00:00: 2026-04-19 01:27:59,420 - __main__ - INFO - 📊 Snapshot: 46 followers (+0 since last check)
2026-04-19 01:27:59 +00:00: 2026-04-19 01:27:59,574 - __main__ - INFO - 📈 24h Growth: +0 followers (46 → 46)
2026-04-19 01:27:59 +00:00: 2026-04-19 01:27:59,727 - __main__ - INFO - 📈 7d Growth: +0 followers (avg 0.0/day, est inf days to 1K)
2026-04-19 02:28:00 +00:00: 2026-04-19 02:28:00,540 - __main__ - INFO - 📊 Snapshot: 46 followers (+0 since last check)
2026-04-19 02:28:00 +00:00: 2026-04-19 02:28:00,693 - __main__ - INFO - 📈 24h Growth: +0 followers (46 → 46)
2026-04-19 02:28:00 +00:00: 2026-04-19 02:28:00,846 - __main__ - INFO - 📈 7d Growth: +0 followers (avg 0.0/day, est inf days to 1K)
2026-04-19 03:28:01 +00:00: 2026-04-19 03:28:01,682 - __main__ - INFO - 📊 Snapshot: 46 followers (+0 since last check)
2026-04-19 03:28:01 +00:00: 2026-04-19 03:28:01,834 - __main__ - INFO - 📈 24h Growth: +0 followers (46 → 46)
2026-04-19 03:28:01 +00:00: 2026-04-19 03:28:01,985 - __main__ - INFO - 📈 7d Growth: +0 followers (avg 0.0/day, est inf days to 1K)
2026-04-19 04:28:02 +00:00: 2026-04-19 04:28:02,838 - __main__ - INFO - 📊 Snapshot: 46 followers (+0 since last check)
2026-04-19 04:28:02 +00:00: 2026-04-19 04:28:02,990 - __main__ - INFO - 📈 24h Growth: +0 followers (46 → 46)
2026-04-19 04:28:03 +00:00: 2026-04-19 04:28:03,142 - __main__ - INFO - 📈 7d Growth: +0 followers (avg 0.0/day, est inf days to 1K)
2026-04-19 05:28:04 +00:00: 2026-04-19 05:28:04,187 - __main__ - INFO - 📊 Snapshot: 46 followers (+0 since last check)
2026-04-19 05:28:04 +00:00: 2026-04-19 05:28:04,338 - __main__ - INFO - 📈 24h Growth: +0 followers (46 → 46)
2026-04-19 05:28:04 +00:00: 2026-04-19 05:28:04,490 - __main__ - INFO - 📈 7d Growth: +0 followers (avg 0.0/day, est inf days to 1K)
2026-04-19 06:28:05 +00:00: 2026-04-19 06:28:05,352 - __main__ - INFO - 📊 Snapshot: 46 followers (+0 since last check)
2026-04-19 06:28:05 +00:00: 2026-04-19 06:28:05,504 - __main__ - INFO - 📈 24h Growth: +0 followers (46 → 46)
2026-04-19 06:28:05 +00:00: 2026-04-19 06:28:05,655 - __main__ - INFO - 📈 7d Growth: +0 followers (avg 0.0/day, est inf days to 1K)
2026-04-19 07:28:06 +00:00: 2026-04-19 07:28:06,565 - __main__ - INFO - 📊 Snapshot: 46 followers (+0 since last check)
2026-04-19 07:28:06 +00:00: 2026-04-19 07:28:06,716 - __main__ - INFO - 📈 24h Growth: +0 followers (46 → 46)
2026-04-19 07:28:06 +00:00: 2026-04-19 07:28:06,868 - __main__ - INFO - 📈 7d Growth: +0 followers (avg 0.0/day, est inf days to 1K)
2026-04-19 08:28:07 +00:00: 2026-04-19 08:28:07,682 - __main__ - INFO - 📊 Snapshot: 46 followers (+0 since last check)
2026-04-19 08:28:07 +00:00: 2026-04-19 08:28:07,833 - __main__ - INFO - 📈 24h Growth: +0 followers (46 → 46)
2026-04-19 08:28:07 +00:00: 2026-04-19 08:28:07,985 - __main__ - INFO - 📈 7d Growth: +0 followers (avg 0.0/day, est inf days to 1K)
2026-04-19 09:28:08 +00:00: 2026-04-19 09:28:08,797 - __main__ - INFO - 📊 Snapshot: 46 followers (+0 since last check)
2026-04-19 09:28:08 +00:00: 2026-04-19 09:28:08,948 - __main__ - INFO - 📈 24h Growth: +0 followers (46 → 46)
2026-04-19 09:28:09 +00:00: 2026-04-19 09:28:09,099 - __main__ - INFO - 📈 7d Growth: +0 followers (avg 0.0/day, est inf days to 1K)
2026-04-19 10:28:09 +00:00: 2026-04-19 10:28:09,981 - __main__ - INFO - 📊 Snapshot: 46 followers (+0 since last check)
2026-04-19 10:28:10 +00:00: 2026-04-19 10:28:10,133 - __main__ - INFO - 📈 24h Growth: +0 followers (46 → 46)
2026-04-19 10:28:10 +00:00: 2026-04-19 10:28:10,284 - __main__ - INFO - 📈 7d Growth: +0 followers (avg 0.0/day, est inf days to 1K)
2026-04-19 11:28:11 +00:00: 2026-04-19 11:28:11,059 - __main__ - INFO - 📊 Snapshot: 46 followers (+0 since last check)
2026-04-19 11:28:11 +00:00: 2026-04-19 11:28:11,211 - __main__ - INFO - 📈 24h Growth: +0 followers (46 → 46)
2026-04-19 11:28:11 +00:00: 2026-04-19 11:28:11,362 - __main__ - INFO - 📈 7d Growth: +0 followers (avg 0.0/day, est inf days to 1K)
2026-04-19 12:28:12 +00:00: 2026-04-19 12:28:12,260 - __main__ - INFO - 📊 Snapshot: 46 followers (+0 since last check)
2026-04-19 12:28:12 +00:00: 2026-04-19 12:28:12,411 - __main__ - INFO - 📈 24h Growth: +0 followers (46 → 46)
2026-04-19 12:28:12 +00:00: 2026-04-19 12:28:12,562 - __main__ - INFO - 📈 7d Growth: +0 followers (avg 0.0/day, est inf days to 1K)
2026-04-19 13:28:13 +00:00: 2026-04-19 13:28:13,487 - __main__ - INFO - 📊 Snapshot: 46 followers (+0 since last check)
2026-04-19 13:28:13 +00:00: 2026-04-19 13:28:13,640 - __main__ - INFO - 📈 24h Growth: +0 followers (46 → 46)
2026-04-19 13:28:13 +00:00: 2026-04-19 13:28:13,791 - __main__ - INFO - 📈 7d Growth: +0 followers (avg 0.0/day, est inf days to 1K)
2026-04-19 14:28:14 +00:00: 2026-04-19 14:28:14,673 - __main__ - INFO - 📊 Snapshot: 47 followers (+1 since last check)
2026-04-19 14:28:14 +00:00: 2026-04-19 14:28:14,825 - __main__ - INFO - 📈 24h Growth: +1 followers (46 → 47)
2026-04-19 14:28:14 +00:00: 2026-04-19 14:28:14,976 - __main__ - INFO - 📈 7d Growth: +1 followers (avg 0.1/day, est 6671 days to 1K)
2026-04-19 15:28:15 +00:00: 2026-04-19 15:28:15,894 - __main__ - INFO - 📊 Snapshot: 47 followers (+0 since last check)
2026-04-19 15:28:16 +00:00: 2026-04-19 15:28:16,046 - __main__ - INFO - 📈 24h Growth: +1 followers (46 → 47)
2026-04-19 15:28:16 +00:00: 2026-04-19 15:28:16,199 - __main__ - INFO - 📈 7d Growth: +1 followers (avg 0.1/day, est 6671 days to 1K)
2026-04-19 16:28:17 +00:00: 2026-04-19 16:28:17,056 - __main__ - INFO - 📊 Snapshot: 47 followers (+0 since last check)
2026-04-19 16:28:17 +00:00: 2026-04-19 16:28:17,208 - __main__ - INFO - 📈 24h Growth: +1 followers (46 → 47)
2026-04-19 16:28:17 +00:00: 2026-04-19 16:28:17,360 - __main__ - INFO - 📈 7d Growth: +1 followers (avg 0.1/day, est 6671 days to 1K)
2026-04-19 17:28:18 +00:00: 2026-04-19 17:28:18,337 - __main__ - INFO - 📊 Snapshot: 47 followers (+0 since last check)
2026-04-19 17:28:18 +00:00: 2026-04-19 17:28:18,490 - __main__ - INFO - 📈 24h Growth: +1 followers (46 → 47)
2026-04-19 17:28:18 +00:00: 2026-04-19 17:28:18,641 - __main__ - INFO - 📈 7d Growth: +1 followers (avg 0.1/day, est 6671 days to 1K)
2026-04-19 18:28:19 +00:00: 2026-04-19 18:28:19,518 - __main__ - INFO - 📊 Snapshot: 47 followers (+0 since last check)
2026-04-19 18:28:19 +00:00: 2026-04-19 18:28:19,670 - __main__ - INFO - 📈 24h Growth: +1 followers (46 → 47)
2026-04-19 18:28:19 +00:00: 2026-04-19 18:28:19,822 - __main__ - INFO - 📈 7d Growth: +1 followers (avg 0.1/day, est 6671 days to 1K)
2026-04-19 19:28:20 +00:00: 2026-04-19 19:28:20,772 - __main__ - INFO - 📊 Snapshot: 47 followers (+0 since last check)
2026-04-19 19:28:20 +00:00: 2026-04-19 19:28:20,923 - __main__ - INFO - 📈 24h Growth: +1 followers (46 → 47)
2026-04-19 19:28:21 +00:00: 2026-04-19 19:28:21,074 - __main__ - INFO - 📈 7d Growth: +1 followers (avg 0.1/day, est 6671 days to 1K)
2026-04-19 20:28:22 +00:00: 2026-04-19 20:28:22,000 - __main__ - INFO - 📊 Snapshot: 47 followers (+0 since last check)
2026-04-19 20:28:22 +00:00: 2026-04-19 20:28:22,152 - __main__ - INFO - 📈 24h Growth: +1 followers (46 → 47)
2026-04-19 20:28:22 +00:00: 2026-04-19 20:28:22,304 - __main__ - INFO - 📈 7d Growth: +1 followers (avg 0.1/day, est 6671 days to 1K)
2026-04-19 21:28:23 +00:00: 2026-04-19 21:28:23,156 - __main__ - INFO - 📊 Snapshot: 47 followers (+0 since last check)
2026-04-19 21:28:23 +00:00: 2026-04-19 21:28:23,308 - __main__ - INFO - 📈 24h Growth: +1 followers (46 → 47)
2026-04-19 21:28:23 +00:00: 2026-04-19 21:28:23,459 - __main__ - INFO - 📈 7d Growth: +1 followers (avg 0.1/day, est 6671 days to 1K)
2026-04-19 22:28:24 +00:00: 2026-04-19 22:28:24,337 - __main__ - INFO - 📊 Snapshot: 47 followers (+0 since last check)
2026-04-19 22:28:24 +00:00: 2026-04-19 22:28:24,489 - __main__ - INFO - 📈 24h Growth: +1 followers (46 → 47)
2026-04-19 22:28:24 +00:00: 2026-04-19 22:28:24,641 - __main__ - INFO - 📈 7d Growth: +1 followers (avg 0.1/day, est 6671 days to 1K)
2026-04-19 23:28:25 +00:00: 2026-04-19 23:28:25,500 - __main__ - INFO - 📊 Snapshot: 47 followers (+0 since last check)
2026-04-19 23:28:25 +00:00: 2026-04-19 23:28:25,652 - __main__ - INFO - 📈 24h Growth: +1 followers (46 → 47)
2026-04-19 23:28:25 +00:00: 2026-04-19 23:28:25,804 - __main__ - INFO - 📈 7d Growth: +1 followers (avg 0.1/day, est 6671 days to 1K)
2026-04-20 00:28:26 +00:00: 2026-04-20 00:28:26,548 - __main__ - INFO - 📊 Snapshot: 47 followers (+0 since last check)
2026-04-20 00:28:26 +00:00: 2026-04-20 00:28:26,699 - __main__ - INFO - 📈 24h Growth: +1 followers (46 → 47)
2026-04-20 00:28:26 +00:00: 2026-04-20 00:28:26,851 - __main__ - INFO - 📈 7d Growth: +1 followers (avg 0.1/day, est 6671 days to 1K)
2026-04-20 01:28:27 +00:00: 2026-04-20 01:28:27,665 - __main__ - INFO - 📊 Snapshot: 47 followers (+0 since last check)
2026-04-20 01:28:27 +00:00: 2026-04-20 01:28:27,817 - __main__ - INFO - 📈 24h Growth: +1 followers (46 → 47)
2026-04-20 01:28:27 +00:00: 2026-04-20 01:28:27,968 - __main__ - INFO - 📈 7d Growth: +1 followers (avg 0.1/day, est 6671 days to 1K)
2026-04-20 02:28:28 +00:00: 2026-04-20 02:28:28,734 - __main__ - INFO - 📊 Snapshot: 47 followers (+0 since last check)
2026-04-20 02:28:28 +00:00: 2026-04-20 02:28:28,886 - __main__ - INFO - 📈 24h Growth: +1 followers (46 → 47)
2026-04-20 02:28:29 +00:00: 2026-04-20 02:28:29,038 - __main__ - INFO - 📈 7d Growth: +1 followers (avg 0.1/day, est 6671 days to 1K)
2026-04-20 03:28:29 +00:00: 2026-04-20 03:28:29,865 - __main__ - INFO - 📊 Snapshot: 47 followers (+0 since last check)
2026-04-20 03:28:30 +00:00: 2026-04-20 03:28:30,017 - __main__ - INFO - 📈 24h Growth: +1 followers (46 → 47)
2026-04-20 03:28:30 +00:00: 2026-04-20 03:28:30,168 - __main__ - INFO - 📈 7d Growth: +1 followers (avg 0.1/day, est 6671 days to 1K)
2026-04-20 04:28:30 +00:00: 2026-04-20 04:28:30,995 - __main__ - INFO - 📊 Snapshot: 47 followers (+0 since last check)
2026-04-20 04:28:31 +00:00: 2026-04-20 04:28:31,147 - __main__ - INFO - 📈 24h Growth: +1 followers (46 → 47)
2026-04-20 04:28:31 +00:00: 2026-04-20 04:28:31,298 - __main__ - INFO - 📈 7d Growth: +1 followers (avg 0.1/day, est 6671 days to 1K)
2026-04-20 05:28:32 +00:00: 2026-04-20 05:28:32,147 - __main__ - INFO - 📊 Snapshot: 47 followers (+0 since last check)
2026-04-20 05:28:32 +00:00: 2026-04-20 05:28:32,298 - __main__ - INFO - 📈 24h Growth: +1 followers (46 → 47)
2026-04-20 05:28:32 +00:00: 2026-04-20 05:28:32,449 - __main__ - INFO - 📈 7d Growth: +1 followers (avg 0.1/day, est 6671 days to 1K)
2026-04-20 06:28:33 +00:00: 2026-04-20 06:28:33,371 - __main__ - INFO - 📊 Snapshot: 47 followers (+0 since last check)
2026-04-20 06:28:33 +00:00: 2026-04-20 06:28:33,523 - __main__ - INFO - 📈 24h Growth: +1 followers (46 → 47)
2026-04-20 06:28:33 +00:00: 2026-04-20 06:28:33,681 - __main__ - INFO - 📈 7d Growth: +1 followers (avg 0.1/day, est 6671 days to 1K)
2026-04-20 07:28:34 +00:00: 2026-04-20 07:28:34,759 - __main__ - INFO - 📊 Snapshot: 47 followers (+0 since last check)
2026-04-20 07:28:34 +00:00: 2026-04-20 07:28:34,911 - __main__ - INFO - 📈 24h Growth: +1 followers (46 → 47)
2026-04-20 07:28:35 +00:00: 2026-04-20 07:28:35,073 - __main__ - INFO - 📈 7d Growth: +1 followers (avg 0.1/day, est 6671 days to 1K)
2026-04-20 08:28:35 +00:00: 2026-04-20 08:28:35,929 - __main__ - INFO - 📊 Snapshot: 47 followers (+0 since last check)
2026-04-20 08:28:36 +00:00: 2026-04-20 08:28:36,081 - __main__ - INFO - 📈 24h Growth: +1 followers (46 → 47)
2026-04-20 08:28:36 +00:00: 2026-04-20 08:28:36,233 - __main__ - INFO - 📈 7d Growth: +1 followers (avg 0.1/day, est 6671 days to 1K)
2026-04-20 09:28:37 +00:00: 2026-04-20 09:28:37,044 - __main__ - INFO - 📊 Snapshot: 47 followers (+0 since last check)
2026-04-20 09:28:37 +00:00: 2026-04-20 09:28:37,196 - __main__ - INFO - 📈 24h Growth: +1 followers (46 → 47)
2026-04-20 09:28:37 +00:00: 2026-04-20 09:28:37,347 - __main__ - INFO - 📈 7d Growth: +1 followers (avg 0.1/day, est 6671 days to 1K)
2026-04-20 10:28:38 +00:00: 2026-04-20 10:28:38,136 - __main__ - INFO - 📊 Snapshot: 47 followers (+0 since last check)
2026-04-20 10:28:38 +00:00: 2026-04-20 10:28:38,289 - __main__ - INFO - 📈 24h Growth: +1 followers (46 → 47)
2026-04-20 10:28:38 +00:00: 2026-04-20 10:28:38,441 - __main__ - INFO - 📈 7d Growth: +1 followers (avg 0.1/day, est 6671 days to 1K)
2026-04-20 11:28:39 +00:00: 2026-04-20 11:28:39,366 - __main__ - INFO - 📊 Snapshot: 47 followers (+0 since last check)
2026-04-20 11:28:39 +00:00: 2026-04-20 11:28:39,520 - __main__ - INFO - 📈 24h Growth: +1 followers (46 → 47)
2026-04-20 11:28:39 +00:00: 2026-04-20 11:28:39,675 - __main__ - INFO - 📈 7d Growth: +1 followers (avg 0.1/day, est 6671 days to 1K)
2026-04-20 12:28:40 +00:00: 2026-04-20 12:28:40,551 - __main__ - INFO - 📊 Snapshot: 47 followers (+0 since last check)
2026-04-20 12:28:40 +00:00: 2026-04-20 12:28:40,707 - __main__ - INFO - 📈 24h Growth: +1 followers (46 → 47)
2026-04-20 12:28:40 +00:00: 2026-04-20 12:28:40,864 - __main__ - INFO - 📈 7d Growth: +1 followers (avg 0.1/day, est 6671 days to 1K)
2026-04-20 13:28:41 +00:00: 2026-04-20 13:28:41,747 - __main__ - INFO - 📊 Snapshot: 47 followers (+0 since last check)
2026-04-20 13:28:41 +00:00: 2026-04-20 13:28:41,904 - __main__ - INFO - 📈 24h Growth: +0 followers (47 → 47)
2026-04-20 13:28:42 +00:00: 2026-04-20 13:28:42,059 - __main__ - INFO - 📈 7d Growth: +1 followers (avg 0.1/day, est 6671 days to 1K)
2026-04-20 14:28:42 +00:00: 2026-04-20 14:28:42,890 - __main__ - INFO - 📊 Snapshot: 47 followers (+0 since last check)
2026-04-20 14:28:43 +00:00: 2026-04-20 14:28:43,047 - __main__ - INFO - 📈 24h Growth: +0 followers (47 → 47)
2026-04-20 14:28:43 +00:00: 2026-04-20 14:28:43,204 - __main__ - INFO - 📈 7d Growth: +1 followers (avg 0.1/day, est 6671 days to 1K)
2026-04-20 15:28:44 +00:00: 2026-04-20 15:28:44,158 - __main__ - INFO - 📊 Snapshot: 47 followers (+0 since last check)
2026-04-20 15:28:44 +00:00: 2026-04-20 15:28:44,314 - __main__ - INFO - 📈 24h Growth: +0 followers (47 → 47)
2026-04-20 15:28:44 +00:00: 2026-04-20 15:28:44,470 - __main__ - INFO - 📈 7d Growth: +1 followers (avg 0.1/day, est 6671 days to 1K)
2026-04-20 16:28:45 +00:00: 2026-04-20 16:28:45,327 - __main__ - INFO - 📊 Snapshot: 47 followers (+0 since last check)
2026-04-20 16:28:45 +00:00: 2026-04-20 16:28:45,485 - __main__ - INFO - 📈 24h Growth: +0 followers (47 → 47)
2026-04-20 16:28:45 +00:00: 2026-04-20 16:28:45,642 - __main__ - INFO - 📈 7d Growth: +1 followers (avg 0.1/day, est 6671 days to 1K)
2026-04-20 17:28:46 +00:00: 2026-04-20 17:28:46,590 - __main__ - INFO - 📊 Snapshot: 47 followers (+0 since last check)
2026-04-20 17:28:46 +00:00: 2026-04-20 17:28:46,748 - __main__ - INFO - 📈 24h Growth: +0 followers (47 → 47)
2026-04-20 17:28:46 +00:00: 2026-04-20 17:28:46,906 - __main__ - INFO - 📈 7d Growth: +1 followers (avg 0.1/day, est 6671 days to 1K)
2026-04-20 18:28:47 +00:00: 2026-04-20 18:28:47,661 - __main__ - INFO - 📊 Snapshot: 47 followers (+0 since last check)
2026-04-20 18:28:47 +00:00: 2026-04-20 18:28:47,819 - __main__ - INFO - 📈 24h Growth: +0 followers (47 → 47)
2026-04-20 18:28:47 +00:00: 2026-04-20 18:28:47,977 - __main__ - INFO - 📈 7d Growth: +1 followers (avg 0.1/day, est 6671 days to 1K)
2026-04-20 19:28:48 +00:00: 2026-04-20 19:28:48,862 - __main__ - INFO - 📊 Snapshot: 47 followers (+0 since last check)
2026-04-20 19:28:49 +00:00: 2026-04-20 19:28:49,019 - __main__ - INFO - 📈 24h Growth: +0 followers (47 → 47)
2026-04-20 19:28:49 +00:00: 2026-04-20 19:28:49,176 - __main__ - INFO - 📈 7d Growth: +1 followers (avg 0.1/day, est 6671 days to 1K)
2026-04-20 20:28:50 +00:00: 2026-04-20 20:28:50,011 - __main__ - INFO - 📊 Snapshot: 47 followers (+0 since last check)
2026-04-20 20:28:50 +00:00: 2026-04-20 20:28:50,168 - __main__ - INFO - 📈 24h Growth: +0 followers (47 → 47)
2026-04-20 20:28:50 +00:00: 2026-04-20 20:28:50,325 - __main__ - INFO - 📈 7d Growth: +1 followers (avg 0.1/day, est 6671 days to 1K)
2026-04-20 21:28:51 +00:00: 2026-04-20 21:28:51,272 - __main__ - INFO - 📊 Snapshot: 47 followers (+0 since last check)
2026-04-20 21:28:51 +00:00: 2026-04-20 21:28:51,429 - __main__ - INFO - 📈 24h Growth: +0 followers (47 → 47)
2026-04-20 21:28:51 +00:00: 2026-04-20 21:28:51,585 - __main__ - INFO - 📈 7d Growth: +1 followers (avg 0.1/day, est 6671 days to 1K)
2026-04-20 22:28:52 +00:00: 2026-04-20 22:28:52,414 - __main__ - INFO - 📊 Snapshot: 47 followers (+0 since last check)
2026-04-20 22:28:52 +00:00: 2026-04-20 22:28:52,571 - __main__ - INFO - 📈 24h Growth: +0 followers (47 → 47)
2026-04-20 22:28:52 +00:00: 2026-04-20 22:28:52,728 - __main__ - INFO - 📈 7d Growth: +1 followers (avg 0.1/day, est 6671 days to 1K)
2026-04-20 23:28:53 +00:00: 2026-04-20 23:28:53,680 - __main__ - INFO - 📊 Snapshot: 47 followers (+0 since last check)
2026-04-20 23:28:53 +00:00: 2026-04-20 23:28:53,838 - __main__ - INFO - 📈 24h Growth: +0 followers (47 → 47)
2026-04-20 23:28:53 +00:00: 2026-04-20 23:28:53,996 - __main__ - INFO - 📈 7d Growth: +1 followers (avg 0.1/day, est 6671 days to 1K)
2026-04-21 00:28:54 +00:00: 2026-04-21 00:28:54,878 - __main__ - INFO - 📊 Snapshot: 47 followers (+0 since last check)
2026-04-21 00:28:55 +00:00: 2026-04-21 00:28:55,035 - __main__ - INFO - 📈 24h Growth: +0 followers (47 → 47)
2026-04-21 00:28:55 +00:00: 2026-04-21 00:28:55,193 - __main__ - INFO - 📈 7d Growth: +1 followers (avg 0.1/day, est 6671 days to 1K)
2026-04-21 01:28:56 +00:00: 2026-04-21 01:28:56,008 - __main__ - INFO - 📊 Snapshot: 47 followers (+0 since last check)
2026-04-21 01:28:56 +00:00: 2026-04-21 01:28:56,165 - __main__ - INFO - 📈 24h Growth: +0 followers (47 → 47)
2026-04-21 01:28:56 +00:00: 2026-04-21 01:28:56,321 - __main__ - INFO - 📈 7d Growth: +1 followers (avg 0.1/day, est 6671 days to 1K)
2026-04-21 02:28:57 +00:00: 2026-04-21 02:28:57,175 - __main__ - INFO - 📊 Snapshot: 47 followers (+0 since last check)
2026-04-21 02:28:57 +00:00: 2026-04-21 02:28:57,333 - __main__ - INFO - 📈 24h Growth: +0 followers (47 → 47)
2026-04-21 02:28:57 +00:00: 2026-04-21 02:28:57,490 - __main__ - INFO - 📈 7d Growth: +1 followers (avg 0.1/day, est 6671 days to 1K)
2026-04-21 03:28:58 +00:00: 2026-04-21 03:28:58,388 - __main__ - INFO - 📊 Snapshot: 47 followers (+0 since last check)
2026-04-21 03:28:58 +00:00: 2026-04-21 03:28:58,546 - __main__ - INFO - 📈 24h Growth: +0 followers (47 → 47)
2026-04-21 03:28:58 +00:00: 2026-04-21 03:28:58,703 - __main__ - INFO - 📈 7d Growth: +1 followers (avg 0.1/day, est 6671 days to 1K)
2026-04-21 04:28:59 +00:00: 2026-04-21 04:28:59,596 - __main__ - INFO - 📊 Snapshot: 47 followers (+0 since last check)
2026-04-21 04:28:59 +00:00: 2026-04-21 04:28:59,754 - __main__ - INFO - 📈 24h Growth: +0 followers (47 → 47)
2026-04-21 04:28:59 +00:00: 2026-04-21 04:28:59,912 - __main__ - INFO - 📈 7d Growth: +1 followers (avg 0.1/day, est 6671 days to 1K)
2026-04-21 05:29:00 +00:00: 2026-04-21 05:29:00,707 - __main__ - INFO - 📊 Snapshot: 47 followers (+0 since last check)
2026-04-21 05:29:00 +00:00: 2026-04-21 05:29:00,864 - __main__ - INFO - 📈 24h Growth: +0 followers (47 → 47)
2026-04-21 05:29:01 +00:00: 2026-04-21 05:29:01,022 - __main__ - INFO - 📈 7d Growth: +1 followers (avg 0.1/day, est 6671 days to 1K)
2026-04-21 06:29:01 +00:00: 2026-04-21 06:29:01,900 - __main__ - INFO - 📊 Snapshot: 47 followers (+0 since last check)
2026-04-21 06:29:02 +00:00: 2026-04-21 06:29:02,057 - __main__ - INFO - 📈 24h Growth: +0 followers (47 → 47)
2026-04-21 06:29:02 +00:00: 2026-04-21 06:29:02,214 - __main__ - INFO - 📈 7d Growth: +1 followers (avg 0.1/day, est 6671 days to 1K)
2026-04-21 07:29:03 +00:00: 2026-04-21 07:29:03,154 - __main__ - INFO - 📊 Snapshot: 47 followers (+0 since last check)
2026-04-21 07:29:03 +00:00: 2026-04-21 07:29:03,310 - __main__ - INFO - 📈 24h Growth: +0 followers (47 → 47)
2026-04-21 07:29:03 +00:00: 2026-04-21 07:29:03,467 - __main__ - INFO - 📈 7d Growth: +1 followers (avg 0.1/day, est 6671 days to 1K)
2026-04-21 08:29:04 +00:00: 2026-04-21 08:29:04,381 - __main__ - INFO - 📊 Snapshot: 47 followers (+0 since last check)
2026-04-21 08:29:04 +00:00: 2026-04-21 08:29:04,537 - __main__ - INFO - 📈 24h Growth: +0 followers (47 → 47)
2026-04-21 08:29:04 +00:00: 2026-04-21 08:29:04,694 - __main__ - INFO - 📈 7d Growth: +1 followers (avg 0.1/day, est 6671 days to 1K)
2026-04-21 09:29:05 +00:00: 2026-04-21 09:29:05,599 - __main__ - INFO - 📊 Snapshot: 47 followers (+0 since last check)
2026-04-21 09:29:05 +00:00: 2026-04-21 09:29:05,756 - __main__ - INFO - 📈 24h Growth: +0 followers (47 → 47)
2026-04-21 09:29:05 +00:00: 2026-04-21 09:29:05,912 - __main__ - INFO - 📈 7d Growth: +1 followers (avg 0.1/day, est 6671 days to 1K)
2026-04-21 10:29:06 +00:00: 2026-04-21 10:29:06,810 - __main__ - INFO - 📊 Snapshot: 47 followers (+0 since last check)
2026-04-21 10:29:06 +00:00: 2026-04-21 10:29:06,965 - __main__ - INFO - 📈 24h Growth: +0 followers (47 → 47)
2026-04-21 10:29:07 +00:00: 2026-04-21 10:29:07,119 - __main__ - INFO - 📈 7d Growth: +1 followers (avg 0.1/day, est 6671 days to 1K)
2026-04-21 11:29:08 +00:00: 2026-04-21 11:29:08,056 - __main__ - INFO - 📊 Snapshot: 47 followers (+0 since last check)
2026-04-21 11:29:08 +00:00: 2026-04-21 11:29:08,214 - __main__ - INFO - 📈 24h Growth: +0 followers (47 → 47)
2026-04-21 11:29:08 +00:00: 2026-04-21 11:29:08,372 - __main__ - INFO - 📈 7d Growth: +1 followers (avg 0.1/day, est 6671 days to 1K)
2026-04-21 12:29:09 +00:00: 2026-04-21 12:29:09,133 - __main__ - INFO - 📊 Snapshot: 47 followers (+0 since last check)
2026-04-21 12:29:09 +00:00: 2026-04-21 12:29:09,289 - __main__ - INFO - 📈 24h Growth: +0 followers (47 → 47)
2026-04-21 12:29:09 +00:00: 2026-04-21 12:29:09,445 - __main__ - INFO - 📈 7d Growth: +1 followers (avg 0.1/day, est 6671 days to 1K)
2026-04-21 13:29:10 +00:00: 2026-04-21 13:29:10,369 - __main__ - INFO - 📊 Snapshot: 47 followers (+0 since last check)
2026-04-21 13:29:10 +00:00: 2026-04-21 13:29:10,526 - __main__ - INFO - 📈 24h Growth: +0 followers (47 → 47)
2026-04-21 13:29:10 +00:00: 2026-04-21 13:29:10,683 - __main__ - INFO - 📈 7d Growth: +1 followers (avg 0.1/day, est 6671 days to 1K)
2026-04-21 14:29:11 +00:00: 2026-04-21 14:29:11,575 - __main__ - INFO - 📊 Snapshot: 47 followers (+0 since last check)
2026-04-21 14:29:11 +00:00: 2026-04-21 14:29:11,733 - __main__ - INFO - 📈 24h Growth: +0 followers (47 → 47)
2026-04-21 14:29:11 +00:00: 2026-04-21 14:29:11,891 - __main__ - INFO - 📈 7d Growth: +1 followers (avg 0.1/day, est 6671 days to 1K)
2026-04-21 15:29:12 +00:00: 2026-04-21 15:29:12,704 - __main__ - INFO - 📊 Snapshot: 47 followers (+0 since last check)
2026-04-21 15:29:12 +00:00: 2026-04-21 15:29:12,862 - __main__ - INFO - 📈 24h Growth: +0 followers (47 → 47)
2026-04-21 15:29:13 +00:00: 2026-04-21 15:29:13,021 - __main__ - INFO - 📈 7d Growth: +1 followers (avg 0.1/day, est 6671 days to 1K)
2026-04-21 16:29:13 +00:00: 2026-04-21 16:29:13,932 - __main__ - INFO - 📊 Snapshot: 47 followers (+0 since last check)
2026-04-21 16:29:14 +00:00: 2026-04-21 16:29:14,089 - __main__ - INFO - 📈 24h Growth: +0 followers (47 → 47)
2026-04-21 16:29:14 +00:00: 2026-04-21 16:29:14,245 - __main__ - INFO - 📈 7d Growth: +1 followers (avg 0.1/day, est 6671 days to 1K)
2026-04-21 17:29:15 +00:00: 2026-04-21 17:29:15,069 - __main__ - INFO - 📊 Snapshot: 47 followers (+0 since last check)
2026-04-21 17:29:15 +00:00: 2026-04-21 17:29:15,226 - __main__ - INFO - 📈 24h Growth: +0 followers (47 → 47)
2026-04-21 17:29:15 +00:00: 2026-04-21 17:29:15,383 - __main__ - INFO - 📈 7d Growth: +1 followers (avg 0.1/day, est 6671 days to 1K)
2026-04-21 18:29:16 +00:00: 2026-04-21 18:29:16,275 - __main__ - INFO - 📊 Snapshot: 47 followers (+0 since last check)
2026-04-21 18:29:16 +00:00: 2026-04-21 18:29:16,432 - __main__ - INFO - 📈 24h Growth: +0 followers (47 → 47)
2026-04-21 18:29:16 +00:00: 2026-04-21 18:29:16,590 - __main__ - INFO - 📈 7d Growth: +1 followers (avg 0.1/day, est 6671 days to 1K)
2026-04-21 19:29:17 +00:00: 2026-04-21 19:29:17,500 - __main__ - INFO - 📊 Snapshot: 47 followers (+0 since last check)
2026-04-21 19:29:17 +00:00: 2026-04-21 19:29:17,658 - __main__ - INFO - 📈 24h Growth: +0 followers (47 → 47)
2026-04-21 19:29:17 +00:00: 2026-04-21 19:29:17,817 - __main__ - INFO - 📈 7d Growth: +1 followers (avg 0.1/day, est 6671 days to 1K)
2026-04-21 20:29:18 +00:00: 2026-04-21 20:29:18,741 - __main__ - INFO - 📊 Snapshot: 47 followers (+0 since last check)
2026-04-21 20:29:18 +00:00: 2026-04-21 20:29:18,897 - __main__ - INFO - 📈 24h Growth: +0 followers (47 → 47)
2026-04-21 20:29:19 +00:00: 2026-04-21 20:29:19,054 - __main__ - INFO - 📈 7d Growth: +1 followers (avg 0.1/day, est 6671 days to 1K)
2026-04-21 21:29:19 +00:00: 2026-04-21 21:29:19,877 - __main__ - INFO - 📊 Snapshot: 47 followers (+0 since last check)
2026-04-21 21:29:20 +00:00: 2026-04-21 21:29:20,035 - __main__ - INFO - 📈 24h Growth: +0 followers (47 → 47)
2026-04-21 21:29:20 +00:00: 2026-04-21 21:29:20,192 - __main__ - INFO - 📈 7d Growth: +1 followers (avg 0.1/day, est 6671 days to 1K)
2026-04-21 22:29:21 +00:00: 2026-04-21 22:29:21,134 - __main__ - INFO - 📊 Snapshot: 47 followers (+0 since last check)
2026-04-21 22:29:21 +00:00: 2026-04-21 22:29:21,291 - __main__ - INFO - 📈 24h Growth: +0 followers (47 → 47)
2026-04-21 22:29:21 +00:00: 2026-04-21 22:29:21,448 - __main__ - INFO - 📈 7d Growth: +1 followers (avg 0.1/day, est 6671 days to 1K)
2026-04-21 23:29:22 +00:00: 2026-04-21 23:29:22,252 - __main__ - INFO - 📊 Snapshot: 47 followers (+0 since last check)
2026-04-21 23:29:22 +00:00: 2026-04-21 23:29:22,409 - __main__ - INFO - 📈 24h Growth: +0 followers (47 → 47)
2026-04-21 23:29:22 +00:00: 2026-04-21 23:29:22,565 - __main__ - INFO - 📈 7d Growth: +1 followers (avg 0.1/day, est 6671 days to 1K)
2026-04-22 00:29:23 +00:00: 2026-04-22 00:29:23,402 - __main__ - INFO - 📊 Snapshot: 47 followers (+0 since last check)
2026-04-22 00:29:23 +00:00: 2026-04-22 00:29:23,561 - __main__ - INFO - 📈 24h Growth: +0 followers (47 → 47)
2026-04-22 00:29:23 +00:00: 2026-04-22 00:29:23,718 - __main__ - INFO - 📈 7d Growth: +1 followers (avg 0.1/day, est 6671 days to 1K)
2026-04-22 01:29:24 +00:00: 2026-04-22 01:29:24,613 - __main__ - INFO - 📊 Snapshot: 47 followers (+0 since last check)
2026-04-22 01:29:24 +00:00: 2026-04-22 01:29:24,768 - __main__ - INFO - 📈 24h Growth: +0 followers (47 → 47)
2026-04-22 01:29:24 +00:00: 2026-04-22 01:29:24,922 - __main__ - INFO - 📈 7d Growth: +1 followers (avg 0.1/day, est 6671 days to 1K)
2026-04-22 02:29:25 +00:00: 2026-04-22 02:29:25,744 - __main__ - INFO - 📊 Snapshot: 47 followers (+0 since last check)
2026-04-22 02:29:25 +00:00: 2026-04-22 02:29:25,901 - __main__ - INFO - 📈 24h Growth: +0 followers (47 → 47)
2026-04-22 02:29:26 +00:00: 2026-04-22 02:29:26,058 - __main__ - INFO - 📈 7d Growth: +1 followers (avg 0.1/day, est 6671 days to 1K)
2026-04-22 03:29:26 +00:00: 2026-04-22 03:29:26,919 - __main__ - INFO - 📊 Snapshot: 47 followers (+0 since last check)
2026-04-22 03:29:27 +00:00: 2026-04-22 03:29:27,076 - __main__ - INFO - 📈 24h Growth: +0 followers (47 → 47)
2026-04-22 03:29:27 +00:00: 2026-04-22 03:29:27,233 - __main__ - INFO - 📈 7d Growth: +1 followers (avg 0.1/day, est 6671 days to 1K)
2026-04-22 04:29:28 +00:00: 2026-04-22 04:29:28,115 - __main__ - INFO - 📊 Snapshot: 47 followers (+0 since last check)
2026-04-22 04:29:28 +00:00: 2026-04-22 04:29:28,274 - __main__ - INFO - 📈 24h Growth: +0 followers (47 → 47)
2026-04-22 04:29:28 +00:00: 2026-04-22 04:29:28,430 - __main__ - INFO - 📈 7d Growth: +1 followers (avg 0.1/day, est 6671 days to 1K)
2026-04-22 05:29:29 +00:00: 2026-04-22 05:29:29,336 - __main__ - INFO - 📊 Snapshot: 47 followers (+0 since last check)
2026-04-22 05:29:29 +00:00: 2026-04-22 05:29:29,492 - __main__ - INFO - 📈 24h Growth: +0 followers (47 → 47)
2026-04-22 05:29:29 +00:00: 2026-04-22 05:29:29,650 - __main__ - INFO - 📈 7d Growth: +1 followers (avg 0.1/day, est 6671 days to 1K)
2026-04-22 06:29:30 +00:00: 2026-04-22 06:29:30,578 - __main__ - INFO - 📊 Snapshot: 47 followers (+0 since last check)
2026-04-22 06:29:30 +00:00: 2026-04-22 06:29:30,735 - __main__ - INFO - 📈 24h Growth: +0 followers (47 → 47)
2026-04-22 06:29:30 +00:00: 2026-04-22 06:29:30,892 - __main__ - INFO - 📈 7d Growth: +1 followers (avg 0.1/day, est 6671 days to 1K)
2026-04-22 07:29:31 +00:00: 2026-04-22 07:29:31,769 - __main__ - INFO - 📊 Snapshot: 47 followers (+0 since last check)
2026-04-22 07:29:31 +00:00: 2026-04-22 07:29:31,924 - __main__ - INFO - 📈 24h Growth: +0 followers (47 → 47)
2026-04-22 07:29:32 +00:00: 2026-04-22 07:29:32,081 - __main__ - INFO - 📈 7d Growth: +1 followers (avg 0.1/day, est 6671 days to 1K)
2026-04-22 08:29:32 +00:00: 2026-04-22 08:29:32,893 - __main__ - INFO - 📊 Snapshot: 47 followers (+0 since last check)
2026-04-22 08:29:33 +00:00: 2026-04-22 08:29:33,049 - __main__ - INFO - 📈 24h Growth: +0 followers (47 → 47)
2026-04-22 08:29:33 +00:00: 2026-04-22 08:29:33,204 - __main__ - INFO - 📈 7d Growth: +1 followers (avg 0.1/day, est 6671 days to 1K)
2026-04-22 09:29:34 +00:00: 2026-04-22 09:29:34,111 - __main__ - INFO - 📊 Snapshot: 47 followers (+0 since last check)
2026-04-22 09:29:34 +00:00: 2026-04-22 09:29:34,265 - __main__ - INFO - 📈 24h Growth: +0 followers (47 → 47)
2026-04-22 09:29:34 +00:00: 2026-04-22 09:29:34,418 - __main__ - INFO - 📈 7d Growth: +1 followers (avg 0.1/day, est 6671 days to 1K)
2026-04-22 10:29:35 +00:00: 2026-04-22 10:29:35,213 - __main__ - INFO - 📊 Snapshot: 47 followers (+0 since last check)
2026-04-22 10:29:35 +00:00: 2026-04-22 10:29:35,366 - __main__ - INFO - 📈 24h Growth: +0 followers (47 → 47)
2026-04-22 10:29:35 +00:00: 2026-04-22 10:29:35,519 - __main__ - INFO - 📈 7d Growth: +1 followers (avg 0.1/day, est 6671 days to 1K)
2026-04-22 11:29:36 +00:00: 2026-04-22 11:29:36,424 - __main__ - INFO - 📊 Snapshot: 47 followers (+0 since last check)
2026-04-22 11:29:36 +00:00: 2026-04-22 11:29:36,578 - __main__ - INFO - 📈 24h Growth: +0 followers (47 → 47)
2026-04-22 11:29:36 +00:00: 2026-04-22 11:29:36,731 - __main__ - INFO - 📈 7d Growth: +1 followers (avg 0.1/day, est 6671 days to 1K)
2026-04-22 12:29:37 +00:00: 2026-04-22 12:29:37,651 - __main__ - INFO - 📊 Snapshot: 47 followers (+0 since last check)
2026-04-22 12:29:37 +00:00: 2026-04-22 12:29:37,803 - __main__ - INFO - 📈 24h Growth: +0 followers (47 → 47)
2026-04-22 12:29:37 +00:00: 2026-04-22 12:29:37,956 - __main__ - INFO - 📈 7d Growth: +1 followers (avg 0.1/day, est 6671 days to 1K)
2026-04-22 13:29:38 +00:00: 2026-04-22 13:29:38,875 - __main__ - INFO - 📊 Snapshot: 47 followers (+0 since last check)
2026-04-22 13:29:39 +00:00: 2026-04-22 13:29:39,031 - __main__ - INFO - 📈 24h Growth: +0 followers (47 → 47)
2026-04-22 13:29:39 +00:00: 2026-04-22 13:29:39,187 - __main__ - INFO - 📈 7d Growth: +1 followers (avg 0.1/day, est 6671 days to 1K)
2026-04-22 14:29:40 +00:00: 2026-04-22 14:29:40,023 - __main__ - INFO - 📊 Snapshot: 47 followers (+0 since last check)
2026-04-22 14:29:40 +00:00: 2026-04-22 14:29:40,180 - __main__ - INFO - 📈 24h Growth: +0 followers (47 → 47)
2026-04-22 14:29:40 +00:00: 2026-04-22 14:29:40,336 - __main__ - INFO - 📈 7d Growth: +1 followers (avg 0.1/day, est 6671 days to 1K)
2026-04-22 15:29:41 +00:00: 2026-04-22 15:29:41,286 - __main__ - INFO - 📊 Snapshot: 47 followers (+0 since last check)
2026-04-22 15:29:41 +00:00: 2026-04-22 15:29:41,442 - __main__ - INFO - 📈 24h Growth: +0 followers (47 → 47)
2026-04-22 15:29:41 +00:00: 2026-04-22 15:29:41,601 - __main__ - INFO - 📈 7d Growth: +1 followers (avg 0.1/day, est 6671 days to 1K)
2026-04-22 16:29:42 +00:00: 2026-04-22 16:29:42,453 - __main__ - INFO - 📊 Snapshot: 47 followers (+0 since last check)
2026-04-22 16:29:42 +00:00: 2026-04-22 16:29:42,610 - __main__ - INFO - 📈 24h Growth: +0 followers (47 → 47)
2026-04-22 16:29:42 +00:00: 2026-04-22 16:29:42,767 - __main__ - INFO - 📈 7d Growth: +1 followers (avg 0.1/day, est 6671 days to 1K)
2026-04-22 17:29:43 +00:00: 2026-04-22 17:29:43,600 - __main__ - INFO - 📊 Snapshot: 47 followers (+0 since last check)
2026-04-22 17:29:43 +00:00: 2026-04-22 17:29:43,764 - __main__ - INFO - 📈 24h Growth: +0 followers (47 → 47)
2026-04-22 17:29:43 +00:00: 2026-04-22 17:29:43,919 - __main__ - INFO - 📈 7d Growth: +1 followers (avg 0.1/day, est 6671 days to 1K)
2026-04-22 18:29:44 +00:00: 2026-04-22 18:29:44,774 - __main__ - INFO - 📊 Snapshot: 47 followers (+0 since last check)
2026-04-22 18:29:44 +00:00: 2026-04-22 18:29:44,931 - __main__ - INFO - 📈 24h Growth: +0 followers (47 → 47)
2026-04-22 18:29:45 +00:00: 2026-04-22 18:29:45,088 - __main__ - INFO - 📈 7d Growth: +1 followers (avg 0.1/day, est 6671 days to 1K)
2026-04-22 19:29:45 +00:00: 2026-04-22 19:29:45,913 - __main__ - INFO - 📊 Snapshot: 47 followers (+0 since last check)
2026-04-22 19:29:46 +00:00: 2026-04-22 19:29:46,069 - __main__ - INFO - 📈 24h Growth: +0 followers (47 → 47)
2026-04-22 19:29:46 +00:00: 2026-04-22 19:29:46,226 - __main__ - INFO - 📈 7d Growth: +1 followers (avg 0.1/day, est 6671 days to 1K)
2026-04-22 20:29:47 +00:00: 2026-04-22 20:29:47,273 - __main__ - INFO - 📊 Snapshot: 47 followers (+0 since last check)
2026-04-22 20:29:47 +00:00: 2026-04-22 20:29:47,428 - __main__ - INFO - 📈 24h Growth: +0 followers (47 → 47)
2026-04-22 20:29:47 +00:00: 2026-04-22 20:29:47,582 - __main__ - INFO - 📈 7d Growth: +1 followers (avg 0.1/day, est 6671 days to 1K)
2026-04-22 21:29:48 +00:00: 2026-04-22 21:29:48,535 - __main__ - INFO - 📊 Snapshot: 47 followers (+0 since last check)
2026-04-22 21:29:48 +00:00: 2026-04-22 21:29:48,693 - __main__ - INFO - 📈 24h Growth: +0 followers (47 → 47)
2026-04-22 21:29:48 +00:00: 2026-04-22 21:29:48,850 - __main__ - INFO - 📈 7d Growth: +1 followers (avg 0.1/day, est 6671 days to 1K)
2026-04-22 22:29:49 +00:00: 2026-04-22 22:29:49,782 - __main__ - INFO - 📊 Snapshot: 47 followers (+0 since last check)
2026-04-22 22:29:49 +00:00: 2026-04-22 22:29:49,938 - __main__ - INFO - 📈 24h Growth: +0 followers (47 → 47)
2026-04-22 22:29:50 +00:00: 2026-04-22 22:29:50,095 - __main__ - INFO - 📈 7d Growth: +1 followers (avg 0.1/day, est 6671 days to 1K)
2026-04-22 23:29:50 +00:00: 2026-04-22 23:29:50,900 - __main__ - INFO - 📊 Snapshot: 47 followers (+0 since last check)
2026-04-22 23:29:51 +00:00: 2026-04-22 23:29:51,057 - __main__ - INFO - 📈 24h Growth: +0 followers (47 → 47)
2026-04-22 23:29:51 +00:00: 2026-04-22 23:29:51,213 - __main__ - INFO - 📈 7d Growth: +1 followers (avg 0.1/day, est 6671 days to 1K)
2026-04-23 00:29:52 +00:00: 2026-04-23 00:29:52,070 - __main__ - INFO - 📊 Snapshot: 47 followers (+0 since last check)
2026-04-23 00:29:52 +00:00: 2026-04-23 00:29:52,228 - __main__ - INFO - 📈 24h Growth: +0 followers (47 → 47)
2026-04-23 00:29:52 +00:00: 2026-04-23 00:29:52,384 - __main__ - INFO - 📈 7d Growth: +1 followers (avg 0.1/day, est 6671 days to 1K)
2026-04-23 01:29:53 +00:00: 2026-04-23 01:29:53,158 - __main__ - INFO - 📊 Snapshot: 47 followers (+0 since last check)
2026-04-23 01:29:53 +00:00: 2026-04-23 01:29:53,315 - __main__ - INFO - 📈 24h Growth: +0 followers (47 → 47)
2026-04-23 01:29:53 +00:00: 2026-04-23 01:29:53,471 - __main__ - INFO - 📈 7d Growth: +1 followers (avg 0.1/day, est 6671 days to 1K)
2026-04-23 02:29:54 +00:00: 2026-04-23 02:29:54,254 - __main__ - INFO - 📊 Snapshot: 47 followers (+0 since last check)
2026-04-23 02:29:54 +00:00: 2026-04-23 02:29:54,410 - __main__ - INFO - 📈 24h Growth: +0 followers (47 → 47)
2026-04-23 02:29:54 +00:00: 2026-04-23 02:29:54,567 - __main__ - INFO - 📈 7d Growth: +1 followers (avg 0.1/day, est 6671 days to 1K)
2026-04-23 03:29:55 +00:00: 2026-04-23 03:29:55,376 - __main__ - INFO - 📊 Snapshot: 47 followers (+0 since last check)
2026-04-23 03:29:55 +00:00: 2026-04-23 03:29:55,533 - __main__ - INFO - 📈 24h Growth: +0 followers (47 → 47)
2026-04-23 03:29:55 +00:00: 2026-04-23 03:29:55,689 - __main__ - INFO - 📈 7d Growth: +1 followers (avg 0.1/day, est 6671 days to 1K)
2026-04-23 04:29:56 +00:00: 2026-04-23 04:29:56,684 - __main__ - INFO - 📊 Snapshot: 47 followers (+0 since last check)
2026-04-23 04:29:56 +00:00: 2026-04-23 04:29:56,841 - __main__ - INFO - 📈 24h Growth: +0 followers (47 → 47)
2026-04-23 04:29:56 +00:00: 2026-04-23 04:29:56,998 - __main__ - INFO - 📈 7d Growth: +1 followers (avg 0.1/day, est 6671 days to 1K)
2026-04-23 05:29:57 +00:00: 2026-04-23 05:29:57,812 - __main__ - INFO - 📊 Snapshot: 47 followers (+0 since last check)
2026-04-23 05:29:57 +00:00: 2026-04-23 05:29:57,968 - __main__ - INFO - 📈 24h Growth: +0 followers (47 → 47)
2026-04-23 05:29:58 +00:00: 2026-04-23 05:29:58,126 - __main__ - INFO - 📈 7d Growth: +1 followers (avg 0.1/day, est 6671 days to 1K)
2026-04-23 06:29:59 +00:00: 2026-04-23 06:29:59,033 - __main__ - INFO - 📊 Snapshot: 47 followers (+0 since last check)
2026-04-23 06:29:59 +00:00: 2026-04-23 06:29:59,190 - __main__ - INFO - 📈 24h Growth: +0 followers (47 → 47)
2026-04-23 06:29:59 +00:00: 2026-04-23 06:29:59,346 - __main__ - INFO - 📈 7d Growth: +1 followers (avg 0.1/day, est 6671 days to 1K)
2026-04-23 07:30:00 +00:00: 2026-04-23 07:30:00,196 - __main__ - INFO - 📊 Snapshot: 47 followers (+0 since last check)
2026-04-23 07:30:00 +00:00: 2026-04-23 07:30:00,352 - __main__ - INFO - 📈 24h Growth: +0 followers (47 → 47)
2026-04-23 07:30:00 +00:00: 2026-04-23 07:30:00,509 - __main__ - INFO - 📈 7d Growth: +1 followers (avg 0.1/day, est 6671 days to 1K)
2026-04-23 08:30:01 +00:00: 2026-04-23 08:30:01,435 - __main__ - INFO - 📊 Snapshot: 47 followers (+0 since last check)
2026-04-23 08:30:01 +00:00: 2026-04-23 08:30:01,590 - __main__ - INFO - 📈 24h Growth: +0 followers (47 → 47)
2026-04-23 08:30:01 +00:00: 2026-04-23 08:30:01,745 - __main__ - INFO - 📈 7d Growth: +1 followers (avg 0.1/day, est 6671 days to 1K)
2026-04-23 09:30:02 +00:00: 2026-04-23 09:30:02,139 - __main__ - ERROR - ❌ Failed to fetch account metrics: Failed to send request: HTTPSConnectionPool(host='api.twitter.com', port=443): Max retries exceeded with url: /1.1/account/verify_credentials.json (Caused by NameResolutionError("HTTPSConnection(host='api.twitter.com', port=443): Failed to resolve 'api.twitter.com' ([Errno -2] Name or service not known)"))
2026-04-23 10:30:03 +00:00: 2026-04-23 10:30:03,015 - __main__ - INFO - 📊 Snapshot: 47 followers (+0 since last check)
2026-04-23 10:30:03 +00:00: 2026-04-23 10:30:03,173 - __main__ - INFO - 📈 24h Growth: +0 followers (47 → 47)
2026-04-23 10:30:03 +00:00: 2026-04-23 10:30:03,330 - __main__ - INFO - 📈 7d Growth: +1 followers (avg 0.1/day, est 6671 days to 1K)
2026-04-23 11:30:04 +00:00: 2026-04-23 11:30:04,227 - __main__ - INFO - 📊 Snapshot: 47 followers (+0 since last check)
2026-04-23 11:30:04 +00:00: 2026-04-23 11:30:04,385 - __main__ - INFO - 📈 24h Growth: +0 followers (47 → 47)
2026-04-23 11:30:04 +00:00: 2026-04-23 11:30:04,542 - __main__ - INFO - 📈 7d Growth: +1 followers (avg 0.1/day, est 6671 days to 1K)
2026-04-23 12:30:05 +00:00: 2026-04-23 12:30:05,376 - __main__ - INFO - 📊 Snapshot: 47 followers (+0 since last check)
2026-04-23 12:30:05 +00:00: 2026-04-23 12:30:05,530 - __main__ - INFO - 📈 24h Growth: +0 followers (47 → 47)
2026-04-23 12:30:05 +00:00: 2026-04-23 12:30:05,685 - __main__ - INFO - 📈 7d Growth: +1 followers (avg 0.1/day, est 6671 days to 1K)
2026-04-23 13:30:06 +00:00: 2026-04-23 13:30:06,458 - __main__ - INFO - 📊 Snapshot: 47 followers (+0 since last check)
2026-04-23 13:30:06 +00:00: 2026-04-23 13:30:06,615 - __main__ - INFO - 📈 24h Growth: +0 followers (47 → 47)
2026-04-23 13:30:06 +00:00: 2026-04-23 13:30:06,771 - __main__ - INFO - 📈 7d Growth: +1 followers (avg 0.1/day, est 6671 days to 1K)
2026-04-23 14:30:07 +00:00: 2026-04-23 14:30:07,618 - __main__ - INFO - 📊 Snapshot: 47 followers (+0 since last check)
2026-04-23 14:30:07 +00:00: 2026-04-23 14:30:07,772 - __main__ - INFO - 📈 24h Growth: +0 followers (47 → 47)
2026-04-23 14:30:07 +00:00: 2026-04-23 14:30:07,926 - __main__ - INFO - 📈 7d Growth: +1 followers (avg 0.1/day, est 6671 days to 1K)
2026-04-23 15:30:08 +00:00: 2026-04-23 15:30:08,734 - __main__ - INFO - 📊 Snapshot: 47 followers (+0 since last check)
2026-04-23 15:30:08 +00:00: 2026-04-23 15:30:08,891 - __main__ - INFO - 📈 24h Growth: +0 followers (47 → 47)
2026-04-23 15:30:09 +00:00: 2026-04-23 15:30:09,047 - __main__ - INFO - 📈 7d Growth: +1 followers (avg 0.1/day, est 6671 days to 1K)
2026-04-23 16:30:10 +00:00: 2026-04-23 16:30:10,074 - __main__ - INFO - 📊 Snapshot: 47 followers (+0 since last check)
2026-04-23 16:30:10 +00:00: 2026-04-23 16:30:10,231 - __main__ - INFO - 📈 24h Growth: +0 followers (47 → 47)
2026-04-23 16:30:10 +00:00: 2026-04-23 16:30:10,387 - __main__ - INFO - 📈 7d Growth: +1 followers (avg 0.1/day, est 6671 days to 1K)
2026-04-23 17:30:11 +00:00: 2026-04-23 17:30:11,285 - __main__ - INFO - 📊 Snapshot: 47 followers (+0 since last check)
2026-04-23 17:30:11 +00:00: 2026-04-23 17:30:11,443 - __main__ - INFO - 📈 24h Growth: +0 followers (47 → 47)
2026-04-23 17:30:11 +00:00: 2026-04-23 17:30:11,599 - __main__ - INFO - 📈 7d Growth: +1 followers (avg 0.1/day, est 6671 days to 1K)
2026-04-23 18:30:12 +00:00: 2026-04-23 18:30:12,368 - __main__ - INFO - 📊 Snapshot: 47 followers (+0 since last check)
2026-04-23 18:30:12 +00:00: 2026-04-23 18:30:12,524 - __main__ - INFO - 📈 24h Growth: +0 followers (47 → 47)
2026-04-23 18:30:12 +00:00: 2026-04-23 18:30:12,681 - __main__ - INFO - 📈 7d Growth: +1 followers (avg 0.1/day, est 6671 days to 1K)
2026-04-23 19:30:13 +00:00: 2026-04-23 19:30:13,492 - __main__ - INFO - 📊 Snapshot: 47 followers (+0 since last check)
2026-04-23 19:30:13 +00:00: 2026-04-23 19:30:13,652 - __main__ - INFO - 📈 24h Growth: +0 followers (47 → 47)
2026-04-23 19:30:13 +00:00: 2026-04-23 19:30:13,810 - __main__ - INFO - 📈 7d Growth: +1 followers (avg 0.1/day, est 6671 days to 1K)
2026-04-23 20:30:14 +00:00: 2026-04-23 20:30:14,709 - __main__ - INFO - 📊 Snapshot: 47 followers (+0 since last check)
2026-04-23 20:30:14 +00:00: 2026-04-23 20:30:14,864 - __main__ - INFO - 📈 24h Growth: +0 followers (47 → 47)
2026-04-23 20:30:15 +00:00: 2026-04-23 20:30:15,018 - __main__ - INFO - 📈 7d Growth: +1 followers (avg 0.1/day, est 6671 days to 1K)
2026-04-23 21:30:15 +00:00: 2026-04-23 21:30:15,832 - __main__ - INFO - 📊 Snapshot: 47 followers (+0 since last check)
2026-04-23 21:30:15 +00:00: 2026-04-23 21:30:15,989 - __main__ - INFO - 📈 24h Growth: +0 followers (47 → 47)
2026-04-23 21:30:16 +00:00: 2026-04-23 21:30:16,147 - __main__ - INFO - 📈 7d Growth: +1 followers (avg 0.1/day, est 6671 days to 1K)
2026-04-23 22:30:16 +00:00: 2026-04-23 22:30:16,950 - __main__ - INFO - 📊 Snapshot: 47 followers (+0 since last check)
2026-04-23 22:30:17 +00:00: 2026-04-23 22:30:17,106 - __main__ - INFO - 📈 24h Growth: +0 followers (47 → 47)
2026-04-23 22:30:17 +00:00: 2026-04-23 22:30:17,263 - __main__ - INFO - 📈 7d Growth: +1 followers (avg 0.1/day, est 6671 days to 1K)
2026-04-23 23:30:18 +00:00: 2026-04-23 23:30:18,131 - __main__ - INFO - 📊 Snapshot: 47 followers (+0 since last check)
2026-04-23 23:30:18 +00:00: 2026-04-23 23:30:18,286 - __main__ - INFO - 📈 24h Growth: +0 followers (47 → 47)
2026-04-23 23:30:18 +00:00: 2026-04-23 23:30:18,441 - __main__ - INFO - 📈 7d Growth: +1 followers (avg 0.1/day, est 6671 days to 1K)
2026-04-24 00:30:19 +00:00: 2026-04-24 00:30:19,366 - __main__ - INFO - 📊 Snapshot: 47 followers (+0 since last check)
2026-04-24 00:30:19 +00:00: 2026-04-24 00:30:19,523 - __main__ - INFO - 📈 24h Growth: +0 followers (47 → 47)
2026-04-24 00:30:19 +00:00: 2026-04-24 00:30:19,679 - __main__ - INFO - 📈 7d Growth: +1 followers (avg 0.1/day, est 6671 days to 1K)
2026-04-24 01:30:20 +00:00: 2026-04-24 01:30:20,581 - __main__ - INFO - 📊 Snapshot: 47 followers (+0 since last check)
2026-04-24 01:30:20 +00:00: 2026-04-24 01:30:20,734 - __main__ - INFO - 📈 24h Growth: +0 followers (47 → 47)
2026-04-24 01:30:20 +00:00: 2026-04-24 01:30:20,886 - __main__ - INFO - 📈 7d Growth: +1 followers (avg 0.1/day, est 6671 days to 1K)
2026-04-24 02:30:21 +00:00: 2026-04-24 02:30:21,671 - __main__ - INFO - 📊 Snapshot: 47 followers (+0 since last check)
2026-04-24 02:30:21 +00:00: 2026-04-24 02:30:21,825 - __main__ - INFO - 📈 24h Growth: +0 followers (47 → 47)
2026-04-24 02:30:21 +00:00: 2026-04-24 02:30:21,978 - __main__ - INFO - 📈 7d Growth: +1 followers (avg 0.1/day, est 6671 days to 1K)
2026-04-24 03:30:22 +00:00: 2026-04-24 03:30:22,719 - __main__ - INFO - 📊 Snapshot: 47 followers (+0 since last check)
2026-04-24 03:30:22 +00:00: 2026-04-24 03:30:22,872 - __main__ - INFO - 📈 24h Growth: +0 followers (47 → 47)
2026-04-24 03:30:23 +00:00: 2026-04-24 03:30:23,024 - __main__ - INFO - 📈 7d Growth: +1 followers (avg 0.1/day, est 6671 days to 1K)
2026-04-24 04:30:23 +00:00: 2026-04-24 04:30:23,774 - __main__ - INFO - 📊 Snapshot: 47 followers (+0 since last check)
2026-04-24 04:30:23 +00:00: 2026-04-24 04:30:23,927 - __main__ - INFO - 📈 24h Growth: +0 followers (47 → 47)
2026-04-24 04:30:24 +00:00: 2026-04-24 04:30:24,081 - __main__ - INFO - 📈 7d Growth: +1 followers (avg 0.1/day, est 6671 days to 1K)
2026-04-24 05:30:24 +00:00: 2026-04-24 05:30:24,918 - __main__ - INFO - 📊 Snapshot: 47 followers (+0 since last check)
2026-04-24 05:30:25 +00:00: 2026-04-24 05:30:25,071 - __main__ - INFO - 📈 24h Growth: +0 followers (47 → 47)
2026-04-24 05:30:25 +00:00: 2026-04-24 05:30:25,223 - __main__ - INFO - 📈 7d Growth: +1 followers (avg 0.1/day, est 6671 days to 1K)
2026-04-24 06:30:26 +00:00: 2026-04-24 06:30:26,050 - __main__ - INFO - 📊 Snapshot: 47 followers (+0 since last check)
2026-04-24 06:30:26 +00:00: 2026-04-24 06:30:26,203 - __main__ - INFO - 📈 24h Growth: +0 followers (47 → 47)
2026-04-24 06:30:26 +00:00: 2026-04-24 06:30:26,356 - __main__ - INFO - 📈 7d Growth: +1 followers (avg 0.1/day, est 6671 days to 1K)
2026-04-24 07:30:27 +00:00: 2026-04-24 07:30:27,252 - __main__ - INFO - 📊 Snapshot: 47 followers (+0 since last check)
2026-04-24 07:30:27 +00:00: 2026-04-24 07:30:27,404 - __main__ - INFO - 📈 24h Growth: +0 followers (47 → 47)
2026-04-24 07:30:27 +00:00: 2026-04-24 07:30:27,556 - __main__ - INFO - 📈 7d Growth: +1 followers (avg 0.1/day, est 6671 days to 1K)
2026-04-24 08:30:28 +00:00: 2026-04-24 08:30:28,478 - __main__ - INFO - 📊 Snapshot: 47 followers (+0 since last check)
2026-04-24 08:30:28 +00:00: 2026-04-24 08:30:28,630 - __main__ - INFO - 📈 24h Growth: +0 followers (47 → 47)
2026-04-24 08:30:28 +00:00: 2026-04-24 08:30:28,782 - __main__ - INFO - 📈 7d Growth: +1 followers (avg 0.1/day, est 6671 days to 1K)
2026-04-24 09:30:29 +00:00: 2026-04-24 09:30:29,670 - __main__ - INFO - 📊 Snapshot: 47 followers (+0 since last check)
2026-04-24 09:30:29 +00:00: 2026-04-24 09:30:29,823 - __main__ - INFO - 📈 24h Growth: +0 followers (47 → 47)
2026-04-24 09:30:29 +00:00: 2026-04-24 09:30:29,975 - __main__ - INFO - 📈 7d Growth: +1 followers (avg 0.1/day, est 6671 days to 1K)
2026-04-24 10:30:30 +00:00: 2026-04-24 10:30:30,773 - __main__ - INFO - 📊 Snapshot: 47 followers (+0 since last check)
2026-04-24 10:30:30 +00:00: 2026-04-24 10:30:30,928 - __main__ - INFO - 📈 24h Growth: +0 followers (47 → 47)
2026-04-24 10:30:31 +00:00: 2026-04-24 10:30:31,081 - __main__ - INFO - 📈 7d Growth: +1 followers (avg 0.1/day, est 6671 days to 1K)
2026-04-24 11:30:32 +00:00: 2026-04-24 11:30:32,022 - __main__ - INFO - 📊 Snapshot: 47 followers (+0 since last check)
2026-04-24 11:30:32 +00:00: 2026-04-24 11:30:32,174 - __main__ - INFO - 📈 24h Growth: +0 followers (47 → 47)
2026-04-24 11:30:32 +00:00: 2026-04-24 11:30:32,326 - __main__ - INFO - 📈 7d Growth: +1 followers (avg 0.1/day, est 6671 days to 1K)
2026-04-24 12:30:33 +00:00: 2026-04-24 12:30:33,202 - __main__ - INFO - 📊 Snapshot: 47 followers (+0 since last check)
2026-04-24 12:30:33 +00:00: 2026-04-24 12:30:33,354 - __main__ - INFO - 📈 24h Growth: +0 followers (47 → 47)
2026-04-24 12:30:33 +00:00: 2026-04-24 12:30:33,506 - __main__ - INFO - 📈 7d Growth: +1 followers (avg 0.1/day, est 6671 days to 1K)
2026-04-24 13:30:34 +00:00: 2026-04-24 13:30:34,261 - __main__ - INFO - 📊 Snapshot: 47 followers (+0 since last check)
2026-04-24 13:30:34 +00:00: 2026-04-24 13:30:34,415 - __main__ - INFO - 📈 24h Growth: +0 followers (47 → 47)
2026-04-24 13:30:34 +00:00: 2026-04-24 13:30:34,568 - __main__ - INFO - 📈 7d Growth: +1 followers (avg 0.1/day, est 6671 days to 1K)
2026-04-24 14:30:35 +00:00: 2026-04-24 14:30:35,409 - __main__ - INFO - 📊 Snapshot: 48 followers (+1 since last check)
2026-04-24 14:30:35 +00:00: 2026-04-24 14:30:35,566 - __main__ - INFO - 📈 24h Growth: +1 followers (47 → 48)
2026-04-24 14:30:35 +00:00: 2026-04-24 14:30:35,722 - __main__ - INFO - 📈 7d Growth: +2 followers (avg 0.3/day, est 3332 days to 1K)
2026-04-24 15:30:36 +00:00: 2026-04-24 15:30:36,611 - __main__ - INFO - 📊 Snapshot: 48 followers (+0 since last check)
2026-04-24 15:30:36 +00:00: 2026-04-24 15:30:36,768 - __main__ - INFO - 📈 24h Growth: +1 followers (47 → 48)
2026-04-24 15:30:36 +00:00: 2026-04-24 15:30:36,925 - __main__ - INFO - 📈 7d Growth: +2 followers (avg 0.3/day, est 3332 days to 1K)
2026-04-24 16:30:37 +00:00: 2026-04-24 16:30:37,740 - __main__ - INFO - 📊 Snapshot: 48 followers (+0 since last check)
2026-04-24 16:30:37 +00:00: 2026-04-24 16:30:37,897 - __main__ - INFO - 📈 24h Growth: +1 followers (47 → 48)
2026-04-24 16:30:38 +00:00: 2026-04-24 16:30:38,053 - __main__ - INFO - 📈 7d Growth: +2 followers (avg 0.3/day, est 3332 days to 1K)
2026-04-24 17:30:38 +00:00: 2026-04-24 17:30:38,877 - __main__ - INFO - 📊 Snapshot: 48 followers (+0 since last check)
2026-04-24 17:30:39 +00:00: 2026-04-24 17:30:39,034 - __main__ - INFO - 📈 24h Growth: +1 followers (47 → 48)
2026-04-24 17:30:39 +00:00: 2026-04-24 17:30:39,191 - __main__ - INFO - 📈 7d Growth: +2 followers (avg 0.3/day, est 3332 days to 1K)
2026-04-24 18:30:40 +00:00: 2026-04-24 18:30:40,059 - __main__ - INFO - 📊 Snapshot: 48 followers (+0 since last check)
2026-04-24 18:30:40 +00:00: 2026-04-24 18:30:40,218 - __main__ - INFO - 📈 24h Growth: +1 followers (47 → 48)
2026-04-24 18:30:40 +00:00: 2026-04-24 18:30:40,375 - __main__ - INFO - 📈 7d Growth: +2 followers (avg 0.3/day, est 3332 days to 1K)
2026-04-24 19:30:41 +00:00: 2026-04-24 19:30:41,267 - __main__ - INFO - 📊 Snapshot: 48 followers (+0 since last check)
2026-04-24 19:30:41 +00:00: 2026-04-24 19:30:41,425 - __main__ - INFO - 📈 24h Growth: +1 followers (47 → 48)
2026-04-24 19:30:41 +00:00: 2026-04-24 19:30:41,586 - __main__ - INFO - 📈 7d Growth: +2 followers (avg 0.3/day, est 3332 days to 1K)
2026-04-24 20:30:42 +00:00: 2026-04-24 20:30:42,427 - __main__ - INFO - 📊 Snapshot: 48 followers (+0 since last check)
2026-04-24 20:30:42 +00:00: 2026-04-24 20:30:42,584 - __main__ - INFO - 📈 24h Growth: +1 followers (47 → 48)
2026-04-24 20:30:42 +00:00: 2026-04-24 20:30:42,741 - __main__ - INFO - 📈 7d Growth: +2 followers (avg 0.3/day, est 3332 days to 1K)
2026-04-24 21:30:43 +00:00: 2026-04-24 21:30:43,647 - __main__ - INFO - 📊 Snapshot: 48 followers (+0 since last check)
2026-04-24 21:30:43 +00:00: 2026-04-24 21:30:43,804 - __main__ - INFO - 📈 24h Growth: +1 followers (47 → 48)
2026-04-24 21:30:43 +00:00: 2026-04-24 21:30:43,960 - __main__ - INFO - 📈 7d Growth: +2 followers (avg 0.3/day, est 3332 days to 1K)
2026-04-24 22:30:44 +00:00: 2026-04-24 22:30:44,759 - __main__ - INFO - 📊 Snapshot: 48 followers (+0 since last check)
2026-04-24 22:30:44 +00:00: 2026-04-24 22:30:44,917 - __main__ - INFO - 📈 24h Growth: +1 followers (47 → 48)
2026-04-24 22:30:45 +00:00: 2026-04-24 22:30:45,074 - __main__ - INFO - 📈 7d Growth: +2 followers (avg 0.3/day, est 3332 days to 1K)
2026-04-24 23:30:45 +00:00: 2026-04-24 23:30:45,984 - __main__ - INFO - 📊 Snapshot: 48 followers (+0 since last check)
2026-04-24 23:30:46 +00:00: 2026-04-24 23:30:46,141 - __main__ - INFO - 📈 24h Growth: +1 followers (47 → 48)
2026-04-24 23:30:46 +00:00: 2026-04-24 23:30:46,297 - __main__ - INFO - 📈 7d Growth: +2 followers (avg 0.3/day, est 3332 days to 1K)
2026-04-25 00:30:47 +00:00: 2026-04-25 00:30:47,131 - __main__ - INFO - 📊 Snapshot: 48 followers (+0 since last check)
2026-04-25 00:30:47 +00:00: 2026-04-25 00:30:47,288 - __main__ - INFO - 📈 24h Growth: +1 followers (47 → 48)
2026-04-25 00:30:47 +00:00: 2026-04-25 00:30:47,445 - __main__ - INFO - 📈 7d Growth: +2 followers (avg 0.3/day, est 3332 days to 1K)
2026-04-25 01:30:48 +00:00: 2026-04-25 01:30:48,443 - __main__ - INFO - 📊 Snapshot: 48 followers (+0 since last check)
2026-04-25 01:30:48 +00:00: 2026-04-25 01:30:48,599 - __main__ - INFO - 📈 24h Growth: +1 followers (47 → 48)
2026-04-25 01:30:48 +00:00: 2026-04-25 01:30:48,756 - __main__ - INFO - 📈 7d Growth: +2 followers (avg 0.3/day, est 3332 days to 1K)
2026-04-25 02:30:49 +00:00: 2026-04-25 02:30:49,611 - __main__ - INFO - 📊 Snapshot: 48 followers (+0 since last check)
2026-04-25 02:30:49 +00:00: 2026-04-25 02:30:49,768 - __main__ - INFO - 📈 24h Growth: +1 followers (47 → 48)
2026-04-25 02:30:49 +00:00: 2026-04-25 02:30:49,925 - __main__ - INFO - 📈 7d Growth: +2 followers (avg 0.3/day, est 3332 days to 1K)
2026-04-25 03:30:50 +00:00: 2026-04-25 03:30:50,875 - __main__ - INFO - 📊 Snapshot: 48 followers (+0 since last check)
2026-04-25 03:30:51 +00:00: 2026-04-25 03:30:51,032 - __main__ - INFO - 📈 24h Growth: +1 followers (47 → 48)
2026-04-25 03:30:51 +00:00: 2026-04-25 03:30:51,188 - __main__ - INFO - 📈 7d Growth: +2 followers (avg 0.3/day, est 3332 days to 1K)
2026-04-25 04:30:52 +00:00: 2026-04-25 04:30:52,055 - __main__ - INFO - 📊 Snapshot: 48 followers (+0 since last check)
2026-04-25 04:30:52 +00:00: 2026-04-25 04:30:52,212 - __main__ - INFO - 📈 24h Growth: +1 followers (47 → 48)
2026-04-25 04:30:52 +00:00: 2026-04-25 04:30:52,368 - __main__ - INFO - 📈 7d Growth: +2 followers (avg 0.3/day, est 3332 days to 1K)
2026-04-25 05:30:53 +00:00: 2026-04-25 05:30:53,294 - __main__ - INFO - 📊 Snapshot: 48 followers (+0 since last check)
2026-04-25 05:30:53 +00:00: 2026-04-25 05:30:53,450 - __main__ - INFO - 📈 24h Growth: +1 followers (47 → 48)
2026-04-25 05:30:53 +00:00: 2026-04-25 05:30:53,607 - __main__ - INFO - 📈 7d Growth: +2 followers (avg 0.3/day, est 3332 days to 1K)
2026-04-25 06:30:54 +00:00: 2026-04-25 06:30:54,496 - __main__ - INFO - 📊 Snapshot: 48 followers (+0 since last check)
2026-04-25 06:30:54 +00:00: 2026-04-25 06:30:54,653 - __main__ - INFO - 📈 24h Growth: +1 followers (47 → 48)
2026-04-25 06:30:54 +00:00: 2026-04-25 06:30:54,810 - __main__ - INFO - 📈 7d Growth: +2 followers (avg 0.3/day, est 3332 days to 1K)
2026-04-25 07:30:55 +00:00: 2026-04-25 07:30:55,598 - __main__ - INFO - 📊 Snapshot: 48 followers (+0 since last check)
2026-04-25 07:30:55 +00:00: 2026-04-25 07:30:55,755 - __main__ - INFO - 📈 24h Growth: +1 followers (47 → 48)
2026-04-25 07:30:55 +00:00: 2026-04-25 07:30:55,911 - __main__ - INFO - 📈 7d Growth: +2 followers (avg 0.3/day, est 3332 days to 1K)
2026-04-25 08:30:56 +00:00: 2026-04-25 08:30:56,708 - __main__ - INFO - 📊 Snapshot: 48 followers (+0 since last check)
2026-04-25 08:30:56 +00:00: 2026-04-25 08:30:56,864 - __main__ - INFO - 📈 24h Growth: +1 followers (47 → 48)
2026-04-25 08:30:57 +00:00: 2026-04-25 08:30:57,021 - __main__ - INFO - 📈 7d Growth: +2 followers (avg 0.3/day, est 3332 days to 1K)
2026-04-25 09:30:57 +00:00: 2026-04-25 09:30:57,746 - __main__ - INFO - 📊 Snapshot: 48 followers (+0 since last check)
2026-04-25 09:30:57 +00:00: 2026-04-25 09:30:57,903 - __main__ - INFO - 📈 24h Growth: +1 followers (47 → 48)
2026-04-25 09:30:58 +00:00: 2026-04-25 09:30:58,059 - __main__ - INFO - 📈 7d Growth: +2 followers (avg 0.3/day, est 3332 days to 1K)
2026-04-25 10:30:58 +00:00: 2026-04-25 10:30:58,985 - __main__ - INFO - 📊 Snapshot: 48 followers (+0 since last check)
2026-04-25 10:30:59 +00:00: 2026-04-25 10:30:59,140 - __main__ - INFO - 📈 24h Growth: +1 followers (47 → 48)
2026-04-25 10:30:59 +00:00: 2026-04-25 10:30:59,295 - __main__ - INFO - 📈 7d Growth: +2 followers (avg 0.3/day, est 3332 days to 1K)
2026-04-25 11:31:00 +00:00: 2026-04-25 11:31:00,189 - __main__ - INFO - 📊 Snapshot: 48 followers (+0 since last check)
2026-04-25 11:31:00 +00:00: 2026-04-25 11:31:00,346 - __main__ - INFO - 📈 24h Growth: +1 followers (47 → 48)
2026-04-25 11:31:00 +00:00: 2026-04-25 11:31:00,503 - __main__ - INFO - 📈 7d Growth: +2 followers (avg 0.3/day, est 3332 days to 1K)
2026-04-25 12:31:01 +00:00: 2026-04-25 12:31:01,259 - __main__ - INFO - 📊 Snapshot: 48 followers (+0 since last check)
2026-04-25 12:31:01 +00:00: 2026-04-25 12:31:01,414 - __main__ - INFO - 📈 24h Growth: +1 followers (47 → 48)
2026-04-25 12:31:01 +00:00: 2026-04-25 12:31:01,570 - __main__ - INFO - 📈 7d Growth: +2 followers (avg 0.3/day, est 3332 days to 1K)
2026-04-25 13:31:02 +00:00: 2026-04-25 13:31:02,490 - __main__ - INFO - 📊 Snapshot: 48 followers (+0 since last check)
2026-04-25 13:31:02 +00:00: 2026-04-25 13:31:02,647 - __main__ - INFO - 📈 24h Growth: +0 followers (48 → 48)
2026-04-25 13:31:02 +00:00: 2026-04-25 13:31:02,804 - __main__ - INFO - 📈 7d Growth: +2 followers (avg 0.3/day, est 3332 days to 1K)
2026-04-25 14:31:03 +00:00: 2026-04-25 14:31:03,738 - __main__ - INFO - 📊 Snapshot: 48 followers (+0 since last check)
2026-04-25 14:31:03 +00:00: 2026-04-25 14:31:03,895 - __main__ - INFO - 📈 24h Growth: +0 followers (48 → 48)
2026-04-25 14:31:04 +00:00: 2026-04-25 14:31:04,051 - __main__ - INFO - 📈 7d Growth: +2 followers (avg 0.3/day, est 3332 days to 1K)
2026-04-25 15:31:04 +00:00: 2026-04-25 15:31:04,881 - __main__ - INFO - 📊 Snapshot: 48 followers (+0 since last check)
2026-04-25 15:31:05 +00:00: 2026-04-25 15:31:05,038 - __main__ - INFO - 📈 24h Growth: +0 followers (48 → 48)
2026-04-25 15:31:05 +00:00: 2026-04-25 15:31:05,195 - __main__ - INFO - 📈 7d Growth: +2 followers (avg 0.3/day, est 3332 days to 1K)
2026-04-25 16:31:06 +00:00: 2026-04-25 16:31:06,151 - __main__ - INFO - 📊 Snapshot: 48 followers (+0 since last check)
2026-04-25 16:31:06 +00:00: 2026-04-25 16:31:06,307 - __main__ - INFO - 📈 24h Growth: +0 followers (48 → 48)
2026-04-25 16:31:06 +00:00: 2026-04-25 16:31:06,467 - __main__ - INFO - 📈 7d Growth: +2 followers (avg 0.3/day, est 3332 days to 1K)
2026-04-25 17:31:07 +00:00: 2026-04-25 17:31:07,332 - __main__ - INFO - 📊 Snapshot: 48 followers (+0 since last check)
2026-04-25 17:31:07 +00:00: 2026-04-25 17:31:07,484 - __main__ - INFO - 📈 24h Growth: +0 followers (48 → 48)
2026-04-25 17:31:07 +00:00: 2026-04-25 17:31:07,637 - __main__ - INFO - 📈 7d Growth: +2 followers (avg 0.3/day, est 3332 days to 1K)
2026-04-25 18:31:08 +00:00: 2026-04-25 18:31:08,665 - __main__ - INFO - 📊 Snapshot: 48 followers (+0 since last check)
2026-04-25 18:31:08 +00:00: 2026-04-25 18:31:08,822 - __main__ - INFO - 📈 24h Growth: +0 followers (48 → 48)
2026-04-25 18:31:08 +00:00: 2026-04-25 18:31:08,979 - __main__ - INFO - 📈 7d Growth: +2 followers (avg 0.3/day, est 3332 days to 1K)
2026-04-25 19:31:09 +00:00: 2026-04-25 19:31:09,871 - __main__ - INFO - 📊 Snapshot: 48 followers (+0 since last check)
2026-04-25 19:31:10 +00:00: 2026-04-25 19:31:10,029 - __main__ - INFO - 📈 24h Growth: +0 followers (48 → 48)
2026-04-25 19:31:10 +00:00: 2026-04-25 19:31:10,187 - __main__ - INFO - 📈 7d Growth: +2 followers (avg 0.3/day, est 3332 days to 1K)
2026-04-25 20:31:11 +00:00: 2026-04-25 20:31:11,011 - __main__ - INFO - 📊 Snapshot: 48 followers (+0 since last check)
2026-04-25 20:31:11 +00:00: 2026-04-25 20:31:11,168 - __main__ - INFO - 📈 24h Growth: +0 followers (48 → 48)
2026-04-25 20:31:11 +00:00: 2026-04-25 20:31:11,324 - __main__ - INFO - 📈 7d Growth: +2 followers (avg 0.3/day, est 3332 days to 1K)
2026-04-25 21:31:12 +00:00: 2026-04-25 21:31:12,235 - __main__ - INFO - 📊 Snapshot: 48 followers (+0 since last check)
2026-04-25 21:31:12 +00:00: 2026-04-25 21:31:12,393 - __main__ - INFO - 📈 24h Growth: +0 followers (48 → 48)
2026-04-25 21:31:12 +00:00: 2026-04-25 21:31:12,550 - __main__ - INFO - 📈 7d Growth: +2 followers (avg 0.3/day, est 3332 days to 1K)
2026-04-25 22:31:13 +00:00: 2026-04-25 22:31:13,444 - __main__ - INFO - 📊 Snapshot: 48 followers (+0 since last check)
2026-04-25 22:31:13 +00:00: 2026-04-25 22:31:13,601 - __main__ - INFO - 📈 24h Growth: +0 followers (48 → 48)
2026-04-25 22:31:13 +00:00: 2026-04-25 22:31:13,757 - __main__ - INFO - 📈 7d Growth: +2 followers (avg 0.3/day, est 3332 days to 1K)
2026-04-25 23:31:14 +00:00: 2026-04-25 23:31:14,628 - __main__ - INFO - 📊 Snapshot: 48 followers (+0 since last check)
2026-04-25 23:31:14 +00:00: 2026-04-25 23:31:14,783 - __main__ - INFO - 📈 24h Growth: +0 followers (48 → 48)
2026-04-25 23:31:14 +00:00: 2026-04-25 23:31:14,938 - __main__ - INFO - 📈 7d Growth: +2 followers (avg 0.3/day, est 3332 days to 1K)
2026-04-26 00:31:15 +00:00: 2026-04-26 00:31:15,781 - __main__ - INFO - 📊 Snapshot: 48 followers (+0 since last check)
2026-04-26 00:31:15 +00:00: 2026-04-26 00:31:15,938 - __main__ - INFO - 📈 24h Growth: +0 followers (48 → 48)
2026-04-26 00:31:16 +00:00: 2026-04-26 00:31:16,095 - __main__ - INFO - 📈 7d Growth: +2 followers (avg 0.3/day, est 3332 days to 1K)
2026-04-26 01:31:16 +00:00: 2026-04-26 01:31:16,945 - __main__ - INFO - 📊 Snapshot: 48 followers (+0 since last check)
2026-04-26 01:31:17 +00:00: 2026-04-26 01:31:17,102 - __main__ - INFO - 📈 24h Growth: +0 followers (48 → 48)
2026-04-26 01:31:17 +00:00: 2026-04-26 01:31:17,259 - __main__ - INFO - 📈 7d Growth: +2 followers (avg 0.3/day, est 3332 days to 1K)
2026-04-26 02:31:18 +00:00: 2026-04-26 02:31:18,127 - __main__ - INFO - 📊 Snapshot: 48 followers (+0 since last check)
2026-04-26 02:31:18 +00:00: 2026-04-26 02:31:18,284 - __main__ - INFO - 📈 24h Growth: +0 followers (48 → 48)
2026-04-26 02:31:18 +00:00: 2026-04-26 02:31:18,440 - __main__ - INFO - 📈 7d Growth: +2 followers (avg 0.3/day, est 3332 days to 1K)
2026-04-26 03:31:19 +00:00: 2026-04-26 03:31:19,347 - __main__ - INFO - 📊 Snapshot: 48 followers (+0 since last check)
2026-04-26 03:31:19 +00:00: 2026-04-26 03:31:19,503 - __main__ - INFO - 📈 24h Growth: +0 followers (48 → 48)
2026-04-26 03:31:19 +00:00: 2026-04-26 03:31:19,662 - __main__ - INFO - 📈 7d Growth: +2 followers (avg 0.3/day, est 3332 days to 1K)
2026-04-26 04:31:20 +00:00: 2026-04-26 04:31:20,530 - __main__ - INFO - 📊 Snapshot: 48 followers (+0 since last check)
2026-04-26 04:31:20 +00:00: 2026-04-26 04:31:20,687 - __main__ - INFO - 📈 24h Growth: +0 followers (48 → 48)
2026-04-26 04:31:20 +00:00: 2026-04-26 04:31:20,844 - __main__ - INFO - 📈 7d Growth: +2 followers (avg 0.3/day, est 3332 days to 1K)
2026-04-26 05:31:21 +00:00: 2026-04-26 05:31:21,655 - __main__ - INFO - 📊 Snapshot: 48 followers (+0 since last check)
2026-04-26 05:31:21 +00:00: 2026-04-26 05:31:21,815 - __main__ - INFO - 📈 24h Growth: +0 followers (48 → 48)
2026-04-26 05:31:21 +00:00: 2026-04-26 05:31:21,972 - __main__ - INFO - 📈 7d Growth: +2 followers (avg 0.3/day, est 3332 days to 1K)
2026-04-26 06:31:22 +00:00: 2026-04-26 06:31:22,893 - __main__ - INFO - 📊 Snapshot: 48 followers (+0 since last check)
2026-04-26 06:31:23 +00:00: 2026-04-26 06:31:23,050 - __main__ - INFO - 📈 24h Growth: +0 followers (48 → 48)
2026-04-26 06:31:23 +00:00: 2026-04-26 06:31:23,206 - __main__ - INFO - 📈 7d Growth: +2 followers (avg 0.3/day, est 3332 days to 1K)
2026-04-26 07:31:24 +00:00: 2026-04-26 07:31:24,123 - __main__ - INFO - 📊 Snapshot: 48 followers (+0 since last check)
2026-04-26 07:31:24 +00:00: 2026-04-26 07:31:24,280 - __main__ - INFO - 📈 24h Growth: +0 followers (48 → 48)
2026-04-26 07:31:24 +00:00: 2026-04-26 07:31:24,437 - __main__ - INFO - 📈 7d Growth: +2 followers (avg 0.3/day, est 3332 days to 1K)
2026-04-26 08:31:25 +00:00: 2026-04-26 08:31:25,414 - __main__ - INFO - 📊 Snapshot: 48 followers (+0 since last check)
2026-04-26 08:31:25 +00:00: 2026-04-26 08:31:25,569 - __main__ - INFO - 📈 24h Growth: +0 followers (48 → 48)
2026-04-26 08:31:25 +00:00: 2026-04-26 08:31:25,723 - __main__ - INFO - 📈 7d Growth: +2 followers (avg 0.3/day, est 3332 days to 1K)
2026-04-26 09:31:26 +00:00: 2026-04-26 09:31:26,452 - __main__ - INFO - 📊 Snapshot: 48 followers (+0 since last check)
2026-04-26 09:31:26 +00:00: 2026-04-26 09:31:26,608 - __main__ - INFO - 📈 24h Growth: +0 followers (48 → 48)
2026-04-26 09:31:26 +00:00: 2026-04-26 09:31:26,764 - __main__ - INFO - 📈 7d Growth: +2 followers (avg 0.3/day, est 3332 days to 1K)
2026-04-26 10:31:27 +00:00: 2026-04-26 10:31:27,682 - __main__ - INFO - 📊 Snapshot: 48 followers (+0 since last check)
2026-04-26 10:31:27 +00:00: 2026-04-26 10:31:27,839 - __main__ - INFO - 📈 24h Growth: +0 followers (48 → 48)
2026-04-26 10:31:27 +00:00: 2026-04-26 10:31:27,996 - __main__ - INFO - 📈 7d Growth: +2 followers (avg 0.3/day, est 3332 days to 1K)
2026-04-26 11:31:28 +00:00: 2026-04-26 11:31:28,835 - __main__ - INFO - 📊 Snapshot: 48 followers (+0 since last check)
2026-04-26 11:31:28 +00:00: 2026-04-26 11:31:28,990 - __main__ - INFO - 📈 24h Growth: +0 followers (48 → 48)
2026-04-26 11:31:29 +00:00: 2026-04-26 11:31:29,145 - __main__ - INFO - 📈 7d Growth: +2 followers (avg 0.3/day, est 3332 days to 1K)
2026-04-26 12:31:30 +00:00: 2026-04-26 12:31:30,041 - __main__ - INFO - 📊 Snapshot: 48 followers (+0 since last check)
2026-04-26 12:31:30 +00:00: 2026-04-26 12:31:30,197 - __main__ - INFO - 📈 24h Growth: +0 followers (48 → 48)
2026-04-26 12:31:30 +00:00: 2026-04-26 12:31:30,354 - __main__ - INFO - 📈 7d Growth: +2 followers (avg 0.3/day, est 3332 days to 1K)
2026-04-26 13:31:31 +00:00: 2026-04-26 13:31:31,270 - __main__ - INFO - 📊 Snapshot: 48 followers (+0 since last check)
2026-04-26 13:31:31 +00:00: 2026-04-26 13:31:31,427 - __main__ - INFO - 📈 24h Growth: +0 followers (48 → 48)
2026-04-26 13:31:31 +00:00: 2026-04-26 13:31:31,583 - __main__ - INFO - 📈 7d Growth: +1 followers (avg 0.1/day, est 6664 days to 1K)
2026-04-26 14:31:32 +00:00: 2026-04-26 14:31:32,448 - __main__ - INFO - 📊 Snapshot: 48 followers (+0 since last check)
2026-04-26 14:31:32 +00:00: 2026-04-26 14:31:32,604 - __main__ - INFO - 📈 24h Growth: +0 followers (48 → 48)
2026-04-26 14:31:32 +00:00: 2026-04-26 14:31:32,761 - __main__ - INFO - 📈 7d Growth: +1 followers (avg 0.1/day, est 6664 days to 1K)
2026-04-26 15:31:33 +00:00: 2026-04-26 15:31:33,673 - __main__ - INFO - 📊 Snapshot: 47 followers (-1 since last check)
2026-04-26 15:31:33 +00:00: 2026-04-26 15:31:33,830 - __main__ - INFO - 📈 24h Growth: +1 followers (47 → 48)
2026-04-26 15:31:33 +00:00: 2026-04-26 15:31:33,987 - __main__ - INFO - 📈 7d Growth: +1 followers (avg 0.1/day, est 6664 days to 1K)
2026-04-26 16:31:34 +00:00: 2026-04-26 16:31:34,883 - __main__ - INFO - 📊 Snapshot: 47 followers (+0 since last check)
2026-04-26 16:31:35 +00:00: 2026-04-26 16:31:35,040 - __main__ - INFO - 📈 24h Growth: +1 followers (47 → 48)
2026-04-26 16:31:35 +00:00: 2026-04-26 16:31:35,196 - __main__ - INFO - 📈 7d Growth: +1 followers (avg 0.1/day, est 6664 days to 1K)
2026-04-26 17:31:36 +00:00: 2026-04-26 17:31:36,039 - __main__ - INFO - 📊 Snapshot: 47 followers (+0 since last check)
2026-04-26 17:31:36 +00:00: 2026-04-26 17:31:36,200 - __main__ - INFO - 📈 24h Growth: +1 followers (47 → 48)
2026-04-26 17:31:36 +00:00: 2026-04-26 17:31:36,360 - __main__ - INFO - 📈 7d Growth: +1 followers (avg 0.1/day, est 6664 days to 1K)
2026-04-26 18:31:37 +00:00: 2026-04-26 18:31:37,424 - __main__ - INFO - 📊 Snapshot: 47 followers (+0 since last check)
2026-04-26 18:31:37 +00:00: 2026-04-26 18:31:37,581 - __main__ - INFO - 📈 24h Growth: +1 followers (47 → 48)
2026-04-26 18:31:37 +00:00: 2026-04-26 18:31:37,737 - __main__ - INFO - 📈 7d Growth: +1 followers (avg 0.1/day, est 6664 days to 1K)
2026-04-26 19:31:38 +00:00: 2026-04-26 19:31:38,674 - __main__ - INFO - 📊 Snapshot: 47 followers (+0 since last check)
2026-04-26 19:31:38 +00:00: 2026-04-26 19:31:38,831 - __main__ - INFO - 📈 24h Growth: +1 followers (47 → 48)
2026-04-26 19:31:38 +00:00: 2026-04-26 19:31:38,988 - __main__ - INFO - 📈 7d Growth: +1 followers (avg 0.1/day, est 6664 days to 1K)
2026-04-26 20:31:40 +00:00: 2026-04-26 20:31:40,045 - __main__ - INFO - 📊 Snapshot: 47 followers (+0 since last check)
2026-04-26 20:31:40 +00:00: 2026-04-26 20:31:40,203 - __main__ - INFO - 📈 24h Growth: +1 followers (47 → 48)
2026-04-26 20:31:40 +00:00: 2026-04-26 20:31:40,359 - __main__ - INFO - 📈 7d Growth: +1 followers (avg 0.1/day, est 6664 days to 1K)
2026-04-26 21:31:41 +00:00: 2026-04-26 21:31:41,404 - __main__ - INFO - 📊 Snapshot: 47 followers (+0 since last check)
2026-04-26 21:31:41 +00:00: 2026-04-26 21:31:41,559 - __main__ - INFO - 📈 24h Growth: +1 followers (47 → 48)
2026-04-26 21:31:41 +00:00: 2026-04-26 21:31:41,715 - __main__ - INFO - 📈 7d Growth: +1 followers (avg 0.1/day, est 6664 days to 1K)
2026-04-26 22:31:42 +00:00: 2026-04-26 22:31:42,725 - __main__ - INFO - 📊 Snapshot: 47 followers (+0 since last check)
2026-04-26 22:31:42 +00:00: 2026-04-26 22:31:42,882 - __main__ - INFO - 📈 24h Growth: +1 followers (47 → 48)
2026-04-26 22:31:43 +00:00: 2026-04-26 22:31:43,038 - __main__ - INFO - 📈 7d Growth: +1 followers (avg 0.1/day, est 6664 days to 1K)
2026-04-26 23:31:43 +00:00: 2026-04-26 23:31:43,903 - __main__ - INFO - 📊 Snapshot: 47 followers (+0 since last check)
2026-04-26 23:31:44 +00:00: 2026-04-26 23:31:44,061 - __main__ - INFO - 📈 24h Growth: +1 followers (47 → 48)
2026-04-26 23:31:44 +00:00: 2026-04-26 23:31:44,218 - __main__ - INFO - 📈 7d Growth: +1 followers (avg 0.1/day, est 6664 days to 1K)
2026-04-27 00:31:44 +00:00: 2026-04-27 00:31:44,987 - __main__ - INFO - 📊 Snapshot: 47 followers (+0 since last check)
2026-04-27 00:31:45 +00:00: 2026-04-27 00:31:45,144 - __main__ - INFO - 📈 24h Growth: +1 followers (47 → 48)
2026-04-27 00:31:45 +00:00: 2026-04-27 00:31:45,302 - __main__ - INFO - 📈 7d Growth: +1 followers (avg 0.1/day, est 6664 days to 1K)
2026-04-27 01:31:46 +00:00: 2026-04-27 01:31:46,205 - __main__ - INFO - 📊 Snapshot: 47 followers (+0 since last check)
2026-04-27 01:31:46 +00:00: 2026-04-27 01:31:46,362 - __main__ - INFO - 📈 24h Growth: +1 followers (47 → 48)
2026-04-27 01:31:46 +00:00: 2026-04-27 01:31:46,518 - __main__ - INFO - 📈 7d Growth: +1 followers (avg 0.1/day, est 6664 days to 1K)
2026-04-27 02:31:47 +00:00: 2026-04-27 02:31:47,439 - __main__ - INFO - 📊 Snapshot: 47 followers (+0 since last check)
2026-04-27 02:31:47 +00:00: 2026-04-27 02:31:47,596 - __main__ - INFO - 📈 24h Growth: +1 followers (47 → 48)
2026-04-27 02:31:47 +00:00: 2026-04-27 02:31:47,752 - __main__ - INFO - 📈 7d Growth: +1 followers (avg 0.1/day, est 6664 days to 1K)
2026-04-27 03:31:48 +00:00: 2026-04-27 03:31:48,701 - __main__ - INFO - 📊 Snapshot: 47 followers (+0 since last check)
2026-04-27 03:31:48 +00:00: 2026-04-27 03:31:48,858 - __main__ - INFO - 📈 24h Growth: +1 followers (47 → 48)
2026-04-27 03:31:49 +00:00: 2026-04-27 03:31:49,014 - __main__ - INFO - 📈 7d Growth: +1 followers (avg 0.1/day, est 6664 days to 1K)
2026-04-27 04:31:49 +00:00: 2026-04-27 04:31:49,826 - __main__ - INFO - 📊 Snapshot: 47 followers (+0 since last check)
2026-04-27 04:31:49 +00:00: 2026-04-27 04:31:49,983 - __main__ - INFO - 📈 24h Growth: +1 followers (47 → 48)
2026-04-27 04:31:50 +00:00: 2026-04-27 04:31:50,140 - __main__ - INFO - 📈 7d Growth: +1 followers (avg 0.1/day, est 6664 days to 1K)
2026-04-27 05:31:50 +00:00: 2026-04-27 05:31:50,998 - __main__ - INFO - 📊 Snapshot: 47 followers (+0 since last check)
2026-04-27 05:31:51 +00:00: 2026-04-27 05:31:51,154 - __main__ - INFO - 📈 24h Growth: +1 followers (47 → 48)
2026-04-27 05:31:51 +00:00: 2026-04-27 05:31:51,310 - __main__ - INFO - 📈 7d Growth: +1 followers (avg 0.1/day, est 6664 days to 1K)
2026-04-27 06:31:52 +00:00: 2026-04-27 06:31:52,158 - __main__ - INFO - 📊 Snapshot: 47 followers (+0 since last check)
2026-04-27 06:31:52 +00:00: 2026-04-27 06:31:52,315 - __main__ - INFO - 📈 24h Growth: +1 followers (47 → 48)
2026-04-27 06:31:52 +00:00: 2026-04-27 06:31:52,473 - __main__ - INFO - 📈 7d Growth: +1 followers (avg 0.1/day, est 6664 days to 1K)
2026-04-27 07:31:53 +00:00: 2026-04-27 07:31:53,374 - __main__ - INFO - 📊 Snapshot: 47 followers (+0 since last check)
2026-04-27 07:31:53 +00:00: 2026-04-27 07:31:53,531 - __main__ - INFO - 📈 24h Growth: +1 followers (47 → 48)
2026-04-27 07:31:53 +00:00: 2026-04-27 07:31:53,688 - __main__ - INFO - 📈 7d Growth: +1 followers (avg 0.1/day, est 6664 days to 1K)
2026-04-27 08:31:54 +00:00: 2026-04-27 08:31:54,575 - __main__ - INFO - 📊 Snapshot: 47 followers (+0 since last check)
2026-04-27 08:31:54 +00:00: 2026-04-27 08:31:54,735 - __main__ - INFO - 📈 24h Growth: +1 followers (47 → 48)
2026-04-27 08:31:54 +00:00: 2026-04-27 08:31:54,895 - __main__ - INFO - 📈 7d Growth: +1 followers (avg 0.1/day, est 6664 days to 1K)
2026-04-27 09:31:55 +00:00: 2026-04-27 09:31:55,812 - __main__ - INFO - 📊 Snapshot: 47 followers (+0 since last check)
2026-04-27 09:31:55 +00:00: 2026-04-27 09:31:55,967 - __main__ - INFO - 📈 24h Growth: +1 followers (47 → 48)
2026-04-27 09:31:56 +00:00: 2026-04-27 09:31:56,122 - __main__ - INFO - 📈 7d Growth: +1 followers (avg 0.1/day, est 6664 days to 1K)
2026-04-27 10:31:56 +00:00: 2026-04-27 10:31:56,887 - __main__ - INFO - 📊 Snapshot: 47 followers (+0 since last check)
2026-04-27 10:31:57 +00:00: 2026-04-27 10:31:57,045 - __main__ - INFO - 📈 24h Growth: +1 followers (47 → 48)
2026-04-27 10:31:57 +00:00: 2026-04-27 10:31:57,201 - __main__ - INFO - 📈 7d Growth: +1 followers (avg 0.1/day, est 6664 days to 1K)
2026-04-27 11:31:58 +00:00: 2026-04-27 11:31:58,103 - __main__ - INFO - 📊 Snapshot: 47 followers (+0 since last check)
2026-04-27 11:31:58 +00:00: 2026-04-27 11:31:58,267 - __main__ - INFO - 📈 24h Growth: +1 followers (47 → 48)
2026-04-27 11:31:58 +00:00: 2026-04-27 11:31:58,424 - __main__ - INFO - 📈 7d Growth: +1 followers (avg 0.1/day, est 6664 days to 1K)
2026-04-27 12:31:59 +00:00: 2026-04-27 12:31:59,355 - __main__ - INFO - 📊 Snapshot: 47 followers (+0 since last check)
2026-04-27 12:31:59 +00:00: 2026-04-27 12:31:59,513 - __main__ - INFO - 📈 24h Growth: +1 followers (47 → 48)
2026-04-27 12:31:59 +00:00: 2026-04-27 12:31:59,669 - __main__ - INFO - 📈 7d Growth: +1 followers (avg 0.1/day, est 6664 days to 1K)
2026-04-27 13:32:00 +00:00: 2026-04-27 13:32:00,525 - __main__ - INFO - 📊 Snapshot: 47 followers (+0 since last check)
2026-04-27 13:32:00 +00:00: 2026-04-27 13:32:00,683 - __main__ - INFO - 📈 24h Growth: +1 followers (47 → 48)
2026-04-27 13:32:00 +00:00: 2026-04-27 13:32:00,840 - __main__ - INFO - 📈 7d Growth: +1 followers (avg 0.1/day, est 6664 days to 1K)
2026-04-27 14:32:01 +00:00: 2026-04-27 14:32:01,695 - __main__ - INFO - 📊 Snapshot: 47 followers (+0 since last check)
2026-04-27 14:32:01 +00:00: 2026-04-27 14:32:01,851 - __main__ - INFO - 📈 24h Growth: +0 followers (47 → 47)
2026-04-27 14:32:02 +00:00: 2026-04-27 14:32:02,008 - __main__ - INFO - 📈 7d Growth: +1 followers (avg 0.1/day, est 6664 days to 1K)
2026-04-27 15:32:02 +00:00: 2026-04-27 15:32:02,853 - __main__ - INFO - 📊 Snapshot: 47 followers (+0 since last check)
2026-04-27 15:32:03 +00:00: 2026-04-27 15:32:03,010 - __main__ - INFO - 📈 24h Growth: +0 followers (47 → 47)
2026-04-27 15:32:03 +00:00: 2026-04-27 15:32:03,168 - __main__ - INFO - 📈 7d Growth: +1 followers (avg 0.1/day, est 6664 days to 1K)
2026-04-27 16:32:04 +00:00: 2026-04-27 16:32:04,252 - __main__ - INFO - 📊 Snapshot: 47 followers (+0 since last check)
2026-04-27 16:32:04 +00:00: 2026-04-27 16:32:04,407 - __main__ - INFO - 📈 24h Growth: +0 followers (47 → 47)
2026-04-27 16:32:04 +00:00: 2026-04-27 16:32:04,561 - __main__ - INFO - 📈 7d Growth: +1 followers (avg 0.1/day, est 6664 days to 1K)
2026-04-27 17:32:05 +00:00: 2026-04-27 17:32:05,351 - __main__ - INFO - 📊 Snapshot: 47 followers (+0 since last check)
2026-04-27 17:32:05 +00:00: 2026-04-27 17:32:05,506 - __main__ - INFO - 📈 24h Growth: +0 followers (47 → 47)
2026-04-27 17:32:05 +00:00: 2026-04-27 17:32:05,661 - __main__ - INFO - 📈 7d Growth: +1 followers (avg 0.1/day, est 6664 days to 1K)
2026-04-27 18:32:06 +00:00: 2026-04-27 18:32:06,598 - __main__ - INFO - 📊 Snapshot: 47 followers (+0 since last check)
2026-04-27 18:32:06 +00:00: 2026-04-27 18:32:06,757 - __main__ - INFO - 📈 24h Growth: +0 followers (47 → 47)
2026-04-27 18:32:06 +00:00: 2026-04-27 18:32:06,914 - __main__ - INFO - 📈 7d Growth: +1 followers (avg 0.1/day, est 6664 days to 1K)
2026-04-27 19:32:07 +00:00: 2026-04-27 19:32:07,728 - __main__ - INFO - 📊 Snapshot: 47 followers (+0 since last check)
2026-04-27 19:32:07 +00:00: 2026-04-27 19:32:07,884 - __main__ - INFO - 📈 24h Growth: +0 followers (47 → 47)
2026-04-27 19:32:08 +00:00: 2026-04-27 19:32:08,041 - __main__ - INFO - 📈 7d Growth: +1 followers (avg 0.1/day, est 6664 days to 1K)
2026-04-27 20:32:09 +00:00: 2026-04-27 20:32:09,093 - __main__ - INFO - 📊 Snapshot: 47 followers (+0 since last check)
2026-04-27 20:32:09 +00:00: 2026-04-27 20:32:09,263 - __main__ - INFO - 📈 24h Growth: +0 followers (47 → 47)
2026-04-27 20:32:09 +00:00: 2026-04-27 20:32:09,433 - __main__ - INFO - 📈 7d Growth: +1 followers (avg 0.1/day, est 6664 days to 1K)
2026-04-27 21:32:10 +00:00: 2026-04-27 21:32:10,358 - __main__ - INFO - 📊 Snapshot: 48 followers (+1 since last check)
2026-04-27 21:32:10 +00:00: 2026-04-27 21:32:10,514 - __main__ - INFO - 📈 24h Growth: +1 followers (47 → 48)
2026-04-27 21:32:10 +00:00: 2026-04-27 21:32:10,671 - __main__ - INFO - 📈 7d Growth: +1 followers (avg 0.1/day, est 6664 days to 1K)
2026-04-27 22:32:11 +00:00: 2026-04-27 22:32:11,493 - __main__ - INFO - 📊 Snapshot: 48 followers (+0 since last check)
2026-04-27 22:32:11 +00:00: 2026-04-27 22:32:11,649 - __main__ - INFO - 📈 24h Growth: +1 followers (47 → 48)
2026-04-27 22:32:11 +00:00: 2026-04-27 22:32:11,806 - __main__ - INFO - 📈 7d Growth: +1 followers (avg 0.1/day, est 6664 days to 1K)
2026-04-27 23:32:12 +00:00: 2026-04-27 23:32:12,712 - __main__ - INFO - 📊 Snapshot: 50 followers (+2 since last check)
2026-04-27 23:32:12 +00:00: 2026-04-27 23:32:12,870 - __main__ - INFO - 📈 24h Growth: +3 followers (47 → 50)
2026-04-27 23:32:13 +00:00: 2026-04-27 23:32:13,027 - __main__ - INFO - 📈 7d Growth: +3 followers (avg 0.4/day, est 2217 days to 1K)
2026-04-28 00:32:13 +00:00: 2026-04-28 00:32:13,908 - __main__ - INFO - 📊 Snapshot: 50 followers (+0 since last check)
2026-04-28 00:32:14 +00:00: 2026-04-28 00:32:14,065 - __main__ - INFO - 📈 24h Growth: +3 followers (47 → 50)
2026-04-28 00:32:14 +00:00: 2026-04-28 00:32:14,222 - __main__ - INFO - 📈 7d Growth: +3 followers (avg 0.4/day, est 2217 days to 1K)
2026-04-28 01:32:15 +00:00: 2026-04-28 01:32:15,183 - __main__ - INFO - 📊 Snapshot: 50 followers (+0 since last check)
2026-04-28 01:32:15 +00:00: 2026-04-28 01:32:15,340 - __main__ - INFO - 📈 24h Growth: +3 followers (47 → 50)
2026-04-28 01:32:15 +00:00: 2026-04-28 01:32:15,496 - __main__ - INFO - 📈 7d Growth: +3 followers (avg 0.4/day, est 2217 days to 1K)
2026-04-28 02:32:16 +00:00: 2026-04-28 02:32:16,427 - __main__ - INFO - 📊 Snapshot: 50 followers (+0 since last check)
2026-04-28 02:32:16 +00:00: 2026-04-28 02:32:16,584 - __main__ - INFO - 📈 24h Growth: +3 followers (47 → 50)
2026-04-28 02:32:16 +00:00: 2026-04-28 02:32:16,741 - __main__ - INFO - 📈 7d Growth: +3 followers (avg 0.4/day, est 2217 days to 1K)
2026-04-28 03:32:17 +00:00: 2026-04-28 03:32:17,541 - __main__ - INFO - 📊 Snapshot: 50 followers (+0 since last check)
2026-04-28 03:32:17 +00:00: 2026-04-28 03:32:17,698 - __main__ - INFO - 📈 24h Growth: +3 followers (47 → 50)
2026-04-28 03:32:17 +00:00: 2026-04-28 03:32:17,855 - __main__ - INFO - 📈 7d Growth: +3 followers (avg 0.4/day, est 2217 days to 1K)
2026-04-28 04:32:18 +00:00: 2026-04-28 04:32:18,734 - __main__ - INFO - 📊 Snapshot: 50 followers (+0 since last check)
2026-04-28 04:32:18 +00:00: 2026-04-28 04:32:18,891 - __main__ - INFO - 📈 24h Growth: +3 followers (47 → 50)
2026-04-28 04:32:19 +00:00: 2026-04-28 04:32:19,047 - __main__ - INFO - 📈 7d Growth: +3 followers (avg 0.4/day, est 2217 days to 1K)
2026-04-28 05:32:19 +00:00: 2026-04-28 05:32:19,870 - __main__ - INFO - 📊 Snapshot: 50 followers (+0 since last check)
2026-04-28 05:32:20 +00:00: 2026-04-28 05:32:20,027 - __main__ - INFO - 📈 24h Growth: +3 followers (47 → 50)
2026-04-28 05:32:20 +00:00: 2026-04-28 05:32:20,184 - __main__ - INFO - 📈 7d Growth: +3 followers (avg 0.4/day, est 2217 days to 1K)
2026-04-28 06:32:21 +00:00: 2026-04-28 06:32:21,019 - __main__ - INFO - 📊 Snapshot: 50 followers (+0 since last check)
2026-04-28 06:32:21 +00:00: 2026-04-28 06:32:21,177 - __main__ - INFO - 📈 24h Growth: +3 followers (47 → 50)
2026-04-28 06:32:21 +00:00: 2026-04-28 06:32:21,333 - __main__ - INFO - 📈 7d Growth: +3 followers (avg 0.4/day, est 2217 days to 1K)
2026-04-28 07:32:22 +00:00: 2026-04-28 07:32:22,267 - __main__ - INFO - 📊 Snapshot: 50 followers (+0 since last check)
2026-04-28 07:32:22 +00:00: 2026-04-28 07:32:22,423 - __main__ - INFO - 📈 24h Growth: +3 followers (47 → 50)
2026-04-28 07:32:22 +00:00: 2026-04-28 07:32:22,580 - __main__ - INFO - 📈 7d Growth: +3 followers (avg 0.4/day, est 2217 days to 1K)
2026-04-28 08:32:23 +00:00: 2026-04-28 08:32:23,457 - __main__ - INFO - 📊 Snapshot: 50 followers (+0 since last check)
2026-04-28 08:32:23 +00:00: 2026-04-28 08:32:23,611 - __main__ - INFO - 📈 24h Growth: +3 followers (47 → 50)
2026-04-28 08:32:23 +00:00: 2026-04-28 08:32:23,766 - __main__ - INFO - 📈 7d Growth: +3 followers (avg 0.4/day, est 2217 days to 1K)
2026-04-28 09:32:24 +00:00: 2026-04-28 09:32:24,642 - __main__ - INFO - 📊 Snapshot: 50 followers (+0 since last check)
2026-04-28 09:32:24 +00:00: 2026-04-28 09:32:24,799 - __main__ - INFO - 📈 24h Growth: +3 followers (47 → 50)
2026-04-28 09:32:24 +00:00: 2026-04-28 09:32:24,955 - __main__ - INFO - 📈 7d Growth: +3 followers (avg 0.4/day, est 2217 days to 1K)
2026-04-28 10:32:25 +00:00: 2026-04-28 10:32:25,862 - __main__ - INFO - 📊 Snapshot: 50 followers (+0 since last check)
2026-04-28 10:32:26 +00:00: 2026-04-28 10:32:26,019 - __main__ - INFO - 📈 24h Growth: +3 followers (47 → 50)
2026-04-28 10:32:26 +00:00: 2026-04-28 10:32:26,175 - __main__ - INFO - 📈 7d Growth: +3 followers (avg 0.4/day, est 2217 days to 1K)
2026-04-28 11:32:27 +00:00: 2026-04-28 11:32:27,096 - __main__ - INFO - 📊 Snapshot: 50 followers (+0 since last check)
2026-04-28 11:32:27 +00:00: 2026-04-28 11:32:27,253 - __main__ - INFO - 📈 24h Growth: +3 followers (47 → 50)
2026-04-28 11:32:27 +00:00: 2026-04-28 11:32:27,409 - __main__ - INFO - 📈 7d Growth: +3 followers (avg 0.4/day, est 2217 days to 1K)
2026-04-28 12:32:28 +00:00: 2026-04-28 12:32:28,361 - __main__ - INFO - 📊 Snapshot: 50 followers (+0 since last check)
2026-04-28 12:32:28 +00:00: 2026-04-28 12:32:28,518 - __main__ - INFO - 📈 24h Growth: +3 followers (47 → 50)
2026-04-28 12:32:28 +00:00: 2026-04-28 12:32:28,674 - __main__ - INFO - 📈 7d Growth: +3 followers (avg 0.4/day, est 2217 days to 1K)
2026-04-28 13:32:29 +00:00: 2026-04-28 13:32:29,536 - __main__ - INFO - 📊 Snapshot: 50 followers (+0 since last check)
2026-04-28 13:32:29 +00:00: 2026-04-28 13:32:29,690 - __main__ - INFO - 📈 24h Growth: +3 followers (47 → 50)
2026-04-28 13:32:29 +00:00: 2026-04-28 13:32:29,845 - __main__ - INFO - 📈 7d Growth: +3 followers (avg 0.4/day, est 2217 days to 1K)
2026-04-28 14:32:30 +00:00: 2026-04-28 14:32:30,707 - __main__ - INFO - 📊 Snapshot: 50 followers (+0 since last check)
2026-04-28 14:32:30 +00:00: 2026-04-28 14:32:30,864 - __main__ - INFO - 📈 24h Growth: +3 followers (47 → 50)
2026-04-28 14:32:31 +00:00: 2026-04-28 14:32:31,025 - __main__ - INFO - 📈 7d Growth: +3 followers (avg 0.4/day, est 2217 days to 1K)
2026-04-28 15:32:31 +00:00: 2026-04-28 15:32:31,923 - __main__ - INFO - 📊 Snapshot: 50 followers (+0 since last check)
2026-04-28 15:32:32 +00:00: 2026-04-28 15:32:32,075 - __main__ - INFO - 📈 24h Growth: +3 followers (47 → 50)
2026-04-28 15:32:32 +00:00: 2026-04-28 15:32:32,226 - __main__ - INFO - 📈 7d Growth: +3 followers (avg 0.4/day, est 2217 days to 1K)
2026-04-28 16:32:33 +00:00: 2026-04-28 16:32:33,059 - __main__ - INFO - 📊 Snapshot: 50 followers (+0 since last check)
2026-04-28 16:32:33 +00:00: 2026-04-28 16:32:33,211 - __main__ - INFO - 📈 24h Growth: +3 followers (47 → 50)
2026-04-28 16:32:33 +00:00: 2026-04-28 16:32:33,363 - __main__ - INFO - 📈 7d Growth: +3 followers (avg 0.4/day, est 2217 days to 1K)
2026-04-28 17:32:34 +00:00: 2026-04-28 17:32:34,199 - __main__ - INFO - 📊 Snapshot: 50 followers (+0 since last check)
2026-04-28 17:32:34 +00:00: 2026-04-28 17:32:34,350 - __main__ - INFO - 📈 24h Growth: +3 followers (47 → 50)
2026-04-28 17:32:34 +00:00: 2026-04-28 17:32:34,502 - __main__ - INFO - 📈 7d Growth: +3 followers (avg 0.4/day, est 2217 days to 1K)
2026-04-28 18:32:35 +00:00: 2026-04-28 18:32:35,354 - __main__ - INFO - 📊 Snapshot: 50 followers (+0 since last check)
2026-04-28 18:32:35 +00:00: 2026-04-28 18:32:35,507 - __main__ - INFO - 📈 24h Growth: +3 followers (47 → 50)
2026-04-28 18:32:35 +00:00: 2026-04-28 18:32:35,658 - __main__ - INFO - 📈 7d Growth: +3 followers (avg 0.4/day, est 2217 days to 1K)
2026-04-28 19:32:36 +00:00: 2026-04-28 19:32:36,547 - __main__ - INFO - 📊 Snapshot: 51 followers (+1 since last check)
2026-04-28 19:32:36 +00:00: 2026-04-28 19:32:36,699 - __main__ - INFO - 📈 24h Growth: +4 followers (47 → 51)
2026-04-28 19:32:36 +00:00: 2026-04-28 19:32:36,850 - __main__ - INFO - 📈 7d Growth: +4 followers (avg 0.6/day, est 1661 days to 1K)
2026-04-28 20:32:37 +00:00: 2026-04-28 20:32:37,584 - __main__ - INFO - 📊 Snapshot: 51 followers (+0 since last check)
2026-04-28 20:32:37 +00:00: 2026-04-28 20:32:37,735 - __main__ - INFO - 📈 24h Growth: +3 followers (48 → 51)
2026-04-28 20:32:37 +00:00: 2026-04-28 20:32:37,887 - __main__ - INFO - 📈 7d Growth: +4 followers (avg 0.6/day, est 1661 days to 1K)
2026-04-28 21:32:38 +00:00: 2026-04-28 21:32:38,789 - __main__ - INFO - 📊 Snapshot: 51 followers (+0 since last check)
2026-04-28 21:32:38 +00:00: 2026-04-28 21:32:38,941 - __main__ - INFO - 📈 24h Growth: +3 followers (48 → 51)
2026-04-28 21:32:39 +00:00: 2026-04-28 21:32:39,092 - __main__ - INFO - 📈 7d Growth: +4 followers (avg 0.6/day, est 1661 days to 1K)
2026-04-28 22:32:39 +00:00: 2026-04-28 22:32:39,986 - __main__ - INFO - 📊 Snapshot: 51 followers (+0 since last check)
2026-04-28 22:32:40 +00:00: 2026-04-28 22:32:40,140 - __main__ - INFO - 📈 24h Growth: +1 followers (50 → 51)
2026-04-28 22:32:40 +00:00: 2026-04-28 22:32:40,295 - __main__ - INFO - 📈 7d Growth: +4 followers (avg 0.6/day, est 1661 days to 1K)
2026-04-28 23:32:41 +00:00: 2026-04-28 23:32:41,189 - __main__ - INFO - 📊 Snapshot: 51 followers (+0 since last check)
2026-04-28 23:32:41 +00:00: 2026-04-28 23:32:41,344 - __main__ - INFO - 📈 24h Growth: +1 followers (50 → 51)
2026-04-28 23:32:41 +00:00: 2026-04-28 23:32:41,499 - __main__ - INFO - 📈 7d Growth: +4 followers (avg 0.6/day, est 1661 days to 1K)
2026-04-29 00:32:42 +00:00: 2026-04-29 00:32:42,346 - __main__ - INFO - 📊 Snapshot: 51 followers (+0 since last check)
2026-04-29 00:32:42 +00:00: 2026-04-29 00:32:42,502 - __main__ - INFO - 📈 24h Growth: +1 followers (50 → 51)
2026-04-29 00:32:42 +00:00: 2026-04-29 00:32:42,659 - __main__ - INFO - 📈 7d Growth: +4 followers (avg 0.6/day, est 1661 days to 1K)
2026-04-29 01:32:43 +00:00: 2026-04-29 01:32:43,527 - __main__ - INFO - 📊 Snapshot: 51 followers (+0 since last check)
2026-04-29 01:32:43 +00:00: 2026-04-29 01:32:43,682 - __main__ - INFO - 📈 24h Growth: +1 followers (50 → 51)
2026-04-29 01:32:43 +00:00: 2026-04-29 01:32:43,836 - __main__ - INFO - 📈 7d Growth: +4 followers (avg 0.6/day, est 1661 days to 1K)
2026-04-29 02:32:44 +00:00: 2026-04-29 02:32:44,723 - __main__ - INFO - 📊 Snapshot: 51 followers (+0 since last check)
2026-04-29 02:32:44 +00:00: 2026-04-29 02:32:44,878 - __main__ - INFO - 📈 24h Growth: +1 followers (50 → 51)
2026-04-29 02:32:45 +00:00: 2026-04-29 02:32:45,033 - __main__ - INFO - 📈 7d Growth: +4 followers (avg 0.6/day, est 1661 days to 1K)
2026-04-29 03:32:45 +00:00: 2026-04-29 03:32:45,782 - __main__ - INFO - 📊 Snapshot: 51 followers (+0 since last check)
2026-04-29 03:32:45 +00:00: 2026-04-29 03:32:45,936 - __main__ - INFO - 📈 24h Growth: +1 followers (50 → 51)
2026-04-29 03:32:46 +00:00: 2026-04-29 03:32:46,091 - __main__ - INFO - 📈 7d Growth: +4 followers (avg 0.6/day, est 1661 days to 1K)
2026-04-29 04:32:46 +00:00: 2026-04-29 04:32:46,999 - __main__ - INFO - 📊 Snapshot: 51 followers (+0 since last check)
2026-04-29 04:32:47 +00:00: 2026-04-29 04:32:47,155 - __main__ - INFO - 📈 24h Growth: +1 followers (50 → 51)
2026-04-29 04:32:47 +00:00: 2026-04-29 04:32:47,310 - __main__ - INFO - 📈 7d Growth: +4 followers (avg 0.6/day, est 1661 days to 1K)
2026-04-29 05:32:48 +00:00: 2026-04-29 05:32:48,050 - __main__ - INFO - 📊 Snapshot: 51 followers (+0 since last check)
2026-04-29 05:32:48 +00:00: 2026-04-29 05:32:48,205 - __main__ - INFO - 📈 24h Growth: +1 followers (50 → 51)
2026-04-29 05:32:48 +00:00: 2026-04-29 05:32:48,360 - __main__ - INFO - 📈 7d Growth: +4 followers (avg 0.6/day, est 1661 days to 1K)
2026-04-29 06:32:49 +00:00: 2026-04-29 06:32:49,267 - __main__ - INFO - 📊 Snapshot: 51 followers (+0 since last check)
2026-04-29 06:32:49 +00:00: 2026-04-29 06:32:49,422 - __main__ - INFO - 📈 24h Growth: +1 followers (50 → 51)
2026-04-29 06:32:49 +00:00: 2026-04-29 06:32:49,576 - __main__ - INFO - 📈 7d Growth: +4 followers (avg 0.6/day, est 1661 days to 1K)
2026-04-29 07:32:50 +00:00: 2026-04-29 07:32:50,475 - __main__ - INFO - 📊 Snapshot: 51 followers (+0 since last check)
2026-04-29 07:32:50 +00:00: 2026-04-29 07:32:50,630 - __main__ - INFO - 📈 24h Growth: +1 followers (50 → 51)
2026-04-29 07:32:50 +00:00: 2026-04-29 07:32:50,785 - __main__ - INFO - 📈 7d Growth: +4 followers (avg 0.6/day, est 1661 days to 1K)
2026-04-29 08:32:51 +00:00: 2026-04-29 08:32:51,551 - __main__ - INFO - 📊 Snapshot: 51 followers (+0 since last check)
2026-04-29 08:32:51 +00:00: 2026-04-29 08:32:51,706 - __main__ - INFO - 📈 24h Growth: +1 followers (50 → 51)
2026-04-29 08:32:51 +00:00: 2026-04-29 08:32:51,860 - __main__ - INFO - 📈 7d Growth: +4 followers (avg 0.6/day, est 1661 days to 1K)
2026-04-29 09:32:52 +00:00: 2026-04-29 09:32:52,646 - __main__ - INFO - 📊 Snapshot: 51 followers (+0 since last check)
2026-04-29 09:32:52 +00:00: 2026-04-29 09:32:52,801 - __main__ - INFO - 📈 24h Growth: +1 followers (50 → 51)
2026-04-29 09:32:52 +00:00: 2026-04-29 09:32:52,956 - __main__ - INFO - 📈 7d Growth: +4 followers (avg 0.6/day, est 1661 days to 1K)
2026-04-29 10:32:53 +00:00: 2026-04-29 10:32:53,709 - __main__ - INFO - 📊 Snapshot: 51 followers (+0 since last check)
2026-04-29 10:32:53 +00:00: 2026-04-29 10:32:53,864 - __main__ - INFO - 📈 24h Growth: +1 followers (50 → 51)
2026-04-29 10:32:54 +00:00: 2026-04-29 10:32:54,019 - __main__ - INFO - 📈 7d Growth: +4 followers (avg 0.6/day, est 1661 days to 1K)
2026-04-29 11:32:54 +00:00: 2026-04-29 11:32:54,880 - __main__ - INFO - 📊 Snapshot: 51 followers (+0 since last check)
2026-04-29 11:32:55 +00:00: 2026-04-29 11:32:55,035 - __main__ - INFO - 📈 24h Growth: +1 followers (50 → 51)
2026-04-29 11:32:55 +00:00: 2026-04-29 11:32:55,190 - __main__ - INFO - 📈 7d Growth: +4 followers (avg 0.6/day, est 1661 days to 1K)
2026-04-29 12:32:56 +00:00: 2026-04-29 12:32:56,081 - __main__ - INFO - 📊 Snapshot: 51 followers (+0 since last check)
2026-04-29 12:32:56 +00:00: 2026-04-29 12:32:56,236 - __main__ - INFO - 📈 24h Growth: +1 followers (50 → 51)
2026-04-29 12:32:56 +00:00: 2026-04-29 12:32:56,391 - __main__ - INFO - 📈 7d Growth: +4 followers (avg 0.6/day, est 1661 days to 1K)
2026-04-29 13:32:57 +00:00: 2026-04-29 13:32:57,276 - __main__ - INFO - 📊 Snapshot: 51 followers (+0 since last check)
2026-04-29 13:32:57 +00:00: 2026-04-29 13:32:57,431 - __main__ - INFO - 📈 24h Growth: +1 followers (50 → 51)
2026-04-29 13:32:57 +00:00: 2026-04-29 13:32:57,585 - __main__ - INFO - 📈 7d Growth: +4 followers (avg 0.6/day, est 1661 days to 1K)
2026-04-29 14:32:58 +00:00: 2026-04-29 14:32:58,532 - __main__ - INFO - 📊 Snapshot: 51 followers (+0 since last check)
2026-04-29 14:32:58 +00:00: 2026-04-29 14:32:58,687 - __main__ - INFO - 📈 24h Growth: +1 followers (50 → 51)
2026-04-29 14:32:58 +00:00: 2026-04-29 14:32:58,842 - __main__ - INFO - 📈 7d Growth: +4 followers (avg 0.6/day, est 1661 days to 1K)
2026-04-29 15:32:59 +00:00: 2026-04-29 15:32:59,963 - __main__ - INFO - 📊 Snapshot: 50 followers (-1 since last check)
2026-04-29 15:33:00 +00:00: 2026-04-29 15:33:00,118 - __main__ - INFO - 📈 24h Growth: +1 followers (50 → 51)
2026-04-29 15:33:00 +00:00: 2026-04-29 15:33:00,273 - __main__ - INFO - 📈 7d Growth: +4 followers (avg 0.6/day, est 1661 days to 1K)
2026-04-29 16:33:01 +00:00: 2026-04-29 16:33:01,421 - __main__ - INFO - 📊 Snapshot: 50 followers (+0 since last check)
2026-04-29 16:33:01 +00:00: 2026-04-29 16:33:01,576 - __main__ - INFO - 📈 24h Growth: +1 followers (50 → 51)
2026-04-29 16:33:01 +00:00: 2026-04-29 16:33:01,731 - __main__ - INFO - 📈 7d Growth: +4 followers (avg 0.6/day, est 1661 days to 1K)
2026-04-29 17:33:03 +00:00: 2026-04-29 17:33:03,202 - __main__ - INFO - 📊 Snapshot: 50 followers (+0 since last check)
2026-04-29 17:33:03 +00:00: 2026-04-29 17:33:03,357 - __main__ - INFO - 📈 24h Growth: +1 followers (50 → 51)
2026-04-29 17:33:03 +00:00: 2026-04-29 17:33:03,515 - __main__ - INFO - 📈 7d Growth: +4 followers (avg 0.6/day, est 1661 days to 1K)
2026-04-29 18:33:04 +00:00: 2026-04-29 18:33:04,671 - __main__ - INFO - 📊 Snapshot: 50 followers (+0 since last check)
2026-04-29 18:33:04 +00:00: 2026-04-29 18:33:04,826 - __main__ - INFO - 📈 24h Growth: +1 followers (50 → 51)
2026-04-29 18:33:04 +00:00: 2026-04-29 18:33:04,982 - __main__ - INFO - 📈 7d Growth: +4 followers (avg 0.6/day, est 1661 days to 1K)
2026-04-29 19:33:05 +00:00: 2026-04-29 19:33:05,868 - __main__ - INFO - 📊 Snapshot: 50 followers (+0 since last check)
2026-04-29 19:33:06 +00:00: 2026-04-29 19:33:06,025 - __main__ - INFO - 📈 24h Growth: +1 followers (50 → 51)
2026-04-29 19:33:06 +00:00: 2026-04-29 19:33:06,181 - __main__ - INFO - 📈 7d Growth: +4 followers (avg 0.6/day, est 1661 days to 1K)
2026-04-29 20:33:07 +00:00: 2026-04-29 20:33:07,040 - __main__ - INFO - 📊 Snapshot: 50 followers (+0 since last check)
2026-04-29 20:33:07 +00:00: 2026-04-29 20:33:07,195 - __main__ - INFO - 📈 24h Growth: +1 followers (50 → 51)
2026-04-29 20:33:07 +00:00: 2026-04-29 20:33:07,350 - __main__ - INFO - 📈 7d Growth: +4 followers (avg 0.6/day, est 1661 days to 1K)
2026-04-29 21:33:08 +00:00: 2026-04-29 21:33:08,268 - __main__ - INFO - 📊 Snapshot: 50 followers (+0 since last check)
2026-04-29 21:33:08 +00:00: 2026-04-29 21:33:08,427 - __main__ - INFO - 📈 24h Growth: +1 followers (50 → 51)
2026-04-29 21:33:08 +00:00: 2026-04-29 21:33:08,582 - __main__ - INFO - 📈 7d Growth: +4 followers (avg 0.6/day, est 1661 days to 1K)
2026-04-29 22:33:09 +00:00: 2026-04-29 22:33:09,452 - __main__ - INFO - 📊 Snapshot: 50 followers (+0 since last check)
2026-04-29 22:33:09 +00:00: 2026-04-29 22:33:09,608 - __main__ - INFO - 📈 24h Growth: +1 followers (50 → 51)
2026-04-29 22:33:09 +00:00: 2026-04-29 22:33:09,763 - __main__ - INFO - 📈 7d Growth: +4 followers (avg 0.6/day, est 1661 days to 1K)
2026-04-29 23:33:10 +00:00: 2026-04-29 23:33:10,658 - __main__ - INFO - 📊 Snapshot: 50 followers (+0 since last check)
2026-04-29 23:33:10 +00:00: 2026-04-29 23:33:10,813 - __main__ - INFO - 📈 24h Growth: +1 followers (50 → 51)
2026-04-29 23:33:10 +00:00: 2026-04-29 23:33:10,968 - __main__ - INFO - 📈 7d Growth: +4 followers (avg 0.6/day, est 1661 days to 1K)
2026-04-30 00:33:11 +00:00: 2026-04-30 00:33:11,799 - __main__ - INFO - 📊 Snapshot: 50 followers (+0 since last check)
2026-04-30 00:33:11 +00:00: 2026-04-30 00:33:11,954 - __main__ - INFO - 📈 24h Growth: +1 followers (50 → 51)
2026-04-30 00:33:12 +00:00: 2026-04-30 00:33:12,109 - __main__ - INFO - 📈 7d Growth: +4 followers (avg 0.6/day, est 1661 days to 1K)
2026-04-30 01:33:13 +00:00: 2026-04-30 01:33:13,044 - __main__ - INFO - 📊 Snapshot: 50 followers (+0 since last check)
2026-04-30 01:33:13 +00:00: 2026-04-30 01:33:13,199 - __main__ - INFO - 📈 24h Growth: +1 followers (50 → 51)
2026-04-30 01:33:13 +00:00: 2026-04-30 01:33:13,355 - __main__ - INFO - 📈 7d Growth: +4 followers (avg 0.6/day, est 1661 days to 1K)
2026-04-30 02:33:14 +00:00: 2026-04-30 02:33:14,253 - __main__ - INFO - 📊 Snapshot: 50 followers (+0 since last check)
2026-04-30 02:33:14 +00:00: 2026-04-30 02:33:14,409 - __main__ - INFO - 📈 24h Growth: +1 followers (50 → 51)
2026-04-30 02:33:14 +00:00: 2026-04-30 02:33:14,564 - __main__ - INFO - 📈 7d Growth: +4 followers (avg 0.6/day, est 1661 days to 1K)
2026-04-30 03:33:15 +00:00: 2026-04-30 03:33:15,454 - __main__ - INFO - 📊 Snapshot: 50 followers (+0 since last check)
2026-04-30 03:33:15 +00:00: 2026-04-30 03:33:15,609 - __main__ - INFO - 📈 24h Growth: +1 followers (50 → 51)
2026-04-30 03:33:15 +00:00: 2026-04-30 03:33:15,764 - __main__ - INFO - 📈 7d Growth: +4 followers (avg 0.6/day, est 1661 days to 1K)
2026-04-30 04:33:16 +00:00: 2026-04-30 04:33:16,553 - __main__ - INFO - 📊 Snapshot: 49 followers (-1 since last check)
2026-04-30 04:33:16 +00:00: 2026-04-30 04:33:16,708 - __main__ - INFO - 📈 24h Growth: +2 followers (49 → 51)
2026-04-30 04:33:16 +00:00: 2026-04-30 04:33:16,865 - __main__ - INFO - 📈 7d Growth: +4 followers (avg 0.6/day, est 1661 days to 1K)
2026-04-30 05:33:17 +00:00: 2026-04-30 05:33:17,681 - __main__ - INFO - 📊 Snapshot: 49 followers (+0 since last check)
2026-04-30 05:33:17 +00:00: 2026-04-30 05:33:17,836 - __main__ - INFO - 📈 24h Growth: +2 followers (49 → 51)
2026-04-30 05:33:17 +00:00: 2026-04-30 05:33:17,991 - __main__ - INFO - 📈 7d Growth: +4 followers (avg 0.6/day, est 1661 days to 1K)
2026-04-30 06:33:18 +00:00: 2026-04-30 06:33:18,923 - __main__ - INFO - 📊 Snapshot: 49 followers (+0 since last check)
2026-04-30 06:33:19 +00:00: 2026-04-30 06:33:19,078 - __main__ - INFO - 📈 24h Growth: +2 followers (49 → 51)
2026-04-30 06:33:19 +00:00: 2026-04-30 06:33:19,233 - __main__ - INFO - 📈 7d Growth: +4 followers (avg 0.6/day, est 1661 days to 1K)
2026-04-30 07:33:20 +00:00: 2026-04-30 07:33:20,120 - __main__ - INFO - 📊 Snapshot: 49 followers (+0 since last check)
2026-04-30 07:33:20 +00:00: 2026-04-30 07:33:20,275 - __main__ - INFO - 📈 24h Growth: +2 followers (49 → 51)
2026-04-30 07:33:20 +00:00: 2026-04-30 07:33:20,430 - __main__ - INFO - 📈 7d Growth: +4 followers (avg 0.6/day, est 1661 days to 1K)
2026-04-30 08:33:21 +00:00: 2026-04-30 08:33:21,335 - __main__ - INFO - 📊 Snapshot: 49 followers (+0 since last check)
2026-04-30 08:33:21 +00:00: 2026-04-30 08:33:21,490 - __main__ - INFO - 📈 24h Growth: +2 followers (49 → 51)
2026-04-30 08:33:21 +00:00: 2026-04-30 08:33:21,645 - __main__ - INFO - 📈 7d Growth: +4 followers (avg 0.6/day, est 1661 days to 1K)
2026-04-30 09:33:22 +00:00: 2026-04-30 09:33:22,554 - __main__ - INFO - 📊 Snapshot: 49 followers (+0 since last check)
2026-04-30 09:33:22 +00:00: 2026-04-30 09:33:22,709 - __main__ - INFO - 📈 24h Growth: +2 followers (49 → 51)
2026-04-30 09:33:22 +00:00: 2026-04-30 09:33:22,864 - __main__ - INFO - 📈 7d Growth: +4 followers (avg 0.6/day, est 1661 days to 1K)
2026-04-30 10:33:23 +00:00: 2026-04-30 10:33:23,617 - __main__ - INFO - 📊 Snapshot: 49 followers (+0 since last check)
2026-04-30 10:33:23 +00:00: 2026-04-30 10:33:23,772 - __main__ - INFO - 📈 24h Growth: +2 followers (49 → 51)
2026-04-30 10:33:23 +00:00: 2026-04-30 10:33:23,927 - __main__ - INFO - 📈 7d Growth: +4 followers (avg 0.6/day, est 1661 days to 1K)
2026-04-30 11:33:24 +00:00: 2026-04-30 11:33:24,767 - __main__ - INFO - 📊 Snapshot: 49 followers (+0 since last check)
2026-04-30 11:33:24 +00:00: 2026-04-30 11:33:24,923 - __main__ - INFO - 📈 24h Growth: +2 followers (49 → 51)
2026-04-30 11:33:25 +00:00: 2026-04-30 11:33:25,078 - __main__ - INFO - 📈 7d Growth: +4 followers (avg 0.6/day, est 1661 days to 1K)
2026-04-30 12:33:25 +00:00: 2026-04-30 12:33:25,916 - __main__ - INFO - 📊 Snapshot: 49 followers (+0 since last check)
2026-04-30 12:33:26 +00:00: 2026-04-30 12:33:26,070 - __main__ - INFO - 📈 24h Growth: +2 followers (49 → 51)
2026-04-30 12:33:26 +00:00: 2026-04-30 12:33:26,225 - __main__ - INFO - 📈 7d Growth: +4 followers (avg 0.6/day, est 1661 days to 1K)
2026-04-30 13:33:27 +00:00: 2026-04-30 13:33:27,103 - __main__ - INFO - 📊 Snapshot: 49 followers (+0 since last check)
2026-04-30 13:33:27 +00:00: 2026-04-30 13:33:27,258 - __main__ - INFO - 📈 24h Growth: +2 followers (49 → 51)
2026-04-30 13:33:27 +00:00: 2026-04-30 13:33:27,412 - __main__ - INFO - 📈 7d Growth: +4 followers (avg 0.6/day, est 1661 days to 1K)
2026-04-30 14:33:28 +00:00: 2026-04-30 14:33:28,323 - __main__ - INFO - 📊 Snapshot: 49 followers (+0 since last check)
2026-04-30 14:33:28 +00:00: 2026-04-30 14:33:28,478 - __main__ - INFO - 📈 24h Growth: +1 followers (49 → 50)
2026-04-30 14:33:28 +00:00: 2026-04-30 14:33:28,632 - __main__ - INFO - 📈 7d Growth: +4 followers (avg 0.6/day, est 1661 days to 1K)
2026-04-30 15:33:29 +00:00: 2026-04-30 15:33:29,513 - __main__ - INFO - 📊 Snapshot: 49 followers (+0 since last check)
2026-04-30 15:33:29 +00:00: 2026-04-30 15:33:29,669 - __main__ - INFO - 📈 24h Growth: +1 followers (49 → 50)
2026-04-30 15:33:29 +00:00: 2026-04-30 15:33:29,823 - __main__ - INFO - 📈 7d Growth: +4 followers (avg 0.6/day, est 1661 days to 1K)
2026-04-30 16:33:30 +00:00: 2026-04-30 16:33:30,749 - __main__ - INFO - 📊 Snapshot: 49 followers (+0 since last check)
2026-04-30 16:33:30 +00:00: 2026-04-30 16:33:30,906 - __main__ - INFO - 📈 24h Growth: +1 followers (49 → 50)
2026-04-30 16:33:31 +00:00: 2026-04-30 16:33:31,061 - __main__ - INFO - 📈 7d Growth: +4 followers (avg 0.6/day, est 1661 days to 1K)
2026-04-30 17:33:31 +00:00: 2026-04-30 17:33:31,884 - __main__ - INFO - 📊 Snapshot: 49 followers (+0 since last check)
2026-04-30 17:33:32 +00:00: 2026-04-30 17:33:32,039 - __main__ - INFO - 📈 24h Growth: +1 followers (49 → 50)
2026-04-30 17:33:32 +00:00: 2026-04-30 17:33:32,194 - __main__ - INFO - 📈 7d Growth: +4 followers (avg 0.6/day, est 1661 days to 1K)
2026-04-30 18:33:33 +00:00: 2026-04-30 18:33:33,095 - __main__ - INFO - 📊 Snapshot: 49 followers (+0 since last check)
2026-04-30 18:33:33 +00:00: 2026-04-30 18:33:33,249 - __main__ - INFO - 📈 24h Growth: +1 followers (49 → 50)
2026-04-30 18:33:33 +00:00: 2026-04-30 18:33:33,404 - __main__ - INFO - 📈 7d Growth: +4 followers (avg 0.6/day, est 1661 days to 1K)
2026-04-30 19:33:34 +00:00: 2026-04-30 19:33:34,388 - __main__ - INFO - 📊 Snapshot: 49 followers (+0 since last check)
2026-04-30 19:33:34 +00:00: 2026-04-30 19:33:34,543 - __main__ - INFO - 📈 24h Growth: +1 followers (49 → 50)
2026-04-30 19:33:34 +00:00: 2026-04-30 19:33:34,697 - __main__ - INFO - 📈 7d Growth: +4 followers (avg 0.6/day, est 1661 days to 1K)
2026-04-30 20:33:35 +00:00: 2026-04-30 20:33:35,724 - __main__ - INFO - 📊 Snapshot: 49 followers (+0 since last check)
2026-04-30 20:33:35 +00:00: 2026-04-30 20:33:35,879 - __main__ - INFO - 📈 24h Growth: +1 followers (49 → 50)
2026-04-30 20:33:36 +00:00: 2026-04-30 20:33:36,034 - __main__ - INFO - 📈 7d Growth: +4 followers (avg 0.6/day, est 1661 days to 1K)
2026-04-30 21:33:37 +00:00: 2026-04-30 21:33:37,056 - __main__ - INFO - 📊 Snapshot: 49 followers (+0 since last check)
2026-04-30 21:33:37 +00:00: 2026-04-30 21:33:37,211 - __main__ - INFO - 📈 24h Growth: +1 followers (49 → 50)
2026-04-30 21:33:37 +00:00: 2026-04-30 21:33:37,367 - __main__ - INFO - 📈 7d Growth: +4 followers (avg 0.6/day, est 1661 days to 1K)
2026-04-30 22:33:38 +00:00: 2026-04-30 22:33:38,315 - __main__ - INFO - 📊 Snapshot: 50 followers (+1 since last check)
2026-04-30 22:33:38 +00:00: 2026-04-30 22:33:38,470 - __main__ - INFO - 📈 24h Growth: +1 followers (49 → 50)
2026-04-30 22:33:38 +00:00: 2026-04-30 22:33:38,624 - __main__ - INFO - 📈 7d Growth: +4 followers (avg 0.6/day, est 1661 days to 1K)
2026-04-30 23:33:39 +00:00: 2026-04-30 23:33:39,697 - __main__ - INFO - 📊 Snapshot: 50 followers (+0 since last check)
2026-04-30 23:33:39 +00:00: 2026-04-30 23:33:39,850 - __main__ - INFO - 📈 24h Growth: +1 followers (49 → 50)
2026-04-30 23:33:40 +00:00: 2026-04-30 23:33:40,005 - __main__ - INFO - 📈 7d Growth: +4 followers (avg 0.6/day, est 1661 days to 1K)
2026-05-01 00:33:41 +00:00: 2026-05-01 00:33:41,112 - __main__ - INFO - 📊 Snapshot: 50 followers (+0 since last check)
2026-05-01 00:33:41 +00:00: 2026-05-01 00:33:41,266 - __main__ - INFO - 📈 24h Growth: +1 followers (49 → 50)
2026-05-01 00:33:41 +00:00: 2026-05-01 00:33:41,419 - __main__ - INFO - 📈 7d Growth: +4 followers (avg 0.6/day, est 1661 days to 1K)
2026-05-01 01:33:42 +00:00: 2026-05-01 01:33:42,267 - __main__ - INFO - 📊 Snapshot: 50 followers (+0 since last check)
2026-05-01 01:33:42 +00:00: 2026-05-01 01:33:42,422 - __main__ - INFO - 📈 24h Growth: +1 followers (49 → 50)
2026-05-01 01:33:42 +00:00: 2026-05-01 01:33:42,576 - __main__ - INFO - 📈 7d Growth: +4 followers (avg 0.6/day, est 1661 days to 1K)
2026-05-01 02:33:43 +00:00: 2026-05-01 02:33:43,690 - __main__ - INFO - 📊 Snapshot: 50 followers (+0 since last check)
2026-05-01 02:33:43 +00:00: 2026-05-01 02:33:43,845 - __main__ - INFO - 📈 24h Growth: +1 followers (49 → 50)
2026-05-01 02:33:44 +00:00: 2026-05-01 02:33:44,000 - __main__ - INFO - 📈 7d Growth: +4 followers (avg 0.6/day, est 1661 days to 1K)
2026-05-01 03:33:44 +00:00: 2026-05-01 03:33:44,950 - __main__ - INFO - 📊 Snapshot: 50 followers (+0 since last check)
2026-05-01 03:33:45 +00:00: 2026-05-01 03:33:45,105 - __main__ - INFO - 📈 24h Growth: +1 followers (49 → 50)
2026-05-01 03:33:45 +00:00: 2026-05-01 03:33:45,260 - __main__ - INFO - 📈 7d Growth: +4 followers (avg 0.6/day, est 1661 days to 1K)
2026-05-01 04:33:46 +00:00: 2026-05-01 04:33:46,173 - __main__ - INFO - 📊 Snapshot: 50 followers (+0 since last check)
2026-05-01 04:33:46 +00:00: 2026-05-01 04:33:46,327 - __main__ - INFO - 📈 24h Growth: +1 followers (49 → 50)
2026-05-01 04:33:46 +00:00: 2026-05-01 04:33:46,481 - __main__ - INFO - 📈 7d Growth: +4 followers (avg 0.6/day, est 1661 days to 1K)
2026-05-01 05:33:47 +00:00: 2026-05-01 05:33:47,390 - __main__ - INFO - 📊 Snapshot: 50 followers (+0 since last check)
2026-05-01 05:33:47 +00:00: 2026-05-01 05:33:47,544 - __main__ - INFO - 📈 24h Growth: +1 followers (49 → 50)
2026-05-01 05:33:47 +00:00: 2026-05-01 05:33:47,698 - __main__ - INFO - 📈 7d Growth: +4 followers (avg 0.6/day, est 1661 days to 1K)
2026-05-01 06:33:48 +00:00: 2026-05-01 06:33:48,670 - __main__ - INFO - 📊 Snapshot: 50 followers (+0 since last check)
2026-05-01 06:33:48 +00:00: 2026-05-01 06:33:48,825 - __main__ - INFO - 📈 24h Growth: +1 followers (49 → 50)
2026-05-01 06:33:48 +00:00: 2026-05-01 06:33:48,980 - __main__ - INFO - 📈 7d Growth: +4 followers (avg 0.6/day, est 1661 days to 1K)
2026-05-01 07:33:49 +00:00: 2026-05-01 07:33:49,881 - __main__ - INFO - 📊 Snapshot: 50 followers (+0 since last check)
2026-05-01 07:33:50 +00:00: 2026-05-01 07:33:50,036 - __main__ - INFO - 📈 24h Growth: +1 followers (49 → 50)
2026-05-01 07:33:50 +00:00: 2026-05-01 07:33:50,190 - __main__ - INFO - 📈 7d Growth: +4 followers (avg 0.6/day, est 1661 days to 1K)
2026-05-01 08:33:51 +00:00: 2026-05-01 08:33:51,118 - __main__ - INFO - 📊 Snapshot: 50 followers (+0 since last check)
2026-05-01 08:33:51 +00:00: 2026-05-01 08:33:51,272 - __main__ - INFO - 📈 24h Growth: +1 followers (49 → 50)
2026-05-01 08:33:51 +00:00: 2026-05-01 08:33:51,427 - __main__ - INFO - 📈 7d Growth: +4 followers (avg 0.6/day, est 1661 days to 1K)
2026-05-01 09:33:52 +00:00: 2026-05-01 09:33:52,285 - __main__ - INFO - 📊 Snapshot: 50 followers (+0 since last check)
2026-05-01 09:33:52 +00:00: 2026-05-01 09:33:52,440 - __main__ - INFO - 📈 24h Growth: +1 followers (49 → 50)
2026-05-01 09:33:52 +00:00: 2026-05-01 09:33:52,595 - __main__ - INFO - 📈 7d Growth: +4 followers (avg 0.6/day, est 1661 days to 1K)
2026-05-01 10:33:53 +00:00: 2026-05-01 10:33:53,433 - __main__ - INFO - 📊 Snapshot: 50 followers (+0 since last check)
2026-05-01 10:33:53 +00:00: 2026-05-01 10:33:53,588 - __main__ - INFO - 📈 24h Growth: +1 followers (49 → 50)
2026-05-01 10:33:53 +00:00: 2026-05-01 10:33:53,743 - __main__ - INFO - 📈 7d Growth: +4 followers (avg 0.6/day, est 1661 days to 1K)
2026-05-01 11:33:54 +00:00: 2026-05-01 11:33:54,783 - __main__ - INFO - 📊 Snapshot: 50 followers (+0 since last check)
2026-05-01 11:33:54 +00:00: 2026-05-01 11:33:54,937 - __main__ - INFO - 📈 24h Growth: +1 followers (49 → 50)
2026-05-01 11:33:55 +00:00: 2026-05-01 11:33:55,092 - __main__ - INFO - 📈 7d Growth: +4 followers (avg 0.6/day, est 1661 days to 1K)
2026-05-01 12:33:56 +00:00: 2026-05-01 12:33:56,001 - __main__ - INFO - 📊 Snapshot: 50 followers (+0 since last check)
2026-05-01 12:33:56 +00:00: 2026-05-01 12:33:56,158 - __main__ - INFO - 📈 24h Growth: +1 followers (49 → 50)
2026-05-01 12:33:56 +00:00: 2026-05-01 12:33:56,313 - __main__ - INFO - 📈 7d Growth: +4 followers (avg 0.6/day, est 1661 days to 1K)
2026-05-01 13:33:57 +00:00: 2026-05-01 13:33:57,229 - __main__ - INFO - 📊 Snapshot: 50 followers (+0 since last check)
2026-05-01 13:33:57 +00:00: 2026-05-01 13:33:57,384 - __main__ - INFO - 📈 24h Growth: +1 followers (49 → 50)
2026-05-01 13:33:57 +00:00: 2026-05-01 13:33:57,539 - __main__ - INFO - 📈 7d Growth: +4 followers (avg 0.6/day, est 1661 days to 1K)
2026-05-01 14:33:58 +00:00: 2026-05-01 14:33:58,306 - __main__ - INFO - 📊 Snapshot: 50 followers (+0 since last check)
2026-05-01 14:33:58 +00:00: 2026-05-01 14:33:58,461 - __main__ - INFO - 📈 24h Growth: +1 followers (49 → 50)
2026-05-01 14:33:58 +00:00: 2026-05-01 14:33:58,615 - __main__ - INFO - 📈 7d Growth: +4 followers (avg 0.6/day, est 1661 days to 1K)
2026-05-01 15:33:59 +00:00: 2026-05-01 15:33:59,585 - __main__ - INFO - 📊 Snapshot: 50 followers (+0 since last check)
2026-05-01 15:33:59 +00:00: 2026-05-01 15:33:59,740 - __main__ - INFO - 📈 24h Growth: +1 followers (49 → 50)
2026-05-01 15:33:59 +00:00: 2026-05-01 15:33:59,894 - __main__ - INFO - 📈 7d Growth: +4 followers (avg 0.6/day, est 1661 days to 1K)
2026-05-01 16:34:00 +00:00: 2026-05-01 16:34:00,812 - __main__ - INFO - 📊 Snapshot: 50 followers (+0 since last check)
2026-05-01 16:34:00 +00:00: 2026-05-01 16:34:00,967 - __main__ - INFO - 📈 24h Growth: +1 followers (49 → 50)
2026-05-01 16:34:01 +00:00: 2026-05-01 16:34:01,121 - __main__ - INFO - 📈 7d Growth: +4 followers (avg 0.6/day, est 1661 days to 1K)
2026-05-01 17:34:02 +00:00: 2026-05-01 17:34:02,031 - __main__ - INFO - 📊 Snapshot: 50 followers (+0 since last check)
2026-05-01 17:34:02 +00:00: 2026-05-01 17:34:02,186 - __main__ - INFO - 📈 24h Growth: +1 followers (49 → 50)
2026-05-01 17:34:02 +00:00: 2026-05-01 17:34:02,341 - __main__ - INFO - 📈 7d Growth: +4 followers (avg 0.6/day, est 1661 days to 1K)
2026-05-01 18:34:03 +00:00: 2026-05-01 18:34:03,168 - __main__ - INFO - 📊 Snapshot: 50 followers (+0 since last check)
2026-05-01 18:34:03 +00:00: 2026-05-01 18:34:03,323 - __main__ - INFO - 📈 24h Growth: +1 followers (49 → 50)
2026-05-01 18:34:03 +00:00: 2026-05-01 18:34:03,478 - __main__ - INFO - 📈 7d Growth: +4 followers (avg 0.6/day, est 1661 days to 1K)
2026-05-01 19:34:04 +00:00: 2026-05-01 19:34:04,307 - __main__ - INFO - 📊 Snapshot: 50 followers (+0 since last check)
2026-05-01 19:34:04 +00:00: 2026-05-01 19:34:04,462 - __main__ - INFO - 📈 24h Growth: +1 followers (49 → 50)
2026-05-01 19:34:04 +00:00: 2026-05-01 19:34:04,617 - __main__ - INFO - 📈 7d Growth: +4 followers (avg 0.6/day, est 1661 days to 1K)
2026-05-01 20:34:05 +00:00: 2026-05-01 20:34:05,634 - __main__ - INFO - 📊 Snapshot: 50 followers (+0 since last check)
2026-05-01 20:34:05 +00:00: 2026-05-01 20:34:05,789 - __main__ - INFO - 📈 24h Growth: +1 followers (49 → 50)
2026-05-01 20:34:05 +00:00: 2026-05-01 20:34:05,944 - __main__ - INFO - 📈 7d Growth: +4 followers (avg 0.6/day, est 1661 days to 1K)
2026-05-01 21:34:06 +00:00: 2026-05-01 21:34:06,863 - __main__ - INFO - 📊 Snapshot: 50 followers (+0 since last check)
2026-05-01 21:34:07 +00:00: 2026-05-01 21:34:07,018 - __main__ - INFO - 📈 24h Growth: +0 followers (50 → 50)
2026-05-01 21:34:07 +00:00: 2026-05-01 21:34:07,172 - __main__ - INFO - 📈 7d Growth: +4 followers (avg 0.6/day, est 1661 days to 1K)
2026-05-01 22:34:08 +00:00: 2026-05-01 22:34:08,011 - __main__ - INFO - 📊 Snapshot: 50 followers (+0 since last check)
2026-05-01 22:34:08 +00:00: 2026-05-01 22:34:08,167 - __main__ - INFO - 📈 24h Growth: +0 followers (50 → 50)
2026-05-01 22:34:08 +00:00: 2026-05-01 22:34:08,323 - __main__ - INFO - 📈 7d Growth: +4 followers (avg 0.6/day, est 1661 days to 1K)
2026-05-01 23:34:09 +00:00: 2026-05-01 23:34:09,090 - __main__ - INFO - 📊 Snapshot: 50 followers (+0 since last check)
2026-05-01 23:34:09 +00:00: 2026-05-01 23:34:09,245 - __main__ - INFO - 📈 24h Growth: +0 followers (50 → 50)
2026-05-01 23:34:09 +00:00: 2026-05-01 23:34:09,400 - __main__ - INFO - 📈 7d Growth: +4 followers (avg 0.6/day, est 1661 days to 1K)
2026-05-02 00:34:10 +00:00: 2026-05-02 00:34:10,483 - __main__ - INFO - 📊 Snapshot: 50 followers (+0 since last check)
2026-05-02 00:34:10 +00:00: 2026-05-02 00:34:10,638 - __main__ - INFO - 📈 24h Growth: +0 followers (50 → 50)
2026-05-02 00:34:10 +00:00: 2026-05-02 00:34:10,793 - __main__ - INFO - 📈 7d Growth: +4 followers (avg 0.6/day, est 1661 days to 1K)
2026-05-02 01:34:11 +00:00: 2026-05-02 01:34:11,644 - __main__ - INFO - 📊 Snapshot: 50 followers (+0 since last check)
2026-05-02 01:34:11 +00:00: 2026-05-02 01:34:11,799 - __main__ - INFO - 📈 24h Growth: +0 followers (50 → 50)
2026-05-02 01:34:11 +00:00: 2026-05-02 01:34:11,954 - __main__ - INFO - 📈 7d Growth: +4 followers (avg 0.6/day, est 1661 days to 1K)
2026-05-02 02:34:12 +00:00: 2026-05-02 02:34:12,742 - __main__ - INFO - 📊 Snapshot: 50 followers (+0 since last check)
2026-05-02 02:34:12 +00:00: 2026-05-02 02:34:12,898 - __main__ - INFO - 📈 24h Growth: +0 followers (50 → 50)
2026-05-02 02:34:13 +00:00: 2026-05-02 02:34:13,053 - __main__ - INFO - 📈 7d Growth: +4 followers (avg 0.6/day, est 1661 days to 1K)
2026-05-02 03:34:13 +00:00: 2026-05-02 03:34:13,900 - __main__ - INFO - 📊 Snapshot: 50 followers (+0 since last check)
2026-05-02 03:34:14 +00:00: 2026-05-02 03:34:14,056 - __main__ - INFO - 📈 24h Growth: +0 followers (50 → 50)
2026-05-02 03:34:14 +00:00: 2026-05-02 03:34:14,211 - __main__ - INFO - 📈 7d Growth: +4 followers (avg 0.6/day, est 1661 days to 1K)
2026-05-02 04:34:15 +00:00: 2026-05-02 04:34:15,020 - __main__ - INFO - 📊 Snapshot: 50 followers (+0 since last check)
2026-05-02 04:34:15 +00:00: 2026-05-02 04:34:15,175 - __main__ - INFO - 📈 24h Growth: +0 followers (50 → 50)
2026-05-02 04:34:15 +00:00: 2026-05-02 04:34:15,330 - __main__ - INFO - 📈 7d Growth: +4 followers (avg 0.6/day, est 1661 days to 1K)
2026-05-02 05:34:16 +00:00: 2026-05-02 05:34:16,084 - __main__ - INFO - 📊 Snapshot: 50 followers (+0 since last check)
2026-05-02 05:34:16 +00:00: 2026-05-02 05:34:16,239 - __main__ - INFO - 📈 24h Growth: +0 followers (50 → 50)
2026-05-02 05:34:16 +00:00: 2026-05-02 05:34:16,394 - __main__ - INFO - 📈 7d Growth: +4 followers (avg 0.6/day, est 1661 days to 1K)
2026-05-02 06:34:17 +00:00: 2026-05-02 06:34:17,186 - __main__ - INFO - 📊 Snapshot: 50 followers (+0 since last check)
2026-05-02 06:34:17 +00:00: 2026-05-02 06:34:17,340 - __main__ - INFO - 📈 24h Growth: +0 followers (50 → 50)
2026-05-02 06:34:17 +00:00: 2026-05-02 06:34:17,495 - __main__ - INFO - 📈 7d Growth: +4 followers (avg 0.6/day, est 1661 days to 1K)
2026-05-02 07:34:18 +00:00: 2026-05-02 07:34:18,393 - __main__ - INFO - 📊 Snapshot: 50 followers (+0 since last check)
2026-05-02 07:34:18 +00:00: 2026-05-02 07:34:18,548 - __main__ - INFO - 📈 24h Growth: +0 followers (50 → 50)
2026-05-02 07:34:18 +00:00: 2026-05-02 07:34:18,703 - __main__ - INFO - 📈 7d Growth: +4 followers (avg 0.6/day, est 1661 days to 1K)
2026-05-02 08:34:19 +00:00: 2026-05-02 08:34:19,595 - __main__ - INFO - 📊 Snapshot: 50 followers (+0 since last check)
2026-05-02 08:34:19 +00:00: 2026-05-02 08:34:19,749 - __main__ - INFO - 📈 24h Growth: +0 followers (50 → 50)
2026-05-02 08:34:19 +00:00: 2026-05-02 08:34:19,904 - __main__ - INFO - 📈 7d Growth: +4 followers (avg 0.6/day, est 1661 days to 1K)
2026-05-02 09:34:20 +00:00: 2026-05-02 09:34:20,699 - __main__ - INFO - 📊 Snapshot: 50 followers (+0 since last check)
2026-05-02 09:34:20 +00:00: 2026-05-02 09:34:20,854 - __main__ - INFO - 📈 24h Growth: +0 followers (50 → 50)
2026-05-02 09:34:21 +00:00: 2026-05-02 09:34:21,009 - __main__ - INFO - 📈 7d Growth: +4 followers (avg 0.6/day, est 1661 days to 1K)
2026-05-02 10:34:21 +00:00: 2026-05-02 10:34:21,813 - __main__ - INFO - 📊 Snapshot: 50 followers (+0 since last check)
2026-05-02 10:34:21 +00:00: 2026-05-02 10:34:21,968 - __main__ - INFO - 📈 24h Growth: +0 followers (50 → 50)
2026-05-02 10:34:22 +00:00: 2026-05-02 10:34:22,123 - __main__ - INFO - 📈 7d Growth: +4 followers (avg 0.6/day, est 1661 days to 1K)
2026-05-02 11:34:23 +00:00: 2026-05-02 11:34:23,035 - __main__ - INFO - 📊 Snapshot: 50 followers (+0 since last check)
2026-05-02 11:34:23 +00:00: 2026-05-02 11:34:23,190 - __main__ - INFO - 📈 24h Growth: +0 followers (50 → 50)
2026-05-02 11:34:23 +00:00: 2026-05-02 11:34:23,345 - __main__ - INFO - 📈 7d Growth: +4 followers (avg 0.6/day, est 1661 days to 1K)
2026-05-02 12:34:24 +00:00: 2026-05-02 12:34:24,233 - __main__ - INFO - 📊 Snapshot: 50 followers (+0 since last check)
2026-05-02 12:34:24 +00:00: 2026-05-02 12:34:24,388 - __main__ - INFO - 📈 24h Growth: +0 followers (50 → 50)
2026-05-02 12:34:24 +00:00: 2026-05-02 12:34:24,543 - __main__ - INFO - 📈 7d Growth: +4 followers (avg 0.6/day, est 1661 days to 1K)
2026-05-02 13:34:25 +00:00: 2026-05-02 13:34:25,367 - __main__ - INFO - 📊 Snapshot: 50 followers (+0 since last check)
2026-05-02 13:34:25 +00:00: 2026-05-02 13:34:25,522 - __main__ - INFO - 📈 24h Growth: +0 followers (50 → 50)
2026-05-02 13:34:25 +00:00: 2026-05-02 13:34:25,676 - __main__ - INFO - 📈 7d Growth: +4 followers (avg 0.6/day, est 1661 days to 1K)
2026-05-02 14:34:26 +00:00: 2026-05-02 14:34:26,586 - __main__ - INFO - 📊 Snapshot: 50 followers (+0 since last check)
2026-05-02 14:34:26 +00:00: 2026-05-02 14:34:26,742 - __main__ - INFO - 📈 24h Growth: +0 followers (50 → 50)
2026-05-02 14:34:26 +00:00: 2026-05-02 14:34:26,898 - __main__ - INFO - 📈 7d Growth: +4 followers (avg 0.6/day, est 1661 days to 1K)
2026-05-02 15:34:27 +00:00: 2026-05-02 15:34:27,760 - __main__ - INFO - 📊 Snapshot: 50 followers (+0 since last check)
2026-05-02 15:34:27 +00:00: 2026-05-02 15:34:27,915 - __main__ - INFO - 📈 24h Growth: +0 followers (50 → 50)
2026-05-02 15:34:28 +00:00: 2026-05-02 15:34:28,070 - __main__ - INFO - 📈 7d Growth: +4 followers (avg 0.6/day, est 1661 days to 1K)
2026-05-02 16:34:28 +00:00: 2026-05-02 16:34:28,793 - __main__ - INFO - 📊 Snapshot: 50 followers (+0 since last check)
2026-05-02 16:34:28 +00:00: 2026-05-02 16:34:28,948 - __main__ - INFO - 📈 24h Growth: +0 followers (50 → 50)
2026-05-02 16:34:29 +00:00: 2026-05-02 16:34:29,103 - __main__ - INFO - 📈 7d Growth: +4 followers (avg 0.6/day, est 1661 days to 1K)
2026-05-02 17:34:29 +00:00: 2026-05-02 17:34:29,968 - __main__ - INFO - 📊 Snapshot: 50 followers (+0 since last check)
2026-05-02 17:34:30 +00:00: 2026-05-02 17:34:30,124 - __main__ - INFO - 📈 24h Growth: +0 followers (50 → 50)
2026-05-02 17:34:30 +00:00: 2026-05-02 17:34:30,279 - __main__ - INFO - 📈 7d Growth: +4 followers (avg 0.6/day, est 1661 days to 1K)
2026-05-02 18:34:31 +00:00: 2026-05-02 18:34:31,156 - __main__ - INFO - 📊 Snapshot: 50 followers (+0 since last check)
2026-05-02 18:34:31 +00:00: 2026-05-02 18:34:31,311 - __main__ - INFO - 📈 24h Growth: +0 followers (50 → 50)
2026-05-02 18:34:31 +00:00: 2026-05-02 18:34:31,465 - __main__ - INFO - 📈 7d Growth: +4 followers (avg 0.6/day, est 1661 days to 1K)
2026-05-02 19:34:32 +00:00: 2026-05-02 19:34:32,446 - __main__ - INFO - 📊 Snapshot: 50 followers (+0 since last check)
2026-05-02 19:34:32 +00:00: 2026-05-02 19:34:32,601 - __main__ - INFO - 📈 24h Growth: +0 followers (50 → 50)
2026-05-02 19:34:32 +00:00: 2026-05-02 19:34:32,756 - __main__ - INFO - 📈 7d Growth: +4 followers (avg 0.6/day, est 1661 days to 1K)
2026-05-02 20:34:33 +00:00: 2026-05-02 20:34:33,621 - __main__ - INFO - 📊 Snapshot: 51 followers (+1 since last check)
2026-05-02 20:34:33 +00:00: 2026-05-02 20:34:33,775 - __main__ - INFO - 📈 24h Growth: +1 followers (50 → 51)
2026-05-02 20:34:33 +00:00: 2026-05-02 20:34:33,932 - __main__ - INFO - 📈 7d Growth: +4 followers (avg 0.6/day, est 1661 days to 1K)
2026-05-02 21:34:34 +00:00: 2026-05-02 21:34:34,767 - __main__ - INFO - 📊 Snapshot: 52 followers (+1 since last check)
2026-05-02 21:34:34 +00:00: 2026-05-02 21:34:34,921 - __main__ - INFO - 📈 24h Growth: +2 followers (50 → 52)
2026-05-02 21:34:35 +00:00: 2026-05-02 21:34:35,076 - __main__ - INFO - 📈 7d Growth: +5 followers (avg 0.7/day, est 1327 days to 1K)
2026-05-02 22:34:35 +00:00: 2026-05-02 22:34:35,920 - __main__ - INFO - 📊 Snapshot: 53 followers (+1 since last check)
2026-05-02 22:34:36 +00:00: 2026-05-02 22:34:36,075 - __main__ - INFO - 📈 24h Growth: +3 followers (50 → 53)
2026-05-02 22:34:36 +00:00: 2026-05-02 22:34:36,231 - __main__ - INFO - 📈 7d Growth: +6 followers (avg 0.9/day, est 1105 days to 1K)
2026-05-02 23:34:37 +00:00: 2026-05-02 23:34:37,078 - __main__ - INFO - 📊 Snapshot: 53 followers (+0 since last check)
2026-05-02 23:34:37 +00:00: 2026-05-02 23:34:37,233 - __main__ - INFO - 📈 24h Growth: +3 followers (50 → 53)
2026-05-02 23:34:37 +00:00: 2026-05-02 23:34:37,387 - __main__ - INFO - 📈 7d Growth: +6 followers (avg 0.9/day, est 1105 days to 1K)
2026-05-03 00:34:38 +00:00: 2026-05-03 00:34:38,294 - __main__ - INFO - 📊 Snapshot: 53 followers (+0 since last check)
2026-05-03 00:34:38 +00:00: 2026-05-03 00:34:38,448 - __main__ - INFO - 📈 24h Growth: +3 followers (50 → 53)
2026-05-03 00:34:38 +00:00: 2026-05-03 00:34:38,603 - __main__ - INFO - 📈 7d Growth: +6 followers (avg 0.9/day, est 1105 days to 1K)
2026-05-03 01:34:39 +00:00: 2026-05-03 01:34:39,474 - __main__ - INFO - 📊 Snapshot: 53 followers (+0 since last check)
2026-05-03 01:34:39 +00:00: 2026-05-03 01:34:39,632 - __main__ - INFO - 📈 24h Growth: +3 followers (50 → 53)
2026-05-03 01:34:39 +00:00: 2026-05-03 01:34:39,787 - __main__ - INFO - 📈 7d Growth: +6 followers (avg 0.9/day, est 1105 days to 1K)
2026-05-03 02:34:40 +00:00: 2026-05-03 02:34:40,655 - __main__ - INFO - 📊 Snapshot: 53 followers (+0 since last check)
2026-05-03 02:34:40 +00:00: 2026-05-03 02:34:40,809 - __main__ - INFO - 📈 24h Growth: +3 followers (50 → 53)
2026-05-03 02:34:40 +00:00: 2026-05-03 02:34:40,964 - __main__ - INFO - 📈 7d Growth: +6 followers (avg 0.9/day, est 1105 days to 1K)
2026-05-03 03:34:41 +00:00: 2026-05-03 03:34:41,867 - __main__ - INFO - 📊 Snapshot: 53 followers (+0 since last check)
2026-05-03 03:34:42 +00:00: 2026-05-03 03:34:42,022 - __main__ - INFO - 📈 24h Growth: +3 followers (50 → 53)
2026-05-03 03:34:42 +00:00: 2026-05-03 03:34:42,177 - __main__ - INFO - 📈 7d Growth: +6 followers (avg 0.9/day, est 1105 days to 1K)
2026-05-03 04:34:43 +00:00: 2026-05-03 04:34:43,068 - __main__ - INFO - 📊 Snapshot: 53 followers (+0 since last check)
2026-05-03 04:34:43 +00:00: 2026-05-03 04:34:43,223 - __main__ - INFO - 📈 24h Growth: +3 followers (50 → 53)
2026-05-03 04:34:43 +00:00: 2026-05-03 04:34:43,378 - __main__ - INFO - 📈 7d Growth: +6 followers (avg 0.9/day, est 1105 days to 1K)
2026-05-03 05:34:44 +00:00: 2026-05-03 05:34:44,258 - __main__ - INFO - 📊 Snapshot: 53 followers (+0 since last check)
2026-05-03 05:34:44 +00:00: 2026-05-03 05:34:44,413 - __main__ - INFO - 📈 24h Growth: +3 followers (50 → 53)
2026-05-03 05:34:44 +00:00: 2026-05-03 05:34:44,568 - __main__ - INFO - 📈 7d Growth: +6 followers (avg 0.9/day, est 1105 days to 1K)
2026-05-03 06:34:45 +00:00: 2026-05-03 06:34:45,379 - __main__ - INFO - 📊 Snapshot: 53 followers (+0 since last check)
2026-05-03 06:34:45 +00:00: 2026-05-03 06:34:45,534 - __main__ - INFO - 📈 24h Growth: +3 followers (50 → 53)
2026-05-03 06:34:45 +00:00: 2026-05-03 06:34:45,690 - __main__ - INFO - 📈 7d Growth: +6 followers (avg 0.9/day, est 1105 days to 1K)
2026-05-03 07:34:46 +00:00: 2026-05-03 07:34:46,553 - __main__ - INFO - 📊 Snapshot: 53 followers (+0 since last check)
2026-05-03 07:34:46 +00:00: 2026-05-03 07:34:46,708 - __main__ - INFO - 📈 24h Growth: +3 followers (50 → 53)
2026-05-03 07:34:46 +00:00: 2026-05-03 07:34:46,863 - __main__ - INFO - 📈 7d Growth: +6 followers (avg 0.9/day, est 1105 days to 1K)
2026-05-03 08:34:47 +00:00: 2026-05-03 08:34:47,693 - __main__ - INFO - 📊 Snapshot: 53 followers (+0 since last check)
2026-05-03 08:34:47 +00:00: 2026-05-03 08:34:47,851 - __main__ - INFO - 📈 24h Growth: +3 followers (50 → 53)
2026-05-03 08:34:48 +00:00: 2026-05-03 08:34:48,007 - __main__ - INFO - 📈 7d Growth: +6 followers (avg 0.9/day, est 1105 days to 1K)
2026-05-03 09:34:48 +00:00: 2026-05-03 09:34:48,927 - __main__ - INFO - 📊 Snapshot: 53 followers (+0 since last check)
2026-05-03 09:34:49 +00:00: 2026-05-03 09:34:49,082 - __main__ - INFO - 📈 24h Growth: +3 followers (50 → 53)
2026-05-03 09:34:49 +00:00: 2026-05-03 09:34:49,237 - __main__ - INFO - 📈 7d Growth: +6 followers (avg 0.9/day, est 1105 days to 1K)
2026-05-03 10:34:50 +00:00: 2026-05-03 10:34:50,146 - __main__ - INFO - 📊 Snapshot: 53 followers (+0 since last check)
2026-05-03 10:34:50 +00:00: 2026-05-03 10:34:50,301 - __main__ - INFO - 📈 24h Growth: +3 followers (50 → 53)
2026-05-03 10:34:50 +00:00: 2026-05-03 10:34:50,455 - __main__ - INFO - 📈 7d Growth: +6 followers (avg 0.9/day, est 1105 days to 1K)
2026-05-03 11:34:51 +00:00: 2026-05-03 11:34:51,288 - __main__ - INFO - 📊 Snapshot: 53 followers (+0 since last check)
2026-05-03 11:34:51 +00:00: 2026-05-03 11:34:51,443 - __main__ - INFO - 📈 24h Growth: +3 followers (50 → 53)
2026-05-03 11:34:51 +00:00: 2026-05-03 11:34:51,598 - __main__ - INFO - 📈 7d Growth: +6 followers (avg 0.9/day, est 1105 days to 1K)
2026-05-03 12:34:52 +00:00: 2026-05-03 12:34:52,513 - __main__ - INFO - 📊 Snapshot: 53 followers (+0 since last check)
2026-05-03 12:34:52 +00:00: 2026-05-03 12:34:52,668 - __main__ - INFO - 📈 24h Growth: +3 followers (50 → 53)
2026-05-03 12:34:52 +00:00: 2026-05-03 12:34:52,823 - __main__ - INFO - 📈 7d Growth: +6 followers (avg 0.9/day, est 1105 days to 1K)
2026-05-03 13:34:53 +00:00: 2026-05-03 13:34:53,660 - __main__ - INFO - 📊 Snapshot: 53 followers (+0 since last check)
2026-05-03 13:34:53 +00:00: 2026-05-03 13:34:53,815 - __main__ - INFO - 📈 24h Growth: +3 followers (50 → 53)
2026-05-03 13:34:53 +00:00: 2026-05-03 13:34:53,970 - __main__ - INFO - 📈 7d Growth: +6 followers (avg 0.9/day, est 1105 days to 1K)
2026-05-03 14:34:54 +00:00: 2026-05-03 14:34:54,905 - __main__ - INFO - 📊 Snapshot: 53 followers (+0 since last check)
2026-05-03 14:34:55 +00:00: 2026-05-03 14:34:55,059 - __main__ - INFO - 📈 24h Growth: +3 followers (50 → 53)
2026-05-03 14:34:55 +00:00: 2026-05-03 14:34:55,215 - __main__ - INFO - 📈 7d Growth: +6 followers (avg 0.9/day, est 1105 days to 1K)
2026-05-03 15:34:56 +00:00: 2026-05-03 15:34:56,051 - __main__ - INFO - 📊 Snapshot: 53 followers (+0 since last check)
2026-05-03 15:34:56 +00:00: 2026-05-03 15:34:56,206 - __main__ - INFO - 📈 24h Growth: +3 followers (50 → 53)
2026-05-03 15:34:56 +00:00: 2026-05-03 15:34:56,361 - __main__ - INFO - 📈 7d Growth: +6 followers (avg 0.9/day, est 1105 days to 1K)
2026-05-03 16:34:57 +00:00: 2026-05-03 16:34:57,227 - __main__ - INFO - 📊 Snapshot: 53 followers (+0 since last check)
2026-05-03 16:34:57 +00:00: 2026-05-03 16:34:57,383 - __main__ - INFO - 📈 24h Growth: +3 followers (50 → 53)
2026-05-03 16:34:57 +00:00: 2026-05-03 16:34:57,538 - __main__ - INFO - 📈 7d Growth: +6 followers (avg 0.9/day, est 1105 days to 1K)
2026-05-03 17:34:58 +00:00: 2026-05-03 17:34:58,376 - __main__ - INFO - 📊 Snapshot: 53 followers (+0 since last check)
2026-05-03 17:34:58 +00:00: 2026-05-03 17:34:58,531 - __main__ - INFO - 📈 24h Growth: +3 followers (50 → 53)
2026-05-03 17:34:58 +00:00: 2026-05-03 17:34:58,687 - __main__ - INFO - 📈 7d Growth: +6 followers (avg 0.9/day, est 1105 days to 1K)
2026-05-03 18:34:59 +00:00: 2026-05-03 18:34:59,569 - __main__ - INFO - 📊 Snapshot: 53 followers (+0 since last check)
2026-05-03 18:34:59 +00:00: 2026-05-03 18:34:59,726 - __main__ - INFO - 📈 24h Growth: +3 followers (50 → 53)
2026-05-03 18:34:59 +00:00: 2026-05-03 18:34:59,881 - __main__ - INFO - 📈 7d Growth: +6 followers (avg 0.9/day, est 1105 days to 1K)
2026-05-03 19:35:00 +00:00: 2026-05-03 19:35:00,799 - __main__ - INFO - 📊 Snapshot: 54 followers (+1 since last check)
2026-05-03 19:35:00 +00:00: 2026-05-03 19:35:00,955 - __main__ - INFO - 📈 24h Growth: +3 followers (51 → 54)
2026-05-03 19:35:01 +00:00: 2026-05-03 19:35:01,109 - __main__ - INFO - 📈 7d Growth: +7 followers (avg 1.0/day, est 946 days to 1K)
2026-05-03 20:35:01 +00:00: 2026-05-03 20:35:01,967 - __main__ - INFO - 📊 Snapshot: 54 followers (+0 since last check)
2026-05-03 20:35:02 +00:00: 2026-05-03 20:35:02,124 - __main__ - INFO - 📈 24h Growth: +2 followers (52 → 54)
2026-05-03 20:35:02 +00:00: 2026-05-03 20:35:02,280 - __main__ - INFO - 📈 7d Growth: +7 followers (avg 1.0/day, est 946 days to 1K)
2026-05-03 21:35:03 +00:00: 2026-05-03 21:35:03,126 - __main__ - INFO - 📊 Snapshot: 54 followers (+0 since last check)
2026-05-03 21:35:03 +00:00: 2026-05-03 21:35:03,281 - __main__ - INFO - 📈 24h Growth: +1 followers (53 → 54)
2026-05-03 21:35:03 +00:00: 2026-05-03 21:35:03,436 - __main__ - INFO - 📈 7d Growth: +7 followers (avg 1.0/day, est 946 days to 1K)
2026-05-03 22:35:04 +00:00: 2026-05-03 22:35:04,305 - __main__ - INFO - 📊 Snapshot: 54 followers (+0 since last check)
2026-05-03 22:35:04 +00:00: 2026-05-03 22:35:04,460 - __main__ - INFO - 📈 24h Growth: +1 followers (53 → 54)
2026-05-03 22:35:04 +00:00: 2026-05-03 22:35:04,615 - __main__ - INFO - 📈 7d Growth: +7 followers (avg 1.0/day, est 946 days to 1K)
2026-05-03 23:35:05 +00:00: 2026-05-03 23:35:05,540 - __main__ - INFO - 📊 Snapshot: 54 followers (+0 since last check)
2026-05-03 23:35:05 +00:00: 2026-05-03 23:35:05,696 - __main__ - INFO - 📈 24h Growth: +1 followers (53 → 54)
2026-05-03 23:35:05 +00:00: 2026-05-03 23:35:05,852 - __main__ - INFO - 📈 7d Growth: +7 followers (avg 1.0/day, est 946 days to 1K)
2026-05-04 00:35:06 +00:00: 2026-05-04 00:35:06,689 - __main__ - INFO - 📊 Snapshot: 54 followers (+0 since last check)
2026-05-04 00:35:06 +00:00: 2026-05-04 00:35:06,844 - __main__ - INFO - 📈 24h Growth: +1 followers (53 → 54)
2026-05-04 00:35:06 +00:00: 2026-05-04 00:35:06,999 - __main__ - INFO - 📈 7d Growth: +7 followers (avg 1.0/day, est 946 days to 1K)
2026-05-04 01:35:07 +00:00: 2026-05-04 01:35:07,854 - __main__ - INFO - 📊 Snapshot: 54 followers (+0 since last check)
2026-05-04 01:35:08 +00:00: 2026-05-04 01:35:08,009 - __main__ - INFO - 📈 24h Growth: +1 followers (53 → 54)
2026-05-04 01:35:08 +00:00: 2026-05-04 01:35:08,165 - __main__ - INFO - 📈 7d Growth: +7 followers (avg 1.0/day, est 946 days to 1K)
2026-05-04 02:35:08 +00:00: 2026-05-04 02:35:08,994 - __main__ - INFO - 📊 Snapshot: 54 followers (+0 since last check)
2026-05-04 02:35:09 +00:00: 2026-05-04 02:35:09,149 - __main__ - INFO - 📈 24h Growth: +1 followers (53 → 54)
2026-05-04 02:35:09 +00:00: 2026-05-04 02:35:09,303 - __main__ - INFO - 📈 7d Growth: +7 followers (avg 1.0/day, est 946 days to 1K)
2026-05-04 03:35:10 +00:00: 2026-05-04 03:35:10,173 - __main__ - INFO - 📊 Snapshot: 54 followers (+0 since last check)
2026-05-04 03:35:10 +00:00: 2026-05-04 03:35:10,329 - __main__ - INFO - 📈 24h Growth: +1 followers (53 → 54)
2026-05-04 03:35:10 +00:00: 2026-05-04 03:35:10,484 - __main__ - INFO - 📈 7d Growth: +7 followers (avg 1.0/day, est 946 days to 1K)
2026-05-04 04:35:11 +00:00: 2026-05-04 04:35:11,360 - __main__ - INFO - 📊 Snapshot: 54 followers (+0 since last check)
2026-05-04 04:35:11 +00:00: 2026-05-04 04:35:11,515 - __main__ - INFO - 📈 24h Growth: +1 followers (53 → 54)
2026-05-04 04:35:11 +00:00: 2026-05-04 04:35:11,670 - __main__ - INFO - 📈 7d Growth: +7 followers (avg 1.0/day, est 946 days to 1K)
2026-05-04 05:35:12 +00:00: 2026-05-04 05:35:12,504 - __main__ - INFO - 📊 Snapshot: 54 followers (+0 since last check)
2026-05-04 05:35:12 +00:00: 2026-05-04 05:35:12,660 - __main__ - INFO - 📈 24h Growth: +1 followers (53 → 54)
2026-05-04 05:35:12 +00:00: 2026-05-04 05:35:12,815 - __main__ - INFO - 📈 7d Growth: +7 followers (avg 1.0/day, est 946 days to 1K)
2026-05-04 06:35:13 +00:00: 2026-05-04 06:35:13,577 - __main__ - INFO - 📊 Snapshot: 54 followers (+0 since last check)
2026-05-04 06:35:13 +00:00: 2026-05-04 06:35:13,732 - __main__ - INFO - 📈 24h Growth: +1 followers (53 → 54)
2026-05-04 06:35:13 +00:00: 2026-05-04 06:35:13,894 - __main__ - INFO - 📈 7d Growth: +7 followers (avg 1.0/day, est 946 days to 1K)
2026-05-04 07:35:14 +00:00: 2026-05-04 07:35:14,813 - __main__ - INFO - 📊 Snapshot: 54 followers (+0 since last check)
2026-05-04 07:35:14 +00:00: 2026-05-04 07:35:14,969 - __main__ - INFO - 📈 24h Growth: +1 followers (53 → 54)
2026-05-04 07:35:15 +00:00: 2026-05-04 07:35:15,124 - __main__ - INFO - 📈 7d Growth: +7 followers (avg 1.0/day, est 946 days to 1K)
2026-05-04 08:35:15 +00:00: 2026-05-04 08:35:15,962 - __main__ - INFO - 📊 Snapshot: 54 followers (+0 since last check)
2026-05-04 08:35:16 +00:00: 2026-05-04 08:35:16,118 - __main__ - INFO - 📈 24h Growth: +1 followers (53 → 54)
2026-05-04 08:35:16 +00:00: 2026-05-04 08:35:16,273 - __main__ - INFO - 📈 7d Growth: +7 followers (avg 1.0/day, est 946 days to 1K)
2026-05-04 09:35:17 +00:00: 2026-05-04 09:35:17,021 - __main__ - INFO - 📊 Snapshot: 54 followers (+0 since last check)
2026-05-04 09:35:17 +00:00: 2026-05-04 09:35:17,176 - __main__ - INFO - 📈 24h Growth: +1 followers (53 → 54)
2026-05-04 09:35:17 +00:00: 2026-05-04 09:35:17,332 - __main__ - INFO - 📈 7d Growth: +7 followers (avg 1.0/day, est 946 days to 1K)
2026-05-04 10:35:18 +00:00: 2026-05-04 10:35:18,097 - __main__ - INFO - 📊 Snapshot: 54 followers (+0 since last check)
2026-05-04 10:35:18 +00:00: 2026-05-04 10:35:18,252 - __main__ - INFO - 📈 24h Growth: +1 followers (53 → 54)
2026-05-04 10:35:18 +00:00: 2026-05-04 10:35:18,408 - __main__ - INFO - 📈 7d Growth: +7 followers (avg 1.0/day, est 946 days to 1K)
2026-05-04 11:35:19 +00:00: 2026-05-04 11:35:19,229 - __main__ - INFO - 📊 Snapshot: 54 followers (+0 since last check)
2026-05-04 11:35:19 +00:00: 2026-05-04 11:35:19,385 - __main__ - INFO - 📈 24h Growth: +1 followers (53 → 54)
2026-05-04 11:35:19 +00:00: 2026-05-04 11:35:19,540 - __main__ - INFO - 📈 7d Growth: +7 followers (avg 1.0/day, est 946 days to 1K)
2026-05-04 12:35:20 +00:00: 2026-05-04 12:35:20,358 - __main__ - INFO - 📊 Snapshot: 54 followers (+0 since last check)
2026-05-04 12:35:20 +00:00: 2026-05-04 12:35:20,513 - __main__ - INFO - 📈 24h Growth: +1 followers (53 → 54)
2026-05-04 12:35:20 +00:00: 2026-05-04 12:35:20,668 - __main__ - INFO - 📈 7d Growth: +7 followers (avg 1.0/day, est 946 days to 1K)
2026-05-04 13:35:21 +00:00: 2026-05-04 13:35:21,539 - __main__ - INFO - 📊 Snapshot: 54 followers (+0 since last check)
2026-05-04 13:35:21 +00:00: 2026-05-04 13:35:21,694 - __main__ - INFO - 📈 24h Growth: +1 followers (53 → 54)
2026-05-04 13:35:21 +00:00: 2026-05-04 13:35:21,850 - __main__ - INFO - 📈 7d Growth: +7 followers (avg 1.0/day, est 946 days to 1K)
2026-05-04 14:35:22 +00:00: 2026-05-04 14:35:22,591 - __main__ - INFO - 📊 Snapshot: 54 followers (+0 since last check)
2026-05-04 14:35:22 +00:00: 2026-05-04 14:35:22,746 - __main__ - INFO - 📈 24h Growth: +1 followers (53 → 54)
2026-05-04 14:35:22 +00:00: 2026-05-04 14:35:22,901 - __main__ - INFO - 📈 7d Growth: +7 followers (avg 1.0/day, est 946 days to 1K)
2026-05-04 15:35:23 +00:00: 2026-05-04 15:35:23,742 - __main__ - INFO - 📊 Snapshot: 54 followers (+0 since last check)
2026-05-04 15:35:23 +00:00: 2026-05-04 15:35:23,897 - __main__ - INFO - 📈 24h Growth: +1 followers (53 → 54)
2026-05-04 15:35:24 +00:00: 2026-05-04 15:35:24,052 - __main__ - INFO - 📈 7d Growth: +7 followers (avg 1.0/day, est 946 days to 1K)
2026-05-04 16:35:24 +00:00: 2026-05-04 16:35:24,965 - __main__ - INFO - 📊 Snapshot: 54 followers (+0 since last check)
2026-05-04 16:35:25 +00:00: 2026-05-04 16:35:25,120 - __main__ - INFO - 📈 24h Growth: +1 followers (53 → 54)
2026-05-04 16:35:25 +00:00: 2026-05-04 16:35:25,275 - __main__ - INFO - 📈 7d Growth: +7 followers (avg 1.0/day, est 946 days to 1K)
2026-05-04 17:35:26 +00:00: 2026-05-04 17:35:26,187 - __main__ - INFO - 📊 Snapshot: 54 followers (+0 since last check)
2026-05-04 17:35:26 +00:00: 2026-05-04 17:35:26,342 - __main__ - INFO - 📈 24h Growth: +1 followers (53 → 54)
2026-05-04 17:35:26 +00:00: 2026-05-04 17:35:26,497 - __main__ - INFO - 📈 7d Growth: +7 followers (avg 1.0/day, est 946 days to 1K)
2026-05-04 18:35:27 +00:00: 2026-05-04 18:35:27,369 - __main__ - INFO - 📊 Snapshot: 54 followers (+0 since last check)
2026-05-04 18:35:27 +00:00: 2026-05-04 18:35:27,524 - __main__ - INFO - 📈 24h Growth: +0 followers (54 → 54)
2026-05-04 18:35:27 +00:00: 2026-05-04 18:35:27,680 - __main__ - INFO - 📈 7d Growth: +7 followers (avg 1.0/day, est 946 days to 1K)
2026-05-04 19:35:28 +00:00: 2026-05-04 19:35:28,545 - __main__ - INFO - 📊 Snapshot: 54 followers (+0 since last check)
2026-05-04 19:35:28 +00:00: 2026-05-04 19:35:28,701 - __main__ - INFO - 📈 24h Growth: +0 followers (54 → 54)
2026-05-04 19:35:28 +00:00: 2026-05-04 19:35:28,856 - __main__ - INFO - 📈 7d Growth: +7 followers (avg 1.0/day, est 946 days to 1K)
2026-05-04 20:35:29 +00:00: 2026-05-04 20:35:29,800 - __main__ - INFO - 📊 Snapshot: 54 followers (+0 since last check)
2026-05-04 20:35:29 +00:00: 2026-05-04 20:35:29,955 - __main__ - INFO - 📈 24h Growth: +0 followers (54 → 54)
2026-05-04 20:35:30 +00:00: 2026-05-04 20:35:30,111 - __main__ - INFO - 📈 7d Growth: +6 followers (avg 0.9/day, est 1104 days to 1K)
2026-05-04 21:35:30 +00:00: 2026-05-04 21:35:30,933 - __main__ - INFO - 📊 Snapshot: 54 followers (+0 since last check)
2026-05-04 21:35:31 +00:00: 2026-05-04 21:35:31,088 - __main__ - INFO - 📈 24h Growth: +0 followers (54 → 54)
2026-05-04 21:35:31 +00:00: 2026-05-04 21:35:31,244 - __main__ - INFO - 📈 7d Growth: +6 followers (avg 0.9/day, est 1104 days to 1K)
2026-05-04 22:35:32 +00:00: 2026-05-04 22:35:32,171 - __main__ - INFO - 📊 Snapshot: 54 followers (+0 since last check)
2026-05-04 22:35:32 +00:00: 2026-05-04 22:35:32,326 - __main__ - INFO - 📈 24h Growth: +0 followers (54 → 54)
2026-05-04 22:35:32 +00:00: 2026-05-04 22:35:32,481 - __main__ - INFO - 📈 7d Growth: +5 followers (avg 0.7/day, est 1324 days to 1K)
2026-05-04 23:35:33 +00:00: 2026-05-04 23:35:33,262 - __main__ - INFO - 📊 Snapshot: 54 followers (+0 since last check)
2026-05-04 23:35:33 +00:00: 2026-05-04 23:35:33,417 - __main__ - INFO - 📈 24h Growth: +0 followers (54 → 54)
2026-05-04 23:35:33 +00:00: 2026-05-04 23:35:33,572 - __main__ - INFO - 📈 7d Growth: +5 followers (avg 0.7/day, est 1324 days to 1K)
2026-05-05 00:35:34 +00:00: 2026-05-05 00:35:34,381 - __main__ - INFO - 📊 Snapshot: 54 followers (+0 since last check)
2026-05-05 00:35:34 +00:00: 2026-05-05 00:35:34,538 - __main__ - INFO - 📈 24h Growth: +0 followers (54 → 54)
2026-05-05 00:35:34 +00:00: 2026-05-05 00:35:34,693 - __main__ - INFO - 📈 7d Growth: +5 followers (avg 0.7/day, est 1324 days to 1K)
2026-05-05 01:35:35 +00:00: 2026-05-05 01:35:35,490 - __main__ - INFO - 📊 Snapshot: 54 followers (+0 since last check)
2026-05-05 01:35:35 +00:00: 2026-05-05 01:35:35,645 - __main__ - INFO - 📈 24h Growth: +0 followers (54 → 54)
2026-05-05 01:35:35 +00:00: 2026-05-05 01:35:35,799 - __main__ - INFO - 📈 7d Growth: +5 followers (avg 0.7/day, est 1324 days to 1K)
2026-05-05 02:35:36 +00:00: 2026-05-05 02:35:36,555 - __main__ - INFO - 📊 Snapshot: 54 followers (+0 since last check)
2026-05-05 02:35:36 +00:00: 2026-05-05 02:35:36,710 - __main__ - INFO - 📈 24h Growth: +0 followers (54 → 54)
2026-05-05 02:35:36 +00:00: 2026-05-05 02:35:36,865 - __main__ - INFO - 📈 7d Growth: +5 followers (avg 0.7/day, est 1324 days to 1K)
2026-05-05 03:35:37 +00:00: 2026-05-05 03:35:37,708 - __main__ - INFO - 📊 Snapshot: 54 followers (+0 since last check)
2026-05-05 03:35:37 +00:00: 2026-05-05 03:35:37,863 - __main__ - INFO - 📈 24h Growth: +0 followers (54 → 54)
2026-05-05 03:35:38 +00:00: 2026-05-05 03:35:38,020 - __main__ - INFO - 📈 7d Growth: +5 followers (avg 0.7/day, est 1324 days to 1K)
2026-05-05 04:35:38 +00:00: 2026-05-05 04:35:38,852 - __main__ - INFO - 📊 Snapshot: 54 followers (+0 since last check)
2026-05-05 04:35:39 +00:00: 2026-05-05 04:35:39,008 - __main__ - INFO - 📈 24h Growth: +0 followers (54 → 54)
2026-05-05 04:35:39 +00:00: 2026-05-05 04:35:39,165 - __main__ - INFO - 📈 7d Growth: +5 followers (avg 0.7/day, est 1324 days to 1K)
2026-05-05 05:35:40 +00:00: 2026-05-05 05:35:40,077 - __main__ - INFO - 📊 Snapshot: 54 followers (+0 since last check)
2026-05-05 05:35:40 +00:00: 2026-05-05 05:35:40,232 - __main__ - INFO - 📈 24h Growth: +0 followers (54 → 54)
2026-05-05 05:35:40 +00:00: 2026-05-05 05:35:40,387 - __main__ - INFO - 📈 7d Growth: +5 followers (avg 0.7/day, est 1324 days to 1K)
2026-05-05 06:35:41 +00:00: 2026-05-05 06:35:41,217 - __main__ - INFO - 📊 Snapshot: 54 followers (+0 since last check)
2026-05-05 06:35:41 +00:00: 2026-05-05 06:35:41,372 - __main__ - INFO - 📈 24h Growth: +0 followers (54 → 54)
2026-05-05 06:35:41 +00:00: 2026-05-05 06:35:41,527 - __main__ - INFO - 📈 7d Growth: +5 followers (avg 0.7/day, est 1324 days to 1K)
2026-05-05 07:35:42 +00:00: 2026-05-05 07:35:42,443 - __main__ - INFO - 📊 Snapshot: 54 followers (+0 since last check)
2026-05-05 07:35:42 +00:00: 2026-05-05 07:35:42,599 - __main__ - INFO - 📈 24h Growth: +0 followers (54 → 54)
2026-05-05 07:35:42 +00:00: 2026-05-05 07:35:42,755 - __main__ - INFO - 📈 7d Growth: +5 followers (avg 0.7/day, est 1324 days to 1K)
2026-05-05 08:35:43 +00:00: 2026-05-05 08:35:43,610 - __main__ - INFO - 📊 Snapshot: 54 followers (+0 since last check)
2026-05-05 08:35:43 +00:00: 2026-05-05 08:35:43,765 - __main__ - INFO - 📈 24h Growth: +0 followers (54 → 54)
2026-05-05 08:35:43 +00:00: 2026-05-05 08:35:43,920 - __main__ - INFO - 📈 7d Growth: +5 followers (avg 0.7/day, est 1324 days to 1K)
2026-05-05 09:35:44 +00:00: 2026-05-05 09:35:44,946 - __main__ - INFO - 📊 Snapshot: 54 followers (+0 since last check)
2026-05-05 09:35:45 +00:00: 2026-05-05 09:35:45,101 - __main__ - INFO - 📈 24h Growth: +0 followers (54 → 54)
2026-05-05 09:35:45 +00:00: 2026-05-05 09:35:45,256 - __main__ - INFO - 📈 7d Growth: +5 followers (avg 0.7/day, est 1324 days to 1K)
2026-05-05 10:35:46 +00:00: 2026-05-05 10:35:46,043 - __main__ - INFO - 📊 Snapshot: 54 followers (+0 since last check)
2026-05-05 10:35:46 +00:00: 2026-05-05 10:35:46,198 - __main__ - INFO - 📈 24h Growth: +0 followers (54 → 54)
2026-05-05 10:35:46 +00:00: 2026-05-05 10:35:46,353 - __main__ - INFO - 📈 7d Growth: +5 followers (avg 0.7/day, est 1324 days to 1K)
2026-05-05 11:35:47 +00:00: 2026-05-05 11:35:47,200 - __main__ - INFO - 📊 Snapshot: 54 followers (+0 since last check)
2026-05-05 11:35:47 +00:00: 2026-05-05 11:35:47,355 - __main__ - INFO - 📈 24h Growth: +0 followers (54 → 54)
2026-05-05 11:35:47 +00:00: 2026-05-05 11:35:47,510 - __main__ - INFO - 📈 7d Growth: +5 followers (avg 0.7/day, est 1324 days to 1K)
2026-05-05 12:35:48 +00:00: 2026-05-05 12:35:48,407 - __main__ - INFO - 📊 Snapshot: 54 followers (+0 since last check)
2026-05-05 12:35:48 +00:00: 2026-05-05 12:35:48,563 - __main__ - INFO - 📈 24h Growth: +0 followers (54 → 54)
2026-05-05 12:35:48 +00:00: 2026-05-05 12:35:48,718 - __main__ - INFO - 📈 7d Growth: +5 followers (avg 0.7/day, est 1324 days to 1K)
2026-05-05 13:35:49 +00:00: 2026-05-05 13:35:49,499 - __main__ - INFO - 📊 Snapshot: 54 followers (+0 since last check)
2026-05-05 13:35:49 +00:00: 2026-05-05 13:35:49,654 - __main__ - INFO - 📈 24h Growth: +0 followers (54 → 54)
2026-05-05 13:35:49 +00:00: 2026-05-05 13:35:49,809 - __main__ - INFO - 📈 7d Growth: +5 followers (avg 0.7/day, est 1324 days to 1K)
2026-05-05 14:35:50 +00:00: 2026-05-05 14:35:50,685 - __main__ - INFO - 📊 Snapshot: 54 followers (+0 since last check)
2026-05-05 14:35:50 +00:00: 2026-05-05 14:35:50,839 - __main__ - INFO - 📈 24h Growth: +0 followers (54 → 54)
2026-05-05 14:35:50 +00:00: 2026-05-05 14:35:50,995 - __main__ - INFO - 📈 7d Growth: +5 followers (avg 0.7/day, est 1324 days to 1K)
2026-05-05 15:35:51 +00:00: 2026-05-05 15:35:51,861 - __main__ - INFO - 📊 Snapshot: 54 followers (+0 since last check)
2026-05-05 15:35:52 +00:00: 2026-05-05 15:35:52,016 - __main__ - INFO - 📈 24h Growth: +0 followers (54 → 54)
2026-05-05 15:35:52 +00:00: 2026-05-05 15:35:52,170 - __main__ - INFO - 📈 7d Growth: +5 followers (avg 0.7/day, est 1324 days to 1K)
2026-05-05 16:35:53 +00:00: 2026-05-05 16:35:53,197 - __main__ - INFO - 📊 Snapshot: 54 followers (+0 since last check)
2026-05-05 16:35:53 +00:00: 2026-05-05 16:35:53,352 - __main__ - INFO - 📈 24h Growth: +0 followers (54 → 54)
2026-05-05 16:35:53 +00:00: 2026-05-05 16:35:53,507 - __main__ - INFO - 📈 7d Growth: +5 followers (avg 0.7/day, est 1324 days to 1K)
2026-05-05 17:35:54 +00:00: 2026-05-05 17:35:54,360 - __main__ - INFO - 📊 Snapshot: 54 followers (+0 since last check)
2026-05-05 17:35:54 +00:00: 2026-05-05 17:35:54,519 - __main__ - INFO - 📈 24h Growth: +0 followers (54 → 54)
2026-05-05 17:35:54 +00:00: 2026-05-05 17:35:54,674 - __main__ - INFO - 📈 7d Growth: +5 followers (avg 0.7/day, est 1324 days to 1K)
2026-05-05 18:35:55 +00:00: 2026-05-05 18:35:55,587 - __main__ - INFO - 📊 Snapshot: 54 followers (+0 since last check)
2026-05-05 18:35:55 +00:00: 2026-05-05 18:35:55,742 - __main__ - INFO - 📈 24h Growth: +0 followers (54 → 54)
2026-05-05 18:35:55 +00:00: 2026-05-05 18:35:55,897 - __main__ - INFO - 📈 7d Growth: +5 followers (avg 0.7/day, est 1324 days to 1K)
2026-05-05 19:35:56 +00:00: 2026-05-05 19:35:56,931 - __main__ - INFO - 📊 Snapshot: 54 followers (+0 since last check)
2026-05-05 19:35:57 +00:00: 2026-05-05 19:35:57,086 - __main__ - INFO - 📈 24h Growth: +0 followers (54 → 54)
2026-05-05 19:35:57 +00:00: 2026-05-05 19:35:57,241 - __main__ - INFO - 📈 7d Growth: +5 followers (avg 0.7/day, est 1324 days to 1K)
2026-05-05 20:35:58 +00:00: 2026-05-05 20:35:58,058 - __main__ - INFO - 📊 Snapshot: 54 followers (+0 since last check)
2026-05-05 20:35:58 +00:00: 2026-05-05 20:35:58,218 - __main__ - INFO - 📈 24h Growth: +0 followers (54 → 54)
2026-05-05 20:35:58 +00:00: 2026-05-05 20:35:58,373 - __main__ - INFO - 📈 7d Growth: +5 followers (avg 0.7/day, est 1324 days to 1K)
2026-05-05 21:35:59 +00:00: 2026-05-05 21:35:59,247 - __main__ - INFO - 📊 Snapshot: 54 followers (+0 since last check)
2026-05-05 21:35:59 +00:00: 2026-05-05 21:35:59,403 - __main__ - INFO - 📈 24h Growth: +0 followers (54 → 54)
2026-05-05 21:35:59 +00:00: 2026-05-05 21:35:59,558 - __main__ - INFO - 📈 7d Growth: +5 followers (avg 0.7/day, est 1324 days to 1K)
2026-05-05 22:36:00 +00:00: 2026-05-05 22:36:00,343 - __main__ - INFO - 📊 Snapshot: 54 followers (+0 since last check)
2026-05-05 22:36:00 +00:00: 2026-05-05 22:36:00,498 - __main__ - INFO - 📈 24h Growth: +0 followers (54 → 54)
2026-05-05 22:36:00 +00:00: 2026-05-05 22:36:00,653 - __main__ - INFO - 📈 7d Growth: +5 followers (avg 0.7/day, est 1324 days to 1K)
2026-05-05 23:36:01 +00:00: 2026-05-05 23:36:01,488 - __main__ - INFO - 📊 Snapshot: 54 followers (+0 since last check)
2026-05-05 23:36:01 +00:00: 2026-05-05 23:36:01,639 - __main__ - INFO - 📈 24h Growth: +0 followers (54 → 54)
2026-05-05 23:36:01 +00:00: 2026-05-05 23:36:01,790 - __main__ - INFO - 📈 7d Growth: +5 followers (avg 0.7/day, est 1324 days to 1K)
2026-05-06 00:36:02 +00:00: 2026-05-06 00:36:02,636 - __main__ - INFO - 📊 Snapshot: 54 followers (+0 since last check)
2026-05-06 00:36:02 +00:00: 2026-05-06 00:36:02,787 - __main__ - INFO - 📈 24h Growth: +0 followers (54 → 54)
2026-05-06 00:36:02 +00:00: 2026-05-06 00:36:02,937 - __main__ - INFO - 📈 7d Growth: +5 followers (avg 0.7/day, est 1324 days to 1K)
2026-05-06 01:36:03 +00:00: 2026-05-06 01:36:03,723 - __main__ - INFO - 📊 Snapshot: 54 followers (+0 since last check)
2026-05-06 01:36:03 +00:00: 2026-05-06 01:36:03,874 - __main__ - INFO - 📈 24h Growth: +0 followers (54 → 54)
2026-05-06 01:36:04 +00:00: 2026-05-06 01:36:04,025 - __main__ - INFO - 📈 7d Growth: +5 followers (avg 0.7/day, est 1324 days to 1K)
2026-05-06 02:36:04 +00:00: 2026-05-06 02:36:04,797 - __main__ - INFO - 📊 Snapshot: 54 followers (+0 since last check)
2026-05-06 02:36:04 +00:00: 2026-05-06 02:36:04,948 - __main__ - INFO - 📈 24h Growth: +0 followers (54 → 54)
2026-05-06 02:36:05 +00:00: 2026-05-06 02:36:05,098 - __main__ - INFO - 📈 7d Growth: +5 followers (avg 0.7/day, est 1324 days to 1K)
2026-05-06 03:36:05 +00:00: 2026-05-06 03:36:05,995 - __main__ - INFO - 📊 Snapshot: 54 followers (+0 since last check)
2026-05-06 03:36:06 +00:00: 2026-05-06 03:36:06,146 - __main__ - INFO - 📈 24h Growth: +0 followers (54 → 54)
2026-05-06 03:36:06 +00:00: 2026-05-06 03:36:06,296 - __main__ - INFO - 📈 7d Growth: +5 followers (avg 0.7/day, est 1324 days to 1K)
2026-05-06 04:36:07 +00:00: 2026-05-06 04:36:07,126 - __main__ - INFO - 📊 Snapshot: 54 followers (+0 since last check)
2026-05-06 04:36:07 +00:00: 2026-05-06 04:36:07,277 - __main__ - INFO - 📈 24h Growth: +0 followers (54 → 54)
2026-05-06 04:36:07 +00:00: 2026-05-06 04:36:07,429 - __main__ - INFO - 📈 7d Growth: +5 followers (avg 0.7/day, est 1324 days to 1K)
2026-05-06 05:36:08 +00:00: 2026-05-06 05:36:08,204 - __main__ - INFO - 📊 Snapshot: 54 followers (+0 since last check)
2026-05-06 05:36:08 +00:00: 2026-05-06 05:36:08,355 - __main__ - INFO - 📈 24h Growth: +0 followers (54 → 54)
2026-05-06 05:36:08 +00:00: 2026-05-06 05:36:08,506 - __main__ - INFO - 📈 7d Growth: +5 followers (avg 0.7/day, est 1324 days to 1K)
2026-05-06 06:36:09 +00:00: 2026-05-06 06:36:09,357 - __main__ - INFO - 📊 Snapshot: 54 followers (+0 since last check)
2026-05-06 06:36:09 +00:00: 2026-05-06 06:36:09,508 - __main__ - INFO - 📈 24h Growth: +0 followers (54 → 54)
2026-05-06 06:36:09 +00:00: 2026-05-06 06:36:09,658 - __main__ - INFO - 📈 7d Growth: +5 followers (avg 0.7/day, est 1324 days to 1K)
2026-05-06 07:36:10 +00:00: 2026-05-06 07:36:10,357 - __main__ - INFO - 📊 Snapshot: 54 followers (+0 since last check)
2026-05-06 07:36:10 +00:00: 2026-05-06 07:36:10,508 - __main__ - INFO - 📈 24h Growth: +0 followers (54 → 54)
2026-05-06 07:36:10 +00:00: 2026-05-06 07:36:10,658 - __main__ - INFO - 📈 7d Growth: +5 followers (avg 0.7/day, est 1324 days to 1K)
2026-05-06 08:36:11 +00:00: 2026-05-06 08:36:11,419 - __main__ - INFO - 📊 Snapshot: 54 followers (+0 since last check)
2026-05-06 08:36:11 +00:00: 2026-05-06 08:36:11,571 - __main__ - INFO - 📈 24h Growth: +0 followers (54 → 54)
2026-05-06 08:36:11 +00:00: 2026-05-06 08:36:11,721 - __main__ - INFO - 📈 7d Growth: +5 followers (avg 0.7/day, est 1324 days to 1K)
2026-05-06 09:36:11 +00:00: 2026-05-06 09:36:11,809 - utils.db_utils - WARNING - ⚠️  DB connection stale — reconnecting…
2026-05-06 09:36:12 +00:00: 2026-05-06 09:36:12,793 - utils.db_utils - INFO - ✅ Reconnected to PostgreSQL
2026-05-06 09:36:13 +00:00: 2026-05-06 09:36:13,471 - __main__ - INFO - 📊 Snapshot: 54 followers (+0 since last check)
2026-05-06 09:36:13 +00:00: 2026-05-06 09:36:13,623 - __main__ - INFO - 📈 24h Growth: +0 followers (54 → 54)
2026-05-06 09:36:13 +00:00: 2026-05-06 09:36:13,774 - __main__ - INFO - 📈 7d Growth: +5 followers (avg 0.7/day, est 1324 days to 1K)
2026-05-06 10:36:13 +00:00: 2026-05-06 10:36:13,877 - utils.db_utils - WARNING - ⚠️  DB connection stale — reconnecting…
2026-05-06 10:36:14 +00:00: 2026-05-06 10:36:14,870 - utils.db_utils - INFO - ✅ Reconnected to PostgreSQL
2026-05-06 10:36:15 +00:00: 2026-05-06 10:36:15,502 - __main__ - INFO - 📊 Snapshot: 54 followers (+0 since last check)
2026-05-06 10:36:15 +00:00: 2026-05-06 10:36:15,653 - __main__ - INFO - 📈 24h Growth: +0 followers (54 → 54)
2026-05-06 10:36:15 +00:00: 2026-05-06 10:36:15,803 - __main__ - INFO - 📈 7d Growth: +5 followers (avg 0.7/day, est 1324 days to 1K)
2026-05-06 11:36:15 +00:00: 2026-05-06 11:36:15,905 - utils.db_utils - WARNING - ⚠️  DB connection stale — reconnecting…
2026-05-06 11:36:16 +00:00: 2026-05-06 11:36:16,946 - utils.db_utils - INFO - ✅ Reconnected to PostgreSQL
2026-05-06 11:36:17 +00:00: 2026-05-06 11:36:17,721 - __main__ - INFO - 📊 Snapshot: 54 followers (+0 since last check)
2026-05-06 11:36:17 +00:00: 2026-05-06 11:36:17,888 - __main__ - INFO - 📈 24h Growth: +0 followers (54 → 54)
2026-05-06 11:36:18 +00:00: 2026-05-06 11:36:18,058 - __main__ - INFO - 📈 7d Growth: +5 followers (avg 0.7/day, est 1324 days to 1K)
2026-05-06 12:36:18 +00:00: 2026-05-06 12:36:18,967 - __main__ - INFO - 📊 Snapshot: 54 followers (+0 since last check)
2026-05-06 12:36:19 +00:00: 2026-05-06 12:36:19,136 - __main__ - INFO - 📈 24h Growth: +0 followers (54 → 54)
2026-05-06 12:36:19 +00:00: 2026-05-06 12:36:19,304 - __main__ - INFO - 📈 7d Growth: +5 followers (avg 0.7/day, est 1324 days to 1K)
2026-05-06 13:36:20 +00:00: 2026-05-06 13:36:20,173 - __main__ - INFO - 📊 Snapshot: 54 followers (+0 since last check)
2026-05-06 13:36:20 +00:00: 2026-05-06 13:36:20,341 - __main__ - INFO - 📈 24h Growth: +0 followers (54 → 54)
2026-05-06 13:36:20 +00:00: 2026-05-06 13:36:20,508 - __main__ - INFO - 📈 7d Growth: +5 followers (avg 0.7/day, est 1324 days to 1K)
2026-05-06 14:36:20 +00:00: 2026-05-06 14:36:20,553 - utils.db_utils - WARNING - ⚠️  DB connection stale — reconnecting…
2026-05-06 14:36:21 +00:00: 2026-05-06 14:36:21,518 - utils.db_utils - INFO - ✅ Reconnected to PostgreSQL
2026-05-06 14:36:22 +00:00: 2026-05-06 14:36:22,060 - __main__ - INFO - 📊 Snapshot: 54 followers (+0 since last check)
2026-05-06 14:36:22 +00:00: 2026-05-06 14:36:22,213 - __main__ - INFO - 📈 24h Growth: +0 followers (54 → 54)
2026-05-06 14:36:22 +00:00: 2026-05-06 14:36:22,365 - __main__ - INFO - 📈 7d Growth: +5 followers (avg 0.7/day, est 1324 days to 1K)
2026-05-06 15:36:23 +00:00: 2026-05-06 15:36:23,304 - __main__ - INFO - 📊 Snapshot: 54 followers (+0 since last check)
2026-05-06 15:36:23 +00:00: 2026-05-06 15:36:23,457 - __main__ - INFO - 📈 24h Growth: +0 followers (54 → 54)
2026-05-06 15:36:23 +00:00: 2026-05-06 15:36:23,610 - __main__ - INFO - 📈 7d Growth: +5 followers (avg 0.7/day, est 1324 days to 1K)
2026-05-06 16:36:24 +00:00: 2026-05-06 16:36:24,500 - __main__ - INFO - 📊 Snapshot: 54 followers (+0 since last check)
2026-05-06 16:36:24 +00:00: 2026-05-06 16:36:24,653 - __main__ - INFO - 📈 24h Growth: +0 followers (54 → 54)
2026-05-06 16:36:24 +00:00: 2026-05-06 16:36:24,806 - __main__ - INFO - 📈 7d Growth: +5 followers (avg 0.7/day, est 1324 days to 1K)
2026-05-06 17:36:25 +00:00: 2026-05-06 17:36:25,632 - __main__ - INFO - 📊 Snapshot: 54 followers (+0 since last check)
2026-05-06 17:36:25 +00:00: 2026-05-06 17:36:25,784 - __main__ - INFO - 📈 24h Growth: +0 followers (54 → 54)
2026-05-06 17:36:25 +00:00: 2026-05-06 17:36:25,936 - __main__ - INFO - 📈 7d Growth: +5 followers (avg 0.7/day, est 1324 days to 1K)
2026-05-06 18:36:26 +00:00: 2026-05-06 18:36:26,881 - __main__ - INFO - 📊 Snapshot: 54 followers (+0 since last check)
2026-05-06 18:36:27 +00:00: 2026-05-06 18:36:27,034 - __main__ - INFO - 📈 24h Growth: +0 followers (54 → 54)
2026-05-06 18:36:27 +00:00: 2026-05-06 18:36:27,187 - __main__ - INFO - 📈 7d Growth: +5 followers (avg 0.7/day, est 1324 days to 1K)
2026-05-06 19:36:27 +00:00: 2026-05-06 19:36:27,963 - __main__ - INFO - 📊 Snapshot: 54 followers (+0 since last check)
2026-05-06 19:36:28 +00:00: 2026-05-06 19:36:28,116 - __main__ - INFO - 📈 24h Growth: +0 followers (54 → 54)
2026-05-06 19:36:28 +00:00: 2026-05-06 19:36:28,269 - __main__ - INFO - 📈 7d Growth: +5 followers (avg 0.7/day, est 1324 days to 1K)
2026-05-06 20:36:29 +00:00: 2026-05-06 20:36:29,347 - __main__ - INFO - 📊 Snapshot: 54 followers (+0 since last check)
2026-05-06 20:36:29 +00:00: 2026-05-06 20:36:29,501 - __main__ - INFO - 📈 24h Growth: +0 followers (54 → 54)
2026-05-06 20:36:29 +00:00: 2026-05-06 20:36:29,653 - __main__ - INFO - 📈 7d Growth: +5 followers (avg 0.7/day, est 1324 days to 1K)
2026-05-06 21:36:30 +00:00: 2026-05-06 21:36:30,419 - __main__ - INFO - 📊 Snapshot: 54 followers (+0 since last check)
2026-05-06 21:36:30 +00:00: 2026-05-06 21:36:30,571 - __main__ - INFO - 📈 24h Growth: +0 followers (54 → 54)
2026-05-06 21:36:30 +00:00: 2026-05-06 21:36:30,724 - __main__ - INFO - 📈 7d Growth: +5 followers (avg 0.7/day, est 1324 days to 1K)
2026-05-06 22:36:31 +00:00: 2026-05-06 22:36:31,653 - __main__ - INFO - 📊 Snapshot: 54 followers (+0 since last check)
2026-05-06 22:36:31 +00:00: 2026-05-06 22:36:31,806 - __main__ - INFO - 📈 24h Growth: +0 followers (54 → 54)
2026-05-06 22:36:31 +00:00: 2026-05-06 22:36:31,958 - __main__ - INFO - 📈 7d Growth: +5 followers (avg 0.7/day, est 1324 days to 1K)
2026-05-06 23:36:32 +00:00: 2026-05-06 23:36:32,784 - __main__ - INFO - 📊 Snapshot: 54 followers (+0 since last check)
2026-05-06 23:36:32 +00:00: 2026-05-06 23:36:32,937 - __main__ - INFO - 📈 24h Growth: +0 followers (54 → 54)
2026-05-06 23:36:33 +00:00: 2026-05-06 23:36:33,089 - __main__ - INFO - 📈 7d Growth: +5 followers (avg 0.7/day, est 1324 days to 1K)
