2026-03-28 02:11:36 +00:00: 2026-03-28 02:11:36,312 - __main__ - INFO - 🚀 Style Scraper started — learning from the best CS2 accounts
2026-03-28 02:11:37 +00:00: 2026-03-28 02:11:37,259 - utils.db_utils - INFO - ✅ Reconnected to PostgreSQL
2026-03-28 02:11:37 +00:00: 2026-03-28 02:11:37,259 - __main__ - INFO - 📡 Scraping @Ozzny_CS2...
2026-03-28 02:11:37 +00:00: 2026-03-28 02:11:37,445 - __main__ - INFO - 🎟️  Guest token refreshed: 20377141...
2026-03-28 02:11:38 +00:00: 2026-03-28 02:11:38,318 - __main__ - INFO -   → 100 raw tweets fetched
2026-03-28 02:11:38 +00:00: 2026-03-28 02:11:38,319 - __main__ - INFO -   → 47 viral-worthy CS2 tweets
2026-03-28 02:11:41 +00:00: 2026-03-28 02:11:41,320 - __main__ - INFO - 📡 Scraping @ThourCS2...
2026-03-28 02:11:42 +00:00: 2026-03-28 02:11:42,171 - __main__ - INFO -   → 100 raw tweets fetched
2026-03-28 02:11:42 +00:00: 2026-03-28 02:11:42,172 - __main__ - INFO -   → 37 viral-worthy CS2 tweets
2026-03-28 02:11:45 +00:00: 2026-03-28 02:11:45,175 - __main__ - INFO - 📡 Scraping @CS2News_EN...
2026-03-28 02:11:45 +00:00: 2026-03-28 02:11:45,977 - __main__ - INFO -   → 100 raw tweets fetched
2026-03-28 02:11:45 +00:00: 2026-03-28 02:11:45,978 - __main__ - INFO -   → 50 viral-worthy CS2 tweets
2026-03-28 02:11:48 +00:00: 2026-03-28 02:11:48,982 - __main__ - INFO - 📡 Scraping @RazedEsport...
2026-03-28 02:11:49 +00:00: 2026-03-28 02:11:49,856 - __main__ - INFO -   → 99 raw tweets fetched
2026-03-28 02:11:49 +00:00: 2026-03-28 02:11:49,857 - __main__ - INFO -   → 36 viral-worthy CS2 tweets
2026-03-28 02:11:52 +00:00: 2026-03-28 02:11:52,860 - __main__ - INFO - 📡 Scraping @BLASTPremier...
2026-03-28 02:11:53 +00:00: 2026-03-28 02:11:53,533 - __main__ - INFO -   → 18 raw tweets fetched
2026-03-28 02:11:53 +00:00: 2026-03-28 02:11:53,533 - __main__ - INFO -   → 7 viral-worthy CS2 tweets
2026-03-28 02:11:56 +00:00: 2026-03-28 02:11:56,537 - __main__ - INFO - 📡 Scraping @HLTVorg...
2026-03-28 02:11:57 +00:00: 2026-03-28 02:11:57,310 - __main__ - INFO -   → 20 raw tweets fetched
2026-03-28 02:11:57 +00:00: 2026-03-28 02:11:57,310 - __main__ - INFO -   → 7 viral-worthy CS2 tweets
2026-03-28 02:12:00 +00:00: 2026-03-28 02:12:00,313 - __main__ - INFO - 📡 Scraping @ABORCS2...
2026-03-28 02:12:00 +00:00: 2026-03-28 02:12:00,458 - __main__ - WARNING - ⚠️  User lookup ABORCS2: 'user'
2026-03-28 02:12:00 +00:00: 2026-03-28 02:12:00,459 - __main__ - WARNING - ⚠️  Could not resolve @ABORCS2
2026-03-28 02:12:03 +00:00: 2026-03-28 02:12:03,462 - __main__ - INFO - 📡 Scraping @csaborNEWS...
2026-03-28 02:12:03 +00:00: 2026-03-28 02:12:03,614 - __main__ - WARNING - ⚠️  User lookup csaborNEWS: 'user'
2026-03-28 02:12:03 +00:00: 2026-03-28 02:12:03,615 - __main__ - WARNING - ⚠️  Could not resolve @csaborNEWS
2026-03-28 02:12:06 +00:00: 2026-03-28 02:12:06,619 - __main__ - INFO - 📡 Scraping @CScribe...
2026-03-28 02:12:06 +00:00: 2026-03-28 02:12:06,977 - __main__ - INFO -   → 0 raw tweets fetched
2026-03-28 02:12:06 +00:00: 2026-03-28 02:12:06,977 - __main__ - INFO -   → 0 viral-worthy CS2 tweets
2026-03-28 02:12:09 +00:00: 2026-03-28 02:12:09,981 - __main__ - INFO - 📡 Scraping @DonHaci...
2026-03-28 02:12:10 +00:00: 2026-03-28 02:12:10,145 - __main__ - WARNING - ⚠️  User lookup DonHaci: 'rest_id'
2026-03-28 02:12:10 +00:00: 2026-03-28 02:12:10,145 - __main__ - WARNING - ⚠️  Could not resolve @DonHaci
2026-03-28 02:12:13 +00:00: 2026-03-28 02:12:13,148 - __main__ - INFO - 📡 Scraping @dekaborCS...
2026-03-28 02:12:13 +00:00: 2026-03-28 02:12:13,292 - __main__ - WARNING - ⚠️  User lookup dekaborCS: 'user'
2026-03-28 02:12:13 +00:00: 2026-03-28 02:12:13,293 - __main__ - WARNING - ⚠️  Could not resolve @dekaborCS
2026-03-28 02:12:16 +00:00: 2026-03-28 02:12:16,296 - __main__ - INFO - 📡 Scraping @CS2_Esports...
2026-03-28 02:12:16 +00:00: 2026-03-28 02:12:16,444 - __main__ - WARNING - ⚠️  User lookup CS2_Esports: 'user'
2026-03-28 02:12:16 +00:00: 2026-03-28 02:12:16,445 - __main__ - WARNING - ⚠️  Could not resolve @CS2_Esports
2026-03-28 02:12:19 +00:00: 2026-03-28 02:12:19,448 - __main__ - INFO - 📡 Scraping @Slasher...
2026-03-28 02:12:20 +00:00: 2026-03-28 02:12:20,290 - __main__ - INFO -   → 97 raw tweets fetched
2026-03-28 02:12:20 +00:00: 2026-03-28 02:12:20,292 - __main__ - INFO -   → 5 viral-worthy CS2 tweets
2026-03-28 02:12:23 +00:00: 2026-03-28 02:12:23,296 - __main__ - INFO - 📡 Scraping @Dust2us...
2026-03-28 02:12:24 +00:00: 2026-03-28 02:12:24,223 - __main__ - INFO -   → 100 raw tweets fetched
2026-03-28 02:12:24 +00:00: 2026-03-28 02:12:24,224 - __main__ - INFO -   → 63 viral-worthy CS2 tweets
2026-03-28 02:12:27 +00:00: 2026-03-28 02:12:27,227 - __main__ - INFO - 📡 Scraping @s1mpleO...
2026-03-28 02:12:27 +00:00: 2026-03-28 02:12:27,909 - __main__ - INFO -   → 79 raw tweets fetched
2026-03-28 02:12:27 +00:00: 2026-03-28 02:12:27,910 - __main__ - INFO -   → 35 viral-worthy CS2 tweets
2026-03-28 02:14:39 +00:00: 2026-03-28 02:14:39,241 - __main__ - INFO - 💾 Stored 287/287 tweets in style_bank
2026-03-28 02:14:39 +00:00: 2026-03-28 02:14:39,242 - __main__ - INFO - 📊 Style bank update: 287 tweets, avg 8490 likes, 186 with media (65%)
2026-03-28 08:14:39 +00:00: 2026-03-28 08:14:39,573 - __main__ - INFO - 📡 Scraping @Ozzny_CS2...
2026-03-28 08:14:39 +00:00: 2026-03-28 08:14:39,747 - __main__ - INFO - 🎟️  Guest token refreshed: 20378055...
2026-03-28 08:14:40 +00:00: 2026-03-28 08:14:40,375 - __main__ - INFO -   → 100 raw tweets fetched
2026-03-28 08:14:40 +00:00: 2026-03-28 08:14:40,376 - __main__ - INFO -   → 47 viral-worthy CS2 tweets
2026-03-28 08:14:43 +00:00: 2026-03-28 08:14:43,379 - __main__ - INFO - 📡 Scraping @ThourCS2...
2026-03-28 08:14:43 +00:00: 2026-03-28 08:14:43,892 - __main__ - INFO -   → 100 raw tweets fetched
2026-03-28 08:14:43 +00:00: 2026-03-28 08:14:43,893 - __main__ - INFO -   → 37 viral-worthy CS2 tweets
2026-03-28 08:14:46 +00:00: 2026-03-28 08:14:46,897 - __main__ - INFO - 📡 Scraping @CS2News_EN...
2026-03-28 08:14:47 +00:00: 2026-03-28 08:14:47,457 - __main__ - INFO -   → 100 raw tweets fetched
2026-03-28 08:14:47 +00:00: 2026-03-28 08:14:47,458 - __main__ - INFO -   → 50 viral-worthy CS2 tweets
2026-03-28 08:14:50 +00:00: 2026-03-28 08:14:50,461 - __main__ - INFO - 📡 Scraping @RazedEsport...
2026-03-28 08:14:51 +00:00: 2026-03-28 08:14:51,130 - __main__ - INFO -   → 99 raw tweets fetched
2026-03-28 08:14:51 +00:00: 2026-03-28 08:14:51,131 - __main__ - INFO -   → 36 viral-worthy CS2 tweets
2026-03-28 08:14:54 +00:00: 2026-03-28 08:14:54,135 - __main__ - INFO - 📡 Scraping @BLASTPremier...
2026-03-28 08:14:54 +00:00: 2026-03-28 08:14:54,591 - __main__ - INFO -   → 18 raw tweets fetched
2026-03-28 08:14:54 +00:00: 2026-03-28 08:14:54,592 - __main__ - INFO -   → 7 viral-worthy CS2 tweets
2026-03-28 08:14:57 +00:00: 2026-03-28 08:14:57,595 - __main__ - INFO - 📡 Scraping @HLTVorg...
2026-03-28 08:14:58 +00:00: 2026-03-28 08:14:58,062 - __main__ - INFO -   → 20 raw tweets fetched
2026-03-28 08:14:58 +00:00: 2026-03-28 08:14:58,062 - __main__ - INFO -   → 7 viral-worthy CS2 tweets
2026-03-28 08:15:01 +00:00: 2026-03-28 08:15:01,064 - __main__ - INFO - 📡 Scraping @ABORCS2...
2026-03-28 08:15:01 +00:00: 2026-03-28 08:15:01,201 - __main__ - WARNING - ⚠️  User lookup ABORCS2: 'user'
2026-03-28 08:15:01 +00:00: 2026-03-28 08:15:01,201 - __main__ - WARNING - ⚠️  Could not resolve @ABORCS2
2026-03-28 08:15:04 +00:00: 2026-03-28 08:15:04,204 - __main__ - INFO - 📡 Scraping @csaborNEWS...
2026-03-28 08:15:04 +00:00: 2026-03-28 08:15:04,336 - __main__ - WARNING - ⚠️  User lookup csaborNEWS: 'user'
2026-03-28 08:15:04 +00:00: 2026-03-28 08:15:04,337 - __main__ - WARNING - ⚠️  Could not resolve @csaborNEWS
2026-03-28 08:15:07 +00:00: 2026-03-28 08:15:07,340 - __main__ - INFO - 📡 Scraping @CScribe...
2026-03-28 08:15:07 +00:00: 2026-03-28 08:15:07,491 - __main__ - INFO -   → 0 raw tweets fetched
2026-03-28 08:15:07 +00:00: 2026-03-28 08:15:07,491 - __main__ - INFO -   → 0 viral-worthy CS2 tweets
2026-03-28 08:15:10 +00:00: 2026-03-28 08:15:10,492 - __main__ - INFO - 📡 Scraping @DonHaci...
2026-03-28 08:15:10 +00:00: 2026-03-28 08:15:10,644 - __main__ - WARNING - ⚠️  User lookup DonHaci: 'rest_id'
2026-03-28 08:15:10 +00:00: 2026-03-28 08:15:10,644 - __main__ - WARNING - ⚠️  Could not resolve @DonHaci
2026-03-28 08:15:13 +00:00: 2026-03-28 08:15:13,644 - __main__ - INFO - 📡 Scraping @dekaborCS...
2026-03-28 08:15:13 +00:00: 2026-03-28 08:15:13,782 - __main__ - WARNING - ⚠️  User lookup dekaborCS: 'user'
2026-03-28 08:15:13 +00:00: 2026-03-28 08:15:13,782 - __main__ - WARNING - ⚠️  Could not resolve @dekaborCS
2026-03-28 08:15:16 +00:00: 2026-03-28 08:15:16,784 - __main__ - INFO - 📡 Scraping @CS2_Esports...
2026-03-28 08:15:16 +00:00: 2026-03-28 08:15:16,919 - __main__ - WARNING - ⚠️  User lookup CS2_Esports: 'user'
2026-03-28 08:15:16 +00:00: 2026-03-28 08:15:16,919 - __main__ - WARNING - ⚠️  Could not resolve @CS2_Esports
2026-03-28 08:15:19 +00:00: 2026-03-28 08:15:19,922 - __main__ - INFO - 📡 Scraping @Slasher...
2026-03-28 08:15:20 +00:00: 2026-03-28 08:15:20,468 - __main__ - INFO -   → 97 raw tweets fetched
2026-03-28 08:15:20 +00:00: 2026-03-28 08:15:20,469 - __main__ - INFO -   → 5 viral-worthy CS2 tweets
2026-03-28 08:15:23 +00:00: 2026-03-28 08:15:23,478 - __main__ - INFO - 📡 Scraping @Dust2us...
2026-03-28 08:15:24 +00:00: 2026-03-28 08:15:24,092 - __main__ - INFO -   → 100 raw tweets fetched
2026-03-28 08:15:24 +00:00: 2026-03-28 08:15:24,093 - __main__ - INFO -   → 63 viral-worthy CS2 tweets
2026-03-28 08:15:27 +00:00: 2026-03-28 08:15:27,097 - __main__ - INFO - 📡 Scraping @s1mpleO...
2026-03-28 08:15:27 +00:00: 2026-03-28 08:15:27,612 - __main__ - INFO -   → 79 raw tweets fetched
2026-03-28 08:15:27 +00:00: 2026-03-28 08:15:27,613 - __main__ - INFO -   → 35 viral-worthy CS2 tweets
2026-03-28 08:17:38 +00:00: 2026-03-28 08:17:38,939 - __main__ - INFO - 💾 Stored 287/287 tweets in style_bank
2026-03-28 08:17:38 +00:00: 2026-03-28 08:17:38,940 - __main__ - INFO - 📊 Style bank update: 287 tweets, avg 8493 likes, 186 with media (65%)
2026-03-28 14:17:39 +00:00: 2026-03-28 14:17:39,338 - __main__ - INFO - 📡 Scraping @Ozzny_CS2...
2026-03-28 14:17:39 +00:00: 2026-03-28 14:17:39,522 - __main__ - INFO - 🎟️  Guest token refreshed: 20378969...
2026-03-28 14:17:40 +00:00: 2026-03-28 14:17:40,152 - __main__ - INFO -   → 100 raw tweets fetched
2026-03-28 14:17:40 +00:00: 2026-03-28 14:17:40,153 - __main__ - INFO -   → 47 viral-worthy CS2 tweets
2026-03-28 14:17:43 +00:00: 2026-03-28 14:17:43,156 - __main__ - INFO - 📡 Scraping @ThourCS2...
2026-03-28 14:17:43 +00:00: 2026-03-28 14:17:43,938 - __main__ - INFO -   → 100 raw tweets fetched
2026-03-28 14:17:43 +00:00: 2026-03-28 14:17:43,939 - __main__ - INFO -   → 37 viral-worthy CS2 tweets
2026-03-28 14:17:46 +00:00: 2026-03-28 14:17:46,943 - __main__ - INFO - 📡 Scraping @CS2News_EN...
2026-03-28 14:17:47 +00:00: 2026-03-28 14:17:47,553 - __main__ - INFO -   → 100 raw tweets fetched
2026-03-28 14:17:47 +00:00: 2026-03-28 14:17:47,554 - __main__ - INFO -   → 50 viral-worthy CS2 tweets
2026-03-28 14:17:50 +00:00: 2026-03-28 14:17:50,556 - __main__ - INFO - 📡 Scraping @RazedEsport...
2026-03-28 14:17:51 +00:00: 2026-03-28 14:17:51,442 - __main__ - INFO -   → 99 raw tweets fetched
2026-03-28 14:17:51 +00:00: 2026-03-28 14:17:51,443 - __main__ - INFO -   → 36 viral-worthy CS2 tweets
2026-03-28 14:17:54 +00:00: 2026-03-28 14:17:54,444 - __main__ - INFO - 📡 Scraping @BLASTPremier...
2026-03-28 14:17:54 +00:00: 2026-03-28 14:17:54,944 - __main__ - INFO -   → 19 raw tweets fetched
2026-03-28 14:17:54 +00:00: 2026-03-28 14:17:54,944 - __main__ - INFO -   → 3 viral-worthy CS2 tweets
2026-03-28 14:17:57 +00:00: 2026-03-28 14:17:57,944 - __main__ - INFO - 📡 Scraping @HLTVorg...
2026-03-28 14:17:58 +00:00: 2026-03-28 14:17:58,453 - __main__ - INFO -   → 20 raw tweets fetched
2026-03-28 14:17:58 +00:00: 2026-03-28 14:17:58,453 - __main__ - INFO -   → 8 viral-worthy CS2 tweets
2026-03-28 14:18:01 +00:00: 2026-03-28 14:18:01,457 - __main__ - INFO - 📡 Scraping @ABORCS2...
2026-03-28 14:18:01 +00:00: 2026-03-28 14:18:01,594 - __main__ - WARNING - ⚠️  User lookup ABORCS2: 'user'
2026-03-28 14:18:01 +00:00: 2026-03-28 14:18:01,594 - __main__ - WARNING - ⚠️  Could not resolve @ABORCS2
2026-03-28 14:18:04 +00:00: 2026-03-28 14:18:04,596 - __main__ - INFO - 📡 Scraping @csaborNEWS...
2026-03-28 14:18:04 +00:00: 2026-03-28 14:18:04,732 - __main__ - WARNING - ⚠️  User lookup csaborNEWS: 'user'
2026-03-28 14:18:04 +00:00: 2026-03-28 14:18:04,732 - __main__ - WARNING - ⚠️  Could not resolve @csaborNEWS
2026-03-28 14:18:07 +00:00: 2026-03-28 14:18:07,735 - __main__ - INFO - 📡 Scraping @CScribe...
2026-03-28 14:18:07 +00:00: 2026-03-28 14:18:07,936 - __main__ - INFO -   → 0 raw tweets fetched
2026-03-28 14:18:07 +00:00: 2026-03-28 14:18:07,936 - __main__ - INFO -   → 0 viral-worthy CS2 tweets
2026-03-28 14:18:10 +00:00: 2026-03-28 14:18:10,939 - __main__ - INFO - 📡 Scraping @DonHaci...
2026-03-28 14:18:11 +00:00: 2026-03-28 14:18:11,095 - __main__ - WARNING - ⚠️  User lookup DonHaci: 'rest_id'
2026-03-28 14:18:11 +00:00: 2026-03-28 14:18:11,095 - __main__ - WARNING - ⚠️  Could not resolve @DonHaci
2026-03-28 14:18:14 +00:00: 2026-03-28 14:18:14,098 - __main__ - INFO - 📡 Scraping @dekaborCS...
2026-03-28 14:18:14 +00:00: 2026-03-28 14:18:14,232 - __main__ - WARNING - ⚠️  User lookup dekaborCS: 'user'
2026-03-28 14:18:14 +00:00: 2026-03-28 14:18:14,232 - __main__ - WARNING - ⚠️  Could not resolve @dekaborCS
2026-03-28 14:18:17 +00:00: 2026-03-28 14:18:17,232 - __main__ - INFO - 📡 Scraping @CS2_Esports...
2026-03-28 14:18:17 +00:00: 2026-03-28 14:18:17,369 - __main__ - WARNING - ⚠️  User lookup CS2_Esports: 'user'
2026-03-28 14:18:17 +00:00: 2026-03-28 14:18:17,369 - __main__ - WARNING - ⚠️  Could not resolve @CS2_Esports
2026-03-28 14:18:20 +00:00: 2026-03-28 14:18:20,372 - __main__ - INFO - 📡 Scraping @Slasher...
2026-03-28 14:18:21 +00:00: 2026-03-28 14:18:21,047 - __main__ - INFO -   → 97 raw tweets fetched
2026-03-28 14:18:21 +00:00: 2026-03-28 14:18:21,049 - __main__ - INFO -   → 5 viral-worthy CS2 tweets
2026-03-28 14:18:24 +00:00: 2026-03-28 14:18:24,052 - __main__ - INFO - 📡 Scraping @Dust2us...
2026-03-28 14:18:24 +00:00: 2026-03-28 14:18:24,872 - __main__ - INFO -   → 100 raw tweets fetched
2026-03-28 14:18:24 +00:00: 2026-03-28 14:18:24,874 - __main__ - INFO -   → 63 viral-worthy CS2 tweets
2026-03-28 14:18:27 +00:00: 2026-03-28 14:18:27,876 - __main__ - INFO - 📡 Scraping @s1mpleO...
2026-03-28 14:18:28 +00:00: 2026-03-28 14:18:28,476 - __main__ - INFO -   → 79 raw tweets fetched
2026-03-28 14:18:28 +00:00: 2026-03-28 14:18:28,476 - __main__ - INFO -   → 35 viral-worthy CS2 tweets
2026-03-28 14:20:38 +00:00: 2026-03-28 14:20:38,853 - __main__ - INFO - 💾 Stored 284/284 tweets in style_bank
2026-03-28 14:20:38 +00:00: 2026-03-28 14:20:38,854 - __main__ - INFO - 📊 Style bank update: 284 tweets, avg 8574 likes, 184 with media (65%)
2026-03-28 20:20:39 +00:00: 2026-03-28 20:20:39,192 - __main__ - INFO - 📡 Scraping @Ozzny_CS2...
2026-03-28 20:20:39 +00:00: 2026-03-28 20:20:39,395 - __main__ - INFO - 🎟️  Guest token refreshed: 20379882...
2026-03-28 20:20:40 +00:00: 2026-03-28 20:20:40,043 - __main__ - INFO -   → 100 raw tweets fetched
2026-03-28 20:20:40 +00:00: 2026-03-28 20:20:40,044 - __main__ - INFO -   → 47 viral-worthy CS2 tweets
2026-03-28 20:20:43 +00:00: 2026-03-28 20:20:43,048 - __main__ - INFO - 📡 Scraping @ThourCS2...
2026-03-28 20:20:43 +00:00: 2026-03-28 20:20:43,652 - __main__ - INFO -   → 100 raw tweets fetched
2026-03-28 20:20:43 +00:00: 2026-03-28 20:20:43,654 - __main__ - INFO -   → 37 viral-worthy CS2 tweets
2026-03-28 20:20:46 +00:00: 2026-03-28 20:20:46,657 - __main__ - INFO - 📡 Scraping @CS2News_EN...
2026-03-28 20:20:47 +00:00: 2026-03-28 20:20:47,186 - __main__ - INFO -   → 100 raw tweets fetched
2026-03-28 20:20:47 +00:00: 2026-03-28 20:20:47,187 - __main__ - INFO -   → 50 viral-worthy CS2 tweets
2026-03-28 20:20:50 +00:00: 2026-03-28 20:20:50,188 - __main__ - INFO - 📡 Scraping @RazedEsport...
2026-03-28 20:20:50 +00:00: 2026-03-28 20:20:50,873 - __main__ - INFO -   → 99 raw tweets fetched
2026-03-28 20:20:50 +00:00: 2026-03-28 20:20:50,874 - __main__ - INFO -   → 36 viral-worthy CS2 tweets
2026-03-28 20:20:53 +00:00: 2026-03-28 20:20:53,877 - __main__ - INFO - 📡 Scraping @BLASTPremier...
2026-03-28 20:20:54 +00:00: 2026-03-28 20:20:54,322 - __main__ - INFO -   → 18 raw tweets fetched
2026-03-28 20:20:54 +00:00: 2026-03-28 20:20:54,322 - __main__ - INFO -   → 4 viral-worthy CS2 tweets
2026-03-28 20:20:57 +00:00: 2026-03-28 20:20:57,324 - __main__ - INFO - 📡 Scraping @HLTVorg...
2026-03-28 20:20:57 +00:00: 2026-03-28 20:20:57,837 - __main__ - INFO -   → 20 raw tweets fetched
2026-03-28 20:20:57 +00:00: 2026-03-28 20:20:57,838 - __main__ - INFO -   → 13 viral-worthy CS2 tweets
2026-03-28 20:21:00 +00:00: 2026-03-28 20:21:00,841 - __main__ - INFO - 📡 Scraping @ABORCS2...
2026-03-28 20:21:00 +00:00: 2026-03-28 20:21:00,985 - __main__ - WARNING - ⚠️  User lookup ABORCS2: 'user'
2026-03-28 20:21:00 +00:00: 2026-03-28 20:21:00,986 - __main__ - WARNING - ⚠️  Could not resolve @ABORCS2
2026-03-28 20:21:03 +00:00: 2026-03-28 20:21:03,988 - __main__ - INFO - 📡 Scraping @csaborNEWS...
2026-03-28 20:21:04 +00:00: 2026-03-28 20:21:04,123 - __main__ - WARNING - ⚠️  User lookup csaborNEWS: 'user'
2026-03-28 20:21:04 +00:00: 2026-03-28 20:21:04,123 - __main__ - WARNING - ⚠️  Could not resolve @csaborNEWS
2026-03-28 20:21:07 +00:00: 2026-03-28 20:21:07,127 - __main__ - INFO - 📡 Scraping @CScribe...
2026-03-28 20:21:07 +00:00: 2026-03-28 20:21:07,282 - __main__ - INFO -   → 0 raw tweets fetched
2026-03-28 20:21:07 +00:00: 2026-03-28 20:21:07,282 - __main__ - INFO -   → 0 viral-worthy CS2 tweets
2026-03-28 20:21:10 +00:00: 2026-03-28 20:21:10,285 - __main__ - INFO - 📡 Scraping @DonHaci...
2026-03-28 20:21:10 +00:00: 2026-03-28 20:21:10,437 - __main__ - WARNING - ⚠️  User lookup DonHaci: 'rest_id'
2026-03-28 20:21:10 +00:00: 2026-03-28 20:21:10,437 - __main__ - WARNING - ⚠️  Could not resolve @DonHaci
2026-03-28 20:21:13 +00:00: 2026-03-28 20:21:13,440 - __main__ - INFO - 📡 Scraping @dekaborCS...
2026-03-28 20:21:13 +00:00: 2026-03-28 20:21:13,580 - __main__ - WARNING - ⚠️  User lookup dekaborCS: 'user'
2026-03-28 20:21:13 +00:00: 2026-03-28 20:21:13,580 - __main__ - WARNING - ⚠️  Could not resolve @dekaborCS
2026-03-28 20:21:16 +00:00: 2026-03-28 20:21:16,583 - __main__ - INFO - 📡 Scraping @CS2_Esports...
2026-03-28 20:21:16 +00:00: 2026-03-28 20:21:16,718 - __main__ - WARNING - ⚠️  User lookup CS2_Esports: 'user'
2026-03-28 20:21:16 +00:00: 2026-03-28 20:21:16,718 - __main__ - WARNING - ⚠️  Could not resolve @CS2_Esports
2026-03-28 20:21:19 +00:00: 2026-03-28 20:21:19,722 - __main__ - INFO - 📡 Scraping @Slasher...
2026-03-28 20:21:20 +00:00: 2026-03-28 20:21:20,295 - __main__ - INFO -   → 97 raw tweets fetched
2026-03-28 20:21:20 +00:00: 2026-03-28 20:21:20,297 - __main__ - INFO -   → 5 viral-worthy CS2 tweets
2026-03-28 20:21:23 +00:00: 2026-03-28 20:21:23,300 - __main__ - INFO - 📡 Scraping @Dust2us...
2026-03-28 20:21:23 +00:00: 2026-03-28 20:21:23,929 - __main__ - INFO -   → 100 raw tweets fetched
2026-03-28 20:21:23 +00:00: 2026-03-28 20:21:23,930 - __main__ - INFO -   → 63 viral-worthy CS2 tweets
2026-03-28 20:21:26 +00:00: 2026-03-28 20:21:26,934 - __main__ - INFO - 📡 Scraping @s1mpleO...
2026-03-28 20:21:27 +00:00: 2026-03-28 20:21:27,546 - __main__ - INFO -   → 79 raw tweets fetched
2026-03-28 20:21:27 +00:00: 2026-03-28 20:21:27,548 - __main__ - INFO -   → 35 viral-worthy CS2 tweets
2026-03-28 20:23:40 +00:00: 2026-03-28 20:23:40,080 - __main__ - INFO - 💾 Stored 290/290 tweets in style_bank
2026-03-28 20:23:40 +00:00: 2026-03-28 20:23:40,082 - __main__ - INFO - 📊 Style bank update: 290 tweets, avg 8401 likes, 189 with media (65%)
2026-03-29 02:23:40 +00:00: 2026-03-29 02:23:40,438 - __main__ - INFO - 📡 Scraping @Ozzny_CS2...
2026-03-29 02:23:40 +00:00: 2026-03-29 02:23:40,600 - __main__ - INFO - 🎟️  Guest token refreshed: 20380796...
2026-03-29 02:23:41 +00:00: 2026-03-29 02:23:41,258 - __main__ - INFO -   → 100 raw tweets fetched
2026-03-29 02:23:41 +00:00: 2026-03-29 02:23:41,259 - __main__ - INFO -   → 47 viral-worthy CS2 tweets
2026-03-29 02:23:44 +00:00: 2026-03-29 02:23:44,262 - __main__ - INFO - 📡 Scraping @ThourCS2...
2026-03-29 02:23:44 +00:00: 2026-03-29 02:23:44,780 - __main__ - INFO -   → 100 raw tweets fetched
2026-03-29 02:23:44 +00:00: 2026-03-29 02:23:44,781 - __main__ - INFO -   → 37 viral-worthy CS2 tweets
2026-03-29 02:23:47 +00:00: 2026-03-29 02:23:47,782 - __main__ - INFO - 📡 Scraping @CS2News_EN...
2026-03-29 02:23:48 +00:00: 2026-03-29 02:23:48,325 - __main__ - INFO -   → 100 raw tweets fetched
2026-03-29 02:23:48 +00:00: 2026-03-29 02:23:48,326 - __main__ - INFO -   → 50 viral-worthy CS2 tweets
2026-03-29 02:23:51 +00:00: 2026-03-29 02:23:51,328 - __main__ - INFO - 📡 Scraping @RazedEsport...
2026-03-29 02:23:52 +00:00: 2026-03-29 02:23:52,183 - __main__ - INFO -   → 99 raw tweets fetched
2026-03-29 02:23:52 +00:00: 2026-03-29 02:23:52,184 - __main__ - INFO -   → 36 viral-worthy CS2 tweets
2026-03-29 02:23:55 +00:00: 2026-03-29 02:23:55,188 - __main__ - INFO - 📡 Scraping @BLASTPremier...
2026-03-29 02:23:55 +00:00: 2026-03-29 02:23:55,703 - __main__ - INFO -   → 17 raw tweets fetched
2026-03-29 02:23:55 +00:00: 2026-03-29 02:23:55,703 - __main__ - INFO -   → 10 viral-worthy CS2 tweets
2026-03-29 02:23:58 +00:00: 2026-03-29 02:23:58,707 - __main__ - INFO - 📡 Scraping @HLTVorg...
2026-03-29 02:23:59 +00:00: 2026-03-29 02:23:59,177 - __main__ - INFO -   → 20 raw tweets fetched
2026-03-29 02:23:59 +00:00: 2026-03-29 02:23:59,177 - __main__ - INFO -   → 12 viral-worthy CS2 tweets
2026-03-29 02:24:02 +00:00: 2026-03-29 02:24:02,180 - __main__ - INFO - 📡 Scraping @ABORCS2...
2026-03-29 02:24:02 +00:00: 2026-03-29 02:24:02,325 - __main__ - WARNING - ⚠️  User lookup ABORCS2: 'user'
2026-03-29 02:24:02 +00:00: 2026-03-29 02:24:02,325 - __main__ - WARNING - ⚠️  Could not resolve @ABORCS2
2026-03-29 02:24:05 +00:00: 2026-03-29 02:24:05,328 - __main__ - INFO - 📡 Scraping @csaborNEWS...
2026-03-29 02:24:05 +00:00: 2026-03-29 02:24:05,470 - __main__ - WARNING - ⚠️  User lookup csaborNEWS: 'user'
2026-03-29 02:24:05 +00:00: 2026-03-29 02:24:05,470 - __main__ - WARNING - ⚠️  Could not resolve @csaborNEWS
2026-03-29 02:24:08 +00:00: 2026-03-29 02:24:08,472 - __main__ - INFO - 📡 Scraping @CScribe...
2026-03-29 02:24:08 +00:00: 2026-03-29 02:24:08,631 - __main__ - INFO -   → 0 raw tweets fetched
2026-03-29 02:24:08 +00:00: 2026-03-29 02:24:08,632 - __main__ - INFO -   → 0 viral-worthy CS2 tweets
2026-03-29 02:24:11 +00:00: 2026-03-29 02:24:11,635 - __main__ - INFO - 📡 Scraping @DonHaci...
2026-03-29 02:24:11 +00:00: 2026-03-29 02:24:11,801 - __main__ - WARNING - ⚠️  User lookup DonHaci: 'rest_id'
2026-03-29 02:24:11 +00:00: 2026-03-29 02:24:11,801 - __main__ - WARNING - ⚠️  Could not resolve @DonHaci
2026-03-29 02:24:14 +00:00: 2026-03-29 02:24:14,805 - __main__ - INFO - 📡 Scraping @dekaborCS...
2026-03-29 02:24:14 +00:00: 2026-03-29 02:24:14,947 - __main__ - WARNING - ⚠️  User lookup dekaborCS: 'user'
2026-03-29 02:24:14 +00:00: 2026-03-29 02:24:14,947 - __main__ - WARNING - ⚠️  Could not resolve @dekaborCS
2026-03-29 02:24:17 +00:00: 2026-03-29 02:24:17,948 - __main__ - INFO - 📡 Scraping @CS2_Esports...
2026-03-29 02:24:18 +00:00: 2026-03-29 02:24:18,094 - __main__ - WARNING - ⚠️  User lookup CS2_Esports: 'user'
2026-03-29 02:24:18 +00:00: 2026-03-29 02:24:18,094 - __main__ - WARNING - ⚠️  Could not resolve @CS2_Esports
2026-03-29 02:24:21 +00:00: 2026-03-29 02:24:21,097 - __main__ - INFO - 📡 Scraping @Slasher...
2026-03-29 02:24:21 +00:00: 2026-03-29 02:24:21,682 - __main__ - INFO -   → 97 raw tweets fetched
2026-03-29 02:24:21 +00:00: 2026-03-29 02:24:21,684 - __main__ - INFO -   → 5 viral-worthy CS2 tweets
2026-03-29 02:24:24 +00:00: 2026-03-29 02:24:24,688 - __main__ - INFO - 📡 Scraping @Dust2us...
2026-03-29 02:24:25 +00:00: 2026-03-29 02:24:25,464 - __main__ - INFO -   → 100 raw tweets fetched
2026-03-29 02:24:25 +00:00: 2026-03-29 02:24:25,464 - __main__ - INFO -   → 63 viral-worthy CS2 tweets
2026-03-29 02:24:28 +00:00: 2026-03-29 02:24:28,468 - __main__ - INFO - 📡 Scraping @s1mpleO...
2026-03-29 02:24:29 +00:00: 2026-03-29 02:24:29,008 - __main__ - INFO -   → 79 raw tweets fetched
2026-03-29 02:24:29 +00:00: 2026-03-29 02:24:29,009 - __main__ - INFO -   → 35 viral-worthy CS2 tweets
2026-03-29 02:26:44 +00:00: 2026-03-29 02:26:44,066 - __main__ - INFO - 💾 Stored 295/295 tweets in style_bank
2026-03-29 02:26:44 +00:00: 2026-03-29 02:26:44,067 - __main__ - INFO - 📊 Style bank update: 295 tweets, avg 8275 likes, 193 with media (65%)
2026-03-29 08:26:44 +00:00: 2026-03-29 08:26:44,374 - __main__ - INFO - 📡 Scraping @Ozzny_CS2...
2026-03-29 08:26:44 +00:00: 2026-03-29 08:26:44,652 - __main__ - INFO - 🎟️  Guest token refreshed: 20381709...
2026-03-29 08:26:45 +00:00: 2026-03-29 08:26:45,247 - __main__ - INFO -   → 100 raw tweets fetched
2026-03-29 08:26:45 +00:00: 2026-03-29 08:26:45,248 - __main__ - INFO -   → 47 viral-worthy CS2 tweets
2026-03-29 08:26:48 +00:00: 2026-03-29 08:26:48,251 - __main__ - INFO - 📡 Scraping @ThourCS2...
2026-03-29 08:26:48 +00:00: 2026-03-29 08:26:48,861 - __main__ - INFO -   → 100 raw tweets fetched
2026-03-29 08:26:48 +00:00: 2026-03-29 08:26:48,862 - __main__ - INFO -   → 37 viral-worthy CS2 tweets
2026-03-29 08:26:51 +00:00: 2026-03-29 08:26:51,866 - __main__ - INFO - 📡 Scraping @CS2News_EN...
2026-03-29 08:26:52 +00:00: 2026-03-29 08:26:52,470 - __main__ - INFO -   → 100 raw tweets fetched
2026-03-29 08:26:52 +00:00: 2026-03-29 08:26:52,471 - __main__ - INFO -   → 50 viral-worthy CS2 tweets
2026-03-29 08:26:55 +00:00: 2026-03-29 08:26:55,472 - __main__ - INFO - 📡 Scraping @RazedEsport...
2026-03-29 08:26:56 +00:00: 2026-03-29 08:26:56,119 - __main__ - INFO -   → 99 raw tweets fetched
2026-03-29 08:26:56 +00:00: 2026-03-29 08:26:56,120 - __main__ - INFO -   → 36 viral-worthy CS2 tweets
2026-03-29 08:26:59 +00:00: 2026-03-29 08:26:59,136 - __main__ - INFO - 📡 Scraping @BLASTPremier...
2026-03-29 08:26:59 +00:00: 2026-03-29 08:26:59,601 - __main__ - INFO -   → 17 raw tweets fetched
2026-03-29 08:26:59 +00:00: 2026-03-29 08:26:59,601 - __main__ - INFO -   → 8 viral-worthy CS2 tweets
2026-03-29 08:27:02 +00:00: 2026-03-29 08:27:02,604 - __main__ - INFO - 📡 Scraping @HLTVorg...
2026-03-29 08:27:03 +00:00: 2026-03-29 08:27:03,048 - __main__ - INFO -   → 20 raw tweets fetched
2026-03-29 08:27:03 +00:00: 2026-03-29 08:27:03,048 - __main__ - INFO -   → 12 viral-worthy CS2 tweets
2026-03-29 08:27:06 +00:00: 2026-03-29 08:27:06,052 - __main__ - INFO - 📡 Scraping @ABORCS2...
2026-03-29 08:27:06 +00:00: 2026-03-29 08:27:06,190 - __main__ - WARNING - ⚠️  User lookup ABORCS2: 'user'
2026-03-29 08:27:06 +00:00: 2026-03-29 08:27:06,190 - __main__ - WARNING - ⚠️  Could not resolve @ABORCS2
2026-03-29 08:27:09 +00:00: 2026-03-29 08:27:09,193 - __main__ - INFO - 📡 Scraping @csaborNEWS...
2026-03-29 08:27:09 +00:00: 2026-03-29 08:27:09,327 - __main__ - WARNING - ⚠️  User lookup csaborNEWS: 'user'
2026-03-29 08:27:09 +00:00: 2026-03-29 08:27:09,327 - __main__ - WARNING - ⚠️  Could not resolve @csaborNEWS
2026-03-29 08:27:12 +00:00: 2026-03-29 08:27:12,330 - __main__ - INFO - 📡 Scraping @CScribe...
2026-03-29 08:27:12 +00:00: 2026-03-29 08:27:12,480 - __main__ - INFO -   → 0 raw tweets fetched
2026-03-29 08:27:12 +00:00: 2026-03-29 08:27:12,480 - __main__ - INFO -   → 0 viral-worthy CS2 tweets
2026-03-29 08:27:15 +00:00: 2026-03-29 08:27:15,484 - __main__ - INFO - 📡 Scraping @DonHaci...
2026-03-29 08:27:15 +00:00: 2026-03-29 08:27:15,654 - __main__ - WARNING - ⚠️  User lookup DonHaci: 'rest_id'
2026-03-29 08:27:15 +00:00: 2026-03-29 08:27:15,654 - __main__ - WARNING - ⚠️  Could not resolve @DonHaci
2026-03-29 08:27:18 +00:00: 2026-03-29 08:27:18,657 - __main__ - INFO - 📡 Scraping @dekaborCS...
2026-03-29 08:27:18 +00:00: 2026-03-29 08:27:18,848 - __main__ - WARNING - ⚠️  User lookup dekaborCS: 'user'
2026-03-29 08:27:18 +00:00: 2026-03-29 08:27:18,848 - __main__ - WARNING - ⚠️  Could not resolve @dekaborCS
2026-03-29 08:27:21 +00:00: 2026-03-29 08:27:21,851 - __main__ - INFO - 📡 Scraping @CS2_Esports...
2026-03-29 08:27:22 +00:00: 2026-03-29 08:27:22,034 - __main__ - WARNING - ⚠️  User lookup CS2_Esports: 'user'
2026-03-29 08:27:22 +00:00: 2026-03-29 08:27:22,034 - __main__ - WARNING - ⚠️  Could not resolve @CS2_Esports
2026-03-29 08:27:25 +00:00: 2026-03-29 08:27:25,036 - __main__ - INFO - 📡 Scraping @Slasher...
2026-03-29 08:27:25 +00:00: 2026-03-29 08:27:25,714 - __main__ - INFO -   → 97 raw tweets fetched
2026-03-29 08:27:25 +00:00: 2026-03-29 08:27:25,715 - __main__ - INFO -   → 5 viral-worthy CS2 tweets
2026-03-29 08:27:28 +00:00: 2026-03-29 08:27:28,719 - __main__ - INFO - 📡 Scraping @Dust2us...
2026-03-29 08:27:29 +00:00: 2026-03-29 08:27:29,341 - __main__ - INFO -   → 100 raw tweets fetched
2026-03-29 08:27:29 +00:00: 2026-03-29 08:27:29,343 - __main__ - INFO -   → 63 viral-worthy CS2 tweets
2026-03-29 08:27:32 +00:00: 2026-03-29 08:27:32,346 - __main__ - INFO - 📡 Scraping @s1mpleO...
2026-03-29 08:27:32 +00:00: 2026-03-29 08:27:32,926 - __main__ - INFO -   → 79 raw tweets fetched
2026-03-29 08:27:32 +00:00: 2026-03-29 08:27:32,927 - __main__ - INFO -   → 35 viral-worthy CS2 tweets
2026-03-29 08:29:47 +00:00: 2026-03-29 08:29:47,852 - __main__ - INFO - 💾 Stored 293/293 tweets in style_bank
2026-03-29 08:29:47 +00:00: 2026-03-29 08:29:47,853 - __main__ - INFO - 📊 Style bank update: 293 tweets, avg 8331 likes, 192 with media (66%)
2026-03-29 14:29:48 +00:00: 2026-03-29 14:29:48,252 - __main__ - INFO - 📡 Scraping @Ozzny_CS2...
2026-03-29 14:29:48 +00:00: 2026-03-29 14:29:48,444 - __main__ - INFO - 🎟️  Guest token refreshed: 20382623...
2026-03-29 14:29:49 +00:00: 2026-03-29 14:29:49,257 - __main__ - INFO -   → 100 raw tweets fetched
2026-03-29 14:29:49 +00:00: 2026-03-29 14:29:49,258 - __main__ - INFO -   → 47 viral-worthy CS2 tweets
2026-03-29 14:29:52 +00:00: 2026-03-29 14:29:52,261 - __main__ - INFO - 📡 Scraping @ThourCS2...
2026-03-29 14:29:52 +00:00: 2026-03-29 14:29:52,874 - __main__ - INFO -   → 100 raw tweets fetched
2026-03-29 14:29:52 +00:00: 2026-03-29 14:29:52,875 - __main__ - INFO -   → 37 viral-worthy CS2 tweets
2026-03-29 14:29:55 +00:00: 2026-03-29 14:29:55,879 - __main__ - INFO - 📡 Scraping @CS2News_EN...
2026-03-29 14:29:56 +00:00: 2026-03-29 14:29:56,548 - __main__ - INFO -   → 100 raw tweets fetched
2026-03-29 14:29:56 +00:00: 2026-03-29 14:29:56,549 - __main__ - INFO -   → 50 viral-worthy CS2 tweets
2026-03-29 14:29:59 +00:00: 2026-03-29 14:29:59,552 - __main__ - INFO - 📡 Scraping @RazedEsport...
2026-03-29 14:30:00 +00:00: 2026-03-29 14:30:00,483 - __main__ - INFO -   → 99 raw tweets fetched
2026-03-29 14:30:00 +00:00: 2026-03-29 14:30:00,484 - __main__ - INFO -   → 36 viral-worthy CS2 tweets
2026-03-29 14:30:03 +00:00: 2026-03-29 14:30:03,488 - __main__ - INFO - 📡 Scraping @BLASTPremier...
2026-03-29 14:30:03 +00:00: 2026-03-29 14:30:03,996 - __main__ - INFO -   → 17 raw tweets fetched
2026-03-29 14:30:03 +00:00: 2026-03-29 14:30:03,997 - __main__ - INFO -   → 7 viral-worthy CS2 tweets
2026-03-29 14:30:07 +00:00: 2026-03-29 14:30:07,000 - __main__ - INFO - 📡 Scraping @HLTVorg...
2026-03-29 14:30:07 +00:00: 2026-03-29 14:30:07,675 - __main__ - INFO -   → 18 raw tweets fetched
2026-03-29 14:30:07 +00:00: 2026-03-29 14:30:07,675 - __main__ - INFO -   → 13 viral-worthy CS2 tweets
2026-03-29 14:30:10 +00:00: 2026-03-29 14:30:10,679 - __main__ - INFO - 📡 Scraping @ABORCS2...
2026-03-29 14:30:10 +00:00: 2026-03-29 14:30:10,829 - __main__ - WARNING - ⚠️  User lookup ABORCS2: 'user'
2026-03-29 14:30:10 +00:00: 2026-03-29 14:30:10,829 - __main__ - WARNING - ⚠️  Could not resolve @ABORCS2
2026-03-29 14:30:13 +00:00: 2026-03-29 14:30:13,833 - __main__ - INFO - 📡 Scraping @csaborNEWS...
2026-03-29 14:30:13 +00:00: 2026-03-29 14:30:13,980 - __main__ - WARNING - ⚠️  User lookup csaborNEWS: 'user'
2026-03-29 14:30:13 +00:00: 2026-03-29 14:30:13,981 - __main__ - WARNING - ⚠️  Could not resolve @csaborNEWS
2026-03-29 14:30:16 +00:00: 2026-03-29 14:30:16,984 - __main__ - INFO - 📡 Scraping @CScribe...
2026-03-29 14:30:17 +00:00: 2026-03-29 14:30:17,156 - __main__ - INFO -   → 0 raw tweets fetched
2026-03-29 14:30:17 +00:00: 2026-03-29 14:30:17,156 - __main__ - INFO -   → 0 viral-worthy CS2 tweets
2026-03-29 14:30:20 +00:00: 2026-03-29 14:30:20,160 - __main__ - INFO - 📡 Scraping @DonHaci...
2026-03-29 14:30:20 +00:00: 2026-03-29 14:30:20,325 - __main__ - WARNING - ⚠️  User lookup DonHaci: 'rest_id'
2026-03-29 14:30:20 +00:00: 2026-03-29 14:30:20,326 - __main__ - WARNING - ⚠️  Could not resolve @DonHaci
2026-03-29 14:30:23 +00:00: 2026-03-29 14:30:23,328 - __main__ - INFO - 📡 Scraping @dekaborCS...
2026-03-29 14:30:23 +00:00: 2026-03-29 14:30:23,473 - __main__ - WARNING - ⚠️  User lookup dekaborCS: 'user'
2026-03-29 14:30:23 +00:00: 2026-03-29 14:30:23,474 - __main__ - WARNING - ⚠️  Could not resolve @dekaborCS
2026-03-29 14:30:26 +00:00: 2026-03-29 14:30:26,478 - __main__ - INFO - 📡 Scraping @CS2_Esports...
2026-03-29 14:30:26 +00:00: 2026-03-29 14:30:26,628 - __main__ - WARNING - ⚠️  User lookup CS2_Esports: 'user'
2026-03-29 14:30:26 +00:00: 2026-03-29 14:30:26,629 - __main__ - WARNING - ⚠️  Could not resolve @CS2_Esports
2026-03-29 14:30:29 +00:00: 2026-03-29 14:30:29,632 - __main__ - INFO - 📡 Scraping @Slasher...
2026-03-29 14:30:30 +00:00: 2026-03-29 14:30:30,706 - __main__ - INFO -   → 97 raw tweets fetched
2026-03-29 14:30:30 +00:00: 2026-03-29 14:30:30,708 - __main__ - INFO -   → 5 viral-worthy CS2 tweets
2026-03-29 14:30:33 +00:00: 2026-03-29 14:30:33,712 - __main__ - INFO - 📡 Scraping @Dust2us...
2026-03-29 14:30:34 +00:00: 2026-03-29 14:30:34,641 - __main__ - INFO -   → 100 raw tweets fetched
2026-03-29 14:30:34 +00:00: 2026-03-29 14:30:34,642 - __main__ - INFO -   → 63 viral-worthy CS2 tweets
2026-03-29 14:30:37 +00:00: 2026-03-29 14:30:37,644 - __main__ - INFO - 📡 Scraping @s1mpleO...
2026-03-29 14:30:38 +00:00: 2026-03-29 14:30:38,567 - __main__ - INFO -   → 79 raw tweets fetched
2026-03-29 14:30:38 +00:00: 2026-03-29 14:30:38,568 - __main__ - INFO -   → 35 viral-worthy CS2 tweets
2026-03-29 14:32:53 +00:00: 2026-03-29 14:32:53,954 - __main__ - INFO - 💾 Stored 293/293 tweets in style_bank
2026-03-29 14:32:53 +00:00: 2026-03-29 14:32:53,955 - __main__ - INFO - 📊 Style bank update: 293 tweets, avg 8326 likes, 194 with media (66%)
2026-03-29 20:32:54 +00:00: 2026-03-29 20:32:54,356 - __main__ - INFO - 📡 Scraping @Ozzny_CS2...
2026-03-29 20:32:54 +00:00: 2026-03-29 20:32:54,549 - __main__ - INFO - 🎟️  Guest token refreshed: 20383537...
2026-03-29 20:32:55 +00:00: 2026-03-29 20:32:55,176 - __main__ - INFO -   → 100 raw tweets fetched
2026-03-29 20:32:55 +00:00: 2026-03-29 20:32:55,178 - __main__ - INFO -   → 47 viral-worthy CS2 tweets
2026-03-29 20:32:58 +00:00: 2026-03-29 20:32:58,181 - __main__ - INFO - 📡 Scraping @ThourCS2...
2026-03-29 20:32:58 +00:00: 2026-03-29 20:32:58,810 - __main__ - INFO -   → 100 raw tweets fetched
2026-03-29 20:32:58 +00:00: 2026-03-29 20:32:58,811 - __main__ - INFO -   → 37 viral-worthy CS2 tweets
2026-03-29 20:33:01 +00:00: 2026-03-29 20:33:01,815 - __main__ - INFO - 📡 Scraping @CS2News_EN...
2026-03-29 20:33:02 +00:00: 2026-03-29 20:33:02,393 - __main__ - INFO -   → 100 raw tweets fetched
2026-03-29 20:33:02 +00:00: 2026-03-29 20:33:02,394 - __main__ - INFO -   → 50 viral-worthy CS2 tweets
2026-03-29 20:33:05 +00:00: 2026-03-29 20:33:05,398 - __main__ - INFO - 📡 Scraping @RazedEsport...
2026-03-29 20:33:06 +00:00: 2026-03-29 20:33:06,205 - __main__ - INFO -   → 99 raw tweets fetched
2026-03-29 20:33:06 +00:00: 2026-03-29 20:33:06,206 - __main__ - INFO -   → 36 viral-worthy CS2 tweets
2026-03-29 20:33:09 +00:00: 2026-03-29 20:33:09,210 - __main__ - INFO - 📡 Scraping @BLASTPremier...
2026-03-29 20:33:09 +00:00: 2026-03-29 20:33:09,705 - __main__ - INFO -   → 17 raw tweets fetched
2026-03-29 20:33:09 +00:00: 2026-03-29 20:33:09,706 - __main__ - INFO -   → 9 viral-worthy CS2 tweets
2026-03-29 20:33:12 +00:00: 2026-03-29 20:33:12,708 - __main__ - INFO - 📡 Scraping @HLTVorg...
2026-03-29 20:33:13 +00:00: 2026-03-29 20:33:13,329 - __main__ - INFO -   → 19 raw tweets fetched
2026-03-29 20:33:13 +00:00: 2026-03-29 20:33:13,330 - __main__ - INFO -   → 14 viral-worthy CS2 tweets
2026-03-29 20:33:16 +00:00: 2026-03-29 20:33:16,332 - __main__ - INFO - 📡 Scraping @ABORCS2...
2026-03-29 20:33:16 +00:00: 2026-03-29 20:33:16,470 - __main__ - WARNING - ⚠️  User lookup ABORCS2: 'user'
2026-03-29 20:33:16 +00:00: 2026-03-29 20:33:16,470 - __main__ - WARNING - ⚠️  Could not resolve @ABORCS2
2026-03-29 20:33:19 +00:00: 2026-03-29 20:33:19,473 - __main__ - INFO - 📡 Scraping @csaborNEWS...
2026-03-29 20:33:19 +00:00: 2026-03-29 20:33:19,669 - __main__ - WARNING - ⚠️  User lookup csaborNEWS: 'user'
2026-03-29 20:33:19 +00:00: 2026-03-29 20:33:19,669 - __main__ - WARNING - ⚠️  Could not resolve @csaborNEWS
2026-03-29 20:33:22 +00:00: 2026-03-29 20:33:22,672 - __main__ - INFO - 📡 Scraping @CScribe...
2026-03-29 20:33:22 +00:00: 2026-03-29 20:33:22,824 - __main__ - INFO -   → 0 raw tweets fetched
2026-03-29 20:33:22 +00:00: 2026-03-29 20:33:22,824 - __main__ - INFO -   → 0 viral-worthy CS2 tweets
2026-03-29 20:33:25 +00:00: 2026-03-29 20:33:25,828 - __main__ - INFO - 📡 Scraping @DonHaci...
2026-03-29 20:33:25 +00:00: 2026-03-29 20:33:25,979 - __main__ - WARNING - ⚠️  User lookup DonHaci: 'rest_id'
2026-03-29 20:33:25 +00:00: 2026-03-29 20:33:25,979 - __main__ - WARNING - ⚠️  Could not resolve @DonHaci
2026-03-29 20:33:28 +00:00: 2026-03-29 20:33:28,980 - __main__ - INFO - 📡 Scraping @dekaborCS...
2026-03-29 20:33:29 +00:00: 2026-03-29 20:33:29,114 - __main__ - WARNING - ⚠️  User lookup dekaborCS: 'user'
2026-03-29 20:33:29 +00:00: 2026-03-29 20:33:29,114 - __main__ - WARNING - ⚠️  Could not resolve @dekaborCS
2026-03-29 20:33:32 +00:00: 2026-03-29 20:33:32,117 - __main__ - INFO - 📡 Scraping @CS2_Esports...
2026-03-29 20:33:32 +00:00: 2026-03-29 20:33:32,253 - __main__ - WARNING - ⚠️  User lookup CS2_Esports: 'user'
2026-03-29 20:33:32 +00:00: 2026-03-29 20:33:32,253 - __main__ - WARNING - ⚠️  Could not resolve @CS2_Esports
2026-03-29 20:33:35 +00:00: 2026-03-29 20:33:35,256 - __main__ - INFO - 📡 Scraping @Slasher...
2026-03-29 20:33:36 +00:00: 2026-03-29 20:33:36,081 - __main__ - INFO -   → 97 raw tweets fetched
2026-03-29 20:33:36 +00:00: 2026-03-29 20:33:36,083 - __main__ - INFO -   → 5 viral-worthy CS2 tweets
2026-03-29 20:33:39 +00:00: 2026-03-29 20:33:39,087 - __main__ - INFO - 📡 Scraping @Dust2us...
2026-03-29 20:33:39 +00:00: 2026-03-29 20:33:39,665 - __main__ - INFO -   → 100 raw tweets fetched
2026-03-29 20:33:39 +00:00: 2026-03-29 20:33:39,666 - __main__ - INFO -   → 63 viral-worthy CS2 tweets
2026-03-29 20:33:42 +00:00: 2026-03-29 20:33:42,668 - __main__ - INFO - 📡 Scraping @s1mpleO...
2026-03-29 20:33:43 +00:00: 2026-03-29 20:33:43,199 - __main__ - INFO -   → 79 raw tweets fetched
2026-03-29 20:33:43 +00:00: 2026-03-29 20:33:43,200 - __main__ - INFO -   → 35 viral-worthy CS2 tweets
2026-03-29 20:35:59 +00:00: 2026-03-29 20:35:59,710 - __main__ - INFO - 💾 Stored 296/296 tweets in style_bank
2026-03-29 20:35:59 +00:00: 2026-03-29 20:35:59,711 - __main__ - INFO - 📊 Style bank update: 296 tweets, avg 8284 likes, 195 with media (66%)
2026-03-30 02:36:00 +00:00: 2026-03-30 02:36:00,110 - __main__ - INFO - 📡 Scraping @Ozzny_CS2...
2026-03-30 02:36:00 +00:00: 2026-03-30 02:36:00,291 - __main__ - INFO - 🎟️  Guest token refreshed: 20384451...
2026-03-30 02:36:01 +00:00: 2026-03-30 02:36:01,051 - __main__ - INFO -   → 100 raw tweets fetched
2026-03-30 02:36:01 +00:00: 2026-03-30 02:36:01,053 - __main__ - INFO -   → 47 viral-worthy CS2 tweets
2026-03-30 02:36:04 +00:00: 2026-03-30 02:36:04,056 - __main__ - INFO - 📡 Scraping @ThourCS2...
2026-03-30 02:36:04 +00:00: 2026-03-30 02:36:04,629 - __main__ - INFO -   → 100 raw tweets fetched
2026-03-30 02:36:04 +00:00: 2026-03-30 02:36:04,631 - __main__ - INFO -   → 37 viral-worthy CS2 tweets
2026-03-30 02:36:07 +00:00: 2026-03-30 02:36:07,634 - __main__ - INFO - 📡 Scraping @CS2News_EN...
2026-03-30 02:36:08 +00:00: 2026-03-30 02:36:08,453 - __main__ - INFO -   → 100 raw tweets fetched
2026-03-30 02:36:08 +00:00: 2026-03-30 02:36:08,454 - __main__ - INFO -   → 50 viral-worthy CS2 tweets
2026-03-30 02:36:11 +00:00: 2026-03-30 02:36:11,456 - __main__ - INFO - 📡 Scraping @RazedEsport...
2026-03-30 02:36:12 +00:00: 2026-03-30 02:36:12,204 - __main__ - INFO -   → 99 raw tweets fetched
2026-03-30 02:36:12 +00:00: 2026-03-30 02:36:12,205 - __main__ - INFO -   → 36 viral-worthy CS2 tweets
2026-03-30 02:36:15 +00:00: 2026-03-30 02:36:15,209 - __main__ - INFO - 📡 Scraping @BLASTPremier...
2026-03-30 02:36:15 +00:00: 2026-03-30 02:36:15,815 - __main__ - INFO -   → 17 raw tweets fetched
2026-03-30 02:36:15 +00:00: 2026-03-30 02:36:15,815 - __main__ - INFO -   → 9 viral-worthy CS2 tweets
2026-03-30 02:36:18 +00:00: 2026-03-30 02:36:18,819 - __main__ - INFO - 📡 Scraping @HLTVorg...
2026-03-30 02:36:19 +00:00: 2026-03-30 02:36:19,307 - __main__ - INFO -   → 19 raw tweets fetched
2026-03-30 02:36:19 +00:00: 2026-03-30 02:36:19,307 - __main__ - INFO -   → 13 viral-worthy CS2 tweets
2026-03-30 02:36:22 +00:00: 2026-03-30 02:36:22,308 - __main__ - INFO - 📡 Scraping @ABORCS2...
2026-03-30 02:36:22 +00:00: 2026-03-30 02:36:22,445 - __main__ - WARNING - ⚠️  User lookup ABORCS2: 'user'
2026-03-30 02:36:22 +00:00: 2026-03-30 02:36:22,445 - __main__ - WARNING - ⚠️  Could not resolve @ABORCS2
2026-03-30 02:36:25 +00:00: 2026-03-30 02:36:25,445 - __main__ - INFO - 📡 Scraping @csaborNEWS...
2026-03-30 02:36:25 +00:00: 2026-03-30 02:36:25,581 - __main__ - WARNING - ⚠️  User lookup csaborNEWS: 'user'
2026-03-30 02:36:25 +00:00: 2026-03-30 02:36:25,581 - __main__ - WARNING - ⚠️  Could not resolve @csaborNEWS
2026-03-30 02:36:28 +00:00: 2026-03-30 02:36:28,584 - __main__ - INFO - 📡 Scraping @CScribe...
2026-03-30 02:36:28 +00:00: 2026-03-30 02:36:28,741 - __main__ - INFO -   → 0 raw tweets fetched
2026-03-30 02:36:28 +00:00: 2026-03-30 02:36:28,741 - __main__ - INFO -   → 0 viral-worthy CS2 tweets
2026-03-30 02:36:31 +00:00: 2026-03-30 02:36:31,745 - __main__ - INFO - 📡 Scraping @DonHaci...
2026-03-30 02:36:31 +00:00: 2026-03-30 02:36:31,900 - __main__ - WARNING - ⚠️  User lookup DonHaci: 'rest_id'
2026-03-30 02:36:31 +00:00: 2026-03-30 02:36:31,900 - __main__ - WARNING - ⚠️  Could not resolve @DonHaci
2026-03-30 02:36:34 +00:00: 2026-03-30 02:36:34,904 - __main__ - INFO - 📡 Scraping @dekaborCS...
2026-03-30 02:36:35 +00:00: 2026-03-30 02:36:35,040 - __main__ - WARNING - ⚠️  User lookup dekaborCS: 'user'
2026-03-30 02:36:35 +00:00: 2026-03-30 02:36:35,040 - __main__ - WARNING - ⚠️  Could not resolve @dekaborCS
2026-03-30 02:36:38 +00:00: 2026-03-30 02:36:38,043 - __main__ - INFO - 📡 Scraping @CS2_Esports...
2026-03-30 02:36:38 +00:00: 2026-03-30 02:36:38,179 - __main__ - WARNING - ⚠️  User lookup CS2_Esports: 'user'
2026-03-30 02:36:38 +00:00: 2026-03-30 02:36:38,179 - __main__ - WARNING - ⚠️  Could not resolve @CS2_Esports
2026-03-30 02:36:41 +00:00: 2026-03-30 02:36:41,183 - __main__ - INFO - 📡 Scraping @Slasher...
2026-03-30 02:36:41 +00:00: 2026-03-30 02:36:41,816 - __main__ - INFO -   → 97 raw tweets fetched
2026-03-30 02:36:41 +00:00: 2026-03-30 02:36:41,818 - __main__ - INFO -   → 5 viral-worthy CS2 tweets
2026-03-30 02:36:44 +00:00: 2026-03-30 02:36:44,822 - __main__ - INFO - 📡 Scraping @Dust2us...
2026-03-30 02:36:45 +00:00: 2026-03-30 02:36:45,489 - __main__ - INFO -   → 100 raw tweets fetched
2026-03-30 02:36:45 +00:00: 2026-03-30 02:36:45,490 - __main__ - INFO -   → 63 viral-worthy CS2 tweets
2026-03-30 02:36:48 +00:00: 2026-03-30 02:36:48,492 - __main__ - INFO - 📡 Scraping @s1mpleO...
2026-03-30 02:36:49 +00:00: 2026-03-30 02:36:49,020 - __main__ - INFO -   → 79 raw tweets fetched
2026-03-30 02:36:49 +00:00: 2026-03-30 02:36:49,021 - __main__ - INFO -   → 35 viral-worthy CS2 tweets
2026-03-30 02:39:05 +00:00: 2026-03-30 02:39:05,490 - __main__ - INFO - 💾 Stored 295/295 tweets in style_bank
2026-03-30 02:39:05 +00:00: 2026-03-30 02:39:05,491 - __main__ - INFO - 📊 Style bank update: 295 tweets, avg 8304 likes, 194 with media (66%)
2026-03-30 08:39:05 +00:00: 2026-03-30 08:39:05,850 - __main__ - INFO - 📡 Scraping @Ozzny_CS2...
2026-03-30 08:39:06 +00:00: 2026-03-30 08:39:06,062 - __main__ - INFO - 🎟️  Guest token refreshed: 20385364...
2026-03-30 08:39:06 +00:00: 2026-03-30 08:39:06,864 - __main__ - INFO -   → 100 raw tweets fetched
2026-03-30 08:39:06 +00:00: 2026-03-30 08:39:06,866 - __main__ - INFO -   → 47 viral-worthy CS2 tweets
2026-03-30 08:39:09 +00:00: 2026-03-30 08:39:09,868 - __main__ - INFO - 📡 Scraping @ThourCS2...
2026-03-30 08:39:10 +00:00: 2026-03-30 08:39:10,574 - __main__ - INFO -   → 100 raw tweets fetched
2026-03-30 08:39:10 +00:00: 2026-03-30 08:39:10,576 - __main__ - INFO -   → 37 viral-worthy CS2 tweets
2026-03-30 08:39:13 +00:00: 2026-03-30 08:39:13,580 - __main__ - INFO - 📡 Scraping @CS2News_EN...
2026-03-30 08:39:14 +00:00: 2026-03-30 08:39:14,373 - __main__ - INFO -   → 100 raw tweets fetched
2026-03-30 08:39:14 +00:00: 2026-03-30 08:39:14,374 - __main__ - INFO -   → 50 viral-worthy CS2 tweets
2026-03-30 08:39:17 +00:00: 2026-03-30 08:39:17,377 - __main__ - INFO - 📡 Scraping @RazedEsport...
2026-03-30 08:39:18 +00:00: 2026-03-30 08:39:18,257 - __main__ - INFO -   → 99 raw tweets fetched
2026-03-30 08:39:18 +00:00: 2026-03-30 08:39:18,259 - __main__ - INFO -   → 36 viral-worthy CS2 tweets
2026-03-30 08:39:21 +00:00: 2026-03-30 08:39:21,263 - __main__ - INFO - 📡 Scraping @BLASTPremier...
2026-03-30 08:39:21 +00:00: 2026-03-30 08:39:21,734 - __main__ - INFO -   → 17 raw tweets fetched
2026-03-30 08:39:21 +00:00: 2026-03-30 08:39:21,734 - __main__ - INFO -   → 9 viral-worthy CS2 tweets
2026-03-30 08:39:24 +00:00: 2026-03-30 08:39:24,737 - __main__ - INFO - 📡 Scraping @HLTVorg...
2026-03-30 08:39:25 +00:00: 2026-03-30 08:39:25,319 - __main__ - INFO -   → 19 raw tweets fetched
2026-03-30 08:39:25 +00:00: 2026-03-30 08:39:25,320 - __main__ - INFO -   → 11 viral-worthy CS2 tweets
2026-03-30 08:39:28 +00:00: 2026-03-30 08:39:28,324 - __main__ - INFO - 📡 Scraping @ABORCS2...
2026-03-30 08:39:28 +00:00: 2026-03-30 08:39:28,465 - __main__ - WARNING - ⚠️  User lookup ABORCS2: 'user'
2026-03-30 08:39:28 +00:00: 2026-03-30 08:39:28,465 - __main__ - WARNING - ⚠️  Could not resolve @ABORCS2
2026-03-30 08:39:31 +00:00: 2026-03-30 08:39:31,468 - __main__ - INFO - 📡 Scraping @csaborNEWS...
2026-03-30 08:39:31 +00:00: 2026-03-30 08:39:31,607 - __main__ - WARNING - ⚠️  User lookup csaborNEWS: 'user'
2026-03-30 08:39:31 +00:00: 2026-03-30 08:39:31,608 - __main__ - WARNING - ⚠️  Could not resolve @csaborNEWS
2026-03-30 08:39:34 +00:00: 2026-03-30 08:39:34,609 - __main__ - INFO - 📡 Scraping @CScribe...
2026-03-30 08:39:34 +00:00: 2026-03-30 08:39:34,764 - __main__ - INFO -   → 0 raw tweets fetched
2026-03-30 08:39:34 +00:00: 2026-03-30 08:39:34,764 - __main__ - INFO -   → 0 viral-worthy CS2 tweets
2026-03-30 08:39:37 +00:00: 2026-03-30 08:39:37,768 - __main__ - INFO - 📡 Scraping @DonHaci...
2026-03-30 08:39:37 +00:00: 2026-03-30 08:39:37,920 - __main__ - WARNING - ⚠️  User lookup DonHaci: 'rest_id'
2026-03-30 08:39:37 +00:00: 2026-03-30 08:39:37,920 - __main__ - WARNING - ⚠️  Could not resolve @DonHaci
2026-03-30 08:39:40 +00:00: 2026-03-30 08:39:40,923 - __main__ - INFO - 📡 Scraping @dekaborCS...
2026-03-30 08:39:41 +00:00: 2026-03-30 08:39:41,068 - __main__ - WARNING - ⚠️  User lookup dekaborCS: 'user'
2026-03-30 08:39:41 +00:00: 2026-03-30 08:39:41,068 - __main__ - WARNING - ⚠️  Could not resolve @dekaborCS
2026-03-30 08:39:44 +00:00: 2026-03-30 08:39:44,072 - __main__ - INFO - 📡 Scraping @CS2_Esports...
2026-03-30 08:39:44 +00:00: 2026-03-30 08:39:44,211 - __main__ - WARNING - ⚠️  User lookup CS2_Esports: 'user'
2026-03-30 08:39:44 +00:00: 2026-03-30 08:39:44,212 - __main__ - WARNING - ⚠️  Could not resolve @CS2_Esports
2026-03-30 08:39:47 +00:00: 2026-03-30 08:39:47,212 - __main__ - INFO - 📡 Scraping @Slasher...
2026-03-30 08:39:47 +00:00: 2026-03-30 08:39:47,936 - __main__ - INFO -   → 97 raw tweets fetched
2026-03-30 08:39:47 +00:00: 2026-03-30 08:39:47,938 - __main__ - INFO -   → 5 viral-worthy CS2 tweets
2026-03-30 08:39:50 +00:00: 2026-03-30 08:39:50,941 - __main__ - INFO - 📡 Scraping @Dust2us...
2026-03-30 08:39:51 +00:00: 2026-03-30 08:39:51,725 - __main__ - INFO -   → 100 raw tweets fetched
2026-03-30 08:39:51 +00:00: 2026-03-30 08:39:51,726 - __main__ - INFO -   → 63 viral-worthy CS2 tweets
2026-03-30 08:39:54 +00:00: 2026-03-30 08:39:54,730 - __main__ - INFO - 📡 Scraping @s1mpleO...
2026-03-30 08:39:55 +00:00: 2026-03-30 08:39:55,349 - __main__ - INFO -   → 79 raw tweets fetched
2026-03-30 08:39:55 +00:00: 2026-03-30 08:39:55,351 - __main__ - INFO -   → 35 viral-worthy CS2 tweets
2026-03-30 08:42:11 +00:00: 2026-03-30 08:42:11,009 - __main__ - INFO - 💾 Stored 293/293 tweets in style_bank
2026-03-30 08:42:11 +00:00: 2026-03-30 08:42:11,010 - __main__ - INFO - 📊 Style bank update: 293 tweets, avg 8355 likes, 192 with media (66%)
2026-03-30 14:42:11 +00:00: 2026-03-30 14:42:11,379 - __main__ - INFO - 📡 Scraping @Ozzny_CS2...
2026-03-30 14:42:11 +00:00: 2026-03-30 14:42:11,548 - __main__ - INFO - 🎟️  Guest token refreshed: 20386278...
2026-03-30 14:42:12 +00:00: 2026-03-30 14:42:12,248 - __main__ - INFO -   → 100 raw tweets fetched
2026-03-30 14:42:12 +00:00: 2026-03-30 14:42:12,249 - __main__ - INFO -   → 47 viral-worthy CS2 tweets
2026-03-30 14:42:15 +00:00: 2026-03-30 14:42:15,252 - __main__ - INFO - 📡 Scraping @ThourCS2...
2026-03-30 14:42:16 +00:00: 2026-03-30 14:42:16,453 - __main__ - INFO -   → 100 raw tweets fetched
2026-03-30 14:42:16 +00:00: 2026-03-30 14:42:16,454 - __main__ - INFO -   → 37 viral-worthy CS2 tweets
2026-03-30 14:42:19 +00:00: 2026-03-30 14:42:19,456 - __main__ - INFO - 📡 Scraping @CS2News_EN...
2026-03-30 14:42:20 +00:00: 2026-03-30 14:42:20,049 - __main__ - INFO -   → 100 raw tweets fetched
2026-03-30 14:42:20 +00:00: 2026-03-30 14:42:20,050 - __main__ - INFO -   → 50 viral-worthy CS2 tweets
2026-03-30 14:42:23 +00:00: 2026-03-30 14:42:23,052 - __main__ - INFO - 📡 Scraping @RazedEsport...
2026-03-30 14:42:23 +00:00: 2026-03-30 14:42:23,807 - __main__ - INFO -   → 99 raw tweets fetched
2026-03-30 14:42:23 +00:00: 2026-03-30 14:42:23,808 - __main__ - INFO -   → 36 viral-worthy CS2 tweets
2026-03-30 14:42:26 +00:00: 2026-03-30 14:42:26,808 - __main__ - INFO - 📡 Scraping @BLASTPremier...
2026-03-30 14:42:27 +00:00: 2026-03-30 14:42:27,375 - __main__ - INFO -   → 15 raw tweets fetched
2026-03-30 14:42:27 +00:00: 2026-03-30 14:42:27,376 - __main__ - INFO -   → 9 viral-worthy CS2 tweets
2026-03-30 14:42:30 +00:00: 2026-03-30 14:42:30,379 - __main__ - INFO - 📡 Scraping @HLTVorg...
2026-03-30 14:42:30 +00:00: 2026-03-30 14:42:30,994 - __main__ - INFO -   → 14 raw tweets fetched
2026-03-30 14:42:30 +00:00: 2026-03-30 14:42:30,995 - __main__ - INFO -   → 5 viral-worthy CS2 tweets
2026-03-30 14:42:33 +00:00: 2026-03-30 14:42:33,996 - __main__ - INFO - 📡 Scraping @ABORCS2...
2026-03-30 14:42:34 +00:00: 2026-03-30 14:42:34,134 - __main__ - WARNING - ⚠️  User lookup ABORCS2: 'user'
2026-03-30 14:42:34 +00:00: 2026-03-30 14:42:34,134 - __main__ - WARNING - ⚠️  Could not resolve @ABORCS2
2026-03-30 14:42:37 +00:00: 2026-03-30 14:42:37,137 - __main__ - INFO - 📡 Scraping @csaborNEWS...
2026-03-30 14:42:37 +00:00: 2026-03-30 14:42:37,334 - __main__ - WARNING - ⚠️  User lookup csaborNEWS: 'user'
2026-03-30 14:42:37 +00:00: 2026-03-30 14:42:37,334 - __main__ - WARNING - ⚠️  Could not resolve @csaborNEWS
2026-03-30 14:42:40 +00:00: 2026-03-30 14:42:40,336 - __main__ - INFO - 📡 Scraping @CScribe...
2026-03-30 14:42:40 +00:00: 2026-03-30 14:42:40,502 - __main__ - INFO -   → 0 raw tweets fetched
2026-03-30 14:42:40 +00:00: 2026-03-30 14:42:40,502 - __main__ - INFO -   → 0 viral-worthy CS2 tweets
2026-03-30 14:42:43 +00:00: 2026-03-30 14:42:43,504 - __main__ - INFO - 📡 Scraping @DonHaci...
2026-03-30 14:42:43 +00:00: 2026-03-30 14:42:43,661 - __main__ - WARNING - ⚠️  User lookup DonHaci: 'rest_id'
2026-03-30 14:42:43 +00:00: 2026-03-30 14:42:43,661 - __main__ - WARNING - ⚠️  Could not resolve @DonHaci
2026-03-30 14:42:46 +00:00: 2026-03-30 14:42:46,664 - __main__ - INFO - 📡 Scraping @dekaborCS...
2026-03-30 14:42:46 +00:00: 2026-03-30 14:42:46,819 - __main__ - WARNING - ⚠️  User lookup dekaborCS: 'user'
2026-03-30 14:42:46 +00:00: 2026-03-30 14:42:46,820 - __main__ - WARNING - ⚠️  Could not resolve @dekaborCS
2026-03-30 14:42:49 +00:00: 2026-03-30 14:42:49,820 - __main__ - INFO - 📡 Scraping @CS2_Esports...
2026-03-30 14:42:49 +00:00: 2026-03-30 14:42:49,974 - __main__ - WARNING - ⚠️  User lookup CS2_Esports: 'user'
2026-03-30 14:42:49 +00:00: 2026-03-30 14:42:49,975 - __main__ - WARNING - ⚠️  Could not resolve @CS2_Esports
2026-03-30 14:42:52 +00:00: 2026-03-30 14:42:52,976 - __main__ - INFO - 📡 Scraping @Slasher...
2026-03-30 14:42:53 +00:00: 2026-03-30 14:42:53,694 - __main__ - INFO -   → 97 raw tweets fetched
2026-03-30 14:42:53 +00:00: 2026-03-30 14:42:53,695 - __main__ - INFO -   → 5 viral-worthy CS2 tweets
2026-03-30 14:42:56 +00:00: 2026-03-30 14:42:56,712 - __main__ - INFO - 📡 Scraping @Dust2us...
2026-03-30 14:42:57 +00:00: 2026-03-30 14:42:57,404 - __main__ - INFO -   → 100 raw tweets fetched
2026-03-30 14:42:57 +00:00: 2026-03-30 14:42:57,406 - __main__ - INFO -   → 63 viral-worthy CS2 tweets
2026-03-30 14:43:00 +00:00: 2026-03-30 14:43:00,410 - __main__ - INFO - 📡 Scraping @s1mpleO...
2026-03-30 14:43:01 +00:00: 2026-03-30 14:43:01,071 - __main__ - INFO -   → 79 raw tweets fetched
2026-03-30 14:43:01 +00:00: 2026-03-30 14:43:01,073 - __main__ - INFO -   → 35 viral-worthy CS2 tweets
2026-03-30 14:45:12 +00:00: 2026-03-30 14:45:12,107 - __main__ - INFO - 💾 Stored 287/287 tweets in style_bank
2026-03-30 14:45:12 +00:00: 2026-03-30 14:45:12,109 - __main__ - INFO - 📊 Style bank update: 287 tweets, avg 8481 likes, 188 with media (66%)
2026-03-30 20:45:12 +00:00: 2026-03-30 20:45:12,498 - __main__ - INFO - 📡 Scraping @Ozzny_CS2...
2026-03-30 20:45:12 +00:00: 2026-03-30 20:45:12,695 - __main__ - INFO - 🎟️  Guest token refreshed: 20387192...
2026-03-30 20:45:13 +00:00: 2026-03-30 20:45:13,556 - __main__ - INFO -   → 100 raw tweets fetched
2026-03-30 20:45:13 +00:00: 2026-03-30 20:45:13,557 - __main__ - INFO -   → 47 viral-worthy CS2 tweets
2026-03-30 20:45:16 +00:00: 2026-03-30 20:45:16,560 - __main__ - INFO - 📡 Scraping @ThourCS2...
2026-03-30 20:45:17 +00:00: 2026-03-30 20:45:17,294 - __main__ - INFO -   → 100 raw tweets fetched
2026-03-30 20:45:17 +00:00: 2026-03-30 20:45:17,295 - __main__ - INFO -   → 37 viral-worthy CS2 tweets
2026-03-30 20:45:20 +00:00: 2026-03-30 20:45:20,298 - __main__ - INFO - 📡 Scraping @CS2News_EN...
2026-03-30 20:45:21 +00:00: 2026-03-30 20:45:21,069 - __main__ - INFO -   → 100 raw tweets fetched
2026-03-30 20:45:21 +00:00: 2026-03-30 20:45:21,070 - __main__ - INFO -   → 50 viral-worthy CS2 tweets
2026-03-30 20:45:24 +00:00: 2026-03-30 20:45:24,073 - __main__ - INFO - 📡 Scraping @RazedEsport...
2026-03-30 20:45:25 +00:00: 2026-03-30 20:45:25,019 - __main__ - INFO -   → 99 raw tweets fetched
2026-03-30 20:45:25 +00:00: 2026-03-30 20:45:25,019 - __main__ - INFO -   → 36 viral-worthy CS2 tweets
2026-03-30 20:45:28 +00:00: 2026-03-30 20:45:28,023 - __main__ - INFO - 📡 Scraping @BLASTPremier...
2026-03-30 20:45:28 +00:00: 2026-03-30 20:45:28,637 - __main__ - INFO -   → 16 raw tweets fetched
2026-03-30 20:45:28 +00:00: 2026-03-30 20:45:28,638 - __main__ - INFO -   → 10 viral-worthy CS2 tweets
2026-03-30 20:45:31 +00:00: 2026-03-30 20:45:31,641 - __main__ - INFO - 📡 Scraping @HLTVorg...
2026-03-30 20:45:32 +00:00: 2026-03-30 20:45:32,228 - __main__ - INFO -   → 16 raw tweets fetched
2026-03-30 20:45:32 +00:00: 2026-03-30 20:45:32,229 - __main__ - INFO -   → 8 viral-worthy CS2 tweets
2026-03-30 20:45:35 +00:00: 2026-03-30 20:45:35,240 - __main__ - INFO - 📡 Scraping @ABORCS2...
2026-03-30 20:45:35 +00:00: 2026-03-30 20:45:35,391 - __main__ - WARNING - ⚠️  User lookup ABORCS2: 'user'
2026-03-30 20:45:35 +00:00: 2026-03-30 20:45:35,391 - __main__ - WARNING - ⚠️  Could not resolve @ABORCS2
2026-03-30 20:45:38 +00:00: 2026-03-30 20:45:38,392 - __main__ - INFO - 📡 Scraping @csaborNEWS...
2026-03-30 20:45:38 +00:00: 2026-03-30 20:45:38,535 - __main__ - WARNING - ⚠️  User lookup csaborNEWS: 'user'
2026-03-30 20:45:38 +00:00: 2026-03-30 20:45:38,535 - __main__ - WARNING - ⚠️  Could not resolve @csaborNEWS
2026-03-30 20:45:41 +00:00: 2026-03-30 20:45:41,536 - __main__ - INFO - 📡 Scraping @CScribe...
2026-03-30 20:45:41 +00:00: 2026-03-30 20:45:41,699 - __main__ - INFO -   → 0 raw tweets fetched
2026-03-30 20:45:41 +00:00: 2026-03-30 20:45:41,699 - __main__ - INFO -   → 0 viral-worthy CS2 tweets
2026-03-30 20:45:44 +00:00: 2026-03-30 20:45:44,700 - __main__ - INFO - 📡 Scraping @DonHaci...
2026-03-30 20:45:44 +00:00: 2026-03-30 20:45:44,859 - __main__ - WARNING - ⚠️  User lookup DonHaci: 'rest_id'
2026-03-30 20:45:44 +00:00: 2026-03-30 20:45:44,859 - __main__ - WARNING - ⚠️  Could not resolve @DonHaci
2026-03-30 20:45:47 +00:00: 2026-03-30 20:45:47,860 - __main__ - INFO - 📡 Scraping @dekaborCS...
2026-03-30 20:45:48 +00:00: 2026-03-30 20:45:48,092 - __main__ - WARNING - ⚠️  User lookup dekaborCS: 'user'
2026-03-30 20:45:48 +00:00: 2026-03-30 20:45:48,093 - __main__ - WARNING - ⚠️  Could not resolve @dekaborCS
2026-03-30 20:45:51 +00:00: 2026-03-30 20:45:51,096 - __main__ - INFO - 📡 Scraping @CS2_Esports...
2026-03-30 20:45:51 +00:00: 2026-03-30 20:45:51,236 - __main__ - WARNING - ⚠️  User lookup CS2_Esports: 'user'
2026-03-30 20:45:51 +00:00: 2026-03-30 20:45:51,236 - __main__ - WARNING - ⚠️  Could not resolve @CS2_Esports
2026-03-30 20:45:54 +00:00: 2026-03-30 20:45:54,240 - __main__ - INFO - 📡 Scraping @Slasher...
2026-03-30 20:45:55 +00:00: 2026-03-30 20:45:55,121 - __main__ - INFO -   → 97 raw tweets fetched
2026-03-30 20:45:55 +00:00: 2026-03-30 20:45:55,122 - __main__ - INFO -   → 5 viral-worthy CS2 tweets
2026-03-30 20:45:58 +00:00: 2026-03-30 20:45:58,126 - __main__ - INFO - 📡 Scraping @Dust2us...
2026-03-30 20:45:59 +00:00: 2026-03-30 20:45:59,059 - __main__ - INFO -   → 100 raw tweets fetched
2026-03-30 20:45:59 +00:00: 2026-03-30 20:45:59,062 - __main__ - INFO -   → 63 viral-worthy CS2 tweets
2026-03-30 20:46:02 +00:00: 2026-03-30 20:46:02,064 - __main__ - INFO - 📡 Scraping @s1mpleO...
2026-03-30 20:46:02 +00:00: 2026-03-30 20:46:02,733 - __main__ - INFO -   → 79 raw tweets fetched
2026-03-30 20:46:02 +00:00: 2026-03-30 20:46:02,734 - __main__ - INFO -   → 35 viral-worthy CS2 tweets
2026-03-30 20:48:16 +00:00: 2026-03-30 20:48:16,856 - __main__ - INFO - 💾 Stored 291/291 tweets in style_bank
2026-03-30 20:48:16 +00:00: 2026-03-30 20:48:16,858 - __main__ - INFO - 📊 Style bank update: 291 tweets, avg 8378 likes, 193 with media (66%)
2026-03-30 23:57:44 +00:00: Traceback (most recent call last):
2026-03-30 23:57:44 +00:00:   File "/home/ubuntu/openclaw/scripts/ingestion/style_scraper.py", line 539, in <module>
2026-03-30 23:57:44 +00:00:     asyncio.run(StyleScraper().run_forever())
2026-03-30 23:57:44 +00:00:   File "/usr/lib/python3.10/asyncio/runners.py", line 44, in run
2026-03-30 23:57:44 +00:00:     return loop.run_until_complete(main)
2026-03-30 23:57:44 +00:00:   File "/usr/lib/python3.10/asyncio/base_events.py", line 636, in run_until_complete
2026-03-30 23:57:44 +00:00:     self.run_forever()
2026-03-30 23:57:44 +00:00:   File "/usr/lib/python3.10/asyncio/base_events.py", line 603, in run_forever
2026-03-30 23:57:44 +00:00:     self._run_once()
2026-03-30 23:57:44 +00:00:   File "/usr/lib/python3.10/asyncio/base_events.py", line 1871, in _run_once
2026-03-30 23:57:44 +00:00:     event_list = self._selector.select(timeout)
2026-03-30 23:57:44 +00:00:   File "/usr/lib/python3.10/selectors.py", line 469, in select
2026-03-30 23:57:44 +00:00:     fd_event_list = self._selector.poll(timeout, max_ev)
2026-03-30 23:57:44 +00:00: KeyboardInterrupt
2026-03-30 23:57:44 +00:00: 2026-03-30 23:57:44,828 - __main__ - INFO - 🚀 Style Scraper started — learning from the best CS2 accounts
2026-03-30 23:57:45 +00:00: 2026-03-30 23:57:45,838 - utils.db_utils - INFO - ✅ Reconnected to PostgreSQL
2026-03-30 23:57:45 +00:00: 2026-03-30 23:57:45,838 - __main__ - INFO - 📡 Scraping @Ozzny_CS2...
2026-03-30 23:57:45 +00:00: 2026-03-30 23:57:45,994 - __main__ - INFO - 🎟️  Guest token refreshed: 20387676...
2026-03-30 23:57:46 +00:00: 2026-03-30 23:57:46,986 - __main__ - INFO -   → 100 raw tweets fetched
2026-03-30 23:57:46 +00:00: 2026-03-30 23:57:46,997 - __main__ - INFO -   → 47 viral-worthy CS2 tweets
2026-03-30 23:57:50 +00:00: 2026-03-30 23:57:50,000 - __main__ - INFO - 📡 Scraping @ThourCS2...
2026-03-30 23:57:50 +00:00: 2026-03-30 23:57:50,919 - __main__ - INFO -   → 100 raw tweets fetched
2026-03-30 23:57:50 +00:00: 2026-03-30 23:57:50,920 - __main__ - INFO -   → 37 viral-worthy CS2 tweets
2026-03-30 23:57:53 +00:00: 2026-03-30 23:57:53,920 - __main__ - INFO - 📡 Scraping @CS2News_EN...
2026-03-30 23:57:54 +00:00: 2026-03-30 23:57:54,793 - __main__ - INFO -   → 100 raw tweets fetched
2026-03-30 23:57:54 +00:00: 2026-03-30 23:57:54,796 - __main__ - INFO -   → 50 viral-worthy CS2 tweets
2026-03-30 23:57:57 +00:00: 2026-03-30 23:57:57,800 - __main__ - INFO - 📡 Scraping @RazedEsport...
2026-03-30 23:57:58 +00:00: 2026-03-30 23:57:58,875 - __main__ - INFO -   → 99 raw tweets fetched
2026-03-30 23:57:58 +00:00: 2026-03-30 23:57:58,880 - __main__ - INFO -   → 36 viral-worthy CS2 tweets
2026-03-30 23:58:01 +00:00: 2026-03-30 23:58:01,884 - __main__ - INFO - 📡 Scraping @BLASTPremier...
2026-03-30 23:58:02 +00:00: 2026-03-30 23:58:02,660 - __main__ - INFO -   → 16 raw tweets fetched
2026-03-30 23:58:02 +00:00: 2026-03-30 23:58:02,660 - __main__ - INFO -   → 10 viral-worthy CS2 tweets
2026-03-30 23:58:05 +00:00: 2026-03-30 23:58:05,663 - __main__ - INFO - 📡 Scraping @HLTVorg...
2026-03-30 23:58:06 +00:00: 2026-03-30 23:58:06,513 - __main__ - INFO -   → 17 raw tweets fetched
2026-03-30 23:58:06 +00:00: 2026-03-30 23:58:06,514 - __main__ - INFO -   → 8 viral-worthy CS2 tweets
2026-03-30 23:58:09 +00:00: 2026-03-30 23:58:09,516 - __main__ - INFO - 📡 Scraping @ABORCS2...
2026-03-30 23:58:09 +00:00: 2026-03-30 23:58:09,658 - __main__ - WARNING - ⚠️  User lookup ABORCS2: 'user'
2026-03-30 23:58:09 +00:00: 2026-03-30 23:58:09,658 - __main__ - WARNING - ⚠️  Could not resolve @ABORCS2
2026-03-30 23:58:12 +00:00: 2026-03-30 23:58:12,660 - __main__ - INFO - 📡 Scraping @csaborNEWS...
2026-03-30 23:58:12 +00:00: 2026-03-30 23:58:12,801 - __main__ - WARNING - ⚠️  User lookup csaborNEWS: 'user'
2026-03-30 23:58:12 +00:00: 2026-03-30 23:58:12,801 - __main__ - WARNING - ⚠️  Could not resolve @csaborNEWS
2026-03-30 23:58:15 +00:00: 2026-03-30 23:58:15,802 - __main__ - INFO - 📡 Scraping @CScribe...
2026-03-30 23:58:16 +00:00: 2026-03-30 23:58:16,134 - __main__ - INFO -   → 0 raw tweets fetched
2026-03-30 23:58:16 +00:00: 2026-03-30 23:58:16,134 - __main__ - INFO -   → 0 viral-worthy CS2 tweets
2026-03-30 23:58:19 +00:00: 2026-03-30 23:58:19,136 - __main__ - INFO - 📡 Scraping @DonHaci...
2026-03-30 23:58:19 +00:00: 2026-03-30 23:58:19,288 - __main__ - WARNING - ⚠️  User lookup DonHaci: 'rest_id'
2026-03-30 23:58:19 +00:00: 2026-03-30 23:58:19,288 - __main__ - WARNING - ⚠️  Could not resolve @DonHaci
2026-03-30 23:58:22 +00:00: 2026-03-30 23:58:22,291 - __main__ - INFO - 📡 Scraping @dekaborCS...
2026-03-30 23:58:22 +00:00: 2026-03-30 23:58:22,436 - __main__ - WARNING - ⚠️  User lookup dekaborCS: 'user'
2026-03-30 23:58:22 +00:00: 2026-03-30 23:58:22,436 - __main__ - WARNING - ⚠️  Could not resolve @dekaborCS
2026-03-30 23:58:25 +00:00: 2026-03-30 23:58:25,439 - __main__ - INFO - 📡 Scraping @CS2_Esports...
2026-03-30 23:58:25 +00:00: 2026-03-30 23:58:25,579 - __main__ - WARNING - ⚠️  User lookup CS2_Esports: 'user'
2026-03-30 23:58:25 +00:00: 2026-03-30 23:58:25,579 - __main__ - WARNING - ⚠️  Could not resolve @CS2_Esports
2026-03-30 23:58:28 +00:00: 2026-03-30 23:58:28,583 - __main__ - INFO - 📡 Scraping @Slasher...
2026-03-30 23:58:29 +00:00: 2026-03-30 23:58:29,551 - __main__ - INFO -   → 97 raw tweets fetched
2026-03-30 23:58:29 +00:00: 2026-03-30 23:58:29,552 - __main__ - INFO -   → 5 viral-worthy CS2 tweets
2026-03-30 23:58:32 +00:00: 2026-03-30 23:58:32,555 - __main__ - INFO - 📡 Scraping @Dust2us...
2026-03-30 23:58:33 +00:00: 2026-03-30 23:58:33,629 - __main__ - INFO -   → 100 raw tweets fetched
2026-03-30 23:58:33 +00:00: 2026-03-30 23:58:33,629 - __main__ - INFO -   → 63 viral-worthy CS2 tweets
2026-03-30 23:58:36 +00:00: 2026-03-30 23:58:36,633 - __main__ - INFO - 📡 Scraping @s1mpleO...
2026-03-30 23:58:37 +00:00: 2026-03-30 23:58:37,383 - __main__ - INFO -   → 79 raw tweets fetched
2026-03-30 23:58:37 +00:00: 2026-03-30 23:58:37,384 - __main__ - INFO -   → 35 viral-worthy CS2 tweets
2026-03-31 00:01:05 +00:00: 2026-03-31 00:01:05,528 - __main__ - INFO - 💾 Stored 291/291 tweets in style_bank
2026-03-31 00:01:05 +00:00: 2026-03-31 00:01:05,529 - __main__ - INFO - 📊 Style bank update: 291 tweets, avg 8384 likes, 193 with media (66%)
2026-03-31 06:01:05 +00:00: 2026-03-31 06:01:05,959 - __main__ - INFO - 📡 Scraping @Ozzny_CS2...
2026-03-31 06:01:06 +00:00: 2026-03-31 06:01:06,124 - __main__ - INFO - 🎟️  Guest token refreshed: 20388591...
2026-03-31 06:01:06 +00:00: 2026-03-31 06:01:06,729 - __main__ - INFO -   → 100 raw tweets fetched
2026-03-31 06:01:06 +00:00: 2026-03-31 06:01:06,730 - __main__ - INFO -   → 47 viral-worthy CS2 tweets
2026-03-31 06:01:09 +00:00: 2026-03-31 06:01:09,733 - __main__ - INFO - 📡 Scraping @ThourCS2...
2026-03-31 06:01:10 +00:00: 2026-03-31 06:01:10,301 - __main__ - INFO -   → 100 raw tweets fetched
2026-03-31 06:01:10 +00:00: 2026-03-31 06:01:10,302 - __main__ - INFO -   → 37 viral-worthy CS2 tweets
2026-03-31 06:01:13 +00:00: 2026-03-31 06:01:13,306 - __main__ - INFO - 📡 Scraping @CS2News_EN...
2026-03-31 06:01:13 +00:00: 2026-03-31 06:01:13,846 - __main__ - INFO -   → 100 raw tweets fetched
2026-03-31 06:01:13 +00:00: 2026-03-31 06:01:13,847 - __main__ - INFO -   → 50 viral-worthy CS2 tweets
2026-03-31 06:01:16 +00:00: 2026-03-31 06:01:16,851 - __main__ - INFO - 📡 Scraping @RazedEsport...
2026-03-31 06:01:17 +00:00: 2026-03-31 06:01:17,584 - __main__ - INFO -   → 99 raw tweets fetched
2026-03-31 06:01:17 +00:00: 2026-03-31 06:01:17,585 - __main__ - INFO -   → 36 viral-worthy CS2 tweets
2026-03-31 06:01:20 +00:00: 2026-03-31 06:01:20,588 - __main__ - INFO - 📡 Scraping @BLASTPremier...
2026-03-31 06:01:21 +00:00: 2026-03-31 06:01:21,246 - __main__ - INFO -   → 16 raw tweets fetched
2026-03-31 06:01:21 +00:00: 2026-03-31 06:01:21,247 - __main__ - INFO -   → 10 viral-worthy CS2 tweets
2026-03-31 06:01:24 +00:00: 2026-03-31 06:01:24,251 - __main__ - INFO - 📡 Scraping @HLTVorg...
2026-03-31 06:01:24 +00:00: 2026-03-31 06:01:24,731 - __main__ - INFO -   → 18 raw tweets fetched
2026-03-31 06:01:24 +00:00: 2026-03-31 06:01:24,732 - __main__ - INFO -   → 10 viral-worthy CS2 tweets
2026-03-31 06:01:27 +00:00: 2026-03-31 06:01:27,736 - __main__ - INFO - 📡 Scraping @ABORCS2...
2026-03-31 06:01:27 +00:00: 2026-03-31 06:01:27,869 - __main__ - WARNING - ⚠️  User lookup ABORCS2: 'user'
2026-03-31 06:01:27 +00:00: 2026-03-31 06:01:27,869 - __main__ - WARNING - ⚠️  Could not resolve @ABORCS2
2026-03-31 06:01:30 +00:00: 2026-03-31 06:01:30,873 - __main__ - INFO - 📡 Scraping @csaborNEWS...
2026-03-31 06:01:31 +00:00: 2026-03-31 06:01:31,005 - __main__ - WARNING - ⚠️  User lookup csaborNEWS: 'user'
2026-03-31 06:01:31 +00:00: 2026-03-31 06:01:31,005 - __main__ - WARNING - ⚠️  Could not resolve @csaborNEWS
2026-03-31 06:01:34 +00:00: 2026-03-31 06:01:34,009 - __main__ - INFO - 📡 Scraping @CScribe...
2026-03-31 06:01:34 +00:00: 2026-03-31 06:01:34,161 - __main__ - INFO -   → 0 raw tweets fetched
2026-03-31 06:01:34 +00:00: 2026-03-31 06:01:34,161 - __main__ - INFO -   → 0 viral-worthy CS2 tweets
2026-03-31 06:01:37 +00:00: 2026-03-31 06:01:37,164 - __main__ - INFO - 📡 Scraping @DonHaci...
2026-03-31 06:01:37 +00:00: 2026-03-31 06:01:37,319 - __main__ - WARNING - ⚠️  User lookup DonHaci: 'rest_id'
2026-03-31 06:01:37 +00:00: 2026-03-31 06:01:37,319 - __main__ - WARNING - ⚠️  Could not resolve @DonHaci
2026-03-31 06:01:40 +00:00: 2026-03-31 06:01:40,320 - __main__ - INFO - 📡 Scraping @dekaborCS...
2026-03-31 06:01:40 +00:00: 2026-03-31 06:01:40,455 - __main__ - WARNING - ⚠️  User lookup dekaborCS: 'user'
2026-03-31 06:01:40 +00:00: 2026-03-31 06:01:40,456 - __main__ - WARNING - ⚠️  Could not resolve @dekaborCS
2026-03-31 06:01:43 +00:00: 2026-03-31 06:01:43,459 - __main__ - INFO - 📡 Scraping @CS2_Esports...
2026-03-31 06:01:43 +00:00: 2026-03-31 06:01:43,592 - __main__ - WARNING - ⚠️  User lookup CS2_Esports: 'user'
2026-03-31 06:01:43 +00:00: 2026-03-31 06:01:43,592 - __main__ - WARNING - ⚠️  Could not resolve @CS2_Esports
2026-03-31 06:01:46 +00:00: 2026-03-31 06:01:46,595 - __main__ - INFO - 📡 Scraping @Slasher...
2026-03-31 06:01:47 +00:00: 2026-03-31 06:01:47,193 - __main__ - INFO -   → 97 raw tweets fetched
2026-03-31 06:01:47 +00:00: 2026-03-31 06:01:47,194 - __main__ - INFO -   → 5 viral-worthy CS2 tweets
2026-03-31 06:01:50 +00:00: 2026-03-31 06:01:50,196 - __main__ - INFO - 📡 Scraping @Dust2us...
2026-03-31 06:01:50 +00:00: 2026-03-31 06:01:50,855 - __main__ - INFO -   → 100 raw tweets fetched
2026-03-31 06:01:50 +00:00: 2026-03-31 06:01:50,856 - __main__ - INFO -   → 63 viral-worthy CS2 tweets
2026-03-31 06:01:53 +00:00: 2026-03-31 06:01:53,860 - __main__ - INFO - 📡 Scraping @s1mpleO...
2026-03-31 06:01:54 +00:00: 2026-03-31 06:01:54,367 - __main__ - INFO -   → 79 raw tweets fetched
2026-03-31 06:01:54 +00:00: 2026-03-31 06:01:54,368 - __main__ - INFO -   → 35 viral-worthy CS2 tweets
2026-03-31 06:04:24 +00:00: 2026-03-31 06:04:24,360 - __main__ - INFO - 💾 Stored 293/293 tweets in style_bank
2026-03-31 06:04:24 +00:00: 2026-03-31 06:04:24,360 - __main__ - INFO - 📊 Style bank update: 293 tweets, avg 8332 likes, 193 with media (66%)
2026-03-31 12:04:24 +00:00: 2026-03-31 12:04:24,791 - __main__ - INFO - 📡 Scraping @Ozzny_CS2...
2026-03-31 12:04:24 +00:00: 2026-03-31 12:04:24,981 - __main__ - INFO - 🎟️  Guest token refreshed: 20389505...
2026-03-31 12:04:25 +00:00: 2026-03-31 12:04:25,844 - __main__ - INFO -   → 100 raw tweets fetched
2026-03-31 12:04:25 +00:00: 2026-03-31 12:04:25,845 - __main__ - INFO -   → 47 viral-worthy CS2 tweets
2026-03-31 12:04:28 +00:00: 2026-03-31 12:04:28,848 - __main__ - INFO - 📡 Scraping @ThourCS2...
2026-03-31 12:04:29 +00:00: 2026-03-31 12:04:29,467 - __main__ - INFO -   → 100 raw tweets fetched
2026-03-31 12:04:29 +00:00: 2026-03-31 12:04:29,468 - __main__ - INFO -   → 37 viral-worthy CS2 tweets
2026-03-31 12:04:32 +00:00: 2026-03-31 12:04:32,471 - __main__ - INFO - 📡 Scraping @CS2News_EN...
2026-03-31 12:04:33 +00:00: 2026-03-31 12:04:33,239 - __main__ - INFO -   → 100 raw tweets fetched
2026-03-31 12:04:33 +00:00: 2026-03-31 12:04:33,240 - __main__ - INFO -   → 50 viral-worthy CS2 tweets
2026-03-31 12:04:36 +00:00: 2026-03-31 12:04:36,244 - __main__ - INFO - 📡 Scraping @RazedEsport...
2026-03-31 12:04:37 +00:00: 2026-03-31 12:04:37,446 - __main__ - INFO -   → 99 raw tweets fetched
2026-03-31 12:04:37 +00:00: 2026-03-31 12:04:37,446 - __main__ - INFO -   → 36 viral-worthy CS2 tweets
2026-03-31 12:04:40 +00:00: 2026-03-31 12:04:40,448 - __main__ - INFO - 📡 Scraping @BLASTPremier...
2026-03-31 12:04:41 +00:00: 2026-03-31 12:04:41,113 - __main__ - INFO -   → 15 raw tweets fetched
2026-03-31 12:04:41 +00:00: 2026-03-31 12:04:41,113 - __main__ - INFO -   → 6 viral-worthy CS2 tweets
2026-03-31 12:04:44 +00:00: 2026-03-31 12:04:44,117 - __main__ - INFO - 📡 Scraping @HLTVorg...
2026-03-31 12:04:44 +00:00: 2026-03-31 12:04:44,650 - __main__ - INFO -   → 18 raw tweets fetched
2026-03-31 12:04:44 +00:00: 2026-03-31 12:04:44,652 - __main__ - INFO -   → 9 viral-worthy CS2 tweets
2026-03-31 12:04:47 +00:00: 2026-03-31 12:04:47,655 - __main__ - INFO - 📡 Scraping @ABORCS2...
2026-03-31 12:04:47 +00:00: 2026-03-31 12:04:47,803 - __main__ - WARNING - ⚠️  User lookup ABORCS2: 'user'
2026-03-31 12:04:47 +00:00: 2026-03-31 12:04:47,803 - __main__ - WARNING - ⚠️  Could not resolve @ABORCS2
2026-03-31 12:04:50 +00:00: 2026-03-31 12:04:50,807 - __main__ - INFO - 📡 Scraping @csaborNEWS...
2026-03-31 12:04:50 +00:00: 2026-03-31 12:04:50,944 - __main__ - WARNING - ⚠️  User lookup csaborNEWS: 'user'
2026-03-31 12:04:50 +00:00: 2026-03-31 12:04:50,944 - __main__ - WARNING - ⚠️  Could not resolve @csaborNEWS
2026-03-31 12:04:53 +00:00: 2026-03-31 12:04:53,947 - __main__ - INFO - 📡 Scraping @CScribe...
2026-03-31 12:04:54 +00:00: 2026-03-31 12:04:54,105 - __main__ - INFO -   → 0 raw tweets fetched
2026-03-31 12:04:54 +00:00: 2026-03-31 12:04:54,106 - __main__ - INFO -   → 0 viral-worthy CS2 tweets
2026-03-31 12:04:57 +00:00: 2026-03-31 12:04:57,108 - __main__ - INFO - 📡 Scraping @DonHaci...
2026-03-31 12:04:57 +00:00: 2026-03-31 12:04:57,267 - __main__ - WARNING - ⚠️  User lookup DonHaci: 'rest_id'
2026-03-31 12:04:57 +00:00: 2026-03-31 12:04:57,267 - __main__ - WARNING - ⚠️  Could not resolve @DonHaci
2026-03-31 12:05:00 +00:00: 2026-03-31 12:05:00,268 - __main__ - INFO - 📡 Scraping @dekaborCS...
2026-03-31 12:05:00 +00:00: 2026-03-31 12:05:00,413 - __main__ - WARNING - ⚠️  User lookup dekaborCS: 'user'
2026-03-31 12:05:00 +00:00: 2026-03-31 12:05:00,413 - __main__ - WARNING - ⚠️  Could not resolve @dekaborCS
2026-03-31 12:05:03 +00:00: 2026-03-31 12:05:03,416 - __main__ - INFO - 📡 Scraping @CS2_Esports...
2026-03-31 12:05:03 +00:00: 2026-03-31 12:05:03,560 - __main__ - WARNING - ⚠️  User lookup CS2_Esports: 'user'
2026-03-31 12:05:03 +00:00: 2026-03-31 12:05:03,560 - __main__ - WARNING - ⚠️  Could not resolve @CS2_Esports
2026-03-31 12:05:06 +00:00: 2026-03-31 12:05:06,560 - __main__ - INFO - 📡 Scraping @Slasher...
2026-03-31 12:05:07 +00:00: 2026-03-31 12:05:07,269 - __main__ - INFO -   → 97 raw tweets fetched
2026-03-31 12:05:07 +00:00: 2026-03-31 12:05:07,271 - __main__ - INFO -   → 5 viral-worthy CS2 tweets
2026-03-31 12:05:10 +00:00: 2026-03-31 12:05:10,272 - __main__ - INFO - 📡 Scraping @Dust2us...
2026-03-31 12:05:11 +00:00: 2026-03-31 12:05:11,041 - __main__ - INFO -   → 100 raw tweets fetched
2026-03-31 12:05:11 +00:00: 2026-03-31 12:05:11,042 - __main__ - INFO -   → 63 viral-worthy CS2 tweets
2026-03-31 12:05:14 +00:00: 2026-03-31 12:05:14,045 - __main__ - INFO - 📡 Scraping @s1mpleO...
2026-03-31 12:05:14 +00:00: 2026-03-31 12:05:14,677 - __main__ - INFO -   → 79 raw tweets fetched
2026-03-31 12:05:14 +00:00: 2026-03-31 12:05:14,679 - __main__ - INFO -   → 35 viral-worthy CS2 tweets
2026-03-31 12:07:40 +00:00: 2026-03-31 12:07:40,683 - __main__ - INFO - 💾 Stored 288/288 tweets in style_bank
2026-03-31 12:07:40 +00:00: 2026-03-31 12:07:40,684 - __main__ - INFO - 📊 Style bank update: 288 tweets, avg 8470 likes, 188 with media (65%)
2026-03-31 18:07:41 +00:00: 2026-03-31 18:07:41,029 - __main__ - INFO - 📡 Scraping @Ozzny_CS2...
2026-03-31 18:07:41 +00:00: 2026-03-31 18:07:41,210 - __main__ - INFO - 🎟️  Guest token refreshed: 20390419...
2026-03-31 18:07:41 +00:00: 2026-03-31 18:07:41,968 - __main__ - INFO -   → 100 raw tweets fetched
2026-03-31 18:07:41 +00:00: 2026-03-31 18:07:41,970 - __main__ - INFO -   → 47 viral-worthy CS2 tweets
2026-03-31 18:07:44 +00:00: 2026-03-31 18:07:44,973 - __main__ - INFO - 📡 Scraping @ThourCS2...
2026-03-31 18:07:45 +00:00: 2026-03-31 18:07:45,782 - __main__ - INFO -   → 100 raw tweets fetched
2026-03-31 18:07:45 +00:00: 2026-03-31 18:07:45,783 - __main__ - INFO -   → 37 viral-worthy CS2 tweets
2026-03-31 18:07:48 +00:00: 2026-03-31 18:07:48,786 - __main__ - INFO - 📡 Scraping @CS2News_EN...
2026-03-31 18:07:49 +00:00: 2026-03-31 18:07:49,485 - __main__ - INFO -   → 100 raw tweets fetched
2026-03-31 18:07:49 +00:00: 2026-03-31 18:07:49,486 - __main__ - INFO -   → 50 viral-worthy CS2 tweets
2026-03-31 18:07:52 +00:00: 2026-03-31 18:07:52,490 - __main__ - INFO - 📡 Scraping @RazedEsport...
2026-03-31 18:07:53 +00:00: 2026-03-31 18:07:53,353 - __main__ - INFO -   → 99 raw tweets fetched
2026-03-31 18:07:53 +00:00: 2026-03-31 18:07:53,354 - __main__ - INFO -   → 36 viral-worthy CS2 tweets
2026-03-31 18:07:56 +00:00: 2026-03-31 18:07:56,358 - __main__ - INFO - 📡 Scraping @BLASTPremier...
2026-03-31 18:07:56 +00:00: 2026-03-31 18:07:56,994 - __main__ - INFO -   → 15 raw tweets fetched
2026-03-31 18:07:56 +00:00: 2026-03-31 18:07:56,994 - __main__ - INFO -   → 5 viral-worthy CS2 tweets
2026-03-31 18:07:59 +00:00: 2026-03-31 18:07:59,998 - __main__ - INFO - 📡 Scraping @HLTVorg...
2026-03-31 18:08:00 +00:00: 2026-03-31 18:08:00,531 - __main__ - INFO -   → 19 raw tweets fetched
2026-03-31 18:08:00 +00:00: 2026-03-31 18:08:00,531 - __main__ - INFO -   → 14 viral-worthy CS2 tweets
2026-03-31 18:08:03 +00:00: 2026-03-31 18:08:03,534 - __main__ - INFO - 📡 Scraping @ABORCS2...
2026-03-31 18:08:03 +00:00: 2026-03-31 18:08:03,688 - __main__ - WARNING - ⚠️  User lookup ABORCS2: 'user'
2026-03-31 18:08:03 +00:00: 2026-03-31 18:08:03,688 - __main__ - WARNING - ⚠️  Could not resolve @ABORCS2
2026-03-31 18:08:06 +00:00: 2026-03-31 18:08:06,691 - __main__ - INFO - 📡 Scraping @csaborNEWS...
2026-03-31 18:08:06 +00:00: 2026-03-31 18:08:06,830 - __main__ - WARNING - ⚠️  User lookup csaborNEWS: 'user'
2026-03-31 18:08:06 +00:00: 2026-03-31 18:08:06,830 - __main__ - WARNING - ⚠️  Could not resolve @csaborNEWS
2026-03-31 18:08:09 +00:00: 2026-03-31 18:08:09,832 - __main__ - INFO - 📡 Scraping @CScribe...
2026-03-31 18:08:09 +00:00: 2026-03-31 18:08:09,991 - __main__ - INFO -   → 0 raw tweets fetched
2026-03-31 18:08:09 +00:00: 2026-03-31 18:08:09,992 - __main__ - INFO -   → 0 viral-worthy CS2 tweets
2026-03-31 18:08:12 +00:00: 2026-03-31 18:08:12,992 - __main__ - INFO - 📡 Scraping @DonHaci...
2026-03-31 18:08:13 +00:00: 2026-03-31 18:08:13,150 - __main__ - WARNING - ⚠️  User lookup DonHaci: 'rest_id'
2026-03-31 18:08:13 +00:00: 2026-03-31 18:08:13,150 - __main__ - WARNING - ⚠️  Could not resolve @DonHaci
2026-03-31 18:08:16 +00:00: 2026-03-31 18:08:16,153 - __main__ - INFO - 📡 Scraping @dekaborCS...
2026-03-31 18:08:16 +00:00: 2026-03-31 18:08:16,293 - __main__ - WARNING - ⚠️  User lookup dekaborCS: 'user'
2026-03-31 18:08:16 +00:00: 2026-03-31 18:08:16,294 - __main__ - WARNING - ⚠️  Could not resolve @dekaborCS
2026-03-31 18:08:19 +00:00: 2026-03-31 18:08:19,297 - __main__ - INFO - 📡 Scraping @CS2_Esports...
2026-03-31 18:08:19 +00:00: 2026-03-31 18:08:19,439 - __main__ - WARNING - ⚠️  User lookup CS2_Esports: 'user'
2026-03-31 18:08:19 +00:00: 2026-03-31 18:08:19,439 - __main__ - WARNING - ⚠️  Could not resolve @CS2_Esports
2026-03-31 18:08:22 +00:00: 2026-03-31 18:08:22,442 - __main__ - INFO - 📡 Scraping @Slasher...
2026-03-31 18:08:23 +00:00: 2026-03-31 18:08:23,229 - __main__ - INFO -   → 97 raw tweets fetched
2026-03-31 18:08:23 +00:00: 2026-03-31 18:08:23,231 - __main__ - INFO -   → 5 viral-worthy CS2 tweets
2026-03-31 18:08:26 +00:00: 2026-03-31 18:08:26,235 - __main__ - INFO - 📡 Scraping @Dust2us...
2026-03-31 18:08:26 +00:00: 2026-03-31 18:08:26,968 - __main__ - INFO -   → 100 raw tweets fetched
2026-03-31 18:08:26 +00:00: 2026-03-31 18:08:26,970 - __main__ - INFO -   → 63 viral-worthy CS2 tweets
2026-03-31 18:08:29 +00:00: 2026-03-31 18:08:29,974 - __main__ - INFO - 📡 Scraping @s1mpleO...
2026-03-31 18:08:30 +00:00: 2026-03-31 18:08:30,565 - __main__ - INFO -   → 79 raw tweets fetched
2026-03-31 18:08:30 +00:00: 2026-03-31 18:08:30,566 - __main__ - INFO -   → 35 viral-worthy CS2 tweets
2026-03-31 18:10:59 +00:00: 2026-03-31 18:10:59,509 - __main__ - INFO - 💾 Stored 292/292 tweets in style_bank
2026-03-31 18:10:59 +00:00: 2026-03-31 18:10:59,510 - __main__ - INFO - 📊 Style bank update: 292 tweets, avg 8349 likes, 192 with media (66%)
2026-04-01 00:10:59 +00:00: 2026-04-01 00:10:59,928 - __main__ - INFO - 📡 Scraping @Ozzny_CS2...
2026-04-01 00:11:00 +00:00: 2026-04-01 00:11:00,136 - __main__ - INFO - 🎟️  Guest token refreshed: 20391333...
2026-04-01 00:11:00 +00:00: 2026-04-01 00:11:00,875 - __main__ - INFO -   → 100 raw tweets fetched
2026-04-01 00:11:00 +00:00: 2026-04-01 00:11:00,876 - __main__ - INFO -   → 47 viral-worthy CS2 tweets
2026-04-01 00:11:03 +00:00: 2026-04-01 00:11:03,879 - __main__ - INFO - 📡 Scraping @ThourCS2...
2026-04-01 00:11:04 +00:00: 2026-04-01 00:11:04,478 - __main__ - INFO -   → 100 raw tweets fetched
2026-04-01 00:11:04 +00:00: 2026-04-01 00:11:04,479 - __main__ - INFO -   → 37 viral-worthy CS2 tweets
2026-04-01 00:11:07 +00:00: 2026-04-01 00:11:07,483 - __main__ - INFO - 📡 Scraping @CS2News_EN...
2026-04-01 00:11:08 +00:00: 2026-04-01 00:11:08,159 - __main__ - INFO -   → 100 raw tweets fetched
2026-04-01 00:11:08 +00:00: 2026-04-01 00:11:08,161 - __main__ - INFO -   → 50 viral-worthy CS2 tweets
2026-04-01 00:11:11 +00:00: 2026-04-01 00:11:11,164 - __main__ - INFO - 📡 Scraping @RazedEsport...
2026-04-01 00:11:11 +00:00: 2026-04-01 00:11:11,973 - __main__ - INFO -   → 99 raw tweets fetched
2026-04-01 00:11:11 +00:00: 2026-04-01 00:11:11,974 - __main__ - INFO -   → 36 viral-worthy CS2 tweets
2026-04-01 00:11:14 +00:00: 2026-04-01 00:11:14,977 - __main__ - INFO - 📡 Scraping @BLASTPremier...
2026-04-01 00:11:15 +00:00: 2026-04-01 00:11:15,559 - __main__ - INFO -   → 15 raw tweets fetched
2026-04-01 00:11:15 +00:00: 2026-04-01 00:11:15,559 - __main__ - INFO -   → 6 viral-worthy CS2 tweets
2026-04-01 00:11:18 +00:00: 2026-04-01 00:11:18,560 - __main__ - INFO - 📡 Scraping @HLTVorg...
2026-04-01 00:11:19 +00:00: 2026-04-01 00:11:19,153 - __main__ - INFO -   → 19 raw tweets fetched
2026-04-01 00:11:19 +00:00: 2026-04-01 00:11:19,154 - __main__ - INFO -   → 17 viral-worthy CS2 tweets
2026-04-01 00:11:22 +00:00: 2026-04-01 00:11:22,157 - __main__ - INFO - 📡 Scraping @ABORCS2...
2026-04-01 00:11:22 +00:00: 2026-04-01 00:11:22,300 - __main__ - WARNING - ⚠️  User lookup ABORCS2: 'user'
2026-04-01 00:11:22 +00:00: 2026-04-01 00:11:22,300 - __main__ - WARNING - ⚠️  Could not resolve @ABORCS2
2026-04-01 00:11:25 +00:00: 2026-04-01 00:11:25,304 - __main__ - INFO - 📡 Scraping @csaborNEWS...
2026-04-01 00:11:25 +00:00: 2026-04-01 00:11:25,454 - __main__ - WARNING - ⚠️  User lookup csaborNEWS: 'user'
2026-04-01 00:11:25 +00:00: 2026-04-01 00:11:25,455 - __main__ - WARNING - ⚠️  Could not resolve @csaborNEWS
2026-04-01 00:11:28 +00:00: 2026-04-01 00:11:28,458 - __main__ - INFO - 📡 Scraping @CScribe...
2026-04-01 00:11:28 +00:00: 2026-04-01 00:11:28,617 - __main__ - INFO -   → 0 raw tweets fetched
2026-04-01 00:11:28 +00:00: 2026-04-01 00:11:28,617 - __main__ - INFO -   → 0 viral-worthy CS2 tweets
2026-04-01 00:11:31 +00:00: 2026-04-01 00:11:31,620 - __main__ - INFO - 📡 Scraping @DonHaci...
2026-04-01 00:11:31 +00:00: 2026-04-01 00:11:31,781 - __main__ - WARNING - ⚠️  User lookup DonHaci: 'rest_id'
2026-04-01 00:11:31 +00:00: 2026-04-01 00:11:31,781 - __main__ - WARNING - ⚠️  Could not resolve @DonHaci
2026-04-01 00:11:34 +00:00: 2026-04-01 00:11:34,784 - __main__ - INFO - 📡 Scraping @dekaborCS...
2026-04-01 00:11:34 +00:00: 2026-04-01 00:11:34,924 - __main__ - WARNING - ⚠️  User lookup dekaborCS: 'user'
2026-04-01 00:11:34 +00:00: 2026-04-01 00:11:34,924 - __main__ - WARNING - ⚠️  Could not resolve @dekaborCS
2026-04-01 00:11:37 +00:00: 2026-04-01 00:11:37,927 - __main__ - INFO - 📡 Scraping @CS2_Esports...
2026-04-01 00:11:38 +00:00: 2026-04-01 00:11:38,067 - __main__ - WARNING - ⚠️  User lookup CS2_Esports: 'user'
2026-04-01 00:11:38 +00:00: 2026-04-01 00:11:38,067 - __main__ - WARNING - ⚠️  Could not resolve @CS2_Esports
2026-04-01 00:11:41 +00:00: 2026-04-01 00:11:41,071 - __main__ - INFO - 📡 Scraping @Slasher...
2026-04-01 00:11:46 +00:00: 2026-04-01 00:11:46,195 - __main__ - WARNING - ⚠️  Tweets fetch: HTTP 503
2026-04-01 00:11:46 +00:00: 2026-04-01 00:11:46,195 - __main__ - INFO -   → 0 raw tweets fetched
2026-04-01 00:11:46 +00:00: 2026-04-01 00:11:46,195 - __main__ - INFO -   → 0 viral-worthy CS2 tweets
2026-04-01 00:11:49 +00:00: 2026-04-01 00:11:49,199 - __main__ - INFO - 📡 Scraping @Dust2us...
2026-04-01 00:11:49 +00:00: 2026-04-01 00:11:49,914 - __main__ - INFO -   → 100 raw tweets fetched
2026-04-01 00:11:49 +00:00: 2026-04-01 00:11:49,916 - __main__ - INFO -   → 63 viral-worthy CS2 tweets
2026-04-01 00:11:52 +00:00: 2026-04-01 00:11:52,920 - __main__ - INFO - 📡 Scraping @s1mpleO...
2026-04-01 00:11:53 +00:00: 2026-04-01 00:11:53,607 - __main__ - INFO -   → 79 raw tweets fetched
2026-04-01 00:11:53 +00:00: 2026-04-01 00:11:53,608 - __main__ - INFO -   → 35 viral-worthy CS2 tweets
2026-04-01 00:14:31 +00:00: 2026-04-01 00:14:31,294 - __main__ - INFO - 💾 Stored 291/291 tweets in style_bank
2026-04-01 00:14:31 +00:00: 2026-04-01 00:14:31,295 - __main__ - INFO - 📊 Style bank update: 291 tweets, avg 7923 likes, 188 with media (65%)
2026-04-01 06:14:31 +00:00: 2026-04-01 06:14:31,713 - __main__ - INFO - 📡 Scraping @Ozzny_CS2...
2026-04-01 06:14:31 +00:00: 2026-04-01 06:14:31,877 - __main__ - INFO - 🎟️  Guest token refreshed: 20392248...
2026-04-01 06:14:32 +00:00: 2026-04-01 06:14:32,570 - __main__ - INFO -   → 100 raw tweets fetched
2026-04-01 06:14:32 +00:00: 2026-04-01 06:14:32,572 - __main__ - INFO -   → 47 viral-worthy CS2 tweets
2026-04-01 06:14:35 +00:00: 2026-04-01 06:14:35,576 - __main__ - INFO - 📡 Scraping @ThourCS2...
2026-04-01 06:14:36 +00:00: 2026-04-01 06:14:36,247 - __main__ - INFO -   → 100 raw tweets fetched
2026-04-01 06:14:36 +00:00: 2026-04-01 06:14:36,248 - __main__ - INFO -   → 37 viral-worthy CS2 tweets
2026-04-01 06:14:39 +00:00: 2026-04-01 06:14:39,252 - __main__ - INFO - 📡 Scraping @CS2News_EN...
2026-04-01 06:14:39 +00:00: 2026-04-01 06:14:39,792 - __main__ - INFO -   → 100 raw tweets fetched
2026-04-01 06:14:39 +00:00: 2026-04-01 06:14:39,792 - __main__ - INFO -   → 50 viral-worthy CS2 tweets
2026-04-01 06:14:42 +00:00: 2026-04-01 06:14:42,796 - __main__ - INFO - 📡 Scraping @RazedEsport...
2026-04-01 06:14:43 +00:00: 2026-04-01 06:14:43,479 - __main__ - INFO -   → 99 raw tweets fetched
2026-04-01 06:14:43 +00:00: 2026-04-01 06:14:43,480 - __main__ - INFO -   → 36 viral-worthy CS2 tweets
2026-04-01 06:14:46 +00:00: 2026-04-01 06:14:46,484 - __main__ - INFO - 📡 Scraping @BLASTPremier...
2026-04-01 06:14:47 +00:00: 2026-04-01 06:14:47,105 - __main__ - INFO -   → 15 raw tweets fetched
2026-04-01 06:14:47 +00:00: 2026-04-01 06:14:47,106 - __main__ - INFO -   → 6 viral-worthy CS2 tweets
2026-04-01 06:14:50 +00:00: 2026-04-01 06:14:50,109 - __main__ - INFO - 📡 Scraping @HLTVorg...
2026-04-01 06:14:50 +00:00: 2026-04-01 06:14:50,645 - __main__ - INFO -   → 19 raw tweets fetched
2026-04-01 06:14:50 +00:00: 2026-04-01 06:14:50,646 - __main__ - INFO -   → 17 viral-worthy CS2 tweets
2026-04-01 06:14:53 +00:00: 2026-04-01 06:14:53,649 - __main__ - INFO - 📡 Scraping @ABORCS2...
2026-04-01 06:14:53 +00:00: 2026-04-01 06:14:53,787 - __main__ - WARNING - ⚠️  User lookup ABORCS2: 'user'
2026-04-01 06:14:53 +00:00: 2026-04-01 06:14:53,787 - __main__ - WARNING - ⚠️  Could not resolve @ABORCS2
2026-04-01 06:14:56 +00:00: 2026-04-01 06:14:56,791 - __main__ - INFO - 📡 Scraping @csaborNEWS...
2026-04-01 06:14:56 +00:00: 2026-04-01 06:14:56,925 - __main__ - WARNING - ⚠️  User lookup csaborNEWS: 'user'
2026-04-01 06:14:56 +00:00: 2026-04-01 06:14:56,925 - __main__ - WARNING - ⚠️  Could not resolve @csaborNEWS
2026-04-01 06:14:59 +00:00: 2026-04-01 06:14:59,928 - __main__ - INFO - 📡 Scraping @CScribe...
2026-04-01 06:15:00 +00:00: 2026-04-01 06:15:00,088 - __main__ - INFO -   → 0 raw tweets fetched
2026-04-01 06:15:00 +00:00: 2026-04-01 06:15:00,089 - __main__ - INFO -   → 0 viral-worthy CS2 tweets
2026-04-01 06:15:03 +00:00: 2026-04-01 06:15:03,092 - __main__ - INFO - 📡 Scraping @DonHaci...
2026-04-01 06:15:03 +00:00: 2026-04-01 06:15:03,245 - __main__ - WARNING - ⚠️  User lookup DonHaci: 'rest_id'
2026-04-01 06:15:03 +00:00: 2026-04-01 06:15:03,245 - __main__ - WARNING - ⚠️  Could not resolve @DonHaci
2026-04-01 06:15:06 +00:00: 2026-04-01 06:15:06,248 - __main__ - INFO - 📡 Scraping @dekaborCS...
2026-04-01 06:15:06 +00:00: 2026-04-01 06:15:06,390 - __main__ - WARNING - ⚠️  User lookup dekaborCS: 'user'
2026-04-01 06:15:06 +00:00: 2026-04-01 06:15:06,390 - __main__ - WARNING - ⚠️  Could not resolve @dekaborCS
2026-04-01 06:15:09 +00:00: 2026-04-01 06:15:09,393 - __main__ - INFO - 📡 Scraping @CS2_Esports...
2026-04-01 06:15:09 +00:00: 2026-04-01 06:15:09,529 - __main__ - WARNING - ⚠️  User lookup CS2_Esports: 'user'
2026-04-01 06:15:09 +00:00: 2026-04-01 06:15:09,529 - __main__ - WARNING - ⚠️  Could not resolve @CS2_Esports
2026-04-01 06:15:12 +00:00: 2026-04-01 06:15:12,532 - __main__ - INFO - 📡 Scraping @Slasher...
2026-04-01 06:15:13 +00:00: 2026-04-01 06:15:13,213 - __main__ - INFO -   → 97 raw tweets fetched
2026-04-01 06:15:13 +00:00: 2026-04-01 06:15:13,215 - __main__ - INFO -   → 5 viral-worthy CS2 tweets
2026-04-01 06:15:16 +00:00: 2026-04-01 06:15:16,219 - __main__ - INFO - 📡 Scraping @Dust2us...
2026-04-01 06:15:16 +00:00: 2026-04-01 06:15:16,933 - __main__ - INFO -   → 100 raw tweets fetched
2026-04-01 06:15:16 +00:00: 2026-04-01 06:15:16,934 - __main__ - INFO -   → 63 viral-worthy CS2 tweets
2026-04-01 06:15:19 +00:00: 2026-04-01 06:15:19,936 - __main__ - INFO - 📡 Scraping @s1mpleO...
2026-04-01 06:15:20 +00:00: 2026-04-01 06:15:20,527 - __main__ - INFO -   → 79 raw tweets fetched
2026-04-01 06:15:20 +00:00: 2026-04-01 06:15:20,528 - __main__ - INFO -   → 35 viral-worthy CS2 tweets
2026-04-01 06:17:49 +00:00: 2026-04-01 06:17:49,663 - __main__ - INFO - 💾 Stored 296/296 tweets in style_bank
2026-04-01 06:17:49 +00:00: 2026-04-01 06:17:49,664 - __main__ - INFO - 📊 Style bank update: 296 tweets, avg 8275 likes, 193 with media (65%)
2026-04-01 12:17:50 +00:00: 2026-04-01 12:17:50,083 - __main__ - INFO - 📡 Scraping @Ozzny_CS2...
2026-04-01 12:17:50 +00:00: 2026-04-01 12:17:50,267 - __main__ - INFO - 🎟️  Guest token refreshed: 20393163...
2026-04-01 12:17:51 +00:00: 2026-04-01 12:17:51,178 - __main__ - INFO -   → 100 raw tweets fetched
2026-04-01 12:17:51 +00:00: 2026-04-01 12:17:51,180 - __main__ - INFO -   → 47 viral-worthy CS2 tweets
2026-04-01 12:17:54 +00:00: 2026-04-01 12:17:54,183 - __main__ - INFO - 📡 Scraping @ThourCS2...
2026-04-01 12:17:55 +00:00: 2026-04-01 12:17:55,015 - __main__ - INFO -   → 100 raw tweets fetched
2026-04-01 12:17:55 +00:00: 2026-04-01 12:17:55,015 - __main__ - INFO -   → 37 viral-worthy CS2 tweets
2026-04-01 12:17:58 +00:00: 2026-04-01 12:17:58,016 - __main__ - INFO - 📡 Scraping @CS2News_EN...
2026-04-01 12:17:58 +00:00: 2026-04-01 12:17:58,776 - __main__ - INFO -   → 100 raw tweets fetched
2026-04-01 12:17:58 +00:00: 2026-04-01 12:17:58,777 - __main__ - INFO -   → 50 viral-worthy CS2 tweets
2026-04-01 12:18:01 +00:00: 2026-04-01 12:18:01,781 - __main__ - INFO - 📡 Scraping @RazedEsport...
2026-04-01 12:18:02 +00:00: 2026-04-01 12:18:02,818 - __main__ - INFO -   → 99 raw tweets fetched
2026-04-01 12:18:02 +00:00: 2026-04-01 12:18:02,820 - __main__ - INFO -   → 36 viral-worthy CS2 tweets
2026-04-01 12:18:05 +00:00: 2026-04-01 12:18:05,824 - __main__ - INFO - 📡 Scraping @BLASTPremier...
2026-04-01 12:18:06 +00:00: 2026-04-01 12:18:06,697 - __main__ - INFO -   → 15 raw tweets fetched
2026-04-01 12:18:06 +00:00: 2026-04-01 12:18:06,698 - __main__ - INFO -   → 6 viral-worthy CS2 tweets
2026-04-01 12:18:09 +00:00: 2026-04-01 12:18:09,700 - __main__ - INFO - 📡 Scraping @HLTVorg...
2026-04-01 12:18:10 +00:00: 2026-04-01 12:18:10,467 - __main__ - INFO -   → 17 raw tweets fetched
2026-04-01 12:18:10 +00:00: 2026-04-01 12:18:10,468 - __main__ - INFO -   → 10 viral-worthy CS2 tweets
2026-04-01 12:18:13 +00:00: 2026-04-01 12:18:13,472 - __main__ - INFO - 📡 Scraping @ABORCS2...
2026-04-01 12:18:13 +00:00: 2026-04-01 12:18:13,621 - __main__ - WARNING - ⚠️  User lookup ABORCS2: 'user'
2026-04-01 12:18:13 +00:00: 2026-04-01 12:18:13,621 - __main__ - WARNING - ⚠️  Could not resolve @ABORCS2
2026-04-01 12:18:16 +00:00: 2026-04-01 12:18:16,624 - __main__ - INFO - 📡 Scraping @csaborNEWS...
2026-04-01 12:18:16 +00:00: 2026-04-01 12:18:16,778 - __main__ - WARNING - ⚠️  User lookup csaborNEWS: 'user'
2026-04-01 12:18:16 +00:00: 2026-04-01 12:18:16,779 - __main__ - WARNING - ⚠️  Could not resolve @csaborNEWS
2026-04-01 12:18:19 +00:00: 2026-04-01 12:18:19,782 - __main__ - INFO - 📡 Scraping @CScribe...
2026-04-01 12:18:19 +00:00: 2026-04-01 12:18:19,960 - __main__ - INFO -   → 0 raw tweets fetched
2026-04-01 12:18:19 +00:00: 2026-04-01 12:18:19,960 - __main__ - INFO -   → 0 viral-worthy CS2 tweets
2026-04-01 12:18:22 +00:00: 2026-04-01 12:18:22,964 - __main__ - INFO - 📡 Scraping @DonHaci...
2026-04-01 12:18:23 +00:00: 2026-04-01 12:18:23,140 - __main__ - WARNING - ⚠️  User lookup DonHaci: 'rest_id'
2026-04-01 12:18:23 +00:00: 2026-04-01 12:18:23,140 - __main__ - WARNING - ⚠️  Could not resolve @DonHaci
2026-04-01 12:18:26 +00:00: 2026-04-01 12:18:26,140 - __main__ - INFO - 📡 Scraping @dekaborCS...
2026-04-01 12:18:26 +00:00: 2026-04-01 12:18:26,287 - __main__ - WARNING - ⚠️  User lookup dekaborCS: 'user'
2026-04-01 12:18:26 +00:00: 2026-04-01 12:18:26,287 - __main__ - WARNING - ⚠️  Could not resolve @dekaborCS
2026-04-01 12:18:29 +00:00: 2026-04-01 12:18:29,290 - __main__ - INFO - 📡 Scraping @CS2_Esports...
2026-04-01 12:18:29 +00:00: 2026-04-01 12:18:29,439 - __main__ - WARNING - ⚠️  User lookup CS2_Esports: 'user'
2026-04-01 12:18:29 +00:00: 2026-04-01 12:18:29,439 - __main__ - WARNING - ⚠️  Could not resolve @CS2_Esports
2026-04-01 12:18:32 +00:00: 2026-04-01 12:18:32,441 - __main__ - INFO - 📡 Scraping @Slasher...
2026-04-01 12:18:33 +00:00: 2026-04-01 12:18:33,166 - __main__ - INFO -   → 97 raw tweets fetched
2026-04-01 12:18:33 +00:00: 2026-04-01 12:18:33,171 - __main__ - INFO -   → 5 viral-worthy CS2 tweets
2026-04-01 12:18:36 +00:00: 2026-04-01 12:18:36,174 - __main__ - INFO - 📡 Scraping @Dust2us...
2026-04-01 12:18:36 +00:00: 2026-04-01 12:18:36,851 - __main__ - INFO -   → 100 raw tweets fetched
2026-04-01 12:18:36 +00:00: 2026-04-01 12:18:36,852 - __main__ - INFO -   → 63 viral-worthy CS2 tweets
2026-04-01 12:18:39 +00:00: 2026-04-01 12:18:39,856 - __main__ - INFO - 📡 Scraping @s1mpleO...
2026-04-01 12:18:40 +00:00: 2026-04-01 12:18:40,565 - __main__ - INFO -   → 79 raw tweets fetched
2026-04-01 12:18:40 +00:00: 2026-04-01 12:18:40,567 - __main__ - INFO -   → 35 viral-worthy CS2 tweets
2026-04-01 12:21:05 +00:00: 2026-04-01 12:21:05,609 - __main__ - INFO - 💾 Stored 289/289 tweets in style_bank
2026-04-01 12:21:05 +00:00: 2026-04-01 12:21:05,610 - __main__ - INFO - 📊 Style bank update: 289 tweets, avg 8458 likes, 188 with media (65%)
2026-04-01 13:43:56 +00:00: Traceback (most recent call last):
2026-04-01 13:43:56 +00:00:   File "/home/ubuntu/openclaw/scripts/ingestion/style_scraper.py", line 539, in <module>
2026-04-01 13:43:56 +00:00:     asyncio.run(StyleScraper().run_forever())
2026-04-01 13:43:56 +00:00:   File "/usr/lib/python3.10/asyncio/runners.py", line 44, in run
2026-04-01 13:43:56 +00:00:     return loop.run_until_complete(main)
2026-04-01 13:43:56 +00:00:   File "/usr/lib/python3.10/asyncio/base_events.py", line 636, in run_until_complete
2026-04-01 13:43:56 +00:00:     self.run_forever()
2026-04-01 13:43:56 +00:00:   File "/usr/lib/python3.10/asyncio/base_events.py", line 603, in run_forever
2026-04-01 13:43:56 +00:00:     self._run_once()
2026-04-01 13:43:56 +00:00:   File "/usr/lib/python3.10/asyncio/base_events.py", line 1871, in _run_once
2026-04-01 13:43:56 +00:00:     event_list = self._selector.select(timeout)
2026-04-01 13:43:56 +00:00:   File "/usr/lib/python3.10/selectors.py", line 469, in select
2026-04-01 13:43:56 +00:00:     fd_event_list = self._selector.poll(timeout, max_ev)
2026-04-01 13:43:56 +00:00: KeyboardInterrupt
2026-04-01 13:43:57 +00:00: 2026-04-01 13:43:57,252 - __main__ - INFO - 🚀 Style Scraper started — learning from the best CS2 accounts
2026-04-01 13:43:58 +00:00: 2026-04-01 13:43:58,224 - utils.db_utils - INFO - ✅ Reconnected to PostgreSQL
2026-04-01 13:43:58 +00:00: 2026-04-01 13:43:58,224 - __main__ - INFO - 📡 Scraping @Ozzny_CS2...
2026-04-01 13:43:58 +00:00: 2026-04-01 13:43:58,370 - __main__ - INFO - 🎟️  Guest token refreshed: 20393379...
2026-04-01 13:43:59 +00:00: 2026-04-01 13:43:59,590 - __main__ - INFO -   → 100 raw tweets fetched
2026-04-01 13:43:59 +00:00: 2026-04-01 13:43:59,591 - __main__ - INFO -   → 47 viral-worthy CS2 tweets
2026-04-01 13:44:02 +00:00: 2026-04-01 13:44:02,592 - __main__ - INFO - 📡 Scraping @ThourCS2...
2026-04-01 13:44:03 +00:00: 2026-04-01 13:44:03,731 - __main__ - INFO -   → 100 raw tweets fetched
2026-04-01 13:44:03 +00:00: 2026-04-01 13:44:03,733 - __main__ - INFO -   → 37 viral-worthy CS2 tweets
2026-04-01 13:44:06 +00:00: 2026-04-01 13:44:06,736 - __main__ - INFO - 📡 Scraping @CS2News_EN...
2026-04-01 13:44:07 +00:00: 2026-04-01 13:44:07,706 - __main__ - INFO -   → 100 raw tweets fetched
2026-04-01 13:44:07 +00:00: 2026-04-01 13:44:07,707 - __main__ - INFO -   → 50 viral-worthy CS2 tweets
2026-04-01 13:44:10 +00:00: 2026-04-01 13:44:10,708 - __main__ - INFO - 📡 Scraping @RazedEsport...
2026-04-01 13:44:11 +00:00: 2026-04-01 13:44:11,853 - __main__ - INFO -   → 99 raw tweets fetched
2026-04-01 13:44:11 +00:00: 2026-04-01 13:44:11,854 - __main__ - INFO -   → 36 viral-worthy CS2 tweets
2026-04-01 13:44:14 +00:00: 2026-04-01 13:44:14,856 - __main__ - INFO - 📡 Scraping @BLASTPremier...
2026-04-01 13:44:15 +00:00: 2026-04-01 13:44:15,777 - __main__ - INFO -   → 15 raw tweets fetched
2026-04-01 13:44:15 +00:00: 2026-04-01 13:44:15,777 - __main__ - INFO -   → 6 viral-worthy CS2 tweets
2026-04-01 13:44:18 +00:00: 2026-04-01 13:44:18,780 - __main__ - INFO - 📡 Scraping @HLTVorg...
2026-04-01 13:44:19 +00:00: 2026-04-01 13:44:19,677 - __main__ - INFO -   → 18 raw tweets fetched
2026-04-01 13:44:19 +00:00: 2026-04-01 13:44:19,677 - __main__ - INFO -   → 10 viral-worthy CS2 tweets
2026-04-01 13:44:22 +00:00: 2026-04-01 13:44:22,681 - __main__ - INFO - 📡 Scraping @ABORCS2...
2026-04-01 13:44:22 +00:00: 2026-04-01 13:44:22,814 - __main__ - WARNING - ⚠️  User lookup ABORCS2: 'user'
2026-04-01 13:44:22 +00:00: 2026-04-01 13:44:22,814 - __main__ - WARNING - ⚠️  Could not resolve @ABORCS2
2026-04-01 13:44:25 +00:00: 2026-04-01 13:44:25,817 - __main__ - INFO - 📡 Scraping @csaborNEWS...
2026-04-01 13:44:25 +00:00: 2026-04-01 13:44:25,955 - __main__ - WARNING - ⚠️  User lookup csaborNEWS: 'user'
2026-04-01 13:44:25 +00:00: 2026-04-01 13:44:25,955 - __main__ - WARNING - ⚠️  Could not resolve @csaborNEWS
2026-04-01 13:44:28 +00:00: 2026-04-01 13:44:28,959 - __main__ - INFO - 📡 Scraping @CScribe...
2026-04-01 13:44:29 +00:00: 2026-04-01 13:44:29,288 - __main__ - INFO -   → 0 raw tweets fetched
2026-04-01 13:44:29 +00:00: 2026-04-01 13:44:29,289 - __main__ - INFO -   → 0 viral-worthy CS2 tweets
2026-04-01 13:44:32 +00:00: 2026-04-01 13:44:32,293 - __main__ - INFO - 📡 Scraping @DonHaci...
2026-04-01 13:44:32 +00:00: 2026-04-01 13:44:32,447 - __main__ - WARNING - ⚠️  User lookup DonHaci: 'rest_id'
2026-04-01 13:44:32 +00:00: 2026-04-01 13:44:32,448 - __main__ - WARNING - ⚠️  Could not resolve @DonHaci
2026-04-01 13:44:35 +00:00: 2026-04-01 13:44:35,451 - __main__ - INFO - 📡 Scraping @dekaborCS...
2026-04-01 13:44:35 +00:00: 2026-04-01 13:44:35,593 - __main__ - WARNING - ⚠️  User lookup dekaborCS: 'user'
2026-04-01 13:44:35 +00:00: 2026-04-01 13:44:35,593 - __main__ - WARNING - ⚠️  Could not resolve @dekaborCS
2026-04-01 13:44:38 +00:00: 2026-04-01 13:44:38,594 - __main__ - INFO - 📡 Scraping @CS2_Esports...
2026-04-01 13:44:38 +00:00: 2026-04-01 13:44:38,735 - __main__ - WARNING - ⚠️  User lookup CS2_Esports: 'user'
2026-04-01 13:44:38 +00:00: 2026-04-01 13:44:38,735 - __main__ - WARNING - ⚠️  Could not resolve @CS2_Esports
2026-04-01 13:44:41 +00:00: 2026-04-01 13:44:41,739 - __main__ - INFO - 📡 Scraping @Slasher...
2026-04-01 13:44:42 +00:00: 2026-04-01 13:44:42,619 - __main__ - INFO -   → 97 raw tweets fetched
2026-04-01 13:44:42 +00:00: 2026-04-01 13:44:42,621 - __main__ - INFO -   → 5 viral-worthy CS2 tweets
2026-04-01 13:44:45 +00:00: 2026-04-01 13:44:45,625 - __main__ - INFO - 📡 Scraping @Dust2us...
2026-04-01 13:44:46 +00:00: 2026-04-01 13:44:46,642 - __main__ - INFO -   → 100 raw tweets fetched
2026-04-01 13:44:46 +00:00: 2026-04-01 13:44:46,643 - __main__ - INFO -   → 63 viral-worthy CS2 tweets
2026-04-01 13:44:49 +00:00: 2026-04-01 13:44:49,644 - __main__ - INFO - 📡 Scraping @s1mpleO...
2026-04-01 13:44:50 +00:00: 2026-04-01 13:44:50,759 - __main__ - INFO -   → 79 raw tweets fetched
2026-04-01 13:44:50 +00:00: 2026-04-01 13:44:50,760 - __main__ - INFO -   → 35 viral-worthy CS2 tweets
2026-04-01 13:47:08 +00:00: 2026-04-01 13:47:08,471 - __main__ - INFO - 💾 Stored 289/289 tweets in style_bank
2026-04-01 13:47:08 +00:00: 2026-04-01 13:47:08,472 - __main__ - INFO - 📊 Style bank update: 289 tweets, avg 8458 likes, 188 with media (65%)
2026-04-01 14:13:00 +00:00: Traceback (most recent call last):
2026-04-01 14:13:00 +00:00:   File "/home/ubuntu/openclaw/scripts/ingestion/style_scraper.py", line 539, in <module>
2026-04-01 14:13:00 +00:00:     
2026-04-01 14:13:00 +00:00:   File "/usr/lib/python3.10/asyncio/runners.py", line 44, in run
2026-04-01 14:13:00 +00:00:     return loop.run_until_complete(main)
2026-04-01 14:13:00 +00:00:   File "/usr/lib/python3.10/asyncio/base_events.py", line 636, in run_until_complete
2026-04-01 14:13:00 +00:00:     self.run_forever()
2026-04-01 14:13:00 +00:00:   File "/usr/lib/python3.10/asyncio/base_events.py", line 603, in run_forever
2026-04-01 14:13:00 +00:00:     self._run_once()
2026-04-01 14:13:00 +00:00:   File "/usr/lib/python3.10/asyncio/base_events.py", line 1871, in _run_once
2026-04-01 14:13:00 +00:00:     event_list = self._selector.select(timeout)
2026-04-01 14:13:00 +00:00:   File "/usr/lib/python3.10/selectors.py", line 469, in select
2026-04-01 14:13:00 +00:00:     fd_event_list = self._selector.poll(timeout, max_ev)
2026-04-01 14:13:00 +00:00: KeyboardInterrupt
2026-04-01 14:13:01 +00:00: 2026-04-01 14:13:01,084 - __main__ - INFO - 🚀 Style Scraper started — learning from the best CS2 accounts
2026-04-01 14:13:02 +00:00: 2026-04-01 14:13:02,009 - utils.db_utils - INFO - ✅ Reconnected to PostgreSQL
2026-04-01 14:13:02 +00:00: 2026-04-01 14:13:02,009 - __main__ - INFO - 📡 Scraping @Ozzny_CS2...
2026-04-01 14:13:02 +00:00: 2026-04-01 14:13:02,201 - __main__ - INFO - 🎟️  Guest token refreshed: 20393452...
2026-04-01 14:13:03 +00:00: 2026-04-01 14:13:03,411 - __main__ - INFO -   → 100 raw tweets fetched
2026-04-01 14:13:03 +00:00: 2026-04-01 14:13:03,413 - __main__ - INFO -   → 47 viral-worthy CS2 tweets
2026-04-01 14:13:06 +00:00: 2026-04-01 14:13:06,417 - __main__ - INFO - 📡 Scraping @ThourCS2...
2026-04-01 14:13:07 +00:00: 2026-04-01 14:13:07,476 - __main__ - INFO -   → 100 raw tweets fetched
2026-04-01 14:13:07 +00:00: 2026-04-01 14:13:07,479 - __main__ - INFO -   → 37 viral-worthy CS2 tweets
2026-04-01 14:13:10 +00:00: 2026-04-01 14:13:10,484 - __main__ - INFO - 📡 Scraping @CS2News_EN...
2026-04-01 14:13:11 +00:00: 2026-04-01 14:13:11,570 - __main__ - INFO -   → 100 raw tweets fetched
2026-04-01 14:13:11 +00:00: 2026-04-01 14:13:11,572 - __main__ - INFO -   → 50 viral-worthy CS2 tweets
2026-04-01 14:13:14 +00:00: 2026-04-01 14:13:14,572 - __main__ - INFO - 📡 Scraping @RazedEsport...
2026-04-01 14:13:15 +00:00: 2026-04-01 14:13:15,984 - __main__ - INFO -   → 99 raw tweets fetched
2026-04-01 14:13:15 +00:00: 2026-04-01 14:13:15,985 - __main__ - INFO -   → 36 viral-worthy CS2 tweets
2026-04-01 14:13:18 +00:00: 2026-04-01 14:13:18,988 - __main__ - INFO - 📡 Scraping @BLASTPremier...
2026-04-01 14:13:19 +00:00: 2026-04-01 14:13:19,848 - __main__ - INFO -   → 16 raw tweets fetched
2026-04-01 14:13:19 +00:00: 2026-04-01 14:13:19,849 - __main__ - INFO -   → 6 viral-worthy CS2 tweets
2026-04-01 14:13:22 +00:00: 2026-04-01 14:13:22,852 - __main__ - INFO - 📡 Scraping @HLTVorg...
2026-04-01 14:13:23 +00:00: 2026-04-01 14:13:23,730 - __main__ - INFO -   → 18 raw tweets fetched
2026-04-01 14:13:23 +00:00: 2026-04-01 14:13:23,730 - __main__ - INFO -   → 9 viral-worthy CS2 tweets
2026-04-01 14:13:26 +00:00: 2026-04-01 14:13:26,732 - __main__ - INFO - 📡 Scraping @CScribe...
2026-04-01 14:13:27 +00:00: 2026-04-01 14:13:27,111 - __main__ - INFO -   → 0 raw tweets fetched
2026-04-01 14:13:27 +00:00: 2026-04-01 14:13:27,111 - __main__ - INFO -   → 0 viral-worthy CS2 tweets
2026-04-01 14:13:30 +00:00: 2026-04-01 14:13:30,112 - __main__ - INFO - 📡 Scraping @Slasher...
2026-04-01 14:13:31 +00:00: 2026-04-01 14:13:31,180 - __main__ - INFO -   → 97 raw tweets fetched
2026-04-01 14:13:31 +00:00: 2026-04-01 14:13:31,181 - __main__ - INFO -   → 5 viral-worthy CS2 tweets
2026-04-01 14:13:34 +00:00: 2026-04-01 14:13:34,183 - __main__ - INFO - 📡 Scraping @Dust2us...
2026-04-01 14:13:35 +00:00: 2026-04-01 14:13:35,424 - __main__ - INFO -   → 100 raw tweets fetched
2026-04-01 14:13:35 +00:00: 2026-04-01 14:13:35,425 - __main__ - INFO -   → 63 viral-worthy CS2 tweets
2026-04-01 14:13:38 +00:00: 2026-04-01 14:13:38,428 - __main__ - INFO - 📡 Scraping @s1mpleO...
2026-04-01 14:13:39 +00:00: 2026-04-01 14:13:39,385 - __main__ - INFO -   → 79 raw tweets fetched
2026-04-01 14:13:39 +00:00: 2026-04-01 14:13:39,387 - __main__ - INFO -   → 35 viral-worthy CS2 tweets
2026-04-01 14:15:54 +00:00: 2026-04-01 14:15:54,405 - __main__ - INFO - 💾 Stored 288/288 tweets in style_bank
2026-04-01 14:15:54 +00:00: 2026-04-01 14:15:54,406 - __main__ - INFO - 📊 Style bank update: 288 tweets, avg 8479 likes, 187 with media (65%)
2026-04-01 20:15:54 +00:00: 2026-04-01 20:15:54,807 - __main__ - INFO - 📡 Scraping @Ozzny_CS2...
2026-04-01 20:15:54 +00:00: 2026-04-01 20:15:54,987 - __main__ - INFO - 🎟️  Guest token refreshed: 20394366...
2026-04-01 20:15:56 +00:00: 2026-04-01 20:15:56,139 - __main__ - INFO -   → 100 raw tweets fetched
2026-04-01 20:15:56 +00:00: 2026-04-01 20:15:56,140 - __main__ - INFO -   → 47 viral-worthy CS2 tweets
2026-04-01 20:15:59 +00:00: 2026-04-01 20:15:59,144 - __main__ - INFO - 📡 Scraping @ThourCS2...
2026-04-01 20:16:02 +00:00: 2026-04-01 20:16:02,815 - __main__ - INFO -   → 100 raw tweets fetched
2026-04-01 20:16:02 +00:00: 2026-04-01 20:16:02,816 - __main__ - INFO -   → 37 viral-worthy CS2 tweets
2026-04-01 20:16:05 +00:00: 2026-04-01 20:16:05,816 - __main__ - INFO - 📡 Scraping @CS2News_EN...
2026-04-01 20:16:06 +00:00: 2026-04-01 20:16:06,615 - __main__ - INFO -   → 100 raw tweets fetched
2026-04-01 20:16:06 +00:00: 2026-04-01 20:16:06,617 - __main__ - INFO -   → 50 viral-worthy CS2 tweets
2026-04-01 20:16:09 +00:00: 2026-04-01 20:16:09,621 - __main__ - INFO - 📡 Scraping @RazedEsport...
2026-04-01 20:16:11 +00:00: 2026-04-01 20:16:11,389 - __main__ - INFO -   → 99 raw tweets fetched
2026-04-01 20:16:11 +00:00: 2026-04-01 20:16:11,391 - __main__ - INFO -   → 36 viral-worthy CS2 tweets
2026-04-01 20:16:14 +00:00: 2026-04-01 20:16:14,394 - __main__ - INFO - 📡 Scraping @BLASTPremier...
2026-04-01 20:16:18 +00:00: 2026-04-01 20:16:18,037 - __main__ - INFO -   → 16 raw tweets fetched
2026-04-01 20:16:18 +00:00: 2026-04-01 20:16:18,037 - __main__ - INFO -   → 7 viral-worthy CS2 tweets
2026-04-01 20:16:21 +00:00: 2026-04-01 20:16:21,041 - __main__ - INFO - 📡 Scraping @HLTVorg...
2026-04-01 20:16:22 +00:00: 2026-04-01 20:16:22,614 - __main__ - INFO -   → 19 raw tweets fetched
2026-04-01 20:16:22 +00:00: 2026-04-01 20:16:22,615 - __main__ - INFO -   → 9 viral-worthy CS2 tweets
2026-04-01 20:16:25 +00:00: 2026-04-01 20:16:25,618 - __main__ - INFO - 📡 Scraping @CScribe...
2026-04-01 20:16:27 +00:00: 2026-04-01 20:16:27,669 - __main__ - INFO -   → 0 raw tweets fetched
2026-04-01 20:16:27 +00:00: 2026-04-01 20:16:27,669 - __main__ - INFO -   → 0 viral-worthy CS2 tweets
2026-04-01 20:16:30 +00:00: 2026-04-01 20:16:30,673 - __main__ - INFO - 📡 Scraping @Slasher...
2026-04-01 20:16:34 +00:00: 2026-04-01 20:16:34,342 - __main__ - INFO -   → 97 raw tweets fetched
2026-04-01 20:16:34 +00:00: 2026-04-01 20:16:34,347 - __main__ - INFO -   → 5 viral-worthy CS2 tweets
2026-04-01 20:16:37 +00:00: 2026-04-01 20:16:37,350 - __main__ - INFO - 📡 Scraping @Dust2us...
2026-04-01 20:16:40 +00:00: 2026-04-01 20:16:40,721 - __main__ - INFO -   → 100 raw tweets fetched
2026-04-01 20:16:40 +00:00: 2026-04-01 20:16:40,722 - __main__ - INFO -   → 63 viral-worthy CS2 tweets
2026-04-01 20:16:43 +00:00: 2026-04-01 20:16:43,726 - __main__ - INFO - 📡 Scraping @s1mpleO...
2026-04-01 20:16:45 +00:00: 2026-04-01 20:16:45,155 - __main__ - INFO -   → 79 raw tweets fetched
2026-04-01 20:16:45 +00:00: 2026-04-01 20:16:45,156 - __main__ - INFO -   → 35 viral-worthy CS2 tweets
2026-04-01 20:19:00 +00:00: 2026-04-01 20:19:00,402 - __main__ - INFO - 💾 Stored 289/289 tweets in style_bank
2026-04-01 20:19:00 +00:00: 2026-04-01 20:19:00,403 - __main__ - INFO - 📊 Style bank update: 289 tweets, avg 8422 likes, 186 with media (64%)
2026-04-02 02:19:00 +00:00: 2026-04-02 02:19:00,808 - __main__ - INFO - 📡 Scraping @Ozzny_CS2...
2026-04-02 02:19:01 +00:00: 2026-04-02 02:19:01,017 - __main__ - INFO - 🎟️  Guest token refreshed: 20395279...
2026-04-02 02:19:01 +00:00: 2026-04-02 02:19:01,872 - __main__ - INFO -   → 100 raw tweets fetched
2026-04-02 02:19:01 +00:00: 2026-04-02 02:19:01,873 - __main__ - INFO -   → 47 viral-worthy CS2 tweets
2026-04-02 02:19:04 +00:00: 2026-04-02 02:19:04,876 - __main__ - INFO - 📡 Scraping @ThourCS2...
2026-04-02 02:19:05 +00:00: 2026-04-02 02:19:05,726 - __main__ - INFO -   → 100 raw tweets fetched
2026-04-02 02:19:05 +00:00: 2026-04-02 02:19:05,727 - __main__ - INFO -   → 37 viral-worthy CS2 tweets
2026-04-02 02:19:08 +00:00: 2026-04-02 02:19:08,728 - __main__ - INFO - 📡 Scraping @CS2News_EN...
2026-04-02 02:19:09 +00:00: 2026-04-02 02:19:09,501 - __main__ - INFO -   → 100 raw tweets fetched
2026-04-02 02:19:09 +00:00: 2026-04-02 02:19:09,503 - __main__ - INFO -   → 50 viral-worthy CS2 tweets
2026-04-02 02:19:12 +00:00: 2026-04-02 02:19:12,506 - __main__ - INFO - 📡 Scraping @RazedEsport...
2026-04-02 02:19:13 +00:00: 2026-04-02 02:19:13,526 - __main__ - INFO -   → 99 raw tweets fetched
2026-04-02 02:19:13 +00:00: 2026-04-02 02:19:13,527 - __main__ - INFO -   → 36 viral-worthy CS2 tweets
2026-04-02 02:19:16 +00:00: 2026-04-02 02:19:16,531 - __main__ - INFO - 📡 Scraping @BLASTPremier...
2026-04-02 02:19:17 +00:00: 2026-04-02 02:19:17,241 - __main__ - INFO -   → 16 raw tweets fetched
2026-04-02 02:19:17 +00:00: 2026-04-02 02:19:17,242 - __main__ - INFO -   → 8 viral-worthy CS2 tweets
2026-04-02 02:19:20 +00:00: 2026-04-02 02:19:20,246 - __main__ - INFO - 📡 Scraping @HLTVorg...
2026-04-02 02:19:20 +00:00: 2026-04-02 02:19:20,919 - __main__ - INFO -   → 19 raw tweets fetched
2026-04-02 02:19:20 +00:00: 2026-04-02 02:19:20,920 - __main__ - INFO -   → 12 viral-worthy CS2 tweets
2026-04-02 02:19:23 +00:00: 2026-04-02 02:19:23,924 - __main__ - INFO - 📡 Scraping @CScribe...
2026-04-02 02:19:24 +00:00: 2026-04-02 02:19:24,085 - __main__ - INFO -   → 0 raw tweets fetched
2026-04-02 02:19:24 +00:00: 2026-04-02 02:19:24,086 - __main__ - INFO -   → 0 viral-worthy CS2 tweets
2026-04-02 02:19:27 +00:00: 2026-04-02 02:19:27,089 - __main__ - INFO - 📡 Scraping @Slasher...
2026-04-02 02:19:27 +00:00: 2026-04-02 02:19:27,841 - __main__ - INFO -   → 97 raw tweets fetched
2026-04-02 02:19:27 +00:00: 2026-04-02 02:19:27,843 - __main__ - INFO -   → 5 viral-worthy CS2 tweets
2026-04-02 02:19:30 +00:00: 2026-04-02 02:19:30,846 - __main__ - INFO - 📡 Scraping @Dust2us...
2026-04-02 02:19:31 +00:00: 2026-04-02 02:19:31,957 - __main__ - INFO -   → 100 raw tweets fetched
2026-04-02 02:19:31 +00:00: 2026-04-02 02:19:31,958 - __main__ - INFO -   → 63 viral-worthy CS2 tweets
2026-04-02 02:19:34 +00:00: 2026-04-02 02:19:34,962 - __main__ - INFO - 📡 Scraping @s1mpleO...
2026-04-02 02:19:35 +00:00: 2026-04-02 02:19:35,698 - __main__ - INFO -   → 79 raw tweets fetched
2026-04-02 02:19:35 +00:00: 2026-04-02 02:19:35,700 - __main__ - INFO -   → 35 viral-worthy CS2 tweets
2026-04-02 02:21:52 +00:00: 2026-04-02 02:21:52,496 - __main__ - INFO - 💾 Stored 293/293 tweets in style_bank
2026-04-02 02:21:52 +00:00: 2026-04-02 02:21:52,498 - __main__ - INFO - 📊 Style bank update: 293 tweets, avg 8313 likes, 189 with media (65%)
2026-04-02 08:21:52 +00:00: 2026-04-02 08:21:52,907 - __main__ - INFO - 📡 Scraping @Ozzny_CS2...
2026-04-02 08:21:53 +00:00: 2026-04-02 08:21:53,127 - __main__ - INFO - 🎟️  Guest token refreshed: 20396193...
2026-04-02 08:21:53 +00:00: 2026-04-02 08:21:53,936 - __main__ - INFO -   → 100 raw tweets fetched
2026-04-02 08:21:53 +00:00: 2026-04-02 08:21:53,938 - __main__ - INFO -   → 47 viral-worthy CS2 tweets
2026-04-02 08:21:56 +00:00: 2026-04-02 08:21:56,942 - __main__ - INFO - 📡 Scraping @ThourCS2...
2026-04-02 08:21:57 +00:00: 2026-04-02 08:21:57,651 - __main__ - INFO -   → 100 raw tweets fetched
2026-04-02 08:21:57 +00:00: 2026-04-02 08:21:57,652 - __main__ - INFO -   → 37 viral-worthy CS2 tweets
2026-04-02 08:22:00 +00:00: 2026-04-02 08:22:00,655 - __main__ - INFO - 📡 Scraping @CS2News_EN...
2026-04-02 08:22:01 +00:00: 2026-04-02 08:22:01,370 - __main__ - INFO -   → 100 raw tweets fetched
2026-04-02 08:22:01 +00:00: 2026-04-02 08:22:01,371 - __main__ - INFO -   → 50 viral-worthy CS2 tweets
2026-04-02 08:22:04 +00:00: 2026-04-02 08:22:04,375 - __main__ - INFO - 📡 Scraping @RazedEsport...
2026-04-02 08:22:05 +00:00: 2026-04-02 08:22:05,224 - __main__ - INFO -   → 99 raw tweets fetched
2026-04-02 08:22:05 +00:00: 2026-04-02 08:22:05,226 - __main__ - INFO -   → 36 viral-worthy CS2 tweets
2026-04-02 08:22:08 +00:00: 2026-04-02 08:22:08,229 - __main__ - INFO - 📡 Scraping @BLASTPremier...
2026-04-02 08:22:08 +00:00: 2026-04-02 08:22:08,789 - __main__ - INFO -   → 16 raw tweets fetched
2026-04-02 08:22:08 +00:00: 2026-04-02 08:22:08,790 - __main__ - INFO -   → 8 viral-worthy CS2 tweets
2026-04-02 08:22:11 +00:00: 2026-04-02 08:22:11,794 - __main__ - INFO - 📡 Scraping @HLTVorg...
2026-04-02 08:22:12 +00:00: 2026-04-02 08:22:12,379 - __main__ - INFO -   → 19 raw tweets fetched
2026-04-02 08:22:12 +00:00: 2026-04-02 08:22:12,380 - __main__ - INFO -   → 12 viral-worthy CS2 tweets
2026-04-02 08:22:15 +00:00: 2026-04-02 08:22:15,384 - __main__ - INFO - 📡 Scraping @CScribe...
2026-04-02 08:22:15 +00:00: 2026-04-02 08:22:15,542 - __main__ - INFO -   → 0 raw tweets fetched
2026-04-02 08:22:15 +00:00: 2026-04-02 08:22:15,543 - __main__ - INFO -   → 0 viral-worthy CS2 tweets
2026-04-02 08:22:18 +00:00: 2026-04-02 08:22:18,546 - __main__ - INFO - 📡 Scraping @Slasher...
2026-04-02 08:22:19 +00:00: 2026-04-02 08:22:19,276 - __main__ - INFO -   → 97 raw tweets fetched
2026-04-02 08:22:19 +00:00: 2026-04-02 08:22:19,281 - __main__ - INFO -   → 5 viral-worthy CS2 tweets
2026-04-02 08:22:22 +00:00: 2026-04-02 08:22:22,285 - __main__ - INFO - 📡 Scraping @Dust2us...
2026-04-02 08:22:23 +00:00: 2026-04-02 08:22:23,080 - __main__ - INFO -   → 100 raw tweets fetched
2026-04-02 08:22:23 +00:00: 2026-04-02 08:22:23,080 - __main__ - INFO -   → 63 viral-worthy CS2 tweets
2026-04-02 08:22:26 +00:00: 2026-04-02 08:22:26,084 - __main__ - INFO - 📡 Scraping @s1mpleO...
2026-04-02 08:22:26 +00:00: 2026-04-02 08:22:26,752 - __main__ - INFO -   → 79 raw tweets fetched
2026-04-02 08:22:26 +00:00: 2026-04-02 08:22:26,753 - __main__ - INFO -   → 35 viral-worthy CS2 tweets
2026-04-02 08:24:43 +00:00: 2026-04-02 08:24:43,491 - __main__ - INFO - 💾 Stored 293/293 tweets in style_bank
2026-04-02 08:24:43 +00:00: 2026-04-02 08:24:43,493 - __main__ - INFO - 📊 Style bank update: 293 tweets, avg 8314 likes, 189 with media (65%)
2026-04-02 14:24:43 +00:00: 2026-04-02 14:24:43,898 - __main__ - INFO - 📡 Scraping @Ozzny_CS2...
2026-04-02 14:24:44 +00:00: 2026-04-02 14:24:44,135 - __main__ - INFO - 🎟️  Guest token refreshed: 20397106...
2026-04-02 14:24:45 +00:00: 2026-04-02 14:24:45,016 - __main__ - INFO -   → 100 raw tweets fetched
2026-04-02 14:24:45 +00:00: 2026-04-02 14:24:45,019 - __main__ - INFO -   → 47 viral-worthy CS2 tweets
2026-04-02 14:24:48 +00:00: 2026-04-02 14:24:48,022 - __main__ - INFO - 📡 Scraping @ThourCS2...
2026-04-02 14:24:48 +00:00: 2026-04-02 14:24:48,780 - __main__ - INFO -   → 100 raw tweets fetched
2026-04-02 14:24:48 +00:00: 2026-04-02 14:24:48,790 - __main__ - INFO -   → 37 viral-worthy CS2 tweets
2026-04-02 14:24:51 +00:00: 2026-04-02 14:24:51,792 - __main__ - INFO - 📡 Scraping @CS2News_EN...
2026-04-02 14:24:52 +00:00: 2026-04-02 14:24:52,724 - __main__ - INFO -   → 100 raw tweets fetched
2026-04-02 14:24:52 +00:00: 2026-04-02 14:24:52,733 - __main__ - INFO -   → 50 viral-worthy CS2 tweets
2026-04-02 14:24:55 +00:00: 2026-04-02 14:24:55,737 - __main__ - INFO - 📡 Scraping @RazedEsport...
2026-04-02 14:24:56 +00:00: 2026-04-02 14:24:56,927 - __main__ - INFO -   → 99 raw tweets fetched
2026-04-02 14:24:56 +00:00: 2026-04-02 14:24:56,927 - __main__ - INFO -   → 36 viral-worthy CS2 tweets
2026-04-02 14:24:59 +00:00: 2026-04-02 14:24:59,931 - __main__ - INFO - 📡 Scraping @BLASTPremier...
2026-04-02 14:25:00 +00:00: 2026-04-02 14:25:00,673 - __main__ - INFO -   → 17 raw tweets fetched
2026-04-02 14:25:00 +00:00: 2026-04-02 14:25:00,673 - __main__ - INFO -   → 6 viral-worthy CS2 tweets
2026-04-02 14:25:03 +00:00: 2026-04-02 14:25:03,677 - __main__ - INFO - 📡 Scraping @HLTVorg...
2026-04-02 14:25:04 +00:00: 2026-04-02 14:25:04,367 - __main__ - INFO -   → 17 raw tweets fetched
2026-04-02 14:25:04 +00:00: 2026-04-02 14:25:04,367 - __main__ - INFO -   → 10 viral-worthy CS2 tweets
2026-04-02 14:25:07 +00:00: 2026-04-02 14:25:07,370 - __main__ - INFO - 📡 Scraping @CScribe...
2026-04-02 14:25:07 +00:00: 2026-04-02 14:25:07,534 - __main__ - INFO -   → 0 raw tweets fetched
2026-04-02 14:25:07 +00:00: 2026-04-02 14:25:07,535 - __main__ - INFO -   → 0 viral-worthy CS2 tweets
2026-04-02 14:25:10 +00:00: 2026-04-02 14:25:10,539 - __main__ - INFO - 📡 Scraping @Slasher...
2026-04-02 14:25:11 +00:00: 2026-04-02 14:25:11,467 - __main__ - INFO -   → 97 raw tweets fetched
2026-04-02 14:25:11 +00:00: 2026-04-02 14:25:11,469 - __main__ - INFO -   → 5 viral-worthy CS2 tweets
2026-04-02 14:25:14 +00:00: 2026-04-02 14:25:14,473 - __main__ - INFO - 📡 Scraping @Dust2us...
2026-04-02 14:25:15 +00:00: 2026-04-02 14:25:15,340 - __main__ - INFO -   → 100 raw tweets fetched
2026-04-02 14:25:15 +00:00: 2026-04-02 14:25:15,341 - __main__ - INFO -   → 63 viral-worthy CS2 tweets
2026-04-02 14:25:18 +00:00: 2026-04-02 14:25:18,345 - __main__ - INFO - 📡 Scraping @s1mpleO...
2026-04-02 14:25:18 +00:00: 2026-04-02 14:25:18,987 - __main__ - INFO -   → 79 raw tweets fetched
2026-04-02 14:25:18 +00:00: 2026-04-02 14:25:18,988 - __main__ - INFO -   → 35 viral-worthy CS2 tweets
2026-04-02 14:27:34 +00:00: 2026-04-02 14:27:34,718 - __main__ - INFO - 💾 Stored 289/289 tweets in style_bank
2026-04-02 14:27:34 +00:00: 2026-04-02 14:27:34,720 - __main__ - INFO - 📊 Style bank update: 289 tweets, avg 8421 likes, 186 with media (64%)
2026-04-02 15:14:23 +00:00: Traceback (most recent call last):
2026-04-02 15:14:23 +00:00:   File "/home/ubuntu/openclaw/scripts/ingestion/style_scraper.py", line 541, in <module>
2026-04-02 15:14:23 +00:00:     asyncio.run(StyleScraper().run_forever())
2026-04-02 15:14:23 +00:00:   File "/usr/lib/python3.10/asyncio/runners.py", line 44, in run
2026-04-02 15:14:23 +00:00:     return loop.run_until_complete(main)
2026-04-02 15:14:23 +00:00:   File "/usr/lib/python3.10/asyncio/base_events.py", line 636, in run_until_complete
2026-04-02 15:14:23 +00:00:     self.run_forever()
2026-04-02 15:14:23 +00:00:   File "/usr/lib/python3.10/asyncio/base_events.py", line 603, in run_forever
2026-04-02 15:14:23 +00:00:     self._run_once()
2026-04-02 15:14:23 +00:00:   File "/usr/lib/python3.10/asyncio/base_events.py", line 1871, in _run_once
2026-04-02 15:14:23 +00:00:     event_list = self._selector.select(timeout)
2026-04-02 15:14:23 +00:00:   File "/usr/lib/python3.10/selectors.py", line 469, in select
2026-04-02 15:14:23 +00:00:     fd_event_list = self._selector.poll(timeout, max_ev)
2026-04-02 15:14:23 +00:00: KeyboardInterrupt
2026-04-02 15:14:24 +00:00: 2026-04-02 15:14:24,170 - __main__ - INFO - 🚀 Style Scraper started — learning from the best CS2 accounts
2026-04-02 15:14:25 +00:00: 2026-04-02 15:14:25,095 - utils.db_utils - INFO - ✅ Reconnected to PostgreSQL
2026-04-02 15:14:25 +00:00: 2026-04-02 15:14:25,095 - __main__ - INFO - 📡 Scraping @Ozzny_CS2...
2026-04-02 15:14:25 +00:00: 2026-04-02 15:14:25,263 - __main__ - INFO - 🎟️  Guest token refreshed: 20397231...
2026-04-02 15:14:26 +00:00: 2026-04-02 15:14:26,347 - __main__ - INFO -   → 100 raw tweets fetched
2026-04-02 15:14:26 +00:00: 2026-04-02 15:14:26,348 - __main__ - INFO -   → 47 viral-worthy CS2 tweets
2026-04-02 15:14:29 +00:00: 2026-04-02 15:14:29,352 - __main__ - INFO - 📡 Scraping @ThourCS2...
2026-04-02 15:14:30 +00:00: 2026-04-02 15:14:30,395 - __main__ - INFO -   → 100 raw tweets fetched
2026-04-02 15:14:30 +00:00: 2026-04-02 15:14:30,396 - __main__ - INFO -   → 37 viral-worthy CS2 tweets
2026-04-02 15:14:33 +00:00: 2026-04-02 15:14:33,400 - __main__ - INFO - 📡 Scraping @CS2News_EN...
2026-04-02 15:14:34 +00:00: 2026-04-02 15:14:34,426 - __main__ - INFO -   → 100 raw tweets fetched
2026-04-02 15:14:34 +00:00: 2026-04-02 15:14:34,428 - __main__ - INFO -   → 50 viral-worthy CS2 tweets
2026-04-02 15:14:37 +00:00: 2026-04-02 15:14:37,431 - __main__ - INFO - 📡 Scraping @RazedEsport...
2026-04-02 15:14:38 +00:00: 2026-04-02 15:14:38,597 - __main__ - INFO -   → 99 raw tweets fetched
2026-04-02 15:14:38 +00:00: 2026-04-02 15:14:38,600 - __main__ - INFO -   → 36 viral-worthy CS2 tweets
2026-04-02 15:14:41 +00:00: 2026-04-02 15:14:41,604 - __main__ - INFO - 📡 Scraping @BLASTPremier...
2026-04-02 15:14:42 +00:00: 2026-04-02 15:14:42,453 - __main__ - INFO -   → 17 raw tweets fetched
2026-04-02 15:14:42 +00:00: 2026-04-02 15:14:42,453 - __main__ - INFO -   → 6 viral-worthy CS2 tweets
2026-04-02 15:14:45 +00:00: 2026-04-02 15:14:45,457 - __main__ - INFO - 📡 Scraping @HLTVorg...
2026-04-02 15:14:46 +00:00: 2026-04-02 15:14:46,295 - __main__ - INFO -   → 17 raw tweets fetched
2026-04-02 15:14:46 +00:00: 2026-04-02 15:14:46,296 - __main__ - INFO -   → 11 viral-worthy CS2 tweets
2026-04-02 15:14:49 +00:00: 2026-04-02 15:14:49,298 - __main__ - INFO - 📡 Scraping @CScribe...
2026-04-02 15:14:49 +00:00: 2026-04-02 15:14:49,647 - __main__ - INFO -   → 0 raw tweets fetched
2026-04-02 15:14:49 +00:00: 2026-04-02 15:14:49,647 - __main__ - INFO -   → 0 viral-worthy CS2 tweets
2026-04-02 15:14:52 +00:00: 2026-04-02 15:14:52,651 - __main__ - INFO - 📡 Scraping @Slasher...
2026-04-02 15:14:53 +00:00: 2026-04-02 15:14:53,663 - __main__ - INFO -   → 97 raw tweets fetched
2026-04-02 15:14:53 +00:00: 2026-04-02 15:14:53,664 - __main__ - INFO -   → 5 viral-worthy CS2 tweets
2026-04-02 15:14:56 +00:00: 2026-04-02 15:14:56,668 - __main__ - INFO - 📡 Scraping @Dust2us...
2026-04-02 15:14:57 +00:00: 2026-04-02 15:14:57,716 - __main__ - INFO -   → 100 raw tweets fetched
2026-04-02 15:14:57 +00:00: 2026-04-02 15:14:57,717 - __main__ - INFO -   → 63 viral-worthy CS2 tweets
2026-04-02 15:15:00 +00:00: 2026-04-02 15:15:00,720 - __main__ - INFO - 📡 Scraping @s1mpleO...
2026-04-02 15:15:01 +00:00: 2026-04-02 15:15:01,809 - __main__ - INFO -   → 79 raw tweets fetched
2026-04-02 15:15:01 +00:00: 2026-04-02 15:15:01,810 - __main__ - INFO -   → 35 viral-worthy CS2 tweets
2026-04-02 15:17:16 +00:00: 2026-04-02 15:17:16,112 - __main__ - INFO - 💾 Stored 290/290 tweets in style_bank
2026-04-02 15:17:16 +00:00: 2026-04-02 15:17:16,113 - __main__ - INFO - 📊 Style bank update: 290 tweets, avg 8392 likes, 187 with media (64%)
2026-04-02 15:19:11 +00:00: Traceback (most recent call last):
2026-04-02 15:19:11 +00:00:   File "/home/ubuntu/openclaw/scripts/ingestion/style_scraper.py", line 541, in <module>
2026-04-02 15:19:11 +00:00:     asyncio.run(StyleScraper().run_forever())
2026-04-02 15:19:11 +00:00:   File "/usr/lib/python3.10/asyncio/runners.py", line 44, in run
2026-04-02 15:19:11 +00:00:     return loop.run_until_complete(main)
2026-04-02 15:19:11 +00:00:   File "/usr/lib/python3.10/asyncio/base_events.py", line 636, in run_until_complete
2026-04-02 15:19:11 +00:00:     self.run_forever()
2026-04-02 15:19:11 +00:00:   File "/usr/lib/python3.10/asyncio/base_events.py", line 603, in run_forever
2026-04-02 15:19:11 +00:00:     self._run_once()
2026-04-02 15:19:11 +00:00:   File "/usr/lib/python3.10/asyncio/base_events.py", line 1871, in _run_once
2026-04-02 15:19:11 +00:00:     event_list = self._selector.select(timeout)
2026-04-02 15:19:11 +00:00:   File "/usr/lib/python3.10/selectors.py", line 469, in select
2026-04-02 15:19:11 +00:00:     fd_event_list = self._selector.poll(timeout, max_ev)
2026-04-02 15:19:11 +00:00: KeyboardInterrupt
2026-04-02 15:19:11 +00:00: 2026-04-02 15:19:11,948 - __main__ - INFO - 🚀 Style Scraper started — learning from the best CS2 accounts
2026-04-02 15:19:12 +00:00: 2026-04-02 15:19:12,960 - utils.db_utils - INFO - ✅ Reconnected to PostgreSQL
2026-04-02 15:19:12 +00:00: 2026-04-02 15:19:12,961 - __main__ - INFO - 📡 Scraping @Ozzny_CS2...
2026-04-02 15:19:13 +00:00: 2026-04-02 15:19:13,117 - __main__ - INFO - 🎟️  Guest token refreshed: 20397243...
2026-04-02 15:19:14 +00:00: 2026-04-02 15:19:14,233 - __main__ - INFO -   → 100 raw tweets fetched
2026-04-02 15:19:14 +00:00: 2026-04-02 15:19:14,236 - __main__ - INFO -   → 47 viral-worthy CS2 tweets
2026-04-02 15:19:17 +00:00: 2026-04-02 15:19:17,236 - __main__ - INFO - 📡 Scraping @ThourCS2...
2026-04-02 15:19:18 +00:00: 2026-04-02 15:19:18,239 - __main__ - INFO -   → 100 raw tweets fetched
2026-04-02 15:19:18 +00:00: 2026-04-02 15:19:18,240 - __main__ - INFO -   → 37 viral-worthy CS2 tweets
2026-04-02 15:19:21 +00:00: 2026-04-02 15:19:21,240 - __main__ - INFO - 📡 Scraping @CS2News_EN...
2026-04-02 15:19:22 +00:00: 2026-04-02 15:19:22,295 - __main__ - INFO -   → 100 raw tweets fetched
2026-04-02 15:19:22 +00:00: 2026-04-02 15:19:22,300 - __main__ - INFO -   → 50 viral-worthy CS2 tweets
2026-04-02 15:19:25 +00:00: 2026-04-02 15:19:25,304 - __main__ - INFO - 📡 Scraping @RazedEsport...
2026-04-02 15:19:26 +00:00: 2026-04-02 15:19:26,398 - __main__ - INFO -   → 99 raw tweets fetched
2026-04-02 15:19:26 +00:00: 2026-04-02 15:19:26,400 - __main__ - INFO -   → 36 viral-worthy CS2 tweets
2026-04-02 15:19:29 +00:00: 2026-04-02 15:19:29,403 - __main__ - INFO - 📡 Scraping @BLASTPremier...
2026-04-02 15:19:30 +00:00: 2026-04-02 15:19:30,476 - __main__ - INFO -   → 17 raw tweets fetched
2026-04-02 15:19:30 +00:00: 2026-04-02 15:19:30,476 - __main__ - INFO -   → 6 viral-worthy CS2 tweets
2026-04-02 15:19:33 +00:00: 2026-04-02 15:19:33,480 - __main__ - INFO - 📡 Scraping @HLTVorg...
2026-04-02 15:19:34 +00:00: 2026-04-02 15:19:34,599 - __main__ - INFO -   → 17 raw tweets fetched
2026-04-02 15:19:34 +00:00: 2026-04-02 15:19:34,600 - __main__ - INFO -   → 11 viral-worthy CS2 tweets
2026-04-02 15:19:37 +00:00: 2026-04-02 15:19:37,604 - __main__ - INFO - 📡 Scraping @CScribe...
2026-04-02 15:19:37 +00:00: 2026-04-02 15:19:37,941 - __main__ - INFO -   → 0 raw tweets fetched
2026-04-02 15:19:37 +00:00: 2026-04-02 15:19:37,941 - __main__ - INFO -   → 0 viral-worthy CS2 tweets
2026-04-02 15:19:40 +00:00: 2026-04-02 15:19:40,942 - __main__ - INFO - 📡 Scraping @Slasher...
2026-04-02 15:19:41 +00:00: 2026-04-02 15:19:41,899 - __main__ - INFO -   → 97 raw tweets fetched
2026-04-02 15:19:41 +00:00: 2026-04-02 15:19:41,900 - __main__ - INFO -   → 5 viral-worthy CS2 tweets
2026-04-02 15:19:44 +00:00: 2026-04-02 15:19:44,903 - __main__ - INFO - 📡 Scraping @Dust2us...
2026-04-02 15:19:46 +00:00: 2026-04-02 15:19:46,140 - __main__ - INFO -   → 100 raw tweets fetched
2026-04-02 15:19:46 +00:00: 2026-04-02 15:19:46,141 - __main__ - INFO -   → 63 viral-worthy CS2 tweets
2026-04-02 15:19:49 +00:00: 2026-04-02 15:19:49,145 - __main__ - INFO - 📡 Scraping @s1mpleO...
2026-04-02 15:19:50 +00:00: 2026-04-02 15:19:50,101 - __main__ - INFO -   → 79 raw tweets fetched
2026-04-02 15:19:50 +00:00: 2026-04-02 15:19:50,103 - __main__ - INFO -   → 35 viral-worthy CS2 tweets
2026-04-02 15:22:04 +00:00: 2026-04-02 15:22:04,803 - __main__ - INFO - 💾 Stored 290/290 tweets in style_bank
2026-04-02 15:22:04 +00:00: 2026-04-02 15:22:04,804 - __main__ - INFO - 📊 Style bank update: 290 tweets, avg 8393 likes, 187 with media (64%)
2026-04-02 21:22:05 +00:00: 2026-04-02 21:22:05,201 - __main__ - INFO - 📡 Scraping @Ozzny_CS2...
2026-04-02 21:22:05 +00:00: 2026-04-02 21:22:05,376 - __main__ - INFO - 🎟️  Guest token refreshed: 20398156...
2026-04-02 21:22:06 +00:00: 2026-04-02 21:22:06,201 - __main__ - INFO -   → 100 raw tweets fetched
2026-04-02 21:22:06 +00:00: 2026-04-02 21:22:06,203 - __main__ - INFO -   → 47 viral-worthy CS2 tweets
2026-04-02 21:22:09 +00:00: 2026-04-02 21:22:09,206 - __main__ - INFO - 📡 Scraping @ThourCS2...
2026-04-02 21:22:09 +00:00: 2026-04-02 21:22:09,918 - __main__ - INFO -   → 100 raw tweets fetched
2026-04-02 21:22:09 +00:00: 2026-04-02 21:22:09,919 - __main__ - INFO -   → 37 viral-worthy CS2 tweets
2026-04-02 21:22:12 +00:00: 2026-04-02 21:22:12,922 - __main__ - INFO - 📡 Scraping @CS2News_EN...
2026-04-02 21:22:13 +00:00: 2026-04-02 21:22:13,677 - __main__ - INFO -   → 100 raw tweets fetched
2026-04-02 21:22:13 +00:00: 2026-04-02 21:22:13,679 - __main__ - INFO -   → 50 viral-worthy CS2 tweets
2026-04-02 21:22:16 +00:00: 2026-04-02 21:22:16,682 - __main__ - INFO - 📡 Scraping @RazedEsport...
2026-04-02 21:22:17 +00:00: 2026-04-02 21:22:17,669 - __main__ - INFO -   → 99 raw tweets fetched
2026-04-02 21:22:17 +00:00: 2026-04-02 21:22:17,670 - __main__ - INFO -   → 36 viral-worthy CS2 tweets
2026-04-02 21:22:20 +00:00: 2026-04-02 21:22:20,674 - __main__ - INFO - 📡 Scraping @BLASTPremier...
2026-04-02 21:22:21 +00:00: 2026-04-02 21:22:21,276 - __main__ - INFO -   → 17 raw tweets fetched
2026-04-02 21:22:21 +00:00: 2026-04-02 21:22:21,277 - __main__ - INFO -   → 6 viral-worthy CS2 tweets
2026-04-02 21:22:24 +00:00: 2026-04-02 21:22:24,280 - __main__ - INFO - 📡 Scraping @HLTVorg...
2026-04-02 21:22:24 +00:00: 2026-04-02 21:22:24,861 - __main__ - INFO -   → 20 raw tweets fetched
2026-04-02 21:22:24 +00:00: 2026-04-02 21:22:24,861 - __main__ - INFO -   → 9 viral-worthy CS2 tweets
2026-04-02 21:22:27 +00:00: 2026-04-02 21:22:27,864 - __main__ - INFO - 📡 Scraping @CScribe...
2026-04-02 21:22:28 +00:00: 2026-04-02 21:22:28,026 - __main__ - INFO -   → 0 raw tweets fetched
2026-04-02 21:22:28 +00:00: 2026-04-02 21:22:28,027 - __main__ - INFO -   → 0 viral-worthy CS2 tweets
2026-04-02 21:22:31 +00:00: 2026-04-02 21:22:31,032 - __main__ - INFO - 📡 Scraping @Slasher...
2026-04-02 21:22:31 +00:00: 2026-04-02 21:22:31,752 - __main__ - INFO -   → 97 raw tweets fetched
2026-04-02 21:22:31 +00:00: 2026-04-02 21:22:31,753 - __main__ - INFO -   → 5 viral-worthy CS2 tweets
2026-04-02 21:22:34 +00:00: 2026-04-02 21:22:34,757 - __main__ - INFO - 📡 Scraping @Dust2us...
2026-04-02 21:22:35 +00:00: 2026-04-02 21:22:35,574 - __main__ - INFO -   → 100 raw tweets fetched
2026-04-02 21:22:35 +00:00: 2026-04-02 21:22:35,575 - __main__ - INFO -   → 63 viral-worthy CS2 tweets
2026-04-02 21:22:38 +00:00: 2026-04-02 21:22:38,579 - __main__ - INFO - 📡 Scraping @s1mpleO...
2026-04-02 21:22:39 +00:00: 2026-04-02 21:22:39,258 - __main__ - INFO -   → 79 raw tweets fetched
2026-04-02 21:22:39 +00:00: 2026-04-02 21:22:39,259 - __main__ - INFO -   → 35 viral-worthy CS2 tweets
2026-04-02 21:24:52 +00:00: 2026-04-02 21:24:52,936 - __main__ - INFO - 💾 Stored 288/288 tweets in style_bank
2026-04-02 21:24:52 +00:00: 2026-04-02 21:24:52,937 - __main__ - INFO - 📊 Style bank update: 288 tweets, avg 8443 likes, 184 with media (64%)
2026-04-03 03:24:53 +00:00: 2026-04-03 03:24:53,337 - __main__ - INFO - 📡 Scraping @Ozzny_CS2...
2026-04-03 03:24:53 +00:00: 2026-04-03 03:24:53,525 - __main__ - INFO - 🎟️  Guest token refreshed: 20399069...
2026-04-03 03:24:54 +00:00: 2026-04-03 03:24:54,166 - __main__ - INFO -   → 100 raw tweets fetched
2026-04-03 03:24:54 +00:00: 2026-04-03 03:24:54,168 - __main__ - INFO -   → 47 viral-worthy CS2 tweets
2026-04-03 03:24:57 +00:00: 2026-04-03 03:24:57,172 - __main__ - INFO - 📡 Scraping @ThourCS2...
2026-04-03 03:24:57 +00:00: 2026-04-03 03:24:57,909 - __main__ - INFO -   → 100 raw tweets fetched
2026-04-03 03:24:57 +00:00: 2026-04-03 03:24:57,910 - __main__ - INFO -   → 37 viral-worthy CS2 tweets
2026-04-03 03:25:00 +00:00: 2026-04-03 03:25:00,913 - __main__ - INFO - 📡 Scraping @CS2News_EN...
2026-04-03 03:25:01 +00:00: 2026-04-03 03:25:01,527 - __main__ - INFO -   → 100 raw tweets fetched
2026-04-03 03:25:01 +00:00: 2026-04-03 03:25:01,528 - __main__ - INFO -   → 50 viral-worthy CS2 tweets
2026-04-03 03:25:04 +00:00: 2026-04-03 03:25:04,532 - __main__ - INFO - 📡 Scraping @RazedEsport...
2026-04-03 03:25:05 +00:00: 2026-04-03 03:25:05,241 - __main__ - INFO -   → 99 raw tweets fetched
2026-04-03 03:25:05 +00:00: 2026-04-03 03:25:05,242 - __main__ - INFO -   → 36 viral-worthy CS2 tweets
2026-04-03 03:25:08 +00:00: 2026-04-03 03:25:08,246 - __main__ - INFO - 📡 Scraping @BLASTPremier...
2026-04-03 03:25:08 +00:00: 2026-04-03 03:25:08,730 - __main__ - INFO -   → 17 raw tweets fetched
2026-04-03 03:25:08 +00:00: 2026-04-03 03:25:08,731 - __main__ - INFO -   → 6 viral-worthy CS2 tweets
2026-04-03 03:25:11 +00:00: 2026-04-03 03:25:11,732 - __main__ - INFO - 📡 Scraping @HLTVorg...
2026-04-03 03:25:12 +00:00: 2026-04-03 03:25:12,237 - __main__ - INFO -   → 20 raw tweets fetched
2026-04-03 03:25:12 +00:00: 2026-04-03 03:25:12,237 - __main__ - INFO -   → 8 viral-worthy CS2 tweets
2026-04-03 03:25:15 +00:00: 2026-04-03 03:25:15,240 - __main__ - INFO - 📡 Scraping @CScribe...
2026-04-03 03:25:15 +00:00: 2026-04-03 03:25:15,392 - __main__ - INFO -   → 0 raw tweets fetched
2026-04-03 03:25:15 +00:00: 2026-04-03 03:25:15,392 - __main__ - INFO -   → 0 viral-worthy CS2 tweets
2026-04-03 03:25:18 +00:00: 2026-04-03 03:25:18,396 - __main__ - INFO - 📡 Scraping @Slasher...
2026-04-03 03:25:18 +00:00: 2026-04-03 03:25:18,939 - __main__ - INFO -   → 97 raw tweets fetched
2026-04-03 03:25:18 +00:00: 2026-04-03 03:25:18,940 - __main__ - INFO -   → 5 viral-worthy CS2 tweets
2026-04-03 03:25:21 +00:00: 2026-04-03 03:25:21,944 - __main__ - INFO - 📡 Scraping @Dust2us...
2026-04-03 03:25:22 +00:00: 2026-04-03 03:25:22,598 - __main__ - INFO -   → 100 raw tweets fetched
2026-04-03 03:25:22 +00:00: 2026-04-03 03:25:22,601 - __main__ - INFO -   → 63 viral-worthy CS2 tweets
2026-04-03 03:25:25 +00:00: 2026-04-03 03:25:25,604 - __main__ - INFO - 📡 Scraping @s1mpleO...
2026-04-03 03:25:26 +00:00: 2026-04-03 03:25:26,106 - __main__ - INFO -   → 79 raw tweets fetched
2026-04-03 03:25:26 +00:00: 2026-04-03 03:25:26,107 - __main__ - INFO -   → 35 viral-worthy CS2 tweets
2026-04-03 03:27:39 +00:00: 2026-04-03 03:27:39,679 - __main__ - INFO - 💾 Stored 287/287 tweets in style_bank
2026-04-03 03:27:39 +00:00: 2026-04-03 03:27:39,680 - __main__ - INFO - 📊 Style bank update: 287 tweets, avg 8473 likes, 184 with media (64%)
2026-04-03 09:27:40 +00:00: 2026-04-03 09:27:40,024 - __main__ - INFO - 📡 Scraping @Ozzny_CS2...
2026-04-03 09:27:40 +00:00: 2026-04-03 09:27:40,267 - __main__ - INFO - 🎟️  Guest token refreshed: 20399982...
2026-04-03 09:27:40 +00:00: 2026-04-03 09:27:40,916 - __main__ - INFO -   → 100 raw tweets fetched
2026-04-03 09:27:40 +00:00: 2026-04-03 09:27:40,918 - __main__ - INFO -   → 47 viral-worthy CS2 tweets
2026-04-03 09:27:43 +00:00: 2026-04-03 09:27:43,922 - __main__ - INFO - 📡 Scraping @ThourCS2...
2026-04-03 09:27:44 +00:00: 2026-04-03 09:27:44,441 - __main__ - INFO -   → 100 raw tweets fetched
2026-04-03 09:27:44 +00:00: 2026-04-03 09:27:44,442 - __main__ - INFO -   → 37 viral-worthy CS2 tweets
2026-04-03 09:27:47 +00:00: 2026-04-03 09:27:47,445 - __main__ - INFO - 📡 Scraping @CS2News_EN...
2026-04-03 09:27:47 +00:00: 2026-04-03 09:27:47,975 - __main__ - INFO -   → 100 raw tweets fetched
2026-04-03 09:27:47 +00:00: 2026-04-03 09:27:47,976 - __main__ - INFO -   → 50 viral-worthy CS2 tweets
2026-04-03 09:27:50 +00:00: 2026-04-03 09:27:50,979 - __main__ - INFO - 📡 Scraping @RazedEsport...
2026-04-03 09:27:51 +00:00: 2026-04-03 09:27:51,686 - __main__ - INFO -   → 99 raw tweets fetched
2026-04-03 09:27:51 +00:00: 2026-04-03 09:27:51,686 - __main__ - INFO -   → 36 viral-worthy CS2 tweets
2026-04-03 09:27:54 +00:00: 2026-04-03 09:27:54,690 - __main__ - INFO - 📡 Scraping @BLASTPremier...
2026-04-03 09:27:55 +00:00: 2026-04-03 09:27:55,173 - __main__ - INFO -   → 17 raw tweets fetched
2026-04-03 09:27:55 +00:00: 2026-04-03 09:27:55,173 - __main__ - INFO -   → 6 viral-worthy CS2 tweets
2026-04-03 09:27:58 +00:00: 2026-04-03 09:27:58,177 - __main__ - INFO - 📡 Scraping @HLTVorg...
2026-04-03 09:27:58 +00:00: 2026-04-03 09:27:58,664 - __main__ - INFO -   → 20 raw tweets fetched
2026-04-03 09:27:58 +00:00: 2026-04-03 09:27:58,664 - __main__ - INFO -   → 9 viral-worthy CS2 tweets
2026-04-03 09:28:01 +00:00: 2026-04-03 09:28:01,667 - __main__ - INFO - 📡 Scraping @CScribe...
2026-04-03 09:28:01 +00:00: 2026-04-03 09:28:01,823 - __main__ - INFO -   → 0 raw tweets fetched
2026-04-03 09:28:01 +00:00: 2026-04-03 09:28:01,823 - __main__ - INFO -   → 0 viral-worthy CS2 tweets
2026-04-03 09:28:04 +00:00: 2026-04-03 09:28:04,826 - __main__ - INFO - 📡 Scraping @Slasher...
2026-04-03 09:28:05 +00:00: 2026-04-03 09:28:05,364 - __main__ - INFO -   → 97 raw tweets fetched
2026-04-03 09:28:05 +00:00: 2026-04-03 09:28:05,366 - __main__ - INFO -   → 5 viral-worthy CS2 tweets
2026-04-03 09:28:08 +00:00: 2026-04-03 09:28:08,369 - __main__ - INFO - 📡 Scraping @Dust2us...
2026-04-03 09:28:09 +00:00: 2026-04-03 09:28:09,000 - __main__ - INFO -   → 100 raw tweets fetched
2026-04-03 09:28:09 +00:00: 2026-04-03 09:28:09,001 - __main__ - INFO -   → 63 viral-worthy CS2 tweets
2026-04-03 09:28:12 +00:00: 2026-04-03 09:28:12,004 - __main__ - INFO - 📡 Scraping @s1mpleO...
2026-04-03 09:28:12 +00:00: 2026-04-03 09:28:12,499 - __main__ - INFO -   → 79 raw tweets fetched
2026-04-03 09:28:12 +00:00: 2026-04-03 09:28:12,501 - __main__ - INFO -   → 35 viral-worthy CS2 tweets
2026-04-03 09:30:28 +00:00: 2026-04-03 09:30:28,517 - __main__ - INFO - 💾 Stored 288/288 tweets in style_bank
2026-04-03 09:30:28 +00:00: 2026-04-03 09:30:28,518 - __main__ - INFO - 📊 Style bank update: 288 tweets, avg 8444 likes, 184 with media (64%)
2026-04-03 15:30:28 +00:00: 2026-04-03 15:30:28,925 - __main__ - INFO - 📡 Scraping @Ozzny_CS2...
2026-04-03 15:30:29 +00:00: 2026-04-03 15:30:29,162 - __main__ - INFO - 🎟️  Guest token refreshed: 20400895...
2026-04-03 15:30:30 +00:00: 2026-04-03 15:30:30,224 - __main__ - INFO -   → 100 raw tweets fetched
2026-04-03 15:30:30 +00:00: 2026-04-03 15:30:30,225 - __main__ - INFO -   → 47 viral-worthy CS2 tweets
2026-04-03 15:30:33 +00:00: 2026-04-03 15:30:33,229 - __main__ - INFO - 📡 Scraping @ThourCS2...
2026-04-03 15:30:34 +00:00: 2026-04-03 15:30:34,139 - __main__ - INFO -   → 100 raw tweets fetched
2026-04-03 15:30:34 +00:00: 2026-04-03 15:30:34,140 - __main__ - INFO -   → 37 viral-worthy CS2 tweets
2026-04-03 15:30:37 +00:00: 2026-04-03 15:30:37,144 - __main__ - INFO - 📡 Scraping @CS2News_EN...
2026-04-03 15:30:38 +00:00: 2026-04-03 15:30:38,034 - __main__ - INFO -   → 100 raw tweets fetched
2026-04-03 15:30:38 +00:00: 2026-04-03 15:30:38,036 - __main__ - INFO -   → 50 viral-worthy CS2 tweets
2026-04-03 15:30:41 +00:00: 2026-04-03 15:30:41,037 - __main__ - INFO - 📡 Scraping @RazedEsport...
2026-04-03 15:30:42 +00:00: 2026-04-03 15:30:42,086 - __main__ - INFO -   → 99 raw tweets fetched
2026-04-03 15:30:42 +00:00: 2026-04-03 15:30:42,086 - __main__ - INFO -   → 36 viral-worthy CS2 tweets
2026-04-03 15:30:45 +00:00: 2026-04-03 15:30:45,090 - __main__ - INFO - 📡 Scraping @BLASTPremier...
2026-04-03 15:30:45 +00:00: 2026-04-03 15:30:45,731 - __main__ - INFO -   → 18 raw tweets fetched
2026-04-03 15:30:45 +00:00: 2026-04-03 15:30:45,731 - __main__ - INFO -   → 5 viral-worthy CS2 tweets
2026-04-03 15:30:48 +00:00: 2026-04-03 15:30:48,735 - __main__ - INFO - 📡 Scraping @HLTVorg...
2026-04-03 15:30:49 +00:00: 2026-04-03 15:30:49,441 - __main__ - INFO -   → 20 raw tweets fetched
2026-04-03 15:30:49 +00:00: 2026-04-03 15:30:49,442 - __main__ - INFO -   → 8 viral-worthy CS2 tweets
2026-04-03 15:30:52 +00:00: 2026-04-03 15:30:52,445 - __main__ - INFO - 📡 Scraping @CScribe...
2026-04-03 15:30:52 +00:00: 2026-04-03 15:30:52,675 - __main__ - INFO -   → 0 raw tweets fetched
2026-04-03 15:30:52 +00:00: 2026-04-03 15:30:52,675 - __main__ - INFO -   → 0 viral-worthy CS2 tweets
2026-04-03 15:30:55 +00:00: 2026-04-03 15:30:55,678 - __main__ - INFO - 📡 Scraping @Slasher...
2026-04-03 15:30:56 +00:00: 2026-04-03 15:30:56,869 - __main__ - INFO -   → 97 raw tweets fetched
2026-04-03 15:30:56 +00:00: 2026-04-03 15:30:56,871 - __main__ - INFO -   → 5 viral-worthy CS2 tweets
2026-04-03 15:30:59 +00:00: 2026-04-03 15:30:59,874 - __main__ - INFO - 📡 Scraping @Dust2us...
2026-04-03 15:31:00 +00:00: 2026-04-03 15:31:00,967 - __main__ - INFO -   → 100 raw tweets fetched
2026-04-03 15:31:00 +00:00: 2026-04-03 15:31:00,969 - __main__ - INFO -   → 63 viral-worthy CS2 tweets
2026-04-03 15:31:03 +00:00: 2026-04-03 15:31:03,972 - __main__ - INFO - 📡 Scraping @s1mpleO...
2026-04-03 15:31:04 +00:00: 2026-04-03 15:31:04,702 - __main__ - INFO -   → 79 raw tweets fetched
2026-04-03 15:31:04 +00:00: 2026-04-03 15:31:04,704 - __main__ - INFO -   → 35 viral-worthy CS2 tweets
2026-04-03 15:33:19 +00:00: 2026-04-03 15:33:19,601 - __main__ - INFO - 💾 Stored 286/286 tweets in style_bank
2026-04-03 15:33:19 +00:00: 2026-04-03 15:33:19,602 - __main__ - INFO - 📊 Style bank update: 286 tweets, avg 8501 likes, 183 with media (64%)
2026-04-03 21:33:20 +00:00: 2026-04-03 21:33:20,012 - __main__ - INFO - 📡 Scraping @Ozzny_CS2...
2026-04-03 21:33:20 +00:00: 2026-04-03 21:33:20,238 - __main__ - INFO - 🎟️  Guest token refreshed: 20401808...
2026-04-03 21:33:35 +00:00: 2026-04-03 21:33:35,242 - __main__ - WARNING - ⚠️  Tweets fetch error: Failed to perform, curl: (28) Operation timed out after 15002 milliseconds with 0 bytes received. See https://curl.se/libcurl/c/libcurl-errors.html first for more details.
2026-04-03 21:33:35 +00:00: 2026-04-03 21:33:35,243 - __main__ - INFO -   → 0 raw tweets fetched
2026-04-03 21:33:35 +00:00: 2026-04-03 21:33:35,243 - __main__ - INFO -   → 0 viral-worthy CS2 tweets
2026-04-03 21:33:38 +00:00: 2026-04-03 21:33:38,244 - __main__ - INFO - 📡 Scraping @ThourCS2...
2026-04-03 21:33:38 +00:00: 2026-04-03 21:33:38,948 - __main__ - INFO -   → 100 raw tweets fetched
2026-04-03 21:33:38 +00:00: 2026-04-03 21:33:38,949 - __main__ - INFO -   → 37 viral-worthy CS2 tweets
2026-04-03 21:33:41 +00:00: 2026-04-03 21:33:41,952 - __main__ - INFO - 📡 Scraping @CS2News_EN...
2026-04-03 21:33:42 +00:00: 2026-04-03 21:33:42,599 - __main__ - INFO -   → 100 raw tweets fetched
2026-04-03 21:33:42 +00:00: 2026-04-03 21:33:42,602 - __main__ - INFO -   → 50 viral-worthy CS2 tweets
2026-04-03 21:33:45 +00:00: 2026-04-03 21:33:45,606 - __main__ - INFO - 📡 Scraping @RazedEsport...
2026-04-03 21:33:46 +00:00: 2026-04-03 21:33:46,384 - __main__ - INFO -   → 99 raw tweets fetched
2026-04-03 21:33:46 +00:00: 2026-04-03 21:33:46,385 - __main__ - INFO -   → 36 viral-worthy CS2 tweets
2026-04-03 21:33:49 +00:00: 2026-04-03 21:33:49,388 - __main__ - INFO - 📡 Scraping @BLASTPremier...
2026-04-03 21:33:49 +00:00: 2026-04-03 21:33:49,939 - __main__ - INFO -   → 18 raw tweets fetched
2026-04-03 21:33:49 +00:00: 2026-04-03 21:33:49,940 - __main__ - INFO -   → 7 viral-worthy CS2 tweets
2026-04-03 21:33:52 +00:00: 2026-04-03 21:33:52,944 - __main__ - INFO - 📡 Scraping @HLTVorg...
2026-04-03 21:33:53 +00:00: 2026-04-03 21:33:53,648 - __main__ - INFO -   → 20 raw tweets fetched
2026-04-03 21:33:53 +00:00: 2026-04-03 21:33:53,649 - __main__ - INFO -   → 11 viral-worthy CS2 tweets
2026-04-03 21:33:56 +00:00: 2026-04-03 21:33:56,653 - __main__ - INFO - 📡 Scraping @CScribe...
2026-04-03 21:33:56 +00:00: 2026-04-03 21:33:56,807 - __main__ - INFO -   → 0 raw tweets fetched
2026-04-03 21:33:56 +00:00: 2026-04-03 21:33:56,807 - __main__ - INFO -   → 0 viral-worthy CS2 tweets
2026-04-03 21:33:59 +00:00: 2026-04-03 21:33:59,808 - __main__ - INFO - 📡 Scraping @Slasher...
2026-04-03 21:34:00 +00:00: 2026-04-03 21:34:00,606 - __main__ - INFO -   → 97 raw tweets fetched
2026-04-03 21:34:00 +00:00: 2026-04-03 21:34:00,608 - __main__ - INFO -   → 5 viral-worthy CS2 tweets
2026-04-03 21:34:03 +00:00: 2026-04-03 21:34:03,612 - __main__ - INFO - 📡 Scraping @Dust2us...
2026-04-03 21:34:04 +00:00: 2026-04-03 21:34:04,426 - __main__ - INFO -   → 100 raw tweets fetched
2026-04-03 21:34:04 +00:00: 2026-04-03 21:34:04,427 - __main__ - INFO -   → 63 viral-worthy CS2 tweets
2026-04-03 21:34:07 +00:00: 2026-04-03 21:34:07,428 - __main__ - INFO - 📡 Scraping @s1mpleO...
2026-04-03 21:34:08 +00:00: 2026-04-03 21:34:08,323 - __main__ - INFO -   → 79 raw tweets fetched
2026-04-03 21:34:08 +00:00: 2026-04-03 21:34:08,325 - __main__ - INFO -   → 35 viral-worthy CS2 tweets
2026-04-03 21:36:04 +00:00: 2026-04-03 21:36:04,126 - __main__ - INFO - 💾 Stored 244/244 tweets in style_bank
2026-04-03 21:36:04 +00:00: 2026-04-03 21:36:04,127 - __main__ - INFO - 📊 Style bank update: 244 tweets, avg 7378 likes, 142 with media (58%)
2026-04-04 03:36:04 +00:00: 2026-04-04 03:36:04,530 - __main__ - INFO - 📡 Scraping @Ozzny_CS2...
2026-04-04 03:36:04 +00:00: 2026-04-04 03:36:04,713 - __main__ - INFO - 🎟️  Guest token refreshed: 20402721...
2026-04-04 03:36:05 +00:00: 2026-04-04 03:36:05,505 - __main__ - INFO -   → 100 raw tweets fetched
2026-04-04 03:36:05 +00:00: 2026-04-04 03:36:05,507 - __main__ - INFO -   → 47 viral-worthy CS2 tweets
2026-04-04 03:36:08 +00:00: 2026-04-04 03:36:08,511 - __main__ - INFO - 📡 Scraping @ThourCS2...
2026-04-04 03:36:09 +00:00: 2026-04-04 03:36:09,236 - __main__ - INFO -   → 100 raw tweets fetched
2026-04-04 03:36:09 +00:00: 2026-04-04 03:36:09,238 - __main__ - INFO -   → 37 viral-worthy CS2 tweets
2026-04-04 03:36:12 +00:00: 2026-04-04 03:36:12,240 - __main__ - INFO - 📡 Scraping @CS2News_EN...
2026-04-04 03:36:12 +00:00: 2026-04-04 03:36:12,797 - __main__ - INFO -   → 100 raw tweets fetched
2026-04-04 03:36:12 +00:00: 2026-04-04 03:36:12,798 - __main__ - INFO -   → 50 viral-worthy CS2 tweets
2026-04-04 03:36:15 +00:00: 2026-04-04 03:36:15,800 - __main__ - INFO - 📡 Scraping @RazedEsport...
2026-04-04 03:36:16 +00:00: 2026-04-04 03:36:16,781 - __main__ - INFO -   → 99 raw tweets fetched
2026-04-04 03:36:16 +00:00: 2026-04-04 03:36:16,791 - __main__ - INFO -   → 36 viral-worthy CS2 tweets
2026-04-04 03:36:19 +00:00: 2026-04-04 03:36:19,792 - __main__ - INFO - 📡 Scraping @BLASTPremier...
2026-04-04 03:36:20 +00:00: 2026-04-04 03:36:20,384 - __main__ - INFO -   → 18 raw tweets fetched
2026-04-04 03:36:20 +00:00: 2026-04-04 03:36:20,384 - __main__ - INFO -   → 7 viral-worthy CS2 tweets
2026-04-04 03:36:23 +00:00: 2026-04-04 03:36:23,387 - __main__ - INFO - 📡 Scraping @HLTVorg...
2026-04-04 03:36:23 +00:00: 2026-04-04 03:36:23,949 - __main__ - INFO -   → 20 raw tweets fetched
2026-04-04 03:36:23 +00:00: 2026-04-04 03:36:23,950 - __main__ - INFO -   → 11 viral-worthy CS2 tweets
2026-04-04 03:36:26 +00:00: 2026-04-04 03:36:26,953 - __main__ - INFO - 📡 Scraping @CScribe...
2026-04-04 03:36:27 +00:00: 2026-04-04 03:36:27,121 - __main__ - INFO -   → 0 raw tweets fetched
2026-04-04 03:36:27 +00:00: 2026-04-04 03:36:27,122 - __main__ - INFO -   → 0 viral-worthy CS2 tweets
2026-04-04 03:36:30 +00:00: 2026-04-04 03:36:30,125 - __main__ - INFO - 📡 Scraping @Slasher...
2026-04-04 03:36:30 +00:00: 2026-04-04 03:36:30,932 - __main__ - INFO -   → 97 raw tweets fetched
2026-04-04 03:36:30 +00:00: 2026-04-04 03:36:30,934 - __main__ - INFO -   → 5 viral-worthy CS2 tweets
2026-04-04 03:36:33 +00:00: 2026-04-04 03:36:33,937 - __main__ - INFO - 📡 Scraping @Dust2us...
2026-04-04 03:36:34 +00:00: 2026-04-04 03:36:34,691 - __main__ - INFO -   → 100 raw tweets fetched
2026-04-04 03:36:34 +00:00: 2026-04-04 03:36:34,692 - __main__ - INFO -   → 63 viral-worthy CS2 tweets
2026-04-04 03:36:37 +00:00: 2026-04-04 03:36:37,696 - __main__ - INFO - 📡 Scraping @s1mpleO...
2026-04-04 03:36:38 +00:00: 2026-04-04 03:36:38,241 - __main__ - INFO -   → 79 raw tweets fetched
2026-04-04 03:36:38 +00:00: 2026-04-04 03:36:38,243 - __main__ - INFO -   → 35 viral-worthy CS2 tweets
2026-04-04 03:38:54 +00:00: 2026-04-04 03:38:54,932 - __main__ - INFO - 💾 Stored 291/291 tweets in style_bank
2026-04-04 03:38:54 +00:00: 2026-04-04 03:38:54,933 - __main__ - INFO - 📊 Style bank update: 291 tweets, avg 8365 likes, 188 with media (65%)
2026-04-04 09:38:55 +00:00: 2026-04-04 09:38:55,341 - __main__ - INFO - 📡 Scraping @Ozzny_CS2...
2026-04-04 09:38:55 +00:00: 2026-04-04 09:38:55,524 - __main__ - INFO - 🎟️  Guest token refreshed: 20403634...
2026-04-04 09:38:56 +00:00: 2026-04-04 09:38:56,131 - __main__ - INFO -   → 100 raw tweets fetched
2026-04-04 09:38:56 +00:00: 2026-04-04 09:38:56,132 - __main__ - INFO -   → 47 viral-worthy CS2 tweets
2026-04-04 09:38:59 +00:00: 2026-04-04 09:38:59,134 - __main__ - INFO - 📡 Scraping @ThourCS2...
2026-04-04 09:38:59 +00:00: 2026-04-04 09:38:59,655 - __main__ - INFO -   → 100 raw tweets fetched
2026-04-04 09:38:59 +00:00: 2026-04-04 09:38:59,656 - __main__ - INFO -   → 37 viral-worthy CS2 tweets
2026-04-04 09:39:02 +00:00: 2026-04-04 09:39:02,660 - __main__ - INFO - 📡 Scraping @CS2News_EN...
2026-04-04 09:39:03 +00:00: 2026-04-04 09:39:03,304 - __main__ - INFO -   → 100 raw tweets fetched
2026-04-04 09:39:03 +00:00: 2026-04-04 09:39:03,305 - __main__ - INFO -   → 50 viral-worthy CS2 tweets
2026-04-04 09:39:06 +00:00: 2026-04-04 09:39:06,308 - __main__ - INFO - 📡 Scraping @RazedEsport...
2026-04-04 09:39:07 +00:00: 2026-04-04 09:39:07,035 - __main__ - INFO -   → 99 raw tweets fetched
2026-04-04 09:39:07 +00:00: 2026-04-04 09:39:07,035 - __main__ - INFO -   → 36 viral-worthy CS2 tweets
2026-04-04 09:39:10 +00:00: 2026-04-04 09:39:10,039 - __main__ - INFO - 📡 Scraping @BLASTPremier...
2026-04-04 09:39:10 +00:00: 2026-04-04 09:39:10,526 - __main__ - INFO -   → 18 raw tweets fetched
2026-04-04 09:39:10 +00:00: 2026-04-04 09:39:10,526 - __main__ - INFO -   → 7 viral-worthy CS2 tweets
2026-04-04 09:39:13 +00:00: 2026-04-04 09:39:13,528 - __main__ - INFO - 📡 Scraping @HLTVorg...
2026-04-04 09:39:14 +00:00: 2026-04-04 09:39:14,080 - __main__ - INFO -   → 20 raw tweets fetched
2026-04-04 09:39:14 +00:00: 2026-04-04 09:39:14,080 - __main__ - INFO -   → 11 viral-worthy CS2 tweets
2026-04-04 09:39:17 +00:00: 2026-04-04 09:39:17,081 - __main__ - INFO - 📡 Scraping @CScribe...
2026-04-04 09:39:17 +00:00: 2026-04-04 09:39:17,231 - __main__ - INFO -   → 0 raw tweets fetched
2026-04-04 09:39:17 +00:00: 2026-04-04 09:39:17,231 - __main__ - INFO -   → 0 viral-worthy CS2 tweets
2026-04-04 09:39:20 +00:00: 2026-04-04 09:39:20,234 - __main__ - INFO - 📡 Scraping @Slasher...
2026-04-04 09:39:20 +00:00: 2026-04-04 09:39:20,876 - __main__ - INFO -   → 97 raw tweets fetched
2026-04-04 09:39:20 +00:00: 2026-04-04 09:39:20,877 - __main__ - INFO -   → 5 viral-worthy CS2 tweets
2026-04-04 09:39:23 +00:00: 2026-04-04 09:39:23,881 - __main__ - INFO - 📡 Scraping @Dust2us...
2026-04-04 09:39:24 +00:00: 2026-04-04 09:39:24,603 - __main__ - INFO -   → 100 raw tweets fetched
2026-04-04 09:39:24 +00:00: 2026-04-04 09:39:24,603 - __main__ - INFO -   → 63 viral-worthy CS2 tweets
2026-04-04 09:39:27 +00:00: 2026-04-04 09:39:27,609 - __main__ - INFO - 📡 Scraping @s1mpleO...
2026-04-04 09:39:28 +00:00: 2026-04-04 09:39:28,696 - __main__ - INFO -   → 79 raw tweets fetched
2026-04-04 09:39:28 +00:00: 2026-04-04 09:39:28,697 - __main__ - INFO -   → 35 viral-worthy CS2 tweets
2026-04-04 09:41:46 +00:00: 2026-04-04 09:41:46,252 - __main__ - INFO - 💾 Stored 291/291 tweets in style_bank
2026-04-04 09:41:46 +00:00: 2026-04-04 09:41:46,253 - __main__ - INFO - 📊 Style bank update: 291 tweets, avg 8364 likes, 188 with media (65%)
2026-04-04 15:41:46 +00:00: 2026-04-04 15:41:46,658 - __main__ - INFO - 📡 Scraping @Ozzny_CS2...
2026-04-04 15:41:46 +00:00: 2026-04-04 15:41:46,910 - __main__ - INFO - 🎟️  Guest token refreshed: 20404547...
2026-04-04 15:41:47 +00:00: 2026-04-04 15:41:47,873 - __main__ - INFO -   → 100 raw tweets fetched
2026-04-04 15:41:47 +00:00: 2026-04-04 15:41:47,874 - __main__ - INFO -   → 47 viral-worthy CS2 tweets
2026-04-04 15:41:50 +00:00: 2026-04-04 15:41:50,878 - __main__ - INFO - 📡 Scraping @ThourCS2...
2026-04-04 15:41:51 +00:00: 2026-04-04 15:41:51,727 - __main__ - INFO -   → 100 raw tweets fetched
2026-04-04 15:41:51 +00:00: 2026-04-04 15:41:51,729 - __main__ - INFO -   → 37 viral-worthy CS2 tweets
2026-04-04 15:41:54 +00:00: 2026-04-04 15:41:54,734 - __main__ - INFO - 📡 Scraping @CS2News_EN...
2026-04-04 15:41:55 +00:00: 2026-04-04 15:41:55,757 - __main__ - INFO -   → 100 raw tweets fetched
2026-04-04 15:41:55 +00:00: 2026-04-04 15:41:55,759 - __main__ - INFO -   → 50 viral-worthy CS2 tweets
2026-04-04 15:41:58 +00:00: 2026-04-04 15:41:58,762 - __main__ - INFO - 📡 Scraping @RazedEsport...
2026-04-04 15:41:59 +00:00: 2026-04-04 15:41:59,664 - __main__ - INFO -   → 99 raw tweets fetched
2026-04-04 15:41:59 +00:00: 2026-04-04 15:41:59,665 - __main__ - INFO -   → 36 viral-worthy CS2 tweets
2026-04-04 15:42:02 +00:00: 2026-04-04 15:42:02,668 - __main__ - INFO - 📡 Scraping @BLASTPremier...
2026-04-04 15:42:03 +00:00: 2026-04-04 15:42:03,278 - __main__ - INFO -   → 18 raw tweets fetched
2026-04-04 15:42:03 +00:00: 2026-04-04 15:42:03,279 - __main__ - INFO -   → 7 viral-worthy CS2 tweets
2026-04-04 15:42:06 +00:00: 2026-04-04 15:42:06,283 - __main__ - INFO - 📡 Scraping @HLTVorg...
2026-04-04 15:42:06 +00:00: 2026-04-04 15:42:06,998 - __main__ - INFO -   → 20 raw tweets fetched
2026-04-04 15:42:06 +00:00: 2026-04-04 15:42:06,999 - __main__ - INFO -   → 13 viral-worthy CS2 tweets
2026-04-04 15:42:10 +00:00: 2026-04-04 15:42:10,000 - __main__ - INFO - 📡 Scraping @CScribe...
2026-04-04 15:42:10 +00:00: 2026-04-04 15:42:10,156 - __main__ - INFO -   → 0 raw tweets fetched
2026-04-04 15:42:10 +00:00: 2026-04-04 15:42:10,157 - __main__ - INFO -   → 0 viral-worthy CS2 tweets
2026-04-04 15:42:13 +00:00: 2026-04-04 15:42:13,164 - __main__ - INFO - 📡 Scraping @Slasher...
2026-04-04 15:42:14 +00:00: 2026-04-04 15:42:14,027 - __main__ - INFO -   → 97 raw tweets fetched
2026-04-04 15:42:14 +00:00: 2026-04-04 15:42:14,029 - __main__ - INFO -   → 5 viral-worthy CS2 tweets
2026-04-04 15:42:17 +00:00: 2026-04-04 15:42:17,034 - __main__ - INFO - 📡 Scraping @Dust2us...
2026-04-04 15:42:18 +00:00: 2026-04-04 15:42:18,256 - __main__ - INFO -   → 100 raw tweets fetched
2026-04-04 15:42:18 +00:00: 2026-04-04 15:42:18,257 - __main__ - INFO -   → 63 viral-worthy CS2 tweets
2026-04-04 15:42:21 +00:00: 2026-04-04 15:42:21,261 - __main__ - INFO - 📡 Scraping @s1mpleO...
2026-04-04 15:42:22 +00:00: 2026-04-04 15:42:22,042 - __main__ - INFO -   → 79 raw tweets fetched
2026-04-04 15:42:22 +00:00: 2026-04-04 15:42:22,043 - __main__ - INFO -   → 35 viral-worthy CS2 tweets
2026-04-04 15:44:40 +00:00: 2026-04-04 15:44:40,227 - __main__ - INFO - 💾 Stored 293/293 tweets in style_bank
2026-04-04 15:44:40 +00:00: 2026-04-04 15:44:40,228 - __main__ - INFO - 📊 Style bank update: 293 tweets, avg 8305 likes, 190 with media (65%)
2026-04-04 21:44:40 +00:00: 2026-04-04 21:44:40,570 - __main__ - INFO - 📡 Scraping @Ozzny_CS2...
2026-04-04 21:44:40 +00:00: 2026-04-04 21:44:40,767 - __main__ - INFO - 🎟️  Guest token refreshed: 20405461...
2026-04-04 21:44:41 +00:00: 2026-04-04 21:44:41,758 - __main__ - INFO -   → 100 raw tweets fetched
2026-04-04 21:44:41 +00:00: 2026-04-04 21:44:41,761 - __main__ - INFO -   → 47 viral-worthy CS2 tweets
2026-04-04 21:44:44 +00:00: 2026-04-04 21:44:44,764 - __main__ - INFO - 📡 Scraping @ThourCS2...
2026-04-04 21:44:45 +00:00: 2026-04-04 21:44:45,845 - __main__ - INFO -   → 100 raw tweets fetched
2026-04-04 21:44:45 +00:00: 2026-04-04 21:44:45,847 - __main__ - INFO -   → 37 viral-worthy CS2 tweets
2026-04-04 21:44:48 +00:00: 2026-04-04 21:44:48,850 - __main__ - INFO - 📡 Scraping @CS2News_EN...
2026-04-04 21:44:49 +00:00: 2026-04-04 21:44:49,669 - __main__ - INFO -   → 100 raw tweets fetched
2026-04-04 21:44:49 +00:00: 2026-04-04 21:44:49,671 - __main__ - INFO -   → 50 viral-worthy CS2 tweets
2026-04-04 21:44:52 +00:00: 2026-04-04 21:44:52,675 - __main__ - INFO - 📡 Scraping @RazedEsport...
2026-04-04 21:44:54 +00:00: 2026-04-04 21:44:54,055 - __main__ - INFO -   → 99 raw tweets fetched
2026-04-04 21:44:54 +00:00: 2026-04-04 21:44:54,056 - __main__ - INFO -   → 36 viral-worthy CS2 tweets
2026-04-04 21:44:57 +00:00: 2026-04-04 21:44:57,059 - __main__ - INFO - 📡 Scraping @BLASTPremier...
2026-04-04 21:44:57 +00:00: 2026-04-04 21:44:57,916 - __main__ - INFO -   → 18 raw tweets fetched
2026-04-04 21:44:57 +00:00: 2026-04-04 21:44:57,917 - __main__ - INFO -   → 7 viral-worthy CS2 tweets
2026-04-04 21:45:00 +00:00: 2026-04-04 21:45:00,920 - __main__ - INFO - 📡 Scraping @HLTVorg...
2026-04-04 21:45:01 +00:00: 2026-04-04 21:45:01,488 - __main__ - INFO -   → 20 raw tweets fetched
2026-04-04 21:45:01 +00:00: 2026-04-04 21:45:01,489 - __main__ - INFO -   → 11 viral-worthy CS2 tweets
2026-04-04 21:45:04 +00:00: 2026-04-04 21:45:04,492 - __main__ - INFO - 📡 Scraping @CScribe...
2026-04-04 21:45:04 +00:00: 2026-04-04 21:45:04,652 - __main__ - INFO -   → 0 raw tweets fetched
2026-04-04 21:45:04 +00:00: 2026-04-04 21:45:04,653 - __main__ - INFO -   → 0 viral-worthy CS2 tweets
2026-04-04 21:45:07 +00:00: 2026-04-04 21:45:07,656 - __main__ - INFO - 📡 Scraping @Slasher...
2026-04-04 21:45:08 +00:00: 2026-04-04 21:45:08,744 - __main__ - INFO -   → 97 raw tweets fetched
2026-04-04 21:45:08 +00:00: 2026-04-04 21:45:08,746 - __main__ - INFO -   → 5 viral-worthy CS2 tweets
2026-04-04 21:45:11 +00:00: 2026-04-04 21:45:11,750 - __main__ - INFO - 📡 Scraping @Dust2us...
2026-04-04 21:45:12 +00:00: 2026-04-04 21:45:12,822 - __main__ - INFO -   → 100 raw tweets fetched
2026-04-04 21:45:12 +00:00: 2026-04-04 21:45:12,823 - __main__ - INFO -   → 63 viral-worthy CS2 tweets
2026-04-04 21:45:15 +00:00: 2026-04-04 21:45:15,827 - __main__ - INFO - 📡 Scraping @s1mpleO...
2026-04-04 21:45:16 +00:00: 2026-04-04 21:45:16,749 - __main__ - INFO -   → 79 raw tweets fetched
2026-04-04 21:45:16 +00:00: 2026-04-04 21:45:16,750 - __main__ - INFO -   → 35 viral-worthy CS2 tweets
2026-04-04 21:47:34 +00:00: 2026-04-04 21:47:34,602 - __main__ - INFO - 💾 Stored 291/291 tweets in style_bank
2026-04-04 21:47:34 +00:00: 2026-04-04 21:47:34,603 - __main__ - INFO - 📊 Style bank update: 291 tweets, avg 8363 likes, 191 with media (66%)
2026-04-05 03:47:34 +00:00: 2026-04-05 03:47:34,927 - __main__ - INFO - 📡 Scraping @Ozzny_CS2...
2026-04-05 03:47:35 +00:00: 2026-04-05 03:47:35,132 - __main__ - INFO - 🎟️  Guest token refreshed: 20406374...
2026-04-05 03:47:35 +00:00: 2026-04-05 03:47:35,820 - __main__ - INFO -   → 100 raw tweets fetched
2026-04-05 03:47:35 +00:00: 2026-04-05 03:47:35,823 - __main__ - INFO -   → 47 viral-worthy CS2 tweets
2026-04-05 03:47:38 +00:00: 2026-04-05 03:47:38,828 - __main__ - INFO - 📡 Scraping @ThourCS2...
2026-04-05 03:47:39 +00:00: 2026-04-05 03:47:39,492 - __main__ - INFO -   → 100 raw tweets fetched
2026-04-05 03:47:39 +00:00: 2026-04-05 03:47:39,494 - __main__ - INFO -   → 37 viral-worthy CS2 tweets
2026-04-05 03:47:42 +00:00: 2026-04-05 03:47:42,497 - __main__ - INFO - 📡 Scraping @CS2News_EN...
2026-04-05 03:47:43 +00:00: 2026-04-05 03:47:43,196 - __main__ - INFO -   → 100 raw tweets fetched
2026-04-05 03:47:43 +00:00: 2026-04-05 03:47:43,198 - __main__ - INFO -   → 50 viral-worthy CS2 tweets
2026-04-05 03:47:46 +00:00: 2026-04-05 03:47:46,202 - __main__ - INFO - 📡 Scraping @RazedEsport...
2026-04-05 03:47:46 +00:00: 2026-04-05 03:47:46,973 - __main__ - INFO -   → 99 raw tweets fetched
2026-04-05 03:47:46 +00:00: 2026-04-05 03:47:46,973 - __main__ - INFO -   → 36 viral-worthy CS2 tweets
2026-04-05 03:47:49 +00:00: 2026-04-05 03:47:49,977 - __main__ - INFO - 📡 Scraping @BLASTPremier...
2026-04-05 03:47:50 +00:00: 2026-04-05 03:47:50,535 - __main__ - INFO -   → 18 raw tweets fetched
2026-04-05 03:47:50 +00:00: 2026-04-05 03:47:50,536 - __main__ - INFO -   → 7 viral-worthy CS2 tweets
2026-04-05 03:47:53 +00:00: 2026-04-05 03:47:53,537 - __main__ - INFO - 📡 Scraping @HLTVorg...
2026-04-05 03:47:54 +00:00: 2026-04-05 03:47:54,163 - __main__ - INFO -   → 20 raw tweets fetched
2026-04-05 03:47:54 +00:00: 2026-04-05 03:47:54,164 - __main__ - INFO -   → 11 viral-worthy CS2 tweets
2026-04-05 03:47:57 +00:00: 2026-04-05 03:47:57,167 - __main__ - INFO - 📡 Scraping @CScribe...
2026-04-05 03:47:57 +00:00: 2026-04-05 03:47:57,329 - __main__ - INFO -   → 0 raw tweets fetched
2026-04-05 03:47:57 +00:00: 2026-04-05 03:47:57,329 - __main__ - INFO -   → 0 viral-worthy CS2 tweets
2026-04-05 03:48:00 +00:00: 2026-04-05 03:48:00,332 - __main__ - INFO - 📡 Scraping @Slasher...
2026-04-05 03:48:00 +00:00: 2026-04-05 03:48:00,912 - __main__ - INFO -   → 97 raw tweets fetched
2026-04-05 03:48:00 +00:00: 2026-04-05 03:48:00,914 - __main__ - INFO -   → 5 viral-worthy CS2 tweets
2026-04-05 03:48:03 +00:00: 2026-04-05 03:48:03,918 - __main__ - INFO - 📡 Scraping @Dust2us...
2026-04-05 03:48:04 +00:00: 2026-04-05 03:48:04,546 - __main__ - INFO -   → 100 raw tweets fetched
2026-04-05 03:48:04 +00:00: 2026-04-05 03:48:04,547 - __main__ - INFO -   → 63 viral-worthy CS2 tweets
2026-04-05 03:48:07 +00:00: 2026-04-05 03:48:07,548 - __main__ - INFO - 📡 Scraping @s1mpleO...
2026-04-05 03:48:08 +00:00: 2026-04-05 03:48:08,134 - __main__ - INFO -   → 79 raw tweets fetched
2026-04-05 03:48:08 +00:00: 2026-04-05 03:48:08,135 - __main__ - INFO -   → 35 viral-worthy CS2 tweets
2026-04-05 03:50:25 +00:00: 2026-04-05 03:50:25,110 - __main__ - INFO - 💾 Stored 291/291 tweets in style_bank
2026-04-05 03:50:25 +00:00: 2026-04-05 03:50:25,112 - __main__ - INFO - 📊 Style bank update: 291 tweets, avg 8363 likes, 191 with media (66%)
2026-04-05 09:50:25 +00:00: 2026-04-05 09:50:25,518 - __main__ - INFO - 📡 Scraping @Ozzny_CS2...
2026-04-05 09:50:25 +00:00: 2026-04-05 09:50:25,727 - __main__ - INFO - 🎟️  Guest token refreshed: 20407287...
2026-04-05 09:50:26 +00:00: 2026-04-05 09:50:26,375 - __main__ - INFO -   → 100 raw tweets fetched
2026-04-05 09:50:26 +00:00: 2026-04-05 09:50:26,376 - __main__ - INFO -   → 47 viral-worthy CS2 tweets
2026-04-05 09:50:29 +00:00: 2026-04-05 09:50:29,376 - __main__ - INFO - 📡 Scraping @ThourCS2...
2026-04-05 09:50:30 +00:00: 2026-04-05 09:50:30,124 - __main__ - INFO -   → 100 raw tweets fetched
2026-04-05 09:50:30 +00:00: 2026-04-05 09:50:30,126 - __main__ - INFO -   → 37 viral-worthy CS2 tweets
2026-04-05 09:50:33 +00:00: 2026-04-05 09:50:33,129 - __main__ - INFO - 📡 Scraping @CS2News_EN...
2026-04-05 09:50:33 +00:00: 2026-04-05 09:50:33,918 - __main__ - INFO -   → 100 raw tweets fetched
2026-04-05 09:50:33 +00:00: 2026-04-05 09:50:33,919 - __main__ - INFO -   → 50 viral-worthy CS2 tweets
2026-04-05 09:50:36 +00:00: 2026-04-05 09:50:36,922 - __main__ - INFO - 📡 Scraping @RazedEsport...
2026-04-05 09:50:37 +00:00: 2026-04-05 09:50:37,685 - __main__ - INFO -   → 99 raw tweets fetched
2026-04-05 09:50:37 +00:00: 2026-04-05 09:50:37,686 - __main__ - INFO -   → 36 viral-worthy CS2 tweets
2026-04-05 09:50:40 +00:00: 2026-04-05 09:50:40,689 - __main__ - INFO - 📡 Scraping @BLASTPremier...
2026-04-05 09:50:41 +00:00: 2026-04-05 09:50:41,200 - __main__ - INFO -   → 18 raw tweets fetched
2026-04-05 09:50:41 +00:00: 2026-04-05 09:50:41,200 - __main__ - INFO -   → 7 viral-worthy CS2 tweets
2026-04-05 09:50:44 +00:00: 2026-04-05 09:50:44,204 - __main__ - INFO - 📡 Scraping @HLTVorg...
2026-04-05 09:50:44 +00:00: 2026-04-05 09:50:44,702 - __main__ - INFO -   → 20 raw tweets fetched
2026-04-05 09:50:44 +00:00: 2026-04-05 09:50:44,703 - __main__ - INFO -   → 13 viral-worthy CS2 tweets
2026-04-05 09:50:47 +00:00: 2026-04-05 09:50:47,707 - __main__ - INFO - 📡 Scraping @CScribe...
2026-04-05 09:50:47 +00:00: 2026-04-05 09:50:47,870 - __main__ - INFO -   → 0 raw tweets fetched
2026-04-05 09:50:47 +00:00: 2026-04-05 09:50:47,870 - __main__ - INFO -   → 0 viral-worthy CS2 tweets
2026-04-05 09:50:50 +00:00: 2026-04-05 09:50:50,874 - __main__ - INFO - 📡 Scraping @Slasher...
2026-04-05 09:50:51 +00:00: 2026-04-05 09:50:51,483 - __main__ - INFO -   → 97 raw tweets fetched
2026-04-05 09:50:51 +00:00: 2026-04-05 09:50:51,484 - __main__ - INFO -   → 5 viral-worthy CS2 tweets
2026-04-05 09:50:54 +00:00: 2026-04-05 09:50:54,488 - __main__ - INFO - 📡 Scraping @Dust2us...
2026-04-05 09:50:55 +00:00: 2026-04-05 09:50:55,153 - __main__ - INFO -   → 100 raw tweets fetched
2026-04-05 09:50:55 +00:00: 2026-04-05 09:50:55,155 - __main__ - INFO -   → 63 viral-worthy CS2 tweets
2026-04-05 09:50:58 +00:00: 2026-04-05 09:50:58,156 - __main__ - INFO - 📡 Scraping @s1mpleO...
2026-04-05 09:50:58 +00:00: 2026-04-05 09:50:58,724 - __main__ - INFO -   → 79 raw tweets fetched
2026-04-05 09:50:58 +00:00: 2026-04-05 09:50:58,727 - __main__ - INFO -   → 35 viral-worthy CS2 tweets
2026-04-05 09:53:16 +00:00: 2026-04-05 09:53:16,323 - __main__ - INFO - 💾 Stored 293/293 tweets in style_bank
2026-04-05 09:53:16 +00:00: 2026-04-05 09:53:16,324 - __main__ - INFO - 📊 Style bank update: 293 tweets, avg 8307 likes, 191 with media (65%)
2026-04-05 15:53:16 +00:00: 2026-04-05 15:53:16,730 - __main__ - INFO - 📡 Scraping @Ozzny_CS2...
2026-04-05 15:53:16 +00:00: 2026-04-05 15:53:16,941 - __main__ - INFO - 🎟️  Guest token refreshed: 20408200...
2026-04-05 15:53:17 +00:00: 2026-04-05 15:53:17,697 - __main__ - INFO -   → 100 raw tweets fetched
2026-04-05 15:53:17 +00:00: 2026-04-05 15:53:17,698 - __main__ - INFO -   → 47 viral-worthy CS2 tweets
2026-04-05 15:53:20 +00:00: 2026-04-05 15:53:20,701 - __main__ - INFO - 📡 Scraping @ThourCS2...
2026-04-05 15:53:21 +00:00: 2026-04-05 15:53:21,308 - __main__ - INFO -   → 100 raw tweets fetched
2026-04-05 15:53:21 +00:00: 2026-04-05 15:53:21,309 - __main__ - INFO -   → 37 viral-worthy CS2 tweets
2026-04-05 15:53:24 +00:00: 2026-04-05 15:53:24,312 - __main__ - INFO - 📡 Scraping @CS2News_EN...
2026-04-05 15:53:24 +00:00: 2026-04-05 15:53:24,946 - __main__ - INFO -   → 100 raw tweets fetched
2026-04-05 15:53:24 +00:00: 2026-04-05 15:53:24,948 - __main__ - INFO -   → 50 viral-worthy CS2 tweets
2026-04-05 15:53:27 +00:00: 2026-04-05 15:53:27,952 - __main__ - INFO - 📡 Scraping @RazedEsport...
2026-04-05 15:53:29 +00:00: 2026-04-05 15:53:29,092 - __main__ - INFO -   → 99 raw tweets fetched
2026-04-05 15:53:29 +00:00: 2026-04-05 15:53:29,093 - __main__ - INFO -   → 36 viral-worthy CS2 tweets
2026-04-05 15:53:32 +00:00: 2026-04-05 15:53:32,096 - __main__ - INFO - 📡 Scraping @BLASTPremier...
2026-04-05 15:53:32 +00:00: 2026-04-05 15:53:32,667 - __main__ - INFO -   → 17 raw tweets fetched
2026-04-05 15:53:32 +00:00: 2026-04-05 15:53:32,668 - __main__ - INFO -   → 7 viral-worthy CS2 tweets
2026-04-05 15:53:35 +00:00: 2026-04-05 15:53:35,671 - __main__ - INFO - 📡 Scraping @HLTVorg...
2026-04-05 15:53:36 +00:00: 2026-04-05 15:53:36,237 - __main__ - INFO -   → 20 raw tweets fetched
2026-04-05 15:53:36 +00:00: 2026-04-05 15:53:36,238 - __main__ - INFO -   → 10 viral-worthy CS2 tweets
2026-04-05 15:53:39 +00:00: 2026-04-05 15:53:39,241 - __main__ - INFO - 📡 Scraping @CScribe...
2026-04-05 15:53:39 +00:00: 2026-04-05 15:53:39,402 - __main__ - INFO -   → 0 raw tweets fetched
2026-04-05 15:53:39 +00:00: 2026-04-05 15:53:39,402 - __main__ - INFO -   → 0 viral-worthy CS2 tweets
2026-04-05 15:53:42 +00:00: 2026-04-05 15:53:42,405 - __main__ - INFO - 📡 Scraping @Slasher...
2026-04-05 15:53:43 +00:00: 2026-04-05 15:53:43,017 - __main__ - INFO -   → 97 raw tweets fetched
2026-04-05 15:53:43 +00:00: 2026-04-05 15:53:43,019 - __main__ - INFO -   → 5 viral-worthy CS2 tweets
2026-04-05 15:53:46 +00:00: 2026-04-05 15:53:46,020 - __main__ - INFO - 📡 Scraping @Dust2us...
2026-04-05 15:53:46 +00:00: 2026-04-05 15:53:46,780 - __main__ - INFO -   → 100 raw tweets fetched
2026-04-05 15:53:46 +00:00: 2026-04-05 15:53:46,782 - __main__ - INFO -   → 63 viral-worthy CS2 tweets
2026-04-05 15:53:49 +00:00: 2026-04-05 15:53:49,784 - __main__ - INFO - 📡 Scraping @s1mpleO...
2026-04-05 15:53:50 +00:00: 2026-04-05 15:53:50,575 - __main__ - INFO -   → 79 raw tweets fetched
2026-04-05 15:53:50 +00:00: 2026-04-05 15:53:50,575 - __main__ - INFO -   → 35 viral-worthy CS2 tweets
2026-04-05 15:56:06 +00:00: 2026-04-05 15:56:06,876 - __main__ - INFO - 💾 Stored 290/290 tweets in style_bank
2026-04-05 15:56:06 +00:00: 2026-04-05 15:56:06,878 - __main__ - INFO - 📊 Style bank update: 290 tweets, avg 8383 likes, 190 with media (66%)
2026-04-05 21:56:07 +00:00: 2026-04-05 21:56:07,262 - __main__ - INFO - 📡 Scraping @Ozzny_CS2...
2026-04-05 21:56:07 +00:00: 2026-04-05 21:56:07,480 - __main__ - INFO - 🎟️  Guest token refreshed: 20409113...
2026-04-05 21:56:08 +00:00: 2026-04-05 21:56:08,186 - __main__ - INFO -   → 100 raw tweets fetched
2026-04-05 21:56:08 +00:00: 2026-04-05 21:56:08,187 - __main__ - INFO -   → 47 viral-worthy CS2 tweets
2026-04-05 21:56:11 +00:00: 2026-04-05 21:56:11,191 - __main__ - INFO - 📡 Scraping @ThourCS2...
2026-04-05 21:56:11 +00:00: 2026-04-05 21:56:11,894 - __main__ - INFO -   → 100 raw tweets fetched
2026-04-05 21:56:11 +00:00: 2026-04-05 21:56:11,895 - __main__ - INFO -   → 37 viral-worthy CS2 tweets
2026-04-05 21:56:14 +00:00: 2026-04-05 21:56:14,898 - __main__ - INFO - 📡 Scraping @CS2News_EN...
2026-04-05 21:56:15 +00:00: 2026-04-05 21:56:15,590 - __main__ - INFO -   → 100 raw tweets fetched
2026-04-05 21:56:15 +00:00: 2026-04-05 21:56:15,591 - __main__ - INFO -   → 50 viral-worthy CS2 tweets
2026-04-05 21:56:18 +00:00: 2026-04-05 21:56:18,595 - __main__ - INFO - 📡 Scraping @RazedEsport...
2026-04-05 21:56:19 +00:00: 2026-04-05 21:56:19,700 - __main__ - INFO -   → 99 raw tweets fetched
2026-04-05 21:56:19 +00:00: 2026-04-05 21:56:19,701 - __main__ - INFO -   → 36 viral-worthy CS2 tweets
2026-04-05 21:56:22 +00:00: 2026-04-05 21:56:22,704 - __main__ - INFO - 📡 Scraping @BLASTPremier...
2026-04-05 21:56:23 +00:00: 2026-04-05 21:56:23,309 - __main__ - INFO -   → 18 raw tweets fetched
2026-04-05 21:56:23 +00:00: 2026-04-05 21:56:23,310 - __main__ - INFO -   → 7 viral-worthy CS2 tweets
2026-04-05 21:56:26 +00:00: 2026-04-05 21:56:26,313 - __main__ - INFO - 📡 Scraping @HLTVorg...
2026-04-05 21:56:26 +00:00: 2026-04-05 21:56:26,782 - __main__ - INFO -   → 20 raw tweets fetched
2026-04-05 21:56:26 +00:00: 2026-04-05 21:56:26,782 - __main__ - INFO -   → 16 viral-worthy CS2 tweets
2026-04-05 21:56:29 +00:00: 2026-04-05 21:56:29,786 - __main__ - INFO - 📡 Scraping @CScribe...
2026-04-05 21:56:29 +00:00: 2026-04-05 21:56:29,952 - __main__ - INFO -   → 0 raw tweets fetched
2026-04-05 21:56:29 +00:00: 2026-04-05 21:56:29,952 - __main__ - INFO -   → 0 viral-worthy CS2 tweets
2026-04-05 21:56:32 +00:00: 2026-04-05 21:56:32,955 - __main__ - INFO - 📡 Scraping @Slasher...
2026-04-05 21:56:33 +00:00: 2026-04-05 21:56:33,701 - __main__ - INFO -   → 97 raw tweets fetched
2026-04-05 21:56:33 +00:00: 2026-04-05 21:56:33,702 - __main__ - INFO -   → 5 viral-worthy CS2 tweets
2026-04-05 21:56:36 +00:00: 2026-04-05 21:56:36,706 - __main__ - INFO - 📡 Scraping @Dust2us...
2026-04-05 21:56:37 +00:00: 2026-04-05 21:56:37,452 - __main__ - INFO -   → 100 raw tweets fetched
2026-04-05 21:56:37 +00:00: 2026-04-05 21:56:37,453 - __main__ - INFO -   → 63 viral-worthy CS2 tweets
2026-04-05 21:56:40 +00:00: 2026-04-05 21:56:40,457 - __main__ - INFO - 📡 Scraping @s1mpleO...
2026-04-05 21:56:41 +00:00: 2026-04-05 21:56:41,049 - __main__ - INFO -   → 79 raw tweets fetched
2026-04-05 21:56:41 +00:00: 2026-04-05 21:56:41,050 - __main__ - INFO -   → 35 viral-worthy CS2 tweets
2026-04-05 21:59:00 +00:00: 2026-04-05 21:59:00,155 - __main__ - INFO - 💾 Stored 296/296 tweets in style_bank
2026-04-05 21:59:00 +00:00: 2026-04-05 21:59:00,156 - __main__ - INFO - 📊 Style bank update: 296 tweets, avg 8236 likes, 194 with media (66%)
2026-04-06 03:59:00 +00:00: 2026-04-06 03:59:00,562 - __main__ - INFO - 📡 Scraping @Ozzny_CS2...
2026-04-06 03:59:00 +00:00: 2026-04-06 03:59:00,728 - __main__ - INFO - 🎟️  Guest token refreshed: 20410027...
2026-04-06 03:59:01 +00:00: 2026-04-06 03:59:01,636 - __main__ - INFO -   → 100 raw tweets fetched
2026-04-06 03:59:01 +00:00: 2026-04-06 03:59:01,637 - __main__ - INFO -   → 47 viral-worthy CS2 tweets
2026-04-06 03:59:04 +00:00: 2026-04-06 03:59:04,640 - __main__ - INFO - 📡 Scraping @ThourCS2...
2026-04-06 03:59:05 +00:00: 2026-04-06 03:59:05,443 - __main__ - INFO -   → 100 raw tweets fetched
2026-04-06 03:59:05 +00:00: 2026-04-06 03:59:05,444 - __main__ - INFO -   → 37 viral-worthy CS2 tweets
2026-04-06 03:59:08 +00:00: 2026-04-06 03:59:08,448 - __main__ - INFO - 📡 Scraping @CS2News_EN...
2026-04-06 03:59:09 +00:00: 2026-04-06 03:59:09,204 - __main__ - INFO -   → 100 raw tweets fetched
2026-04-06 03:59:09 +00:00: 2026-04-06 03:59:09,206 - __main__ - INFO -   → 50 viral-worthy CS2 tweets
2026-04-06 03:59:12 +00:00: 2026-04-06 03:59:12,210 - __main__ - INFO - 📡 Scraping @RazedEsport...
2026-04-06 03:59:13 +00:00: 2026-04-06 03:59:13,221 - __main__ - INFO -   → 99 raw tweets fetched
2026-04-06 03:59:13 +00:00: 2026-04-06 03:59:13,222 - __main__ - INFO -   → 36 viral-worthy CS2 tweets
2026-04-06 03:59:16 +00:00: 2026-04-06 03:59:16,224 - __main__ - INFO - 📡 Scraping @BLASTPremier...
2026-04-06 03:59:16 +00:00: 2026-04-06 03:59:16,916 - __main__ - INFO -   → 18 raw tweets fetched
2026-04-06 03:59:16 +00:00: 2026-04-06 03:59:16,917 - __main__ - INFO -   → 7 viral-worthy CS2 tweets
2026-04-06 03:59:19 +00:00: 2026-04-06 03:59:19,920 - __main__ - INFO - 📡 Scraping @HLTVorg...
2026-04-06 03:59:20 +00:00: 2026-04-06 03:59:20,661 - __main__ - INFO -   → 20 raw tweets fetched
2026-04-06 03:59:20 +00:00: 2026-04-06 03:59:20,661 - __main__ - INFO -   → 17 viral-worthy CS2 tweets
2026-04-06 03:59:23 +00:00: 2026-04-06 03:59:23,665 - __main__ - INFO - 📡 Scraping @CScribe...
2026-04-06 03:59:23 +00:00: 2026-04-06 03:59:23,836 - __main__ - INFO -   → 0 raw tweets fetched
2026-04-06 03:59:23 +00:00: 2026-04-06 03:59:23,836 - __main__ - INFO -   → 0 viral-worthy CS2 tweets
2026-04-06 03:59:26 +00:00: 2026-04-06 03:59:26,839 - __main__ - INFO - 📡 Scraping @Slasher...
2026-04-06 03:59:27 +00:00: 2026-04-06 03:59:27,746 - __main__ - INFO -   → 97 raw tweets fetched
2026-04-06 03:59:27 +00:00: 2026-04-06 03:59:27,748 - __main__ - INFO -   → 5 viral-worthy CS2 tweets
2026-04-06 03:59:30 +00:00: 2026-04-06 03:59:30,752 - __main__ - INFO - 📡 Scraping @Dust2us...
2026-04-06 03:59:31 +00:00: 2026-04-06 03:59:31,563 - __main__ - INFO -   → 100 raw tweets fetched
2026-04-06 03:59:31 +00:00: 2026-04-06 03:59:31,564 - __main__ - INFO -   → 63 viral-worthy CS2 tweets
2026-04-06 03:59:34 +00:00: 2026-04-06 03:59:34,564 - __main__ - INFO - 📡 Scraping @s1mpleO...
2026-04-06 03:59:35 +00:00: 2026-04-06 03:59:35,395 - __main__ - INFO -   → 79 raw tweets fetched
2026-04-06 03:59:35 +00:00: 2026-04-06 03:59:35,396 - __main__ - INFO -   → 35 viral-worthy CS2 tweets
2026-04-06 04:01:54 +00:00: 2026-04-06 04:01:54,761 - __main__ - INFO - 💾 Stored 297/297 tweets in style_bank
2026-04-06 04:01:54 +00:00: 2026-04-06 04:01:54,762 - __main__ - INFO - 📊 Style bank update: 297 tweets, avg 8250 likes, 195 with media (66%)
2026-04-06 10:01:55 +00:00: 2026-04-06 10:01:55,073 - __main__ - INFO - 📡 Scraping @Ozzny_CS2...
2026-04-06 10:01:55 +00:00: 2026-04-06 10:01:55,287 - __main__ - INFO - 🎟️  Guest token refreshed: 20410940...
2026-04-06 10:01:55 +00:00: 2026-04-06 10:01:55,972 - __main__ - INFO -   → 100 raw tweets fetched
2026-04-06 10:01:55 +00:00: 2026-04-06 10:01:55,975 - __main__ - INFO -   → 47 viral-worthy CS2 tweets
2026-04-06 10:01:58 +00:00: 2026-04-06 10:01:58,978 - __main__ - INFO - 📡 Scraping @ThourCS2...
2026-04-06 10:01:59 +00:00: 2026-04-06 10:01:59,512 - __main__ - INFO -   → 100 raw tweets fetched
2026-04-06 10:01:59 +00:00: 2026-04-06 10:01:59,513 - __main__ - INFO -   → 37 viral-worthy CS2 tweets
2026-04-06 10:02:02 +00:00: 2026-04-06 10:02:02,516 - __main__ - INFO - 📡 Scraping @CS2News_EN...
2026-04-06 10:02:03 +00:00: 2026-04-06 10:02:03,117 - __main__ - INFO -   → 100 raw tweets fetched
2026-04-06 10:02:03 +00:00: 2026-04-06 10:02:03,118 - __main__ - INFO -   → 50 viral-worthy CS2 tweets
2026-04-06 10:02:06 +00:00: 2026-04-06 10:02:06,122 - __main__ - INFO - 📡 Scraping @RazedEsport...
2026-04-06 10:02:06 +00:00: 2026-04-06 10:02:06,981 - __main__ - INFO -   → 99 raw tweets fetched
2026-04-06 10:02:06 +00:00: 2026-04-06 10:02:06,981 - __main__ - INFO -   → 36 viral-worthy CS2 tweets
2026-04-06 10:02:09 +00:00: 2026-04-06 10:02:09,985 - __main__ - INFO - 📡 Scraping @BLASTPremier...
2026-04-06 10:02:10 +00:00: 2026-04-06 10:02:10,577 - __main__ - INFO -   → 18 raw tweets fetched
2026-04-06 10:02:10 +00:00: 2026-04-06 10:02:10,578 - __main__ - INFO -   → 7 viral-worthy CS2 tweets
2026-04-06 10:02:13 +00:00: 2026-04-06 10:02:13,581 - __main__ - INFO - 📡 Scraping @HLTVorg...
2026-04-06 10:02:14 +00:00: 2026-04-06 10:02:14,104 - __main__ - INFO -   → 20 raw tweets fetched
2026-04-06 10:02:14 +00:00: 2026-04-06 10:02:14,105 - __main__ - INFO -   → 12 viral-worthy CS2 tweets
2026-04-06 10:02:17 +00:00: 2026-04-06 10:02:17,109 - __main__ - INFO - 📡 Scraping @CScribe...
2026-04-06 10:02:17 +00:00: 2026-04-06 10:02:17,262 - __main__ - INFO -   → 0 raw tweets fetched
2026-04-06 10:02:17 +00:00: 2026-04-06 10:02:17,263 - __main__ - INFO -   → 0 viral-worthy CS2 tweets
2026-04-06 10:02:20 +00:00: 2026-04-06 10:02:20,264 - __main__ - INFO - 📡 Scraping @Slasher...
2026-04-06 10:02:20 +00:00: 2026-04-06 10:02:20,897 - __main__ - INFO -   → 97 raw tweets fetched
2026-04-06 10:02:20 +00:00: 2026-04-06 10:02:20,909 - __main__ - INFO -   → 5 viral-worthy CS2 tweets
2026-04-06 10:02:23 +00:00: 2026-04-06 10:02:23,913 - __main__ - INFO - 📡 Scraping @Dust2us...
2026-04-06 10:02:25 +00:00: 2026-04-06 10:02:25,020 - __main__ - INFO -   → 100 raw tweets fetched
2026-04-06 10:02:25 +00:00: 2026-04-06 10:02:25,021 - __main__ - INFO -   → 63 viral-worthy CS2 tweets
2026-04-06 10:02:28 +00:00: 2026-04-06 10:02:28,025 - __main__ - INFO - 📡 Scraping @s1mpleO...
2026-04-06 10:02:28 +00:00: 2026-04-06 10:02:28,611 - __main__ - INFO -   → 79 raw tweets fetched
2026-04-06 10:02:28 +00:00: 2026-04-06 10:02:28,612 - __main__ - INFO -   → 35 viral-worthy CS2 tweets
2026-04-06 10:04:45 +00:00: 2026-04-06 10:04:45,711 - __main__ - INFO - 💾 Stored 292/292 tweets in style_bank
2026-04-06 10:04:45 +00:00: 2026-04-06 10:04:45,713 - __main__ - INFO - 📊 Style bank update: 292 tweets, avg 8390 likes, 191 with media (65%)
2026-04-06 16:04:46 +00:00: 2026-04-06 16:04:46,122 - __main__ - INFO - 📡 Scraping @Ozzny_CS2...
2026-04-06 16:04:46 +00:00: 2026-04-06 16:04:46,353 - __main__ - INFO - 🎟️  Guest token refreshed: 20411853...
2026-04-06 16:04:47 +00:00: 2026-04-06 16:04:47,138 - __main__ - INFO -   → 100 raw tweets fetched
2026-04-06 16:04:47 +00:00: 2026-04-06 16:04:47,139 - __main__ - INFO -   → 47 viral-worthy CS2 tweets
2026-04-06 16:04:50 +00:00: 2026-04-06 16:04:50,142 - __main__ - INFO - 📡 Scraping @ThourCS2...
2026-04-06 16:04:50 +00:00: 2026-04-06 16:04:50,911 - __main__ - INFO -   → 100 raw tweets fetched
2026-04-06 16:04:50 +00:00: 2026-04-06 16:04:50,913 - __main__ - INFO -   → 37 viral-worthy CS2 tweets
2026-04-06 16:04:53 +00:00: 2026-04-06 16:04:53,916 - __main__ - INFO - 📡 Scraping @CS2News_EN...
2026-04-06 16:04:54 +00:00: 2026-04-06 16:04:54,580 - __main__ - INFO -   → 100 raw tweets fetched
2026-04-06 16:04:54 +00:00: 2026-04-06 16:04:54,581 - __main__ - INFO -   → 50 viral-worthy CS2 tweets
2026-04-06 16:04:57 +00:00: 2026-04-06 16:04:57,585 - __main__ - INFO - 📡 Scraping @RazedEsport...
2026-04-06 16:04:58 +00:00: 2026-04-06 16:04:58,695 - __main__ - INFO -   → 99 raw tweets fetched
2026-04-06 16:04:58 +00:00: 2026-04-06 16:04:58,697 - __main__ - INFO -   → 36 viral-worthy CS2 tweets
2026-04-06 16:05:01 +00:00: 2026-04-06 16:05:01,701 - __main__ - INFO - 📡 Scraping @BLASTPremier...
2026-04-06 16:05:02 +00:00: 2026-04-06 16:05:02,339 - __main__ - INFO -   → 18 raw tweets fetched
2026-04-06 16:05:02 +00:00: 2026-04-06 16:05:02,341 - __main__ - INFO -   → 7 viral-worthy CS2 tweets
2026-04-06 16:05:05 +00:00: 2026-04-06 16:05:05,345 - __main__ - INFO - 📡 Scraping @HLTVorg...
2026-04-06 16:05:05 +00:00: 2026-04-06 16:05:05,889 - __main__ - INFO -   → 20 raw tweets fetched
2026-04-06 16:05:05 +00:00: 2026-04-06 16:05:05,889 - __main__ - INFO -   → 12 viral-worthy CS2 tweets
2026-04-06 16:05:08 +00:00: 2026-04-06 16:05:08,892 - __main__ - INFO - 📡 Scraping @CScribe...
2026-04-06 16:05:09 +00:00: 2026-04-06 16:05:09,080 - __main__ - INFO -   → 0 raw tweets fetched
2026-04-06 16:05:09 +00:00: 2026-04-06 16:05:09,080 - __main__ - INFO -   → 0 viral-worthy CS2 tweets
2026-04-06 16:05:12 +00:00: 2026-04-06 16:05:12,080 - __main__ - INFO - 📡 Scraping @Slasher...
2026-04-06 16:05:13 +00:00: 2026-04-06 16:05:13,044 - __main__ - INFO -   → 97 raw tweets fetched
2026-04-06 16:05:13 +00:00: 2026-04-06 16:05:13,046 - __main__ - INFO -   → 5 viral-worthy CS2 tweets
2026-04-06 16:05:16 +00:00: 2026-04-06 16:05:16,051 - __main__ - INFO - 📡 Scraping @Dust2us...
2026-04-06 16:05:16 +00:00: 2026-04-06 16:05:16,790 - __main__ - INFO -   → 100 raw tweets fetched
2026-04-06 16:05:16 +00:00: 2026-04-06 16:05:16,791 - __main__ - INFO -   → 63 viral-worthy CS2 tweets
2026-04-06 16:05:19 +00:00: 2026-04-06 16:05:19,796 - __main__ - INFO - 📡 Scraping @s1mpleO...
2026-04-06 16:05:20 +00:00: 2026-04-06 16:05:20,355 - __main__ - INFO -   → 79 raw tweets fetched
2026-04-06 16:05:20 +00:00: 2026-04-06 16:05:20,356 - __main__ - INFO -   → 35 viral-worthy CS2 tweets
2026-04-06 16:07:38 +00:00: 2026-04-06 16:07:38,359 - __main__ - INFO - 💾 Stored 292/292 tweets in style_bank
2026-04-06 16:07:38 +00:00: 2026-04-06 16:07:38,360 - __main__ - INFO - 📊 Style bank update: 292 tweets, avg 8341 likes, 193 with media (66%)
2026-04-06 22:07:38 +00:00: 2026-04-06 22:07:38,681 - __main__ - INFO - 📡 Scraping @Ozzny_CS2...
2026-04-06 22:07:38 +00:00: 2026-04-06 22:07:38,867 - __main__ - INFO - 🎟️  Guest token refreshed: 20412766...
2026-04-06 22:07:39 +00:00: 2026-04-06 22:07:39,897 - __main__ - INFO -   → 100 raw tweets fetched
2026-04-06 22:07:39 +00:00: 2026-04-06 22:07:39,899 - __main__ - INFO -   → 47 viral-worthy CS2 tweets
2026-04-06 22:07:42 +00:00: 2026-04-06 22:07:42,902 - __main__ - INFO - 📡 Scraping @ThourCS2...
2026-04-06 22:07:43 +00:00: 2026-04-06 22:07:43,617 - __main__ - INFO -   → 100 raw tweets fetched
2026-04-06 22:07:43 +00:00: 2026-04-06 22:07:43,618 - __main__ - INFO -   → 37 viral-worthy CS2 tweets
2026-04-06 22:07:46 +00:00: 2026-04-06 22:07:46,622 - __main__ - INFO - 📡 Scraping @CS2News_EN...
2026-04-06 22:07:47 +00:00: 2026-04-06 22:07:47,596 - __main__ - INFO -   → 100 raw tweets fetched
2026-04-06 22:07:47 +00:00: 2026-04-06 22:07:47,597 - __main__ - INFO -   → 50 viral-worthy CS2 tweets
2026-04-06 22:07:50 +00:00: 2026-04-06 22:07:50,601 - __main__ - INFO - 📡 Scraping @RazedEsport...
2026-04-06 22:07:51 +00:00: 2026-04-06 22:07:51,548 - __main__ - INFO -   → 99 raw tweets fetched
2026-04-06 22:07:51 +00:00: 2026-04-06 22:07:51,548 - __main__ - INFO -   → 36 viral-worthy CS2 tweets
2026-04-06 22:07:54 +00:00: 2026-04-06 22:07:54,552 - __main__ - INFO - 📡 Scraping @BLASTPremier...
2026-04-06 22:07:55 +00:00: 2026-04-06 22:07:55,284 - __main__ - INFO -   → 18 raw tweets fetched
2026-04-06 22:07:55 +00:00: 2026-04-06 22:07:55,285 - __main__ - INFO -   → 7 viral-worthy CS2 tweets
2026-04-06 22:07:58 +00:00: 2026-04-06 22:07:58,288 - __main__ - INFO - 📡 Scraping @HLTVorg...
2026-04-06 22:07:58 +00:00: 2026-04-06 22:07:58,872 - __main__ - INFO -   → 20 raw tweets fetched
2026-04-06 22:07:58 +00:00: 2026-04-06 22:07:58,873 - __main__ - INFO -   → 12 viral-worthy CS2 tweets
2026-04-06 22:08:01 +00:00: 2026-04-06 22:08:01,876 - __main__ - INFO - 📡 Scraping @CScribe...
2026-04-06 22:08:02 +00:00: 2026-04-06 22:08:02,036 - __main__ - INFO -   → 0 raw tweets fetched
2026-04-06 22:08:02 +00:00: 2026-04-06 22:08:02,036 - __main__ - INFO -   → 0 viral-worthy CS2 tweets
2026-04-06 22:08:05 +00:00: 2026-04-06 22:08:05,036 - __main__ - INFO - 📡 Scraping @Slasher...
2026-04-06 22:08:05 +00:00: 2026-04-06 22:08:05,782 - __main__ - INFO -   → 97 raw tweets fetched
2026-04-06 22:08:05 +00:00: 2026-04-06 22:08:05,784 - __main__ - INFO -   → 5 viral-worthy CS2 tweets
2026-04-06 22:08:08 +00:00: 2026-04-06 22:08:08,788 - __main__ - INFO - 📡 Scraping @Dust2us...
2026-04-06 22:08:09 +00:00: 2026-04-06 22:08:09,630 - __main__ - INFO -   → 100 raw tweets fetched
2026-04-06 22:08:09 +00:00: 2026-04-06 22:08:09,630 - __main__ - INFO -   → 63 viral-worthy CS2 tweets
2026-04-06 22:08:12 +00:00: 2026-04-06 22:08:12,634 - __main__ - INFO - 📡 Scraping @s1mpleO...
2026-04-06 22:08:13 +00:00: 2026-04-06 22:08:13,287 - __main__ - INFO -   → 79 raw tweets fetched
2026-04-06 22:08:13 +00:00: 2026-04-06 22:08:13,288 - __main__ - INFO -   → 35 viral-worthy CS2 tweets
2026-04-06 22:10:30 +00:00: 2026-04-06 22:10:30,383 - __main__ - INFO - 💾 Stored 292/292 tweets in style_bank
2026-04-06 22:10:30 +00:00: 2026-04-06 22:10:30,384 - __main__ - INFO - 📊 Style bank update: 292 tweets, avg 8344 likes, 190 with media (65%)
2026-04-07 04:10:30 +00:00: 2026-04-07 04:10:30,717 - __main__ - INFO - 📡 Scraping @Ozzny_CS2...
2026-04-07 04:10:30 +00:00: 2026-04-07 04:10:30,935 - __main__ - INFO - 🎟️  Guest token refreshed: 20413679...
2026-04-07 04:10:31 +00:00: 2026-04-07 04:10:31,575 - __main__ - INFO -   → 100 raw tweets fetched
2026-04-07 04:10:31 +00:00: 2026-04-07 04:10:31,576 - __main__ - INFO -   → 47 viral-worthy CS2 tweets
2026-04-07 04:10:34 +00:00: 2026-04-07 04:10:34,579 - __main__ - INFO - 📡 Scraping @ThourCS2...
2026-04-07 04:10:35 +00:00: 2026-04-07 04:10:35,567 - __main__ - INFO -   → 100 raw tweets fetched
2026-04-07 04:10:35 +00:00: 2026-04-07 04:10:35,568 - __main__ - INFO -   → 37 viral-worthy CS2 tweets
2026-04-07 04:10:38 +00:00: 2026-04-07 04:10:38,572 - __main__ - INFO - 📡 Scraping @CS2News_EN...
2026-04-07 04:10:39 +00:00: 2026-04-07 04:10:39,202 - __main__ - INFO -   → 100 raw tweets fetched
2026-04-07 04:10:39 +00:00: 2026-04-07 04:10:39,203 - __main__ - INFO -   → 50 viral-worthy CS2 tweets
2026-04-07 04:10:42 +00:00: 2026-04-07 04:10:42,207 - __main__ - INFO - 📡 Scraping @RazedEsport...
2026-04-07 04:10:43 +00:00: 2026-04-07 04:10:43,101 - __main__ - INFO -   → 99 raw tweets fetched
2026-04-07 04:10:43 +00:00: 2026-04-07 04:10:43,101 - __main__ - INFO -   → 36 viral-worthy CS2 tweets
2026-04-07 04:10:46 +00:00: 2026-04-07 04:10:46,105 - __main__ - INFO - 📡 Scraping @BLASTPremier...
2026-04-07 04:10:46 +00:00: 2026-04-07 04:10:46,750 - __main__ - INFO -   → 18 raw tweets fetched
2026-04-07 04:10:46 +00:00: 2026-04-07 04:10:46,750 - __main__ - INFO -   → 7 viral-worthy CS2 tweets
2026-04-07 04:10:49 +00:00: 2026-04-07 04:10:49,754 - __main__ - INFO - 📡 Scraping @HLTVorg...
2026-04-07 04:10:50 +00:00: 2026-04-07 04:10:50,381 - __main__ - INFO -   → 20 raw tweets fetched
2026-04-07 04:10:50 +00:00: 2026-04-07 04:10:50,382 - __main__ - INFO -   → 12 viral-worthy CS2 tweets
2026-04-07 04:10:53 +00:00: 2026-04-07 04:10:53,384 - __main__ - INFO - 📡 Scraping @CScribe...
2026-04-07 04:10:53 +00:00: 2026-04-07 04:10:53,546 - __main__ - INFO -   → 0 raw tweets fetched
2026-04-07 04:10:53 +00:00: 2026-04-07 04:10:53,546 - __main__ - INFO -   → 0 viral-worthy CS2 tweets
2026-04-07 04:10:56 +00:00: 2026-04-07 04:10:56,548 - __main__ - INFO - 📡 Scraping @Slasher...
2026-04-07 04:10:57 +00:00: 2026-04-07 04:10:57,257 - __main__ - INFO -   → 97 raw tweets fetched
2026-04-07 04:10:57 +00:00: 2026-04-07 04:10:57,258 - __main__ - INFO -   → 5 viral-worthy CS2 tweets
2026-04-07 04:11:00 +00:00: 2026-04-07 04:11:00,262 - __main__ - INFO - 📡 Scraping @Dust2us...
2026-04-07 04:11:01 +00:00: 2026-04-07 04:11:01,195 - __main__ - INFO -   → 100 raw tweets fetched
2026-04-07 04:11:01 +00:00: 2026-04-07 04:11:01,196 - __main__ - INFO -   → 63 viral-worthy CS2 tweets
2026-04-07 04:11:04 +00:00: 2026-04-07 04:11:04,200 - __main__ - INFO - 📡 Scraping @s1mpleO...
2026-04-07 04:11:04 +00:00: 2026-04-07 04:11:04,889 - __main__ - INFO -   → 79 raw tweets fetched
2026-04-07 04:11:04 +00:00: 2026-04-07 04:11:04,891 - __main__ - INFO -   → 35 viral-worthy CS2 tweets
2026-04-07 04:13:22 +00:00: 2026-04-07 04:13:22,249 - __main__ - INFO - 💾 Stored 292/292 tweets in style_bank
2026-04-07 04:13:22 +00:00: 2026-04-07 04:13:22,250 - __main__ - INFO - 📊 Style bank update: 292 tweets, avg 8345 likes, 190 with media (65%)
2026-04-07 10:13:22 +00:00: 2026-04-07 10:13:22,654 - __main__ - INFO - 📡 Scraping @Ozzny_CS2...
2026-04-07 10:13:22 +00:00: 2026-04-07 10:13:22,842 - __main__ - INFO - 🎟️  Guest token refreshed: 20414593...
2026-04-07 10:13:23 +00:00: 2026-04-07 10:13:23,506 - __main__ - INFO -   → 100 raw tweets fetched
2026-04-07 10:13:23 +00:00: 2026-04-07 10:13:23,507 - __main__ - INFO -   → 47 viral-worthy CS2 tweets
2026-04-07 10:13:26 +00:00: 2026-04-07 10:13:26,510 - __main__ - INFO - 📡 Scraping @ThourCS2...
2026-04-07 10:13:27 +00:00: 2026-04-07 10:13:27,147 - __main__ - INFO -   → 100 raw tweets fetched
2026-04-07 10:13:27 +00:00: 2026-04-07 10:13:27,148 - __main__ - INFO -   → 37 viral-worthy CS2 tweets
2026-04-07 10:13:30 +00:00: 2026-04-07 10:13:30,151 - __main__ - INFO - 📡 Scraping @CS2News_EN...
2026-04-07 10:13:30 +00:00: 2026-04-07 10:13:30,953 - __main__ - INFO -   → 100 raw tweets fetched
2026-04-07 10:13:30 +00:00: 2026-04-07 10:13:30,954 - __main__ - INFO -   → 50 viral-worthy CS2 tweets
2026-04-07 10:13:33 +00:00: 2026-04-07 10:13:33,957 - __main__ - INFO - 📡 Scraping @RazedEsport...
2026-04-07 10:13:35 +00:00: 2026-04-07 10:13:35,227 - __main__ - INFO -   → 99 raw tweets fetched
2026-04-07 10:13:35 +00:00: 2026-04-07 10:13:35,228 - __main__ - INFO -   → 36 viral-worthy CS2 tweets
2026-04-07 10:13:38 +00:00: 2026-04-07 10:13:38,230 - __main__ - INFO - 📡 Scraping @BLASTPremier...
2026-04-07 10:13:38 +00:00: 2026-04-07 10:13:38,768 - __main__ - INFO -   → 18 raw tweets fetched
2026-04-07 10:13:38 +00:00: 2026-04-07 10:13:38,768 - __main__ - INFO -   → 7 viral-worthy CS2 tweets
2026-04-07 10:13:41 +00:00: 2026-04-07 10:13:41,771 - __main__ - INFO - 📡 Scraping @HLTVorg...
2026-04-07 10:13:42 +00:00: 2026-04-07 10:13:42,357 - __main__ - INFO -   → 20 raw tweets fetched
2026-04-07 10:13:42 +00:00: 2026-04-07 10:13:42,357 - __main__ - INFO -   → 7 viral-worthy CS2 tweets
2026-04-07 10:13:45 +00:00: 2026-04-07 10:13:45,361 - __main__ - INFO - 📡 Scraping @CScribe...
2026-04-07 10:13:45 +00:00: 2026-04-07 10:13:45,513 - __main__ - INFO -   → 0 raw tweets fetched
2026-04-07 10:13:45 +00:00: 2026-04-07 10:13:45,513 - __main__ - INFO -   → 0 viral-worthy CS2 tweets
2026-04-07 10:13:48 +00:00: 2026-04-07 10:13:48,517 - __main__ - INFO - 📡 Scraping @Slasher...
2026-04-07 10:13:49 +00:00: 2026-04-07 10:13:49,336 - __main__ - INFO -   → 97 raw tweets fetched
2026-04-07 10:13:49 +00:00: 2026-04-07 10:13:49,338 - __main__ - INFO -   → 5 viral-worthy CS2 tweets
2026-04-07 10:13:52 +00:00: 2026-04-07 10:13:52,342 - __main__ - INFO - 📡 Scraping @Dust2us...
2026-04-07 10:13:53 +00:00: 2026-04-07 10:13:53,076 - __main__ - INFO -   → 100 raw tweets fetched
2026-04-07 10:13:53 +00:00: 2026-04-07 10:13:53,077 - __main__ - INFO -   → 63 viral-worthy CS2 tweets
2026-04-07 10:13:56 +00:00: 2026-04-07 10:13:56,081 - __main__ - INFO - 📡 Scraping @s1mpleO...
2026-04-07 10:13:56 +00:00: 2026-04-07 10:13:56,646 - __main__ - INFO -   → 79 raw tweets fetched
2026-04-07 10:13:56 +00:00: 2026-04-07 10:13:56,647 - __main__ - INFO -   → 35 viral-worthy CS2 tweets
2026-04-07 10:16:11 +00:00: 2026-04-07 10:16:11,257 - __main__ - INFO - 💾 Stored 287/287 tweets in style_bank
2026-04-07 10:16:11 +00:00: 2026-04-07 10:16:11,258 - __main__ - INFO - 📊 Style bank update: 287 tweets, avg 8467 likes, 186 with media (65%)
2026-04-07 16:16:11 +00:00: 2026-04-07 16:16:11,586 - __main__ - INFO - 📡 Scraping @Ozzny_CS2...
2026-04-07 16:16:11 +00:00: 2026-04-07 16:16:11,763 - __main__ - INFO - 🎟️  Guest token refreshed: 20415506...
2026-04-07 16:16:12 +00:00: 2026-04-07 16:16:12,764 - __main__ - INFO -   → 100 raw tweets fetched
2026-04-07 16:16:12 +00:00: 2026-04-07 16:16:12,765 - __main__ - INFO -   → 47 viral-worthy CS2 tweets
2026-04-07 16:16:15 +00:00: 2026-04-07 16:16:15,768 - __main__ - INFO - 📡 Scraping @ThourCS2...
2026-04-07 16:16:16 +00:00: 2026-04-07 16:16:16,706 - __main__ - INFO -   → 100 raw tweets fetched
2026-04-07 16:16:16 +00:00: 2026-04-07 16:16:16,707 - __main__ - INFO -   → 37 viral-worthy CS2 tweets
2026-04-07 16:16:19 +00:00: 2026-04-07 16:16:19,711 - __main__ - INFO - 📡 Scraping @CS2News_EN...
2026-04-07 16:16:20 +00:00: 2026-04-07 16:16:20,522 - __main__ - INFO -   → 100 raw tweets fetched
2026-04-07 16:16:20 +00:00: 2026-04-07 16:16:20,524 - __main__ - INFO -   → 50 viral-worthy CS2 tweets
2026-04-07 16:16:23 +00:00: 2026-04-07 16:16:23,527 - __main__ - INFO - 📡 Scraping @RazedEsport...
2026-04-07 16:16:24 +00:00: 2026-04-07 16:16:24,503 - __main__ - INFO -   → 99 raw tweets fetched
2026-04-07 16:16:24 +00:00: 2026-04-07 16:16:24,504 - __main__ - INFO -   → 36 viral-worthy CS2 tweets
2026-04-07 16:16:27 +00:00: 2026-04-07 16:16:27,508 - __main__ - INFO - 📡 Scraping @BLASTPremier...
2026-04-07 16:16:28 +00:00: 2026-04-07 16:16:28,205 - __main__ - INFO -   → 19 raw tweets fetched
2026-04-07 16:16:28 +00:00: 2026-04-07 16:16:28,205 - __main__ - INFO -   → 7 viral-worthy CS2 tweets
2026-04-07 16:16:31 +00:00: 2026-04-07 16:16:31,209 - __main__ - INFO - 📡 Scraping @HLTVorg...
2026-04-07 16:16:31 +00:00: 2026-04-07 16:16:31,908 - __main__ - INFO -   → 20 raw tweets fetched
2026-04-07 16:16:31 +00:00: 2026-04-07 16:16:31,908 - __main__ - INFO -   → 5 viral-worthy CS2 tweets
2026-04-07 16:16:34 +00:00: 2026-04-07 16:16:34,911 - __main__ - INFO - 📡 Scraping @CScribe...
2026-04-07 16:16:35 +00:00: 2026-04-07 16:16:35,121 - __main__ - INFO -   → 0 raw tweets fetched
2026-04-07 16:16:35 +00:00: 2026-04-07 16:16:35,121 - __main__ - INFO -   → 0 viral-worthy CS2 tweets
2026-04-07 16:16:38 +00:00: 2026-04-07 16:16:38,125 - __main__ - INFO - 📡 Scraping @Slasher...
2026-04-07 16:16:39 +00:00: 2026-04-07 16:16:39,242 - __main__ - INFO -   → 97 raw tweets fetched
2026-04-07 16:16:39 +00:00: 2026-04-07 16:16:39,244 - __main__ - INFO -   → 5 viral-worthy CS2 tweets
2026-04-07 16:16:42 +00:00: 2026-04-07 16:16:42,247 - __main__ - INFO - 📡 Scraping @Dust2us...
2026-04-07 16:16:43 +00:00: 2026-04-07 16:16:43,098 - __main__ - INFO -   → 100 raw tweets fetched
2026-04-07 16:16:43 +00:00: 2026-04-07 16:16:43,099 - __main__ - INFO -   → 63 viral-worthy CS2 tweets
2026-04-07 16:16:46 +00:00: 2026-04-07 16:16:46,103 - __main__ - INFO - 📡 Scraping @s1mpleO...
2026-04-07 16:16:46 +00:00: 2026-04-07 16:16:46,969 - __main__ - INFO -   → 79 raw tweets fetched
2026-04-07 16:16:46 +00:00: 2026-04-07 16:16:46,971 - __main__ - INFO -   → 35 viral-worthy CS2 tweets
2026-04-07 16:19:00 +00:00: 2026-04-07 16:19:00,759 - __main__ - INFO - 💾 Stored 285/285 tweets in style_bank
2026-04-07 16:19:00 +00:00: 2026-04-07 16:19:00,760 - __main__ - INFO - 📊 Style bank update: 285 tweets, avg 8519 likes, 188 with media (66%)
2026-04-07 22:19:01 +00:00: 2026-04-07 22:19:01,166 - __main__ - INFO - 📡 Scraping @Ozzny_CS2...
2026-04-07 22:19:01 +00:00: 2026-04-07 22:19:01,328 - __main__ - INFO - 🎟️  Guest token refreshed: 20416419...
2026-04-07 22:19:02 +00:00: 2026-04-07 22:19:02,362 - __main__ - INFO -   → 100 raw tweets fetched
2026-04-07 22:19:02 +00:00: 2026-04-07 22:19:02,363 - __main__ - INFO -   → 47 viral-worthy CS2 tweets
2026-04-07 22:19:05 +00:00: 2026-04-07 22:19:05,367 - __main__ - INFO - 📡 Scraping @ThourCS2...
2026-04-07 22:19:06 +00:00: 2026-04-07 22:19:06,181 - __main__ - INFO -   → 100 raw tweets fetched
2026-04-07 22:19:06 +00:00: 2026-04-07 22:19:06,183 - __main__ - INFO -   → 37 viral-worthy CS2 tweets
2026-04-07 22:19:09 +00:00: 2026-04-07 22:19:09,186 - __main__ - INFO - 📡 Scraping @CS2News_EN...
2026-04-07 22:19:10 +00:00: 2026-04-07 22:19:10,037 - __main__ - INFO -   → 100 raw tweets fetched
2026-04-07 22:19:10 +00:00: 2026-04-07 22:19:10,039 - __main__ - INFO -   → 50 viral-worthy CS2 tweets
2026-04-07 22:19:13 +00:00: 2026-04-07 22:19:13,043 - __main__ - INFO - 📡 Scraping @RazedEsport...
2026-04-07 22:19:14 +00:00: 2026-04-07 22:19:14,326 - __main__ - INFO -   → 99 raw tweets fetched
2026-04-07 22:19:14 +00:00: 2026-04-07 22:19:14,327 - __main__ - INFO -   → 36 viral-worthy CS2 tweets
2026-04-07 22:19:17 +00:00: 2026-04-07 22:19:17,330 - __main__ - INFO - 📡 Scraping @BLASTPremier...
2026-04-07 22:19:18 +00:00: 2026-04-07 22:19:18,072 - __main__ - INFO -   → 19 raw tweets fetched
2026-04-07 22:19:18 +00:00: 2026-04-07 22:19:18,073 - __main__ - INFO -   → 8 viral-worthy CS2 tweets
2026-04-07 22:19:21 +00:00: 2026-04-07 22:19:21,076 - __main__ - INFO - 📡 Scraping @HLTVorg...
2026-04-07 22:19:21 +00:00: 2026-04-07 22:19:21,786 - __main__ - INFO -   → 20 raw tweets fetched
2026-04-07 22:19:21 +00:00: 2026-04-07 22:19:21,786 - __main__ - INFO -   → 6 viral-worthy CS2 tweets
2026-04-07 22:19:24 +00:00: 2026-04-07 22:19:24,790 - __main__ - INFO - 📡 Scraping @CScribe...
2026-04-07 22:19:24 +00:00: 2026-04-07 22:19:24,956 - __main__ - INFO -   → 0 raw tweets fetched
2026-04-07 22:19:24 +00:00: 2026-04-07 22:19:24,956 - __main__ - INFO -   → 0 viral-worthy CS2 tweets
2026-04-07 22:19:27 +00:00: 2026-04-07 22:19:27,960 - __main__ - INFO - 📡 Scraping @Slasher...
2026-04-07 22:19:29 +00:00: 2026-04-07 22:19:29,035 - __main__ - INFO -   → 97 raw tweets fetched
2026-04-07 22:19:29 +00:00: 2026-04-07 22:19:29,036 - __main__ - INFO -   → 5 viral-worthy CS2 tweets
2026-04-07 22:19:32 +00:00: 2026-04-07 22:19:32,039 - __main__ - INFO - 📡 Scraping @Dust2us...
2026-04-07 22:19:33 +00:00: 2026-04-07 22:19:33,013 - __main__ - INFO -   → 100 raw tweets fetched
2026-04-07 22:19:33 +00:00: 2026-04-07 22:19:33,013 - __main__ - INFO -   → 63 viral-worthy CS2 tweets
2026-04-07 22:19:36 +00:00: 2026-04-07 22:19:36,017 - __main__ - INFO - 📡 Scraping @s1mpleO...
2026-04-07 22:19:37 +00:00: 2026-04-07 22:19:37,103 - __main__ - INFO -   → 79 raw tweets fetched
2026-04-07 22:19:37 +00:00: 2026-04-07 22:19:37,103 - __main__ - INFO -   → 35 viral-worthy CS2 tweets
2026-04-07 22:21:52 +00:00: 2026-04-07 22:21:52,222 - __main__ - INFO - 💾 Stored 287/287 tweets in style_bank
2026-04-07 22:21:52 +00:00: 2026-04-07 22:21:52,223 - __main__ - INFO - 📊 Style bank update: 287 tweets, avg 8461 likes, 189 with media (66%)
2026-04-08 04:21:52 +00:00: 2026-04-08 04:21:52,559 - __main__ - INFO - 📡 Scraping @Ozzny_CS2...
2026-04-08 04:21:52 +00:00: 2026-04-08 04:21:52,773 - __main__ - INFO - 🎟️  Guest token refreshed: 20417332...
2026-04-08 04:21:53 +00:00: 2026-04-08 04:21:53,494 - __main__ - INFO -   → 100 raw tweets fetched
2026-04-08 04:21:53 +00:00: 2026-04-08 04:21:53,495 - __main__ - INFO -   → 47 viral-worthy CS2 tweets
2026-04-08 04:21:56 +00:00: 2026-04-08 04:21:56,496 - __main__ - INFO - 📡 Scraping @ThourCS2...
2026-04-08 04:21:57 +00:00: 2026-04-08 04:21:57,226 - __main__ - INFO -   → 100 raw tweets fetched
2026-04-08 04:21:57 +00:00: 2026-04-08 04:21:57,227 - __main__ - INFO -   → 37 viral-worthy CS2 tweets
2026-04-08 04:22:00 +00:00: 2026-04-08 04:22:00,231 - __main__ - INFO - 📡 Scraping @CS2News_EN...
2026-04-08 04:22:00 +00:00: 2026-04-08 04:22:00,924 - __main__ - INFO -   → 100 raw tweets fetched
2026-04-08 04:22:00 +00:00: 2026-04-08 04:22:00,926 - __main__ - INFO -   → 50 viral-worthy CS2 tweets
2026-04-08 04:22:03 +00:00: 2026-04-08 04:22:03,930 - __main__ - INFO - 📡 Scraping @RazedEsport...
2026-04-08 04:22:04 +00:00: 2026-04-08 04:22:04,698 - __main__ - INFO -   → 99 raw tweets fetched
2026-04-08 04:22:04 +00:00: 2026-04-08 04:22:04,698 - __main__ - INFO -   → 36 viral-worthy CS2 tweets
2026-04-08 04:22:07 +00:00: 2026-04-08 04:22:07,700 - __main__ - INFO - 📡 Scraping @BLASTPremier...
2026-04-08 04:22:08 +00:00: 2026-04-08 04:22:08,292 - __main__ - INFO -   → 19 raw tweets fetched
2026-04-08 04:22:08 +00:00: 2026-04-08 04:22:08,293 - __main__ - INFO -   → 8 viral-worthy CS2 tweets
2026-04-08 04:22:11 +00:00: 2026-04-08 04:22:11,296 - __main__ - INFO - 📡 Scraping @HLTVorg...
2026-04-08 04:22:11 +00:00: 2026-04-08 04:22:11,796 - __main__ - INFO -   → 20 raw tweets fetched
2026-04-08 04:22:11 +00:00: 2026-04-08 04:22:11,797 - __main__ - INFO -   → 6 viral-worthy CS2 tweets
2026-04-08 04:22:14 +00:00: 2026-04-08 04:22:14,801 - __main__ - INFO - 📡 Scraping @CScribe...
2026-04-08 04:22:14 +00:00: 2026-04-08 04:22:14,959 - __main__ - INFO -   → 0 raw tweets fetched
2026-04-08 04:22:14 +00:00: 2026-04-08 04:22:14,959 - __main__ - INFO -   → 0 viral-worthy CS2 tweets
2026-04-08 04:22:17 +00:00: 2026-04-08 04:22:17,962 - __main__ - INFO - 📡 Scraping @Slasher...
2026-04-08 04:22:18 +00:00: 2026-04-08 04:22:18,899 - __main__ - INFO -   → 97 raw tweets fetched
2026-04-08 04:22:18 +00:00: 2026-04-08 04:22:18,900 - __main__ - INFO -   → 5 viral-worthy CS2 tweets
2026-04-08 04:22:21 +00:00: 2026-04-08 04:22:21,904 - __main__ - INFO - 📡 Scraping @Dust2us...
2026-04-08 04:22:22 +00:00: 2026-04-08 04:22:22,456 - __main__ - INFO -   → 100 raw tweets fetched
2026-04-08 04:22:22 +00:00: 2026-04-08 04:22:22,457 - __main__ - INFO -   → 63 viral-worthy CS2 tweets
2026-04-08 04:22:25 +00:00: 2026-04-08 04:22:25,461 - __main__ - INFO - 📡 Scraping @s1mpleO...
2026-04-08 04:22:26 +00:00: 2026-04-08 04:22:26,157 - __main__ - INFO -   → 79 raw tweets fetched
2026-04-08 04:22:26 +00:00: 2026-04-08 04:22:26,158 - __main__ - INFO -   → 35 viral-worthy CS2 tweets
2026-04-08 04:24:40 +00:00: 2026-04-08 04:24:40,725 - __main__ - INFO - 💾 Stored 287/287 tweets in style_bank
2026-04-08 04:24:40 +00:00: 2026-04-08 04:24:40,726 - __main__ - INFO - 📊 Style bank update: 287 tweets, avg 8460 likes, 189 with media (66%)
2026-04-08 10:24:41 +00:00: 2026-04-08 10:24:41,038 - __main__ - INFO - 📡 Scraping @Ozzny_CS2...
2026-04-08 10:24:41 +00:00: 2026-04-08 10:24:41,251 - __main__ - INFO - 🎟️  Guest token refreshed: 20418245...
2026-04-08 10:24:42 +00:00: 2026-04-08 10:24:42,059 - __main__ - INFO -   → 100 raw tweets fetched
2026-04-08 10:24:42 +00:00: 2026-04-08 10:24:42,062 - __main__ - INFO -   → 47 viral-worthy CS2 tweets
2026-04-08 10:24:45 +00:00: 2026-04-08 10:24:45,064 - __main__ - INFO - 📡 Scraping @ThourCS2...
2026-04-08 10:24:45 +00:00: 2026-04-08 10:24:45,724 - __main__ - INFO -   → 100 raw tweets fetched
2026-04-08 10:24:45 +00:00: 2026-04-08 10:24:45,725 - __main__ - INFO -   → 37 viral-worthy CS2 tweets
2026-04-08 10:24:48 +00:00: 2026-04-08 10:24:48,728 - __main__ - INFO - 📡 Scraping @CS2News_EN...
2026-04-08 10:24:49 +00:00: 2026-04-08 10:24:49,448 - __main__ - INFO -   → 100 raw tweets fetched
2026-04-08 10:24:49 +00:00: 2026-04-08 10:24:49,449 - __main__ - INFO -   → 50 viral-worthy CS2 tweets
2026-04-08 10:24:52 +00:00: 2026-04-08 10:24:52,451 - __main__ - INFO - 📡 Scraping @RazedEsport...
2026-04-08 10:24:53 +00:00: 2026-04-08 10:24:53,301 - __main__ - INFO -   → 99 raw tweets fetched
2026-04-08 10:24:53 +00:00: 2026-04-08 10:24:53,301 - __main__ - INFO -   → 36 viral-worthy CS2 tweets
2026-04-08 10:24:56 +00:00: 2026-04-08 10:24:56,304 - __main__ - INFO - 📡 Scraping @BLASTPremier...
2026-04-08 10:24:57 +00:00: 2026-04-08 10:24:57,188 - __main__ - INFO -   → 19 raw tweets fetched
2026-04-08 10:24:57 +00:00: 2026-04-08 10:24:57,189 - __main__ - INFO -   → 8 viral-worthy CS2 tweets
2026-04-08 10:25:00 +00:00: 2026-04-08 10:25:00,193 - __main__ - INFO - 📡 Scraping @HLTVorg...
2026-04-08 10:25:00 +00:00: 2026-04-08 10:25:00,814 - __main__ - INFO -   → 20 raw tweets fetched
2026-04-08 10:25:00 +00:00: 2026-04-08 10:25:00,815 - __main__ - INFO -   → 7 viral-worthy CS2 tweets
2026-04-08 10:25:03 +00:00: 2026-04-08 10:25:03,819 - __main__ - INFO - 📡 Scraping @CScribe...
2026-04-08 10:25:03 +00:00: 2026-04-08 10:25:03,977 - __main__ - INFO -   → 0 raw tweets fetched
2026-04-08 10:25:03 +00:00: 2026-04-08 10:25:03,978 - __main__ - INFO -   → 0 viral-worthy CS2 tweets
2026-04-08 10:25:06 +00:00: 2026-04-08 10:25:06,981 - __main__ - INFO - 📡 Scraping @Slasher...
2026-04-08 10:25:07 +00:00: 2026-04-08 10:25:07,616 - __main__ - INFO -   → 97 raw tweets fetched
2026-04-08 10:25:07 +00:00: 2026-04-08 10:25:07,617 - __main__ - INFO -   → 5 viral-worthy CS2 tweets
2026-04-08 10:25:10 +00:00: 2026-04-08 10:25:10,621 - __main__ - INFO - 📡 Scraping @Dust2us...
2026-04-08 10:25:11 +00:00: 2026-04-08 10:25:11,477 - __main__ - INFO -   → 100 raw tweets fetched
2026-04-08 10:25:11 +00:00: 2026-04-08 10:25:11,478 - __main__ - INFO -   → 63 viral-worthy CS2 tweets
2026-04-08 10:25:14 +00:00: 2026-04-08 10:25:14,482 - __main__ - INFO - 📡 Scraping @s1mpleO...
2026-04-08 10:25:15 +00:00: 2026-04-08 10:25:15,097 - __main__ - INFO -   → 79 raw tweets fetched
2026-04-08 10:25:15 +00:00: 2026-04-08 10:25:15,098 - __main__ - INFO -   → 35 viral-worthy CS2 tweets
2026-04-08 10:27:30 +00:00: 2026-04-08 10:27:30,204 - __main__ - INFO - 💾 Stored 288/288 tweets in style_bank
2026-04-08 10:27:30 +00:00: 2026-04-08 10:27:30,204 - __main__ - INFO - 📊 Style bank update: 288 tweets, avg 8426 likes, 190 with media (66%)
2026-04-08 16:27:30 +00:00: 2026-04-08 16:27:30,605 - __main__ - INFO - 📡 Scraping @Ozzny_CS2...
2026-04-08 16:27:30 +00:00: 2026-04-08 16:27:30,807 - __main__ - INFO - 🎟️  Guest token refreshed: 20419158...
2026-04-08 16:27:31 +00:00: 2026-04-08 16:27:31,654 - __main__ - INFO -   → 100 raw tweets fetched
2026-04-08 16:27:31 +00:00: 2026-04-08 16:27:31,655 - __main__ - INFO -   → 47 viral-worthy CS2 tweets
2026-04-08 16:27:34 +00:00: 2026-04-08 16:27:34,656 - __main__ - INFO - 📡 Scraping @ThourCS2...
2026-04-08 16:27:35 +00:00: 2026-04-08 16:27:35,265 - __main__ - INFO -   → 100 raw tweets fetched
2026-04-08 16:27:35 +00:00: 2026-04-08 16:27:35,266 - __main__ - INFO -   → 37 viral-worthy CS2 tweets
2026-04-08 16:27:38 +00:00: 2026-04-08 16:27:38,268 - __main__ - INFO - 📡 Scraping @CS2News_EN...
2026-04-08 16:27:38 +00:00: 2026-04-08 16:27:38,876 - __main__ - INFO -   → 100 raw tweets fetched
2026-04-08 16:27:38 +00:00: 2026-04-08 16:27:38,878 - __main__ - INFO -   → 50 viral-worthy CS2 tweets
2026-04-08 16:27:41 +00:00: 2026-04-08 16:27:41,879 - __main__ - INFO - 📡 Scraping @RazedEsport...
2026-04-08 16:27:43 +00:00: 2026-04-08 16:27:43,002 - __main__ - INFO -   → 99 raw tweets fetched
2026-04-08 16:27:43 +00:00: 2026-04-08 16:27:43,003 - __main__ - INFO -   → 36 viral-worthy CS2 tweets
2026-04-08 16:27:46 +00:00: 2026-04-08 16:27:46,006 - __main__ - INFO - 📡 Scraping @BLASTPremier...
2026-04-08 16:27:47 +00:00: 2026-04-08 16:27:47,400 - __main__ - INFO -   → 19 raw tweets fetched
2026-04-08 16:27:47 +00:00: 2026-04-08 16:27:47,401 - __main__ - INFO -   → 8 viral-worthy CS2 tweets
2026-04-08 16:27:50 +00:00: 2026-04-08 16:27:50,404 - __main__ - INFO - 📡 Scraping @HLTVorg...
2026-04-08 16:27:50 +00:00: 2026-04-08 16:27:50,938 - __main__ - INFO -   → 20 raw tweets fetched
2026-04-08 16:27:50 +00:00: 2026-04-08 16:27:50,939 - __main__ - INFO -   → 11 viral-worthy CS2 tweets
2026-04-08 16:27:53 +00:00: 2026-04-08 16:27:53,940 - __main__ - INFO - 📡 Scraping @CScribe...
2026-04-08 16:27:54 +00:00: 2026-04-08 16:27:54,099 - __main__ - INFO -   → 0 raw tweets fetched
2026-04-08 16:27:54 +00:00: 2026-04-08 16:27:54,099 - __main__ - INFO -   → 0 viral-worthy CS2 tweets
2026-04-08 16:27:57 +00:00: 2026-04-08 16:27:57,102 - __main__ - INFO - 📡 Scraping @Slasher...
2026-04-08 16:27:57 +00:00: 2026-04-08 16:27:57,957 - __main__ - INFO -   → 97 raw tweets fetched
2026-04-08 16:27:57 +00:00: 2026-04-08 16:27:57,959 - __main__ - INFO -   → 5 viral-worthy CS2 tweets
2026-04-08 16:28:00 +00:00: 2026-04-08 16:28:00,963 - __main__ - INFO - 📡 Scraping @Dust2us...
2026-04-08 16:28:02 +00:00: 2026-04-08 16:28:02,192 - __main__ - INFO -   → 100 raw tweets fetched
2026-04-08 16:28:02 +00:00: 2026-04-08 16:28:02,194 - __main__ - INFO -   → 63 viral-worthy CS2 tweets
2026-04-08 16:28:05 +00:00: 2026-04-08 16:28:05,197 - __main__ - INFO - 📡 Scraping @s1mpleO...
2026-04-08 16:28:06 +00:00: 2026-04-08 16:28:06,133 - __main__ - INFO -   → 79 raw tweets fetched
2026-04-08 16:28:06 +00:00: 2026-04-08 16:28:06,134 - __main__ - INFO -   → 35 viral-worthy CS2 tweets
2026-04-08 16:30:21 +00:00: 2026-04-08 16:30:21,177 - __main__ - INFO - 💾 Stored 292/292 tweets in style_bank
2026-04-08 16:30:21 +00:00: 2026-04-08 16:30:21,178 - __main__ - INFO - 📊 Style bank update: 292 tweets, avg 8318 likes, 195 with media (67%)
2026-04-08 22:30:21 +00:00: 2026-04-08 22:30:21,577 - __main__ - INFO - 📡 Scraping @Ozzny_CS2...
2026-04-08 22:30:21 +00:00: 2026-04-08 22:30:21,747 - __main__ - INFO - 🎟️  Guest token refreshed: 20420071...
2026-04-08 22:30:22 +00:00: 2026-04-08 22:30:22,639 - __main__ - INFO -   → 100 raw tweets fetched
2026-04-08 22:30:22 +00:00: 2026-04-08 22:30:22,641 - __main__ - INFO -   → 47 viral-worthy CS2 tweets
2026-04-08 22:30:25 +00:00: 2026-04-08 22:30:25,644 - __main__ - INFO - 📡 Scraping @ThourCS2...
2026-04-08 22:30:26 +00:00: 2026-04-08 22:30:26,367 - __main__ - INFO -   → 100 raw tweets fetched
2026-04-08 22:30:26 +00:00: 2026-04-08 22:30:26,368 - __main__ - INFO -   → 37 viral-worthy CS2 tweets
2026-04-08 22:30:29 +00:00: 2026-04-08 22:30:29,372 - __main__ - INFO - 📡 Scraping @CS2News_EN...
2026-04-08 22:30:30 +00:00: 2026-04-08 22:30:30,248 - __main__ - INFO -   → 100 raw tweets fetched
2026-04-08 22:30:30 +00:00: 2026-04-08 22:30:30,250 - __main__ - INFO -   → 50 viral-worthy CS2 tweets
2026-04-08 22:30:33 +00:00: 2026-04-08 22:30:33,254 - __main__ - INFO - 📡 Scraping @RazedEsport...
2026-04-08 22:30:34 +00:00: 2026-04-08 22:30:34,308 - __main__ - INFO -   → 99 raw tweets fetched
2026-04-08 22:30:34 +00:00: 2026-04-08 22:30:34,310 - __main__ - INFO -   → 36 viral-worthy CS2 tweets
2026-04-08 22:30:37 +00:00: 2026-04-08 22:30:37,313 - __main__ - INFO - 📡 Scraping @BLASTPremier...
2026-04-08 22:30:37 +00:00: 2026-04-08 22:30:37,882 - __main__ - INFO -   → 19 raw tweets fetched
2026-04-08 22:30:37 +00:00: 2026-04-08 22:30:37,883 - __main__ - INFO -   → 8 viral-worthy CS2 tweets
2026-04-08 22:30:40 +00:00: 2026-04-08 22:30:40,886 - __main__ - INFO - 📡 Scraping @HLTVorg...
2026-04-08 22:30:41 +00:00: 2026-04-08 22:30:41,403 - __main__ - INFO -   → 20 raw tweets fetched
2026-04-08 22:30:41 +00:00: 2026-04-08 22:30:41,404 - __main__ - INFO -   → 10 viral-worthy CS2 tweets
2026-04-08 22:30:44 +00:00: 2026-04-08 22:30:44,408 - __main__ - INFO - 📡 Scraping @CScribe...
2026-04-08 22:30:44 +00:00: 2026-04-08 22:30:44,572 - __main__ - INFO -   → 0 raw tweets fetched
2026-04-08 22:30:44 +00:00: 2026-04-08 22:30:44,572 - __main__ - INFO -   → 0 viral-worthy CS2 tweets
2026-04-08 22:30:47 +00:00: 2026-04-08 22:30:47,575 - __main__ - INFO - 📡 Scraping @Slasher...
2026-04-08 22:30:48 +00:00: 2026-04-08 22:30:48,729 - __main__ - INFO -   → 97 raw tweets fetched
2026-04-08 22:30:48 +00:00: 2026-04-08 22:30:48,730 - __main__ - INFO -   → 5 viral-worthy CS2 tweets
2026-04-08 22:30:51 +00:00: 2026-04-08 22:30:51,733 - __main__ - INFO - 📡 Scraping @Dust2us...
2026-04-08 22:30:52 +00:00: 2026-04-08 22:30:52,670 - __main__ - INFO -   → 100 raw tweets fetched
2026-04-08 22:30:52 +00:00: 2026-04-08 22:30:52,670 - __main__ - INFO -   → 63 viral-worthy CS2 tweets
2026-04-08 22:30:55 +00:00: 2026-04-08 22:30:55,673 - __main__ - INFO - 📡 Scraping @s1mpleO...
2026-04-08 22:30:56 +00:00: 2026-04-08 22:30:56,749 - __main__ - INFO -   → 79 raw tweets fetched
2026-04-08 22:30:56 +00:00: 2026-04-08 22:30:56,751 - __main__ - INFO -   → 35 viral-worthy CS2 tweets
2026-04-08 22:33:11 +00:00: 2026-04-08 22:33:11,277 - __main__ - INFO - 💾 Stored 291/291 tweets in style_bank
2026-04-08 22:33:11 +00:00: 2026-04-08 22:33:11,277 - __main__ - INFO - 📊 Style bank update: 291 tweets, avg 8352 likes, 191 with media (66%)
2026-04-09 04:33:11 +00:00: 2026-04-09 04:33:11,678 - __main__ - INFO - 📡 Scraping @Ozzny_CS2...
2026-04-09 04:33:11 +00:00: 2026-04-09 04:33:11,877 - __main__ - INFO - 🎟️  Guest token refreshed: 20420984...
2026-04-09 04:33:12 +00:00: 2026-04-09 04:33:12,751 - __main__ - INFO -   → 100 raw tweets fetched
2026-04-09 04:33:12 +00:00: 2026-04-09 04:33:12,752 - __main__ - INFO -   → 47 viral-worthy CS2 tweets
2026-04-09 04:33:15 +00:00: 2026-04-09 04:33:15,755 - __main__ - INFO - 📡 Scraping @ThourCS2...
2026-04-09 04:33:16 +00:00: 2026-04-09 04:33:16,746 - __main__ - INFO -   → 100 raw tweets fetched
2026-04-09 04:33:16 +00:00: 2026-04-09 04:33:16,747 - __main__ - INFO -   → 37 viral-worthy CS2 tweets
2026-04-09 04:33:19 +00:00: 2026-04-09 04:33:19,751 - __main__ - INFO - 📡 Scraping @CS2News_EN...
2026-04-09 04:33:20 +00:00: 2026-04-09 04:33:20,566 - __main__ - INFO -   → 100 raw tweets fetched
2026-04-09 04:33:20 +00:00: 2026-04-09 04:33:20,567 - __main__ - INFO -   → 50 viral-worthy CS2 tweets
2026-04-09 04:33:23 +00:00: 2026-04-09 04:33:23,570 - __main__ - INFO - 📡 Scraping @RazedEsport...
2026-04-09 04:33:24 +00:00: 2026-04-09 04:33:24,688 - __main__ - INFO -   → 99 raw tweets fetched
2026-04-09 04:33:24 +00:00: 2026-04-09 04:33:24,689 - __main__ - INFO -   → 36 viral-worthy CS2 tweets
2026-04-09 04:33:27 +00:00: 2026-04-09 04:33:27,692 - __main__ - INFO - 📡 Scraping @BLASTPremier...
2026-04-09 04:33:28 +00:00: 2026-04-09 04:33:28,292 - __main__ - INFO -   → 19 raw tweets fetched
2026-04-09 04:33:28 +00:00: 2026-04-09 04:33:28,292 - __main__ - INFO -   → 8 viral-worthy CS2 tweets
2026-04-09 04:33:31 +00:00: 2026-04-09 04:33:31,296 - __main__ - INFO - 📡 Scraping @HLTVorg...
2026-04-09 04:33:31 +00:00: 2026-04-09 04:33:31,940 - __main__ - INFO -   → 20 raw tweets fetched
2026-04-09 04:33:31 +00:00: 2026-04-09 04:33:31,940 - __main__ - INFO -   → 10 viral-worthy CS2 tweets
2026-04-09 04:33:34 +00:00: 2026-04-09 04:33:34,944 - __main__ - INFO - 📡 Scraping @CScribe...
2026-04-09 04:33:35 +00:00: 2026-04-09 04:33:35,106 - __main__ - INFO -   → 0 raw tweets fetched
2026-04-09 04:33:35 +00:00: 2026-04-09 04:33:35,106 - __main__ - INFO -   → 0 viral-worthy CS2 tweets
2026-04-09 04:33:38 +00:00: 2026-04-09 04:33:38,109 - __main__ - INFO - 📡 Scraping @Slasher...
2026-04-09 04:33:38 +00:00: 2026-04-09 04:33:38,975 - __main__ - INFO -   → 97 raw tweets fetched
2026-04-09 04:33:38 +00:00: 2026-04-09 04:33:38,977 - __main__ - INFO -   → 5 viral-worthy CS2 tweets
2026-04-09 04:33:41 +00:00: 2026-04-09 04:33:41,978 - __main__ - INFO - 📡 Scraping @Dust2us...
2026-04-09 04:33:42 +00:00: 2026-04-09 04:33:42,842 - __main__ - INFO -   → 100 raw tweets fetched
2026-04-09 04:33:42 +00:00: 2026-04-09 04:33:42,843 - __main__ - INFO -   → 63 viral-worthy CS2 tweets
2026-04-09 04:33:45 +00:00: 2026-04-09 04:33:45,847 - __main__ - INFO - 📡 Scraping @s1mpleO...
2026-04-09 04:33:46 +00:00: 2026-04-09 04:33:46,568 - __main__ - INFO -   → 79 raw tweets fetched
2026-04-09 04:33:46 +00:00: 2026-04-09 04:33:46,571 - __main__ - INFO -   → 35 viral-worthy CS2 tweets
2026-04-09 04:36:01 +00:00: 2026-04-09 04:36:01,010 - __main__ - INFO - 💾 Stored 291/291 tweets in style_bank
2026-04-09 04:36:01 +00:00: 2026-04-09 04:36:01,011 - __main__ - INFO - 📊 Style bank update: 291 tweets, avg 8355 likes, 191 with media (66%)
2026-04-09 10:36:01 +00:00: 2026-04-09 10:36:01,361 - __main__ - INFO - 📡 Scraping @Ozzny_CS2...
2026-04-09 10:36:01 +00:00: 2026-04-09 10:36:01,527 - __main__ - INFO - 🎟️  Guest token refreshed: 20421897...
2026-04-09 10:36:02 +00:00: 2026-04-09 10:36:02,471 - __main__ - INFO -   → 100 raw tweets fetched
2026-04-09 10:36:02 +00:00: 2026-04-09 10:36:02,472 - __main__ - INFO -   → 47 viral-worthy CS2 tweets
2026-04-09 10:36:05 +00:00: 2026-04-09 10:36:05,476 - __main__ - INFO - 📡 Scraping @ThourCS2...
2026-04-09 10:36:06 +00:00: 2026-04-09 10:36:06,150 - __main__ - INFO -   → 100 raw tweets fetched
2026-04-09 10:36:06 +00:00: 2026-04-09 10:36:06,151 - __main__ - INFO -   → 37 viral-worthy CS2 tweets
2026-04-09 10:36:09 +00:00: 2026-04-09 10:36:09,155 - __main__ - INFO - 📡 Scraping @CS2News_EN...
2026-04-09 10:36:09 +00:00: 2026-04-09 10:36:09,883 - __main__ - INFO -   → 100 raw tweets fetched
2026-04-09 10:36:09 +00:00: 2026-04-09 10:36:09,884 - __main__ - INFO -   → 50 viral-worthy CS2 tweets
2026-04-09 10:36:12 +00:00: 2026-04-09 10:36:12,888 - __main__ - INFO - 📡 Scraping @RazedEsport...
2026-04-09 10:36:14 +00:00: 2026-04-09 10:36:14,113 - __main__ - INFO -   → 99 raw tweets fetched
2026-04-09 10:36:14 +00:00: 2026-04-09 10:36:14,114 - __main__ - INFO -   → 36 viral-worthy CS2 tweets
2026-04-09 10:36:17 +00:00: 2026-04-09 10:36:17,115 - __main__ - INFO - 📡 Scraping @BLASTPremier...
2026-04-09 10:36:17 +00:00: 2026-04-09 10:36:17,811 - __main__ - INFO -   → 19 raw tweets fetched
2026-04-09 10:36:17 +00:00: 2026-04-09 10:36:17,811 - __main__ - INFO -   → 8 viral-worthy CS2 tweets
2026-04-09 10:36:20 +00:00: 2026-04-09 10:36:20,815 - __main__ - INFO - 📡 Scraping @HLTVorg...
2026-04-09 10:36:21 +00:00: 2026-04-09 10:36:21,470 - __main__ - INFO -   → 19 raw tweets fetched
2026-04-09 10:36:21 +00:00: 2026-04-09 10:36:21,471 - __main__ - INFO -   → 8 viral-worthy CS2 tweets
2026-04-09 10:36:24 +00:00: 2026-04-09 10:36:24,475 - __main__ - INFO - 📡 Scraping @CScribe...
2026-04-09 10:36:24 +00:00: 2026-04-09 10:36:24,636 - __main__ - INFO -   → 0 raw tweets fetched
2026-04-09 10:36:24 +00:00: 2026-04-09 10:36:24,636 - __main__ - INFO -   → 0 viral-worthy CS2 tweets
2026-04-09 10:36:27 +00:00: 2026-04-09 10:36:27,640 - __main__ - INFO - 📡 Scraping @Slasher...
2026-04-09 10:36:28 +00:00: 2026-04-09 10:36:28,299 - __main__ - INFO -   → 97 raw tweets fetched
2026-04-09 10:36:28 +00:00: 2026-04-09 10:36:28,300 - __main__ - INFO -   → 5 viral-worthy CS2 tweets
2026-04-09 10:36:31 +00:00: 2026-04-09 10:36:31,304 - __main__ - INFO - 📡 Scraping @Dust2us...
2026-04-09 10:36:32 +00:00: 2026-04-09 10:36:32,280 - __main__ - INFO -   → 100 raw tweets fetched
2026-04-09 10:36:32 +00:00: 2026-04-09 10:36:32,282 - __main__ - INFO -   → 63 viral-worthy CS2 tweets
2026-04-09 10:36:35 +00:00: 2026-04-09 10:36:35,285 - __main__ - INFO - 📡 Scraping @s1mpleO...
2026-04-09 10:36:36 +00:00: 2026-04-09 10:36:36,131 - __main__ - INFO -   → 79 raw tweets fetched
2026-04-09 10:36:36 +00:00: 2026-04-09 10:36:36,133 - __main__ - INFO -   → 35 viral-worthy CS2 tweets
2026-04-09 10:38:49 +00:00: 2026-04-09 10:38:49,894 - __main__ - INFO - 💾 Stored 289/289 tweets in style_bank
2026-04-09 10:38:49 +00:00: 2026-04-09 10:38:49,895 - __main__ - INFO - 📊 Style bank update: 289 tweets, avg 8404 likes, 189 with media (65%)
2026-04-09 16:38:50 +00:00: 2026-04-09 16:38:50,297 - __main__ - INFO - 📡 Scraping @Ozzny_CS2...
2026-04-09 16:38:50 +00:00: 2026-04-09 16:38:50,463 - __main__ - INFO - 🎟️  Guest token refreshed: 20422810...
2026-04-09 16:38:51 +00:00: 2026-04-09 16:38:51,314 - __main__ - INFO -   → 100 raw tweets fetched
2026-04-09 16:38:51 +00:00: 2026-04-09 16:38:51,315 - __main__ - INFO -   → 47 viral-worthy CS2 tweets
2026-04-09 16:38:54 +00:00: 2026-04-09 16:38:54,318 - __main__ - INFO - 📡 Scraping @ThourCS2...
2026-04-09 16:38:55 +00:00: 2026-04-09 16:38:55,021 - __main__ - INFO -   → 100 raw tweets fetched
2026-04-09 16:38:55 +00:00: 2026-04-09 16:38:55,022 - __main__ - INFO -   → 37 viral-worthy CS2 tweets
2026-04-09 16:38:58 +00:00: 2026-04-09 16:38:58,025 - __main__ - INFO - 📡 Scraping @CS2News_EN...
2026-04-09 16:38:58 +00:00: 2026-04-09 16:38:58,779 - __main__ - INFO -   → 100 raw tweets fetched
2026-04-09 16:38:58 +00:00: 2026-04-09 16:38:58,782 - __main__ - INFO -   → 50 viral-worthy CS2 tweets
2026-04-09 16:39:01 +00:00: 2026-04-09 16:39:01,784 - __main__ - INFO - 📡 Scraping @RazedEsport...
2026-04-09 16:39:02 +00:00: 2026-04-09 16:39:02,945 - __main__ - INFO -   → 99 raw tweets fetched
2026-04-09 16:39:02 +00:00: 2026-04-09 16:39:02,946 - __main__ - INFO -   → 36 viral-worthy CS2 tweets
2026-04-09 16:39:05 +00:00: 2026-04-09 16:39:05,950 - __main__ - INFO - 📡 Scraping @BLASTPremier...
2026-04-09 16:39:06 +00:00: 2026-04-09 16:39:06,667 - __main__ - INFO -   → 18 raw tweets fetched
2026-04-09 16:39:06 +00:00: 2026-04-09 16:39:06,668 - __main__ - INFO -   → 7 viral-worthy CS2 tweets
2026-04-09 16:39:09 +00:00: 2026-04-09 16:39:09,671 - __main__ - INFO - 📡 Scraping @HLTVorg...
2026-04-09 16:39:10 +00:00: 2026-04-09 16:39:10,500 - __main__ - INFO -   → 19 raw tweets fetched
2026-04-09 16:39:10 +00:00: 2026-04-09 16:39:10,500 - __main__ - INFO -   → 12 viral-worthy CS2 tweets
2026-04-09 16:39:13 +00:00: 2026-04-09 16:39:13,503 - __main__ - INFO - 📡 Scraping @CScribe...
2026-04-09 16:39:13 +00:00: 2026-04-09 16:39:13,656 - __main__ - INFO -   → 0 raw tweets fetched
2026-04-09 16:39:13 +00:00: 2026-04-09 16:39:13,657 - __main__ - INFO -   → 0 viral-worthy CS2 tweets
2026-04-09 16:39:16 +00:00: 2026-04-09 16:39:16,660 - __main__ - INFO - 📡 Scraping @Slasher...
2026-04-09 16:39:17 +00:00: 2026-04-09 16:39:17,564 - __main__ - INFO -   → 97 raw tweets fetched
2026-04-09 16:39:17 +00:00: 2026-04-09 16:39:17,565 - __main__ - INFO -   → 5 viral-worthy CS2 tweets
2026-04-09 16:39:20 +00:00: 2026-04-09 16:39:20,568 - __main__ - INFO - 📡 Scraping @Dust2us...
2026-04-09 16:39:21 +00:00: 2026-04-09 16:39:21,376 - __main__ - INFO -   → 100 raw tweets fetched
2026-04-09 16:39:21 +00:00: 2026-04-09 16:39:21,377 - __main__ - INFO -   → 63 viral-worthy CS2 tweets
2026-04-09 16:39:24 +00:00: 2026-04-09 16:39:24,381 - __main__ - INFO - 📡 Scraping @s1mpleO...
2026-04-09 16:39:25 +00:00: 2026-04-09 16:39:25,447 - __main__ - INFO -   → 79 raw tweets fetched
2026-04-09 16:39:25 +00:00: 2026-04-09 16:39:25,449 - __main__ - INFO -   → 35 viral-worthy CS2 tweets
2026-04-09 16:41:40 +00:00: 2026-04-09 16:41:40,400 - __main__ - INFO - 💾 Stored 292/292 tweets in style_bank
2026-04-09 16:41:40 +00:00: 2026-04-09 16:41:40,401 - __main__ - INFO - 📊 Style bank update: 292 tweets, avg 8312 likes, 193 with media (66%)
2026-04-09 22:41:40 +00:00: 2026-04-09 22:41:40,778 - __main__ - INFO - 📡 Scraping @Ozzny_CS2...
2026-04-09 22:41:40 +00:00: 2026-04-09 22:41:40,954 - __main__ - INFO - 🎟️  Guest token refreshed: 20423724...
2026-04-09 22:41:41 +00:00: 2026-04-09 22:41:41,633 - __main__ - INFO -   → 100 raw tweets fetched
2026-04-09 22:41:41 +00:00: 2026-04-09 22:41:41,634 - __main__ - INFO -   → 47 viral-worthy CS2 tweets
2026-04-09 22:41:44 +00:00: 2026-04-09 22:41:44,637 - __main__ - INFO - 📡 Scraping @ThourCS2...
2026-04-09 22:41:45 +00:00: 2026-04-09 22:41:45,263 - __main__ - INFO -   → 100 raw tweets fetched
2026-04-09 22:41:45 +00:00: 2026-04-09 22:41:45,265 - __main__ - INFO -   → 37 viral-worthy CS2 tweets
2026-04-09 22:41:48 +00:00: 2026-04-09 22:41:48,268 - __main__ - INFO - 📡 Scraping @CS2News_EN...
2026-04-09 22:41:48 +00:00: 2026-04-09 22:41:48,878 - __main__ - INFO -   → 100 raw tweets fetched
2026-04-09 22:41:48 +00:00: 2026-04-09 22:41:48,879 - __main__ - INFO -   → 50 viral-worthy CS2 tweets
2026-04-09 22:41:51 +00:00: 2026-04-09 22:41:51,882 - __main__ - INFO - 📡 Scraping @RazedEsport...
2026-04-09 22:41:52 +00:00: 2026-04-09 22:41:52,843 - __main__ - INFO -   → 99 raw tweets fetched
2026-04-09 22:41:52 +00:00: 2026-04-09 22:41:52,845 - __main__ - INFO -   → 36 viral-worthy CS2 tweets
2026-04-09 22:41:55 +00:00: 2026-04-09 22:41:55,848 - __main__ - INFO - 📡 Scraping @BLASTPremier...
2026-04-09 22:41:56 +00:00: 2026-04-09 22:41:56,409 - __main__ - INFO -   → 18 raw tweets fetched
2026-04-09 22:41:56 +00:00: 2026-04-09 22:41:56,409 - __main__ - INFO -   → 7 viral-worthy CS2 tweets
2026-04-09 22:41:59 +00:00: 2026-04-09 22:41:59,413 - __main__ - INFO - 📡 Scraping @HLTVorg...
2026-04-09 22:42:00 +00:00: 2026-04-09 22:42:00,113 - __main__ - INFO -   → 19 raw tweets fetched
2026-04-09 22:42:00 +00:00: 2026-04-09 22:42:00,114 - __main__ - INFO -   → 6 viral-worthy CS2 tweets
2026-04-09 22:42:03 +00:00: 2026-04-09 22:42:03,118 - __main__ - INFO - 📡 Scraping @CScribe...
2026-04-09 22:42:03 +00:00: 2026-04-09 22:42:03,284 - __main__ - INFO -   → 0 raw tweets fetched
2026-04-09 22:42:03 +00:00: 2026-04-09 22:42:03,285 - __main__ - INFO -   → 0 viral-worthy CS2 tweets
2026-04-09 22:42:06 +00:00: 2026-04-09 22:42:06,288 - __main__ - INFO - 📡 Scraping @Slasher...
2026-04-09 22:42:07 +00:00: 2026-04-09 22:42:07,059 - __main__ - INFO -   → 97 raw tweets fetched
2026-04-09 22:42:07 +00:00: 2026-04-09 22:42:07,061 - __main__ - INFO -   → 5 viral-worthy CS2 tweets
2026-04-09 22:42:10 +00:00: 2026-04-09 22:42:10,065 - __main__ - INFO - 📡 Scraping @Dust2us...
2026-04-09 22:42:10 +00:00: 2026-04-09 22:42:10,791 - __main__ - INFO -   → 100 raw tweets fetched
2026-04-09 22:42:10 +00:00: 2026-04-09 22:42:10,792 - __main__ - INFO -   → 63 viral-worthy CS2 tweets
2026-04-09 22:42:13 +00:00: 2026-04-09 22:42:13,796 - __main__ - INFO - 📡 Scraping @s1mpleO...
2026-04-09 22:42:14 +00:00: 2026-04-09 22:42:14,625 - __main__ - INFO -   → 79 raw tweets fetched
2026-04-09 22:42:14 +00:00: 2026-04-09 22:42:14,626 - __main__ - INFO -   → 35 viral-worthy CS2 tweets
2026-04-09 22:44:31 +00:00: 2026-04-09 22:44:31,666 - __main__ - INFO - 💾 Stored 286/286 tweets in style_bank
2026-04-09 22:44:31 +00:00: 2026-04-09 22:44:31,667 - __main__ - INFO - 📊 Style bank update: 286 tweets, avg 8485 likes, 189 with media (66%)
2026-04-10 04:44:32 +00:00: 2026-04-10 04:44:32,080 - __main__ - INFO - 📡 Scraping @Ozzny_CS2...
2026-04-10 04:44:32 +00:00: 2026-04-10 04:44:32,266 - __main__ - INFO - 🎟️  Guest token refreshed: 20424637...
2026-04-10 04:44:33 +00:00: 2026-04-10 04:44:33,018 - __main__ - INFO -   → 100 raw tweets fetched
2026-04-10 04:44:33 +00:00: 2026-04-10 04:44:33,019 - __main__ - INFO -   → 47 viral-worthy CS2 tweets
2026-04-10 04:44:36 +00:00: 2026-04-10 04:44:36,020 - __main__ - INFO - 📡 Scraping @ThourCS2...
2026-04-10 04:44:36 +00:00: 2026-04-10 04:44:36,714 - __main__ - INFO -   → 100 raw tweets fetched
2026-04-10 04:44:36 +00:00: 2026-04-10 04:44:36,715 - __main__ - INFO -   → 37 viral-worthy CS2 tweets
2026-04-10 04:44:39 +00:00: 2026-04-10 04:44:39,719 - __main__ - INFO - 📡 Scraping @CS2News_EN...
2026-04-10 04:44:40 +00:00: 2026-04-10 04:44:40,418 - __main__ - INFO -   → 100 raw tweets fetched
2026-04-10 04:44:40 +00:00: 2026-04-10 04:44:40,420 - __main__ - INFO -   → 50 viral-worthy CS2 tweets
2026-04-10 04:44:43 +00:00: 2026-04-10 04:44:43,420 - __main__ - INFO - 📡 Scraping @RazedEsport...
2026-04-10 04:44:44 +00:00: 2026-04-10 04:44:44,240 - __main__ - INFO -   → 99 raw tweets fetched
2026-04-10 04:44:44 +00:00: 2026-04-10 04:44:44,240 - __main__ - INFO -   → 36 viral-worthy CS2 tweets
2026-04-10 04:44:47 +00:00: 2026-04-10 04:44:47,244 - __main__ - INFO - 📡 Scraping @BLASTPremier...
2026-04-10 04:44:47 +00:00: 2026-04-10 04:44:47,802 - __main__ - INFO -   → 18 raw tweets fetched
2026-04-10 04:44:47 +00:00: 2026-04-10 04:44:47,802 - __main__ - INFO -   → 7 viral-worthy CS2 tweets
2026-04-10 04:44:50 +00:00: 2026-04-10 04:44:50,806 - __main__ - INFO - 📡 Scraping @HLTVorg...
2026-04-10 04:44:51 +00:00: 2026-04-10 04:44:51,350 - __main__ - INFO -   → 19 raw tweets fetched
2026-04-10 04:44:51 +00:00: 2026-04-10 04:44:51,351 - __main__ - INFO -   → 7 viral-worthy CS2 tweets
2026-04-10 04:44:54 +00:00: 2026-04-10 04:44:54,355 - __main__ - INFO - 📡 Scraping @CScribe...
2026-04-10 04:44:54 +00:00: 2026-04-10 04:44:54,509 - __main__ - INFO -   → 0 raw tweets fetched
2026-04-10 04:44:54 +00:00: 2026-04-10 04:44:54,509 - __main__ - INFO -   → 0 viral-worthy CS2 tweets
2026-04-10 04:44:57 +00:00: 2026-04-10 04:44:57,512 - __main__ - INFO - 📡 Scraping @Slasher...
2026-04-10 04:44:58 +00:00: 2026-04-10 04:44:58,229 - __main__ - INFO -   → 97 raw tweets fetched
2026-04-10 04:44:58 +00:00: 2026-04-10 04:44:58,231 - __main__ - INFO -   → 5 viral-worthy CS2 tweets
2026-04-10 04:45:01 +00:00: 2026-04-10 04:45:01,234 - __main__ - INFO - 📡 Scraping @Dust2us...
2026-04-10 04:45:02 +00:00: 2026-04-10 04:45:02,017 - __main__ - INFO -   → 100 raw tweets fetched
2026-04-10 04:45:02 +00:00: 2026-04-10 04:45:02,018 - __main__ - INFO -   → 63 viral-worthy CS2 tweets
2026-04-10 04:45:05 +00:00: 2026-04-10 04:45:05,022 - __main__ - INFO - 📡 Scraping @s1mpleO...
2026-04-10 04:45:05 +00:00: 2026-04-10 04:45:05,589 - __main__ - INFO -   → 79 raw tweets fetched
2026-04-10 04:45:05 +00:00: 2026-04-10 04:45:05,591 - __main__ - INFO -   → 35 viral-worthy CS2 tweets
2026-04-10 04:47:23 +00:00: 2026-04-10 04:47:23,293 - __main__ - INFO - 💾 Stored 287/287 tweets in style_bank
2026-04-10 04:47:23 +00:00: 2026-04-10 04:47:23,293 - __main__ - INFO - 📊 Style bank update: 287 tweets, avg 8457 likes, 189 with media (66%)
2026-04-10 10:47:23 +00:00: 2026-04-10 10:47:23,622 - __main__ - INFO - 📡 Scraping @Ozzny_CS2...
2026-04-10 10:47:23 +00:00: 2026-04-10 10:47:23,862 - __main__ - INFO - 🎟️  Guest token refreshed: 20425550...
2026-04-10 10:47:24 +00:00: 2026-04-10 10:47:24,679 - __main__ - INFO -   → 100 raw tweets fetched
2026-04-10 10:47:24 +00:00: 2026-04-10 10:47:24,680 - __main__ - INFO -   → 47 viral-worthy CS2 tweets
2026-04-10 10:47:27 +00:00: 2026-04-10 10:47:27,683 - __main__ - INFO - 📡 Scraping @ThourCS2...
2026-04-10 10:47:28 +00:00: 2026-04-10 10:47:28,429 - __main__ - INFO -   → 100 raw tweets fetched
2026-04-10 10:47:28 +00:00: 2026-04-10 10:47:28,431 - __main__ - INFO -   → 37 viral-worthy CS2 tweets
2026-04-10 10:47:31 +00:00: 2026-04-10 10:47:31,433 - __main__ - INFO - 📡 Scraping @CS2News_EN...
2026-04-10 10:47:32 +00:00: 2026-04-10 10:47:32,123 - __main__ - INFO -   → 100 raw tweets fetched
2026-04-10 10:47:32 +00:00: 2026-04-10 10:47:32,124 - __main__ - INFO -   → 50 viral-worthy CS2 tweets
2026-04-10 10:47:35 +00:00: 2026-04-10 10:47:35,128 - __main__ - INFO - 📡 Scraping @RazedEsport...
2026-04-10 10:47:36 +00:00: 2026-04-10 10:47:36,054 - __main__ - INFO -   → 99 raw tweets fetched
2026-04-10 10:47:36 +00:00: 2026-04-10 10:47:36,055 - __main__ - INFO -   → 36 viral-worthy CS2 tweets
2026-04-10 10:47:39 +00:00: 2026-04-10 10:47:39,058 - __main__ - INFO - 📡 Scraping @BLASTPremier...
2026-04-10 10:47:39 +00:00: 2026-04-10 10:47:39,649 - __main__ - INFO -   → 18 raw tweets fetched
2026-04-10 10:47:39 +00:00: 2026-04-10 10:47:39,649 - __main__ - INFO -   → 7 viral-worthy CS2 tweets
2026-04-10 10:47:42 +00:00: 2026-04-10 10:47:42,653 - __main__ - INFO - 📡 Scraping @HLTVorg...
2026-04-10 10:47:43 +00:00: 2026-04-10 10:47:43,215 - __main__ - INFO -   → 17 raw tweets fetched
2026-04-10 10:47:43 +00:00: 2026-04-10 10:47:43,216 - __main__ - INFO -   → 4 viral-worthy CS2 tweets
2026-04-10 10:47:46 +00:00: 2026-04-10 10:47:46,219 - __main__ - INFO - 📡 Scraping @CScribe...
2026-04-10 10:47:46 +00:00: 2026-04-10 10:47:46,384 - __main__ - INFO -   → 0 raw tweets fetched
2026-04-10 10:47:46 +00:00: 2026-04-10 10:47:46,384 - __main__ - INFO -   → 0 viral-worthy CS2 tweets
2026-04-10 10:47:49 +00:00: 2026-04-10 10:47:49,387 - __main__ - INFO - 📡 Scraping @Slasher...
2026-04-10 10:47:50 +00:00: 2026-04-10 10:47:50,177 - __main__ - INFO -   → 97 raw tweets fetched
2026-04-10 10:47:50 +00:00: 2026-04-10 10:47:50,179 - __main__ - INFO -   → 5 viral-worthy CS2 tweets
2026-04-10 10:47:53 +00:00: 2026-04-10 10:47:53,183 - __main__ - INFO - 📡 Scraping @Dust2us...
2026-04-10 10:47:54 +00:00: 2026-04-10 10:47:54,008 - __main__ - INFO -   → 100 raw tweets fetched
2026-04-10 10:47:54 +00:00: 2026-04-10 10:47:54,009 - __main__ - INFO -   → 63 viral-worthy CS2 tweets
2026-04-10 10:47:57 +00:00: 2026-04-10 10:47:57,013 - __main__ - INFO - 📡 Scraping @s1mpleO...
2026-04-10 10:47:57 +00:00: 2026-04-10 10:47:57,631 - __main__ - INFO -   → 79 raw tweets fetched
2026-04-10 10:47:57 +00:00: 2026-04-10 10:47:57,633 - __main__ - INFO -   → 35 viral-worthy CS2 tweets
2026-04-10 10:50:13 +00:00: 2026-04-10 10:50:13,989 - __main__ - INFO - 💾 Stored 284/284 tweets in style_bank
2026-04-10 10:50:13 +00:00: 2026-04-10 10:50:13,989 - __main__ - INFO - 📊 Style bank update: 284 tweets, avg 8543 likes, 186 with media (65%)
2026-04-10 16:50:14 +00:00: 2026-04-10 16:50:14,390 - __main__ - INFO - 📡 Scraping @Ozzny_CS2...
2026-04-10 16:50:14 +00:00: 2026-04-10 16:50:14,573 - __main__ - INFO - 🎟️  Guest token refreshed: 20426463...
2026-04-10 16:50:15 +00:00: 2026-04-10 16:50:15,249 - __main__ - INFO -   → 100 raw tweets fetched
2026-04-10 16:50:15 +00:00: 2026-04-10 16:50:15,250 - __main__ - INFO -   → 47 viral-worthy CS2 tweets
2026-04-10 16:50:18 +00:00: 2026-04-10 16:50:18,254 - __main__ - INFO - 📡 Scraping @ThourCS2...
2026-04-10 16:50:18 +00:00: 2026-04-10 16:50:18,838 - __main__ - INFO -   → 100 raw tweets fetched
2026-04-10 16:50:18 +00:00: 2026-04-10 16:50:18,839 - __main__ - INFO -   → 37 viral-worthy CS2 tweets
2026-04-10 16:50:21 +00:00: 2026-04-10 16:50:21,841 - __main__ - INFO - 📡 Scraping @CS2News_EN...
2026-04-10 16:50:22 +00:00: 2026-04-10 16:50:22,376 - __main__ - INFO -   → 100 raw tweets fetched
2026-04-10 16:50:22 +00:00: 2026-04-10 16:50:22,377 - __main__ - INFO -   → 50 viral-worthy CS2 tweets
2026-04-10 16:50:25 +00:00: 2026-04-10 16:50:25,381 - __main__ - INFO - 📡 Scraping @RazedEsport...
2026-04-10 16:50:26 +00:00: 2026-04-10 16:50:26,178 - __main__ - INFO -   → 99 raw tweets fetched
2026-04-10 16:50:26 +00:00: 2026-04-10 16:50:26,179 - __main__ - INFO -   → 36 viral-worthy CS2 tweets
2026-04-10 16:50:29 +00:00: 2026-04-10 16:50:29,183 - __main__ - INFO - 📡 Scraping @BLASTPremier...
2026-04-10 16:50:29 +00:00: 2026-04-10 16:50:29,711 - __main__ - INFO -   → 18 raw tweets fetched
2026-04-10 16:50:29 +00:00: 2026-04-10 16:50:29,711 - __main__ - INFO -   → 7 viral-worthy CS2 tweets
2026-04-10 16:50:32 +00:00: 2026-04-10 16:50:32,712 - __main__ - INFO - 📡 Scraping @HLTVorg...
2026-04-10 16:50:33 +00:00: 2026-04-10 16:50:33,299 - __main__ - INFO -   → 16 raw tweets fetched
2026-04-10 16:50:33 +00:00: 2026-04-10 16:50:33,300 - __main__ - INFO -   → 7 viral-worthy CS2 tweets
2026-04-10 16:50:36 +00:00: 2026-04-10 16:50:36,303 - __main__ - INFO - 📡 Scraping @CScribe...
2026-04-10 16:50:36 +00:00: 2026-04-10 16:50:36,469 - __main__ - INFO -   → 0 raw tweets fetched
2026-04-10 16:50:36 +00:00: 2026-04-10 16:50:36,469 - __main__ - INFO -   → 0 viral-worthy CS2 tweets
2026-04-10 16:50:39 +00:00: 2026-04-10 16:50:39,472 - __main__ - INFO - 📡 Scraping @Slasher...
2026-04-10 16:50:40 +00:00: 2026-04-10 16:50:40,090 - __main__ - INFO -   → 97 raw tweets fetched
2026-04-10 16:50:40 +00:00: 2026-04-10 16:50:40,091 - __main__ - INFO -   → 5 viral-worthy CS2 tweets
2026-04-10 16:50:43 +00:00: 2026-04-10 16:50:43,095 - __main__ - INFO - 📡 Scraping @Dust2us...
2026-04-10 16:50:43 +00:00: 2026-04-10 16:50:43,770 - __main__ - INFO -   → 100 raw tweets fetched
2026-04-10 16:50:43 +00:00: 2026-04-10 16:50:43,771 - __main__ - INFO -   → 63 viral-worthy CS2 tweets
2026-04-10 16:50:46 +00:00: 2026-04-10 16:50:46,775 - __main__ - INFO - 📡 Scraping @s1mpleO...
2026-04-10 16:50:47 +00:00: 2026-04-10 16:50:47,304 - __main__ - INFO -   → 79 raw tweets fetched
2026-04-10 16:50:47 +00:00: 2026-04-10 16:50:47,306 - __main__ - INFO -   → 35 viral-worthy CS2 tweets
2026-04-10 16:53:04 +00:00: 2026-04-10 16:53:04,983 - __main__ - INFO - 💾 Stored 287/287 tweets in style_bank
2026-04-10 16:53:04 +00:00: 2026-04-10 16:53:04,984 - __main__ - INFO - 📊 Style bank update: 287 tweets, avg 8450 likes, 189 with media (66%)
2026-04-10 22:53:05 +00:00: 2026-04-10 22:53:05,405 - __main__ - INFO - 📡 Scraping @Ozzny_CS2...
2026-04-10 22:53:05 +00:00: 2026-04-10 22:53:05,577 - __main__ - INFO - 🎟️  Guest token refreshed: 20427376...
2026-04-10 22:53:06 +00:00: 2026-04-10 22:53:06,137 - __main__ - INFO -   → 100 raw tweets fetched
2026-04-10 22:53:06 +00:00: 2026-04-10 22:53:06,138 - __main__ - INFO -   → 47 viral-worthy CS2 tweets
2026-04-10 22:53:09 +00:00: 2026-04-10 22:53:09,141 - __main__ - INFO - 📡 Scraping @ThourCS2...
2026-04-10 22:53:09 +00:00: 2026-04-10 22:53:09,693 - __main__ - INFO -   → 100 raw tweets fetched
2026-04-10 22:53:09 +00:00: 2026-04-10 22:53:09,694 - __main__ - INFO -   → 37 viral-worthy CS2 tweets
2026-04-10 22:53:12 +00:00: 2026-04-10 22:53:12,697 - __main__ - INFO - 📡 Scraping @CS2News_EN...
2026-04-10 22:53:13 +00:00: 2026-04-10 22:53:13,209 - __main__ - INFO -   → 100 raw tweets fetched
2026-04-10 22:53:13 +00:00: 2026-04-10 22:53:13,210 - __main__ - INFO -   → 50 viral-worthy CS2 tweets
2026-04-10 22:53:16 +00:00: 2026-04-10 22:53:16,214 - __main__ - INFO - 📡 Scraping @RazedEsport...
2026-04-10 22:53:16 +00:00: 2026-04-10 22:53:16,929 - __main__ - INFO -   → 99 raw tweets fetched
2026-04-10 22:53:16 +00:00: 2026-04-10 22:53:16,930 - __main__ - INFO -   → 36 viral-worthy CS2 tweets
2026-04-10 22:53:19 +00:00: 2026-04-10 22:53:19,933 - __main__ - INFO - 📡 Scraping @BLASTPremier...
2026-04-10 22:53:20 +00:00: 2026-04-10 22:53:20,432 - __main__ - INFO -   → 18 raw tweets fetched
2026-04-10 22:53:20 +00:00: 2026-04-10 22:53:20,432 - __main__ - INFO -   → 7 viral-worthy CS2 tweets
2026-04-10 22:53:23 +00:00: 2026-04-10 22:53:23,433 - __main__ - INFO - 📡 Scraping @HLTVorg...
2026-04-10 22:53:23 +00:00: 2026-04-10 22:53:23,881 - __main__ - INFO -   → 18 raw tweets fetched
2026-04-10 22:53:23 +00:00: 2026-04-10 22:53:23,882 - __main__ - INFO -   → 10 viral-worthy CS2 tweets
2026-04-10 22:53:26 +00:00: 2026-04-10 22:53:26,885 - __main__ - INFO - 📡 Scraping @CScribe...
2026-04-10 22:53:27 +00:00: 2026-04-10 22:53:27,045 - __main__ - INFO -   → 0 raw tweets fetched
2026-04-10 22:53:27 +00:00: 2026-04-10 22:53:27,045 - __main__ - INFO -   → 0 viral-worthy CS2 tweets
2026-04-10 22:53:30 +00:00: 2026-04-10 22:53:30,048 - __main__ - INFO - 📡 Scraping @Slasher...
2026-04-10 22:53:30 +00:00: 2026-04-10 22:53:30,698 - __main__ - INFO -   → 97 raw tweets fetched
2026-04-10 22:53:30 +00:00: 2026-04-10 22:53:30,699 - __main__ - INFO -   → 5 viral-worthy CS2 tweets
2026-04-10 22:53:33 +00:00: 2026-04-10 22:53:33,703 - __main__ - INFO - 📡 Scraping @Dust2us...
2026-04-10 22:53:34 +00:00: 2026-04-10 22:53:34,319 - __main__ - INFO -   → 100 raw tweets fetched
2026-04-10 22:53:34 +00:00: 2026-04-10 22:53:34,321 - __main__ - INFO -   → 63 viral-worthy CS2 tweets
2026-04-10 22:53:37 +00:00: 2026-04-10 22:53:37,324 - __main__ - INFO - 📡 Scraping @s1mpleO...
2026-04-10 22:53:37 +00:00: 2026-04-10 22:53:37,835 - __main__ - INFO -   → 79 raw tweets fetched
2026-04-10 22:53:37 +00:00: 2026-04-10 22:53:37,836 - __main__ - INFO -   → 35 viral-worthy CS2 tweets
2026-04-10 22:56:00 +00:00: 2026-04-10 22:56:00,339 - __main__ - INFO - 💾 Stored 290/290 tweets in style_bank
2026-04-10 22:56:00 +00:00: 2026-04-10 22:56:00,340 - __main__ - INFO - 📊 Style bank update: 290 tweets, avg 8374 likes, 191 with media (66%)
2026-04-11 04:56:00 +00:00: 2026-04-11 04:56:00,671 - __main__ - INFO - 📡 Scraping @Ozzny_CS2...
2026-04-11 04:56:00 +00:00: 2026-04-11 04:56:00,884 - __main__ - INFO - 🎟️  Guest token refreshed: 20428289...
2026-04-11 04:56:01 +00:00: 2026-04-11 04:56:01,503 - __main__ - INFO -   → 100 raw tweets fetched
2026-04-11 04:56:01 +00:00: 2026-04-11 04:56:01,506 - __main__ - INFO -   → 47 viral-worthy CS2 tweets
2026-04-11 04:56:04 +00:00: 2026-04-11 04:56:04,509 - __main__ - INFO - 📡 Scraping @ThourCS2...
2026-04-11 04:56:05 +00:00: 2026-04-11 04:56:05,067 - __main__ - INFO -   → 99 raw tweets fetched
2026-04-11 04:56:05 +00:00: 2026-04-11 04:56:05,068 - __main__ - INFO -   → 36 viral-worthy CS2 tweets
2026-04-11 04:56:08 +00:00: 2026-04-11 04:56:08,072 - __main__ - INFO - 📡 Scraping @CS2News_EN...
2026-04-11 04:56:08 +00:00: 2026-04-11 04:56:08,584 - __main__ - INFO -   → 100 raw tweets fetched
2026-04-11 04:56:08 +00:00: 2026-04-11 04:56:08,585 - __main__ - INFO -   → 50 viral-worthy CS2 tweets
2026-04-11 04:56:11 +00:00: 2026-04-11 04:56:11,589 - __main__ - INFO - 📡 Scraping @RazedEsport...
2026-04-11 04:56:12 +00:00: 2026-04-11 04:56:12,494 - __main__ - INFO -   → 99 raw tweets fetched
2026-04-11 04:56:12 +00:00: 2026-04-11 04:56:12,495 - __main__ - INFO -   → 36 viral-worthy CS2 tweets
2026-04-11 04:56:15 +00:00: 2026-04-11 04:56:15,499 - __main__ - INFO - 📡 Scraping @BLASTPremier...
2026-04-11 04:56:16 +00:00: 2026-04-11 04:56:16,007 - __main__ - INFO -   → 18 raw tweets fetched
2026-04-11 04:56:16 +00:00: 2026-04-11 04:56:16,007 - __main__ - INFO -   → 7 viral-worthy CS2 tweets
2026-04-11 04:56:19 +00:00: 2026-04-11 04:56:19,011 - __main__ - INFO - 📡 Scraping @HLTVorg...
2026-04-11 04:56:19 +00:00: 2026-04-11 04:56:19,463 - __main__ - INFO -   → 18 raw tweets fetched
2026-04-11 04:56:19 +00:00: 2026-04-11 04:56:19,463 - __main__ - INFO -   → 10 viral-worthy CS2 tweets
2026-04-11 04:56:22 +00:00: 2026-04-11 04:56:22,467 - __main__ - INFO - 📡 Scraping @CScribe...
2026-04-11 04:56:22 +00:00: 2026-04-11 04:56:22,627 - __main__ - INFO -   → 0 raw tweets fetched
2026-04-11 04:56:22 +00:00: 2026-04-11 04:56:22,628 - __main__ - INFO -   → 0 viral-worthy CS2 tweets
2026-04-11 04:56:25 +00:00: 2026-04-11 04:56:25,631 - __main__ - INFO - 📡 Scraping @Slasher...
2026-04-11 04:56:26 +00:00: 2026-04-11 04:56:26,181 - __main__ - INFO -   → 97 raw tweets fetched
2026-04-11 04:56:26 +00:00: 2026-04-11 04:56:26,184 - __main__ - INFO -   → 5 viral-worthy CS2 tweets
2026-04-11 04:56:29 +00:00: 2026-04-11 04:56:29,188 - __main__ - INFO - 📡 Scraping @Dust2us...
2026-04-11 04:56:29 +00:00: 2026-04-11 04:56:29,759 - __main__ - INFO -   → 100 raw tweets fetched
2026-04-11 04:56:29 +00:00: 2026-04-11 04:56:29,760 - __main__ - INFO -   → 63 viral-worthy CS2 tweets
2026-04-11 04:56:32 +00:00: 2026-04-11 04:56:32,764 - __main__ - INFO - 📡 Scraping @s1mpleO...
2026-04-11 04:56:33 +00:00: 2026-04-11 04:56:33,249 - __main__ - INFO -   → 79 raw tweets fetched
2026-04-11 04:56:33 +00:00: 2026-04-11 04:56:33,251 - __main__ - INFO -   → 35 viral-worthy CS2 tweets
2026-04-11 04:58:52 +00:00: 2026-04-11 04:58:52,646 - __main__ - INFO - 💾 Stored 289/289 tweets in style_bank
2026-04-11 04:58:52 +00:00: 2026-04-11 04:58:52,647 - __main__ - INFO - 📊 Style bank update: 289 tweets, avg 8389 likes, 190 with media (66%)
2026-04-11 10:58:53 +00:00: 2026-04-11 10:58:53,000 - __main__ - INFO - 📡 Scraping @Ozzny_CS2...
2026-04-11 10:58:53 +00:00: 2026-04-11 10:58:53,171 - __main__ - INFO - 🎟️  Guest token refreshed: 20429203...
2026-04-11 10:58:53 +00:00: 2026-04-11 10:58:53,775 - __main__ - INFO -   → 100 raw tweets fetched
2026-04-11 10:58:53 +00:00: 2026-04-11 10:58:53,777 - __main__ - INFO -   → 47 viral-worthy CS2 tweets
2026-04-11 10:58:56 +00:00: 2026-04-11 10:58:56,780 - __main__ - INFO - 📡 Scraping @ThourCS2...
2026-04-11 10:58:57 +00:00: 2026-04-11 10:58:57,283 - __main__ - INFO -   → 100 raw tweets fetched
2026-04-11 10:58:57 +00:00: 2026-04-11 10:58:57,285 - __main__ - INFO -   → 37 viral-worthy CS2 tweets
2026-04-11 10:59:00 +00:00: 2026-04-11 10:59:00,288 - __main__ - INFO - 📡 Scraping @CS2News_EN...
2026-04-11 10:59:00 +00:00: 2026-04-11 10:59:00,852 - __main__ - INFO -   → 100 raw tweets fetched
2026-04-11 10:59:00 +00:00: 2026-04-11 10:59:00,853 - __main__ - INFO -   → 50 viral-worthy CS2 tweets
2026-04-11 10:59:03 +00:00: 2026-04-11 10:59:03,856 - __main__ - INFO - 📡 Scraping @RazedEsport...
2026-04-11 10:59:04 +00:00: 2026-04-11 10:59:04,494 - __main__ - INFO -   → 99 raw tweets fetched
2026-04-11 10:59:04 +00:00: 2026-04-11 10:59:04,494 - __main__ - INFO -   → 36 viral-worthy CS2 tweets
2026-04-11 10:59:07 +00:00: 2026-04-11 10:59:07,498 - __main__ - INFO - 📡 Scraping @BLASTPremier...
2026-04-11 10:59:08 +00:00: 2026-04-11 10:59:08,049 - __main__ - INFO -   → 18 raw tweets fetched
2026-04-11 10:59:08 +00:00: 2026-04-11 10:59:08,050 - __main__ - INFO -   → 7 viral-worthy CS2 tweets
2026-04-11 10:59:11 +00:00: 2026-04-11 10:59:11,053 - __main__ - INFO - 📡 Scraping @HLTVorg...
2026-04-11 10:59:11 +00:00: 2026-04-11 10:59:11,545 - __main__ - INFO -   → 18 raw tweets fetched
2026-04-11 10:59:11 +00:00: 2026-04-11 10:59:11,545 - __main__ - INFO -   → 9 viral-worthy CS2 tweets
2026-04-11 10:59:14 +00:00: 2026-04-11 10:59:14,549 - __main__ - INFO - 📡 Scraping @CScribe...
2026-04-11 10:59:14 +00:00: 2026-04-11 10:59:14,706 - __main__ - INFO -   → 0 raw tweets fetched
2026-04-11 10:59:14 +00:00: 2026-04-11 10:59:14,707 - __main__ - INFO -   → 0 viral-worthy CS2 tweets
2026-04-11 10:59:17 +00:00: 2026-04-11 10:59:17,710 - __main__ - INFO - 📡 Scraping @Slasher...
2026-04-11 10:59:18 +00:00: 2026-04-11 10:59:18,299 - __main__ - INFO -   → 97 raw tweets fetched
2026-04-11 10:59:18 +00:00: 2026-04-11 10:59:18,302 - __main__ - INFO -   → 5 viral-worthy CS2 tweets
2026-04-11 10:59:21 +00:00: 2026-04-11 10:59:21,306 - __main__ - INFO - 📡 Scraping @Dust2us...
2026-04-11 10:59:21 +00:00: 2026-04-11 10:59:21,917 - __main__ - INFO -   → 100 raw tweets fetched
2026-04-11 10:59:21 +00:00: 2026-04-11 10:59:21,918 - __main__ - INFO -   → 63 viral-worthy CS2 tweets
2026-04-11 10:59:24 +00:00: 2026-04-11 10:59:24,921 - __main__ - INFO - 📡 Scraping @s1mpleO...
2026-04-11 10:59:25 +00:00: 2026-04-11 10:59:25,419 - __main__ - INFO -   → 79 raw tweets fetched
2026-04-11 10:59:25 +00:00: 2026-04-11 10:59:25,420 - __main__ - INFO -   → 35 viral-worthy CS2 tweets
2026-04-11 11:01:42 +00:00: 2026-04-11 11:01:42,309 - __main__ - INFO - 💾 Stored 289/289 tweets in style_bank
2026-04-11 11:01:42 +00:00: 2026-04-11 11:01:42,310 - __main__ - INFO - 📊 Style bank update: 289 tweets, avg 8402 likes, 189 with media (65%)
2026-04-11 17:01:42 +00:00: 2026-04-11 17:01:42,705 - __main__ - INFO - 📡 Scraping @Ozzny_CS2...
2026-04-11 17:01:42 +00:00: 2026-04-11 17:01:42,928 - __main__ - INFO - 🎟️  Guest token refreshed: 20430116...
2026-04-11 17:01:43 +00:00: 2026-04-11 17:01:43,610 - __main__ - INFO -   → 100 raw tweets fetched
2026-04-11 17:01:43 +00:00: 2026-04-11 17:01:43,612 - __main__ - INFO -   → 47 viral-worthy CS2 tweets
2026-04-11 17:01:46 +00:00: 2026-04-11 17:01:46,615 - __main__ - INFO - 📡 Scraping @ThourCS2...
2026-04-11 17:01:47 +00:00: 2026-04-11 17:01:47,155 - __main__ - INFO -   → 100 raw tweets fetched
2026-04-11 17:01:47 +00:00: 2026-04-11 17:01:47,156 - __main__ - INFO -   → 37 viral-worthy CS2 tweets
2026-04-11 17:01:50 +00:00: 2026-04-11 17:01:50,159 - __main__ - INFO - 📡 Scraping @CS2News_EN...
2026-04-11 17:01:50 +00:00: 2026-04-11 17:01:50,663 - __main__ - INFO -   → 100 raw tweets fetched
2026-04-11 17:01:50 +00:00: 2026-04-11 17:01:50,664 - __main__ - INFO -   → 50 viral-worthy CS2 tweets
2026-04-11 17:01:53 +00:00: 2026-04-11 17:01:53,667 - __main__ - INFO - 📡 Scraping @RazedEsport...
2026-04-11 17:01:54 +00:00: 2026-04-11 17:01:54,385 - __main__ - INFO -   → 99 raw tweets fetched
2026-04-11 17:01:54 +00:00: 2026-04-11 17:01:54,386 - __main__ - INFO -   → 36 viral-worthy CS2 tweets
2026-04-11 17:01:57 +00:00: 2026-04-11 17:01:57,388 - __main__ - INFO - 📡 Scraping @BLASTPremier...
2026-04-11 17:01:57 +00:00: 2026-04-11 17:01:57,861 - __main__ - INFO -   → 18 raw tweets fetched
2026-04-11 17:01:57 +00:00: 2026-04-11 17:01:57,861 - __main__ - INFO -   → 7 viral-worthy CS2 tweets
2026-04-11 17:02:00 +00:00: 2026-04-11 17:02:00,865 - __main__ - INFO - 📡 Scraping @HLTVorg...
2026-04-11 17:02:01 +00:00: 2026-04-11 17:02:01,307 - __main__ - INFO -   → 19 raw tweets fetched
2026-04-11 17:02:01 +00:00: 2026-04-11 17:02:01,307 - __main__ - INFO -   → 9 viral-worthy CS2 tweets
2026-04-11 17:02:04 +00:00: 2026-04-11 17:02:04,311 - __main__ - INFO - 📡 Scraping @CScribe...
2026-04-11 17:02:04 +00:00: 2026-04-11 17:02:04,466 - __main__ - INFO -   → 0 raw tweets fetched
2026-04-11 17:02:04 +00:00: 2026-04-11 17:02:04,466 - __main__ - INFO -   → 0 viral-worthy CS2 tweets
2026-04-11 17:02:07 +00:00: 2026-04-11 17:02:07,470 - __main__ - INFO - 📡 Scraping @Slasher...
2026-04-11 17:02:08 +00:00: 2026-04-11 17:02:08,255 - __main__ - INFO -   → 97 raw tweets fetched
2026-04-11 17:02:08 +00:00: 2026-04-11 17:02:08,258 - __main__ - INFO -   → 5 viral-worthy CS2 tweets
2026-04-11 17:02:11 +00:00: 2026-04-11 17:02:11,261 - __main__ - INFO - 📡 Scraping @Dust2us...
2026-04-11 17:02:11 +00:00: 2026-04-11 17:02:11,882 - __main__ - INFO -   → 100 raw tweets fetched
2026-04-11 17:02:11 +00:00: 2026-04-11 17:02:11,883 - __main__ - INFO -   → 63 viral-worthy CS2 tweets
2026-04-11 17:02:14 +00:00: 2026-04-11 17:02:14,886 - __main__ - INFO - 📡 Scraping @s1mpleO...
2026-04-11 17:02:15 +00:00: 2026-04-11 17:02:15,362 - __main__ - INFO -   → 79 raw tweets fetched
2026-04-11 17:02:15 +00:00: 2026-04-11 17:02:15,364 - __main__ - INFO -   → 35 viral-worthy CS2 tweets
2026-04-11 17:04:33 +00:00: 2026-04-11 17:04:33,955 - __main__ - INFO - 💾 Stored 289/289 tweets in style_bank
2026-04-11 17:04:33 +00:00: 2026-04-11 17:04:33,956 - __main__ - INFO - 📊 Style bank update: 289 tweets, avg 8397 likes, 192 with media (66%)
2026-04-11 23:04:34 +00:00: 2026-04-11 23:04:34,290 - __main__ - INFO - 📡 Scraping @Ozzny_CS2...
2026-04-11 23:04:34 +00:00: 2026-04-11 23:04:34,513 - __main__ - INFO - 🎟️  Guest token refreshed: 20431029...
2026-04-11 23:04:35 +00:00: 2026-04-11 23:04:35,156 - __main__ - INFO -   → 100 raw tweets fetched
2026-04-11 23:04:35 +00:00: 2026-04-11 23:04:35,157 - __main__ - INFO -   → 47 viral-worthy CS2 tweets
2026-04-11 23:04:38 +00:00: 2026-04-11 23:04:38,161 - __main__ - INFO - 📡 Scraping @ThourCS2...
2026-04-11 23:04:38 +00:00: 2026-04-11 23:04:38,739 - __main__ - INFO -   → 100 raw tweets fetched
2026-04-11 23:04:38 +00:00: 2026-04-11 23:04:38,740 - __main__ - INFO -   → 37 viral-worthy CS2 tweets
2026-04-11 23:04:41 +00:00: 2026-04-11 23:04:41,744 - __main__ - INFO - 📡 Scraping @CS2News_EN...
2026-04-11 23:04:42 +00:00: 2026-04-11 23:04:42,257 - __main__ - INFO -   → 100 raw tweets fetched
2026-04-11 23:04:42 +00:00: 2026-04-11 23:04:42,258 - __main__ - INFO -   → 50 viral-worthy CS2 tweets
2026-04-11 23:04:45 +00:00: 2026-04-11 23:04:45,262 - __main__ - INFO - 📡 Scraping @RazedEsport...
2026-04-11 23:04:45 +00:00: 2026-04-11 23:04:45,876 - __main__ - INFO -   → 99 raw tweets fetched
2026-04-11 23:04:45 +00:00: 2026-04-11 23:04:45,877 - __main__ - INFO -   → 36 viral-worthy CS2 tweets
2026-04-11 23:04:48 +00:00: 2026-04-11 23:04:48,880 - __main__ - INFO - 📡 Scraping @BLASTPremier...
2026-04-11 23:04:49 +00:00: 2026-04-11 23:04:49,372 - __main__ - INFO -   → 18 raw tweets fetched
2026-04-11 23:04:49 +00:00: 2026-04-11 23:04:49,373 - __main__ - INFO -   → 7 viral-worthy CS2 tweets
2026-04-11 23:04:52 +00:00: 2026-04-11 23:04:52,377 - __main__ - INFO - 📡 Scraping @HLTVorg...
2026-04-11 23:04:52 +00:00: 2026-04-11 23:04:52,836 - __main__ - INFO -   → 19 raw tweets fetched
2026-04-11 23:04:52 +00:00: 2026-04-11 23:04:52,836 - __main__ - INFO -   → 13 viral-worthy CS2 tweets
2026-04-11 23:04:55 +00:00: 2026-04-11 23:04:55,840 - __main__ - INFO - 📡 Scraping @CScribe...
2026-04-11 23:04:55 +00:00: 2026-04-11 23:04:55,998 - __main__ - INFO -   → 0 raw tweets fetched
2026-04-11 23:04:55 +00:00: 2026-04-11 23:04:55,998 - __main__ - INFO -   → 0 viral-worthy CS2 tweets
2026-04-11 23:04:59 +00:00: 2026-04-11 23:04:59,002 - __main__ - INFO - 📡 Scraping @Slasher...
2026-04-11 23:04:59 +00:00: 2026-04-11 23:04:59,565 - __main__ - INFO -   → 97 raw tweets fetched
2026-04-11 23:04:59 +00:00: 2026-04-11 23:04:59,567 - __main__ - INFO -   → 5 viral-worthy CS2 tweets
2026-04-11 23:05:02 +00:00: 2026-04-11 23:05:02,571 - __main__ - INFO - 📡 Scraping @Dust2us...
2026-04-11 23:05:03 +00:00: 2026-04-11 23:05:03,213 - __main__ - INFO -   → 100 raw tweets fetched
2026-04-11 23:05:03 +00:00: 2026-04-11 23:05:03,214 - __main__ - INFO -   → 63 viral-worthy CS2 tweets
2026-04-11 23:05:06 +00:00: 2026-04-11 23:05:06,217 - __main__ - INFO - 📡 Scraping @s1mpleO...
2026-04-11 23:05:06 +00:00: 2026-04-11 23:05:06,725 - __main__ - INFO -   → 79 raw tweets fetched
2026-04-11 23:05:06 +00:00: 2026-04-11 23:05:06,726 - __main__ - INFO -   → 35 viral-worthy CS2 tweets
2026-04-11 23:07:28 +00:00: 2026-04-11 23:07:28,937 - __main__ - INFO - 💾 Stored 293/293 tweets in style_bank
2026-04-11 23:07:28 +00:00: 2026-04-11 23:07:28,938 - __main__ - INFO - 📊 Style bank update: 293 tweets, avg 8297 likes, 193 with media (66%)
2026-04-12 05:07:29 +00:00: 2026-04-12 05:07:29,309 - __main__ - INFO - 📡 Scraping @Ozzny_CS2...
2026-04-12 05:07:29 +00:00: 2026-04-12 05:07:29,532 - __main__ - INFO - 🎟️  Guest token refreshed: 20431942...
2026-04-12 05:07:30 +00:00: 2026-04-12 05:07:30,154 - __main__ - INFO -   → 100 raw tweets fetched
2026-04-12 05:07:30 +00:00: 2026-04-12 05:07:30,156 - __main__ - INFO -   → 47 viral-worthy CS2 tweets
2026-04-12 05:07:33 +00:00: 2026-04-12 05:07:33,159 - __main__ - INFO - 📡 Scraping @ThourCS2...
2026-04-12 05:07:33 +00:00: 2026-04-12 05:07:33,673 - __main__ - INFO -   → 100 raw tweets fetched
2026-04-12 05:07:33 +00:00: 2026-04-12 05:07:33,674 - __main__ - INFO -   → 37 viral-worthy CS2 tweets
2026-04-12 05:07:36 +00:00: 2026-04-12 05:07:36,678 - __main__ - INFO - 📡 Scraping @CS2News_EN...
2026-04-12 05:07:37 +00:00: 2026-04-12 05:07:37,202 - __main__ - INFO -   → 100 raw tweets fetched
2026-04-12 05:07:37 +00:00: 2026-04-12 05:07:37,203 - __main__ - INFO -   → 50 viral-worthy CS2 tweets
2026-04-12 05:07:40 +00:00: 2026-04-12 05:07:40,206 - __main__ - INFO - 📡 Scraping @RazedEsport...
2026-04-12 05:07:40 +00:00: 2026-04-12 05:07:40,874 - __main__ - INFO -   → 99 raw tweets fetched
2026-04-12 05:07:40 +00:00: 2026-04-12 05:07:40,875 - __main__ - INFO -   → 36 viral-worthy CS2 tweets
2026-04-12 05:07:43 +00:00: 2026-04-12 05:07:43,878 - __main__ - INFO - 📡 Scraping @BLASTPremier...
2026-04-12 05:07:44 +00:00: 2026-04-12 05:07:44,399 - __main__ - INFO -   → 18 raw tweets fetched
2026-04-12 05:07:44 +00:00: 2026-04-12 05:07:44,400 - __main__ - INFO -   → 7 viral-worthy CS2 tweets
2026-04-12 05:07:47 +00:00: 2026-04-12 05:07:47,404 - __main__ - INFO - 📡 Scraping @HLTVorg...
2026-04-12 05:07:48 +00:00: 2026-04-12 05:07:48,006 - __main__ - INFO -   → 19 raw tweets fetched
2026-04-12 05:07:48 +00:00: 2026-04-12 05:07:48,007 - __main__ - INFO -   → 13 viral-worthy CS2 tweets
2026-04-12 05:07:51 +00:00: 2026-04-12 05:07:51,010 - __main__ - INFO - 📡 Scraping @CScribe...
2026-04-12 05:07:51 +00:00: 2026-04-12 05:07:51,173 - __main__ - INFO -   → 0 raw tweets fetched
2026-04-12 05:07:51 +00:00: 2026-04-12 05:07:51,173 - __main__ - INFO -   → 0 viral-worthy CS2 tweets
2026-04-12 05:07:54 +00:00: 2026-04-12 05:07:54,176 - __main__ - INFO - 📡 Scraping @Slasher...
2026-04-12 05:07:54 +00:00: 2026-04-12 05:07:54,759 - __main__ - INFO -   → 97 raw tweets fetched
2026-04-12 05:07:54 +00:00: 2026-04-12 05:07:54,760 - __main__ - INFO -   → 5 viral-worthy CS2 tweets
2026-04-12 05:07:57 +00:00: 2026-04-12 05:07:57,764 - __main__ - INFO - 📡 Scraping @Dust2us...
2026-04-12 05:07:58 +00:00: 2026-04-12 05:07:58,434 - __main__ - INFO -   → 100 raw tweets fetched
2026-04-12 05:07:58 +00:00: 2026-04-12 05:07:58,435 - __main__ - INFO -   → 63 viral-worthy CS2 tweets
2026-04-12 05:08:01 +00:00: 2026-04-12 05:08:01,438 - __main__ - INFO - 📡 Scraping @s1mpleO...
2026-04-12 05:08:01 +00:00: 2026-04-12 05:08:01,964 - __main__ - INFO -   → 79 raw tweets fetched
2026-04-12 05:08:01 +00:00: 2026-04-12 05:08:01,965 - __main__ - INFO -   → 35 viral-worthy CS2 tweets
2026-04-12 05:10:22 +00:00: 2026-04-12 05:10:22,437 - __main__ - INFO - 💾 Stored 293/293 tweets in style_bank
2026-04-12 05:10:22 +00:00: 2026-04-12 05:10:22,437 - __main__ - INFO - 📊 Style bank update: 293 tweets, avg 8298 likes, 193 with media (66%)
2026-04-12 11:10:22 +00:00: 2026-04-12 11:10:22,746 - __main__ - INFO - 📡 Scraping @Ozzny_CS2...
2026-04-12 11:10:22 +00:00: 2026-04-12 11:10:22,990 - __main__ - INFO - 🎟️  Guest token refreshed: 20432855...
2026-04-12 11:10:23 +00:00: 2026-04-12 11:10:23,663 - __main__ - INFO -   → 100 raw tweets fetched
2026-04-12 11:10:23 +00:00: 2026-04-12 11:10:23,664 - __main__ - INFO -   → 47 viral-worthy CS2 tweets
2026-04-12 11:10:26 +00:00: 2026-04-12 11:10:26,667 - __main__ - INFO - 📡 Scraping @ThourCS2...
2026-04-12 11:10:27 +00:00: 2026-04-12 11:10:27,216 - __main__ - INFO -   → 100 raw tweets fetched
2026-04-12 11:10:27 +00:00: 2026-04-12 11:10:27,217 - __main__ - INFO -   → 37 viral-worthy CS2 tweets
2026-04-12 11:10:30 +00:00: 2026-04-12 11:10:30,221 - __main__ - INFO - 📡 Scraping @CS2News_EN...
2026-04-12 11:10:30 +00:00: 2026-04-12 11:10:30,791 - __main__ - INFO -   → 100 raw tweets fetched
2026-04-12 11:10:30 +00:00: 2026-04-12 11:10:30,792 - __main__ - INFO -   → 50 viral-worthy CS2 tweets
2026-04-12 11:10:33 +00:00: 2026-04-12 11:10:33,796 - __main__ - INFO - 📡 Scraping @RazedEsport...
2026-04-12 11:10:34 +00:00: 2026-04-12 11:10:34,490 - __main__ - INFO -   → 99 raw tweets fetched
2026-04-12 11:10:34 +00:00: 2026-04-12 11:10:34,491 - __main__ - INFO -   → 36 viral-worthy CS2 tweets
2026-04-12 11:10:37 +00:00: 2026-04-12 11:10:37,492 - __main__ - INFO - 📡 Scraping @BLASTPremier...
2026-04-12 11:10:37 +00:00: 2026-04-12 11:10:37,988 - __main__ - INFO -   → 18 raw tweets fetched
2026-04-12 11:10:37 +00:00: 2026-04-12 11:10:37,988 - __main__ - INFO -   → 7 viral-worthy CS2 tweets
2026-04-12 11:10:40 +00:00: 2026-04-12 11:10:40,992 - __main__ - INFO - 📡 Scraping @HLTVorg...
2026-04-12 11:10:41 +00:00: 2026-04-12 11:10:41,464 - __main__ - INFO -   → 18 raw tweets fetched
2026-04-12 11:10:41 +00:00: 2026-04-12 11:10:41,465 - __main__ - INFO -   → 12 viral-worthy CS2 tweets
2026-04-12 11:10:44 +00:00: 2026-04-12 11:10:44,468 - __main__ - INFO - 📡 Scraping @CScribe...
2026-04-12 11:10:44 +00:00: 2026-04-12 11:10:44,633 - __main__ - INFO -   → 0 raw tweets fetched
2026-04-12 11:10:44 +00:00: 2026-04-12 11:10:44,633 - __main__ - INFO -   → 0 viral-worthy CS2 tweets
2026-04-12 11:10:47 +00:00: 2026-04-12 11:10:47,637 - __main__ - INFO - 📡 Scraping @Slasher...
2026-04-12 11:10:48 +00:00: 2026-04-12 11:10:48,183 - __main__ - INFO -   → 97 raw tweets fetched
2026-04-12 11:10:48 +00:00: 2026-04-12 11:10:48,185 - __main__ - INFO -   → 5 viral-worthy CS2 tweets
2026-04-12 11:10:51 +00:00: 2026-04-12 11:10:51,188 - __main__ - INFO - 📡 Scraping @Dust2us...
2026-04-12 11:10:51 +00:00: 2026-04-12 11:10:51,775 - __main__ - INFO -   → 100 raw tweets fetched
2026-04-12 11:10:51 +00:00: 2026-04-12 11:10:51,777 - __main__ - INFO -   → 63 viral-worthy CS2 tweets
2026-04-12 11:10:54 +00:00: 2026-04-12 11:10:54,781 - __main__ - INFO - 📡 Scraping @s1mpleO...
2026-04-12 11:10:55 +00:00: 2026-04-12 11:10:55,332 - __main__ - INFO -   → 79 raw tweets fetched
2026-04-12 11:10:55 +00:00: 2026-04-12 11:10:55,333 - __main__ - INFO -   → 35 viral-worthy CS2 tweets
2026-04-12 11:13:13 +00:00: 2026-04-12 11:13:13,600 - __main__ - INFO - 💾 Stored 292/292 tweets in style_bank
2026-04-12 11:13:13 +00:00: 2026-04-12 11:13:13,601 - __main__ - INFO - 📊 Style bank update: 292 tweets, avg 8327 likes, 193 with media (66%)
2026-04-12 17:13:13 +00:00: 2026-04-12 17:13:13,964 - __main__ - INFO - 📡 Scraping @Ozzny_CS2...
2026-04-12 17:13:14 +00:00: 2026-04-12 17:13:14,134 - __main__ - INFO - 🎟️  Guest token refreshed: 20433769...
2026-04-12 17:13:14 +00:00: 2026-04-12 17:13:14,694 - __main__ - INFO -   → 100 raw tweets fetched
2026-04-12 17:13:14 +00:00: 2026-04-12 17:13:14,695 - __main__ - INFO -   → 47 viral-worthy CS2 tweets
2026-04-12 17:13:17 +00:00: 2026-04-12 17:13:17,699 - __main__ - INFO - 📡 Scraping @ThourCS2...
2026-04-12 17:13:18 +00:00: 2026-04-12 17:13:18,192 - __main__ - INFO -   → 100 raw tweets fetched
2026-04-12 17:13:18 +00:00: 2026-04-12 17:13:18,193 - __main__ - INFO -   → 37 viral-worthy CS2 tweets
2026-04-12 17:13:21 +00:00: 2026-04-12 17:13:21,196 - __main__ - INFO - 📡 Scraping @CS2News_EN...
2026-04-12 17:13:21 +00:00: 2026-04-12 17:13:21,751 - __main__ - INFO -   → 100 raw tweets fetched
2026-04-12 17:13:21 +00:00: 2026-04-12 17:13:21,752 - __main__ - INFO -   → 50 viral-worthy CS2 tweets
2026-04-12 17:13:24 +00:00: 2026-04-12 17:13:24,755 - __main__ - INFO - 📡 Scraping @RazedEsport...
2026-04-12 17:13:25 +00:00: 2026-04-12 17:13:25,433 - __main__ - INFO -   → 99 raw tweets fetched
2026-04-12 17:13:25 +00:00: 2026-04-12 17:13:25,434 - __main__ - INFO -   → 36 viral-worthy CS2 tweets
2026-04-12 17:13:28 +00:00: 2026-04-12 17:13:28,438 - __main__ - INFO - 📡 Scraping @BLASTPremier...
2026-04-12 17:13:28 +00:00: 2026-04-12 17:13:28,930 - __main__ - INFO -   → 18 raw tweets fetched
2026-04-12 17:13:28 +00:00: 2026-04-12 17:13:28,931 - __main__ - INFO -   → 7 viral-worthy CS2 tweets
2026-04-12 17:13:31 +00:00: 2026-04-12 17:13:31,935 - __main__ - INFO - 📡 Scraping @HLTVorg...
2026-04-12 17:13:32 +00:00: 2026-04-12 17:13:32,454 - __main__ - INFO -   → 17 raw tweets fetched
2026-04-12 17:13:32 +00:00: 2026-04-12 17:13:32,455 - __main__ - INFO -   → 9 viral-worthy CS2 tweets
2026-04-12 17:13:35 +00:00: 2026-04-12 17:13:35,458 - __main__ - INFO - 📡 Scraping @CScribe...
2026-04-12 17:13:35 +00:00: 2026-04-12 17:13:35,613 - __main__ - INFO -   → 0 raw tweets fetched
2026-04-12 17:13:35 +00:00: 2026-04-12 17:13:35,614 - __main__ - INFO -   → 0 viral-worthy CS2 tweets
2026-04-12 17:13:38 +00:00: 2026-04-12 17:13:38,617 - __main__ - INFO - 📡 Scraping @Slasher...
2026-04-12 17:13:39 +00:00: 2026-04-12 17:13:39,187 - __main__ - INFO -   → 97 raw tweets fetched
2026-04-12 17:13:39 +00:00: 2026-04-12 17:13:39,189 - __main__ - INFO -   → 5 viral-worthy CS2 tweets
2026-04-12 17:13:42 +00:00: 2026-04-12 17:13:42,192 - __main__ - INFO - 📡 Scraping @Dust2us...
2026-04-12 17:13:42 +00:00: 2026-04-12 17:13:42,765 - __main__ - INFO -   → 100 raw tweets fetched
2026-04-12 17:13:42 +00:00: 2026-04-12 17:13:42,767 - __main__ - INFO -   → 63 viral-worthy CS2 tweets
2026-04-12 17:13:45 +00:00: 2026-04-12 17:13:45,770 - __main__ - INFO - 📡 Scraping @s1mpleO...
2026-04-12 17:13:46 +00:00: 2026-04-12 17:13:46,214 - __main__ - INFO -   → 79 raw tweets fetched
2026-04-12 17:13:46 +00:00: 2026-04-12 17:13:46,215 - __main__ - INFO -   → 35 viral-worthy CS2 tweets
2026-04-12 17:16:02 +00:00: 2026-04-12 17:16:02,921 - __main__ - INFO - 💾 Stored 289/289 tweets in style_bank
2026-04-12 17:16:02 +00:00: 2026-04-12 17:16:02,921 - __main__ - INFO - 📊 Style bank update: 289 tweets, avg 8403 likes, 190 with media (66%)
2026-04-12 23:16:03 +00:00: 2026-04-12 23:16:03,327 - __main__ - INFO - 📡 Scraping @Ozzny_CS2...
2026-04-12 23:16:03 +00:00: 2026-04-12 23:16:03,545 - __main__ - INFO - 🎟️  Guest token refreshed: 20434682...
2026-04-12 23:16:04 +00:00: 2026-04-12 23:16:04,503 - __main__ - INFO -   → 100 raw tweets fetched
2026-04-12 23:16:04 +00:00: 2026-04-12 23:16:04,504 - __main__ - INFO -   → 47 viral-worthy CS2 tweets
2026-04-12 23:16:07 +00:00: 2026-04-12 23:16:07,507 - __main__ - INFO - 📡 Scraping @ThourCS2...
2026-04-12 23:16:08 +00:00: 2026-04-12 23:16:08,245 - __main__ - INFO -   → 100 raw tweets fetched
2026-04-12 23:16:08 +00:00: 2026-04-12 23:16:08,247 - __main__ - INFO -   → 37 viral-worthy CS2 tweets
2026-04-12 23:16:11 +00:00: 2026-04-12 23:16:11,250 - __main__ - INFO - 📡 Scraping @CS2News_EN...
2026-04-12 23:16:11 +00:00: 2026-04-12 23:16:11,982 - __main__ - INFO -   → 100 raw tweets fetched
2026-04-12 23:16:11 +00:00: 2026-04-12 23:16:11,983 - __main__ - INFO -   → 50 viral-worthy CS2 tweets
2026-04-12 23:16:14 +00:00: 2026-04-12 23:16:14,986 - __main__ - INFO - 📡 Scraping @RazedEsport...
2026-04-12 23:16:15 +00:00: 2026-04-12 23:16:15,827 - __main__ - INFO -   → 99 raw tweets fetched
2026-04-12 23:16:15 +00:00: 2026-04-12 23:16:15,829 - __main__ - INFO -   → 36 viral-worthy CS2 tweets
2026-04-12 23:16:18 +00:00: 2026-04-12 23:16:18,833 - __main__ - INFO - 📡 Scraping @BLASTPremier...
2026-04-12 23:16:19 +00:00: 2026-04-12 23:16:19,417 - __main__ - INFO -   → 18 raw tweets fetched
2026-04-12 23:16:19 +00:00: 2026-04-12 23:16:19,418 - __main__ - INFO -   → 7 viral-worthy CS2 tweets
2026-04-12 23:16:22 +00:00: 2026-04-12 23:16:22,421 - __main__ - INFO - 📡 Scraping @HLTVorg...
2026-04-12 23:16:23 +00:00: 2026-04-12 23:16:23,028 - __main__ - INFO -   → 18 raw tweets fetched
2026-04-12 23:16:23 +00:00: 2026-04-12 23:16:23,029 - __main__ - INFO -   → 10 viral-worthy CS2 tweets
2026-04-12 23:16:26 +00:00: 2026-04-12 23:16:26,032 - __main__ - INFO - 📡 Scraping @CScribe...
2026-04-12 23:16:26 +00:00: 2026-04-12 23:16:26,182 - __main__ - INFO -   → 0 raw tweets fetched
2026-04-12 23:16:26 +00:00: 2026-04-12 23:16:26,182 - __main__ - INFO -   → 0 viral-worthy CS2 tweets
2026-04-12 23:16:29 +00:00: 2026-04-12 23:16:29,186 - __main__ - INFO - 📡 Scraping @Slasher...
2026-04-12 23:16:29 +00:00: 2026-04-12 23:16:29,916 - __main__ - INFO -   → 97 raw tweets fetched
2026-04-12 23:16:29 +00:00: 2026-04-12 23:16:29,918 - __main__ - INFO -   → 5 viral-worthy CS2 tweets
2026-04-12 23:16:32 +00:00: 2026-04-12 23:16:32,921 - __main__ - INFO - 📡 Scraping @Dust2us...
2026-04-12 23:16:33 +00:00: 2026-04-12 23:16:33,770 - __main__ - INFO -   → 100 raw tweets fetched
2026-04-12 23:16:33 +00:00: 2026-04-12 23:16:33,772 - __main__ - INFO -   → 63 viral-worthy CS2 tweets
2026-04-12 23:16:36 +00:00: 2026-04-12 23:16:36,776 - __main__ - INFO - 📡 Scraping @s1mpleO...
2026-04-12 23:16:37 +00:00: 2026-04-12 23:16:37,350 - __main__ - INFO -   → 79 raw tweets fetched
2026-04-12 23:16:37 +00:00: 2026-04-12 23:16:37,354 - __main__ - INFO -   → 35 viral-worthy CS2 tweets
2026-04-12 23:18:56 +00:00: 2026-04-12 23:18:56,121 - __main__ - INFO - 💾 Stored 290/290 tweets in style_bank
2026-04-12 23:18:56 +00:00: 2026-04-12 23:18:56,122 - __main__ - INFO - 📊 Style bank update: 290 tweets, avg 8375 likes, 189 with media (65%)
2026-04-13 05:18:56 +00:00: 2026-04-13 05:18:56,473 - __main__ - INFO - 📡 Scraping @Ozzny_CS2...
2026-04-13 05:18:56 +00:00: 2026-04-13 05:18:56,695 - __main__ - INFO - 🎟️  Guest token refreshed: 20435595...
2026-04-13 05:18:57 +00:00: 2026-04-13 05:18:57,273 - __main__ - INFO -   → 100 raw tweets fetched
2026-04-13 05:18:57 +00:00: 2026-04-13 05:18:57,274 - __main__ - INFO -   → 47 viral-worthy CS2 tweets
2026-04-13 05:19:00 +00:00: 2026-04-13 05:19:00,278 - __main__ - INFO - 📡 Scraping @ThourCS2...
2026-04-13 05:19:00 +00:00: 2026-04-13 05:19:00,787 - __main__ - INFO -   → 100 raw tweets fetched
2026-04-13 05:19:00 +00:00: 2026-04-13 05:19:00,788 - __main__ - INFO -   → 37 viral-worthy CS2 tweets
2026-04-13 05:19:03 +00:00: 2026-04-13 05:19:03,792 - __main__ - INFO - 📡 Scraping @CS2News_EN...
2026-04-13 05:19:04 +00:00: 2026-04-13 05:19:04,342 - __main__ - INFO -   → 100 raw tweets fetched
2026-04-13 05:19:04 +00:00: 2026-04-13 05:19:04,343 - __main__ - INFO -   → 50 viral-worthy CS2 tweets
2026-04-13 05:19:07 +00:00: 2026-04-13 05:19:07,346 - __main__ - INFO - 📡 Scraping @RazedEsport...
2026-04-13 05:19:08 +00:00: 2026-04-13 05:19:08,092 - __main__ - INFO -   → 99 raw tweets fetched
2026-04-13 05:19:08 +00:00: 2026-04-13 05:19:08,093 - __main__ - INFO -   → 36 viral-worthy CS2 tweets
2026-04-13 05:19:11 +00:00: 2026-04-13 05:19:11,096 - __main__ - INFO - 📡 Scraping @BLASTPremier...
2026-04-13 05:19:11 +00:00: 2026-04-13 05:19:11,567 - __main__ - INFO -   → 18 raw tweets fetched
2026-04-13 05:19:11 +00:00: 2026-04-13 05:19:11,568 - __main__ - INFO -   → 7 viral-worthy CS2 tweets
2026-04-13 05:19:14 +00:00: 2026-04-13 05:19:14,571 - __main__ - INFO - 📡 Scraping @HLTVorg...
2026-04-13 05:19:15 +00:00: 2026-04-13 05:19:15,089 - __main__ - INFO -   → 18 raw tweets fetched
2026-04-13 05:19:15 +00:00: 2026-04-13 05:19:15,089 - __main__ - INFO -   → 11 viral-worthy CS2 tweets
2026-04-13 05:19:18 +00:00: 2026-04-13 05:19:18,093 - __main__ - INFO - 📡 Scraping @CScribe...
2026-04-13 05:19:18 +00:00: 2026-04-13 05:19:18,245 - __main__ - INFO -   → 0 raw tweets fetched
2026-04-13 05:19:18 +00:00: 2026-04-13 05:19:18,245 - __main__ - INFO -   → 0 viral-worthy CS2 tweets
2026-04-13 05:19:21 +00:00: 2026-04-13 05:19:21,249 - __main__ - INFO - 📡 Scraping @Slasher...
2026-04-13 05:19:21 +00:00: 2026-04-13 05:19:21,794 - __main__ - INFO -   → 97 raw tweets fetched
2026-04-13 05:19:21 +00:00: 2026-04-13 05:19:21,795 - __main__ - INFO -   → 5 viral-worthy CS2 tweets
2026-04-13 05:19:24 +00:00: 2026-04-13 05:19:24,799 - __main__ - INFO - 📡 Scraping @Dust2us...
2026-04-13 05:19:25 +00:00: 2026-04-13 05:19:25,419 - __main__ - INFO -   → 100 raw tweets fetched
2026-04-13 05:19:25 +00:00: 2026-04-13 05:19:25,420 - __main__ - INFO -   → 63 viral-worthy CS2 tweets
2026-04-13 05:19:28 +00:00: 2026-04-13 05:19:28,423 - __main__ - INFO - 📡 Scraping @s1mpleO...
2026-04-13 05:19:28 +00:00: 2026-04-13 05:19:28,923 - __main__ - INFO -   → 79 raw tweets fetched
2026-04-13 05:19:28 +00:00: 2026-04-13 05:19:28,923 - __main__ - INFO -   → 35 viral-worthy CS2 tweets
2026-04-13 05:21:48 +00:00: 2026-04-13 05:21:48,359 - __main__ - INFO - 💾 Stored 291/291 tweets in style_bank
2026-04-13 05:21:48 +00:00: 2026-04-13 05:21:48,359 - __main__ - INFO - 📊 Style bank update: 291 tweets, avg 8347 likes, 189 with media (65%)
2026-04-13 11:21:48 +00:00: 2026-04-13 11:21:48,727 - __main__ - INFO - 📡 Scraping @Ozzny_CS2...
2026-04-13 11:21:48 +00:00: 2026-04-13 11:21:48,997 - __main__ - INFO - 🎟️  Guest token refreshed: 20436508...
2026-04-13 11:21:49 +00:00: 2026-04-13 11:21:49,832 - __main__ - INFO -   → 100 raw tweets fetched
2026-04-13 11:21:49 +00:00: 2026-04-13 11:21:49,833 - __main__ - INFO -   → 47 viral-worthy CS2 tweets
2026-04-13 11:21:52 +00:00: 2026-04-13 11:21:52,837 - __main__ - INFO - 📡 Scraping @ThourCS2...
2026-04-13 11:21:53 +00:00: 2026-04-13 11:21:53,633 - __main__ - INFO -   → 100 raw tweets fetched
2026-04-13 11:21:53 +00:00: 2026-04-13 11:21:53,635 - __main__ - INFO -   → 37 viral-worthy CS2 tweets
2026-04-13 11:21:56 +00:00: 2026-04-13 11:21:56,638 - __main__ - INFO - 📡 Scraping @CS2News_EN...
2026-04-13 11:21:57 +00:00: 2026-04-13 11:21:57,366 - __main__ - INFO -   → 100 raw tweets fetched
2026-04-13 11:21:57 +00:00: 2026-04-13 11:21:57,368 - __main__ - INFO -   → 50 viral-worthy CS2 tweets
2026-04-13 11:22:00 +00:00: 2026-04-13 11:22:00,371 - __main__ - INFO - 📡 Scraping @RazedEsport...
2026-04-13 11:22:01 +00:00: 2026-04-13 11:22:01,268 - __main__ - INFO -   → 99 raw tweets fetched
2026-04-13 11:22:01 +00:00: 2026-04-13 11:22:01,270 - __main__ - INFO -   → 36 viral-worthy CS2 tweets
2026-04-13 11:22:04 +00:00: 2026-04-13 11:22:04,274 - __main__ - INFO - 📡 Scraping @BLASTPremier...
2026-04-13 11:22:04 +00:00: 2026-04-13 11:22:04,910 - __main__ - INFO -   → 18 raw tweets fetched
2026-04-13 11:22:04 +00:00: 2026-04-13 11:22:04,910 - __main__ - INFO -   → 6 viral-worthy CS2 tweets
2026-04-13 11:22:07 +00:00: 2026-04-13 11:22:07,913 - __main__ - INFO - 📡 Scraping @HLTVorg...
2026-04-13 11:22:08 +00:00: 2026-04-13 11:22:08,655 - __main__ - INFO -   → 17 raw tweets fetched
2026-04-13 11:22:08 +00:00: 2026-04-13 11:22:08,655 - __main__ - INFO -   → 10 viral-worthy CS2 tweets
2026-04-13 11:22:11 +00:00: 2026-04-13 11:22:11,659 - __main__ - INFO - 📡 Scraping @CScribe...
2026-04-13 11:22:11 +00:00: 2026-04-13 11:22:11,829 - __main__ - INFO -   → 0 raw tweets fetched
2026-04-13 11:22:11 +00:00: 2026-04-13 11:22:11,829 - __main__ - INFO -   → 0 viral-worthy CS2 tweets
2026-04-13 11:22:14 +00:00: 2026-04-13 11:22:14,832 - __main__ - INFO - 📡 Scraping @Slasher...
2026-04-13 11:22:15 +00:00: 2026-04-13 11:22:15,679 - __main__ - INFO -   → 97 raw tweets fetched
2026-04-13 11:22:15 +00:00: 2026-04-13 11:22:15,681 - __main__ - INFO -   → 5 viral-worthy CS2 tweets
2026-04-13 11:22:18 +00:00: 2026-04-13 11:22:18,684 - __main__ - INFO - 📡 Scraping @Dust2us...
2026-04-13 11:22:19 +00:00: 2026-04-13 11:22:19,515 - __main__ - INFO -   → 100 raw tweets fetched
2026-04-13 11:22:19 +00:00: 2026-04-13 11:22:19,516 - __main__ - INFO -   → 63 viral-worthy CS2 tweets
2026-04-13 11:22:22 +00:00: 2026-04-13 11:22:22,519 - __main__ - INFO - 📡 Scraping @s1mpleO...
2026-04-13 11:22:23 +00:00: 2026-04-13 11:22:23,095 - __main__ - INFO -   → 79 raw tweets fetched
2026-04-13 11:22:23 +00:00: 2026-04-13 11:22:23,096 - __main__ - INFO -   → 35 viral-worthy CS2 tweets
2026-04-13 11:24:39 +00:00: 2026-04-13 11:24:39,876 - __main__ - INFO - 💾 Stored 289/289 tweets in style_bank
2026-04-13 11:24:39 +00:00: 2026-04-13 11:24:39,877 - __main__ - INFO - 📊 Style bank update: 289 tweets, avg 8399 likes, 187 with media (65%)
2026-04-13 17:24:40 +00:00: 2026-04-13 17:24:40,282 - __main__ - INFO - 📡 Scraping @Ozzny_CS2...
2026-04-13 17:24:40 +00:00: 2026-04-13 17:24:40,450 - __main__ - INFO - 🎟️  Guest token refreshed: 20437421...
2026-04-13 17:24:41 +00:00: 2026-04-13 17:24:41,045 - __main__ - INFO -   → 100 raw tweets fetched
2026-04-13 17:24:41 +00:00: 2026-04-13 17:24:41,046 - __main__ - INFO -   → 47 viral-worthy CS2 tweets
2026-04-13 17:24:44 +00:00: 2026-04-13 17:24:44,049 - __main__ - INFO - 📡 Scraping @ThourCS2...
2026-04-13 17:24:44 +00:00: 2026-04-13 17:24:44,590 - __main__ - INFO -   → 100 raw tweets fetched
2026-04-13 17:24:44 +00:00: 2026-04-13 17:24:44,591 - __main__ - INFO -   → 37 viral-worthy CS2 tweets
2026-04-13 17:24:47 +00:00: 2026-04-13 17:24:47,594 - __main__ - INFO - 📡 Scraping @CS2News_EN...
2026-04-13 17:24:48 +00:00: 2026-04-13 17:24:48,172 - __main__ - INFO -   → 100 raw tweets fetched
2026-04-13 17:24:48 +00:00: 2026-04-13 17:24:48,173 - __main__ - INFO -   → 50 viral-worthy CS2 tweets
2026-04-13 17:24:51 +00:00: 2026-04-13 17:24:51,176 - __main__ - INFO - 📡 Scraping @RazedEsport...
2026-04-13 17:24:51 +00:00: 2026-04-13 17:24:51,829 - __main__ - INFO -   → 99 raw tweets fetched
2026-04-13 17:24:51 +00:00: 2026-04-13 17:24:51,830 - __main__ - INFO -   → 36 viral-worthy CS2 tweets
2026-04-13 17:24:54 +00:00: 2026-04-13 17:24:54,833 - __main__ - INFO - 📡 Scraping @BLASTPremier...
2026-04-13 17:24:55 +00:00: 2026-04-13 17:24:55,324 - __main__ - INFO -   → 18 raw tweets fetched
2026-04-13 17:24:55 +00:00: 2026-04-13 17:24:55,324 - __main__ - INFO -   → 7 viral-worthy CS2 tweets
2026-04-13 17:24:58 +00:00: 2026-04-13 17:24:58,328 - __main__ - INFO - 📡 Scraping @HLTVorg...
2026-04-13 17:24:58 +00:00: 2026-04-13 17:24:58,723 - __main__ - INFO -   → 20 raw tweets fetched
2026-04-13 17:24:58 +00:00: 2026-04-13 17:24:58,724 - __main__ - INFO -   → 12 viral-worthy CS2 tweets
2026-04-13 17:25:01 +00:00: 2026-04-13 17:25:01,727 - __main__ - INFO - 📡 Scraping @CScribe...
2026-04-13 17:25:01 +00:00: 2026-04-13 17:25:01,884 - __main__ - INFO -   → 0 raw tweets fetched
2026-04-13 17:25:01 +00:00: 2026-04-13 17:25:01,884 - __main__ - INFO -   → 0 viral-worthy CS2 tweets
2026-04-13 17:25:04 +00:00: 2026-04-13 17:25:04,887 - __main__ - INFO - 📡 Scraping @Slasher...
2026-04-13 17:25:05 +00:00: 2026-04-13 17:25:05,451 - __main__ - INFO -   → 97 raw tweets fetched
2026-04-13 17:25:05 +00:00: 2026-04-13 17:25:05,452 - __main__ - INFO -   → 5 viral-worthy CS2 tweets
2026-04-13 17:25:08 +00:00: 2026-04-13 17:25:08,456 - __main__ - INFO - 📡 Scraping @Dust2us...
2026-04-13 17:25:09 +00:00: 2026-04-13 17:25:09,061 - __main__ - INFO -   → 100 raw tweets fetched
2026-04-13 17:25:09 +00:00: 2026-04-13 17:25:09,062 - __main__ - INFO -   → 63 viral-worthy CS2 tweets
2026-04-13 17:25:12 +00:00: 2026-04-13 17:25:12,066 - __main__ - INFO - 📡 Scraping @s1mpleO...
2026-04-13 17:25:12 +00:00: 2026-04-13 17:25:12,563 - __main__ - INFO -   → 79 raw tweets fetched
2026-04-13 17:25:12 +00:00: 2026-04-13 17:25:12,564 - __main__ - INFO -   → 35 viral-worthy CS2 tweets
2026-04-13 17:27:30 +00:00: 2026-04-13 17:27:30,403 - __main__ - INFO - 💾 Stored 292/292 tweets in style_bank
2026-04-13 17:27:30 +00:00: 2026-04-13 17:27:30,403 - __main__ - INFO - 📊 Style bank update: 292 tweets, avg 8312 likes, 194 with media (66%)
2026-04-13 23:27:30 +00:00: 2026-04-13 23:27:30,808 - __main__ - INFO - 📡 Scraping @Ozzny_CS2...
2026-04-13 23:27:30 +00:00: 2026-04-13 23:27:30,995 - __main__ - INFO - 🎟️  Guest token refreshed: 20438334...
2026-04-13 23:27:31 +00:00: 2026-04-13 23:27:31,704 - __main__ - INFO -   → 100 raw tweets fetched
2026-04-13 23:27:31 +00:00: 2026-04-13 23:27:31,706 - __main__ - INFO -   → 47 viral-worthy CS2 tweets
2026-04-13 23:27:34 +00:00: 2026-04-13 23:27:34,709 - __main__ - INFO - 📡 Scraping @ThourCS2...
2026-04-13 23:27:35 +00:00: 2026-04-13 23:27:35,224 - __main__ - INFO -   → 100 raw tweets fetched
2026-04-13 23:27:35 +00:00: 2026-04-13 23:27:35,225 - __main__ - INFO -   → 37 viral-worthy CS2 tweets
2026-04-13 23:27:38 +00:00: 2026-04-13 23:27:38,228 - __main__ - INFO - 📡 Scraping @CS2News_EN...
2026-04-13 23:27:38 +00:00: 2026-04-13 23:27:38,731 - __main__ - INFO -   → 100 raw tweets fetched
2026-04-13 23:27:38 +00:00: 2026-04-13 23:27:38,732 - __main__ - INFO -   → 50 viral-worthy CS2 tweets
2026-04-13 23:27:41 +00:00: 2026-04-13 23:27:41,735 - __main__ - INFO - 📡 Scraping @RazedEsport...
2026-04-13 23:27:42 +00:00: 2026-04-13 23:27:42,339 - __main__ - INFO -   → 99 raw tweets fetched
2026-04-13 23:27:42 +00:00: 2026-04-13 23:27:42,339 - __main__ - INFO -   → 36 viral-worthy CS2 tweets
2026-04-13 23:27:45 +00:00: 2026-04-13 23:27:45,343 - __main__ - INFO - 📡 Scraping @BLASTPremier...
2026-04-13 23:27:45 +00:00: 2026-04-13 23:27:45,779 - __main__ - INFO -   → 18 raw tweets fetched
2026-04-13 23:27:45 +00:00: 2026-04-13 23:27:45,780 - __main__ - INFO -   → 7 viral-worthy CS2 tweets
2026-04-13 23:27:48 +00:00: 2026-04-13 23:27:48,783 - __main__ - INFO - 📡 Scraping @HLTVorg...
2026-04-13 23:27:49 +00:00: 2026-04-13 23:27:49,232 - __main__ - INFO -   → 20 raw tweets fetched
2026-04-13 23:27:49 +00:00: 2026-04-13 23:27:49,232 - __main__ - INFO -   → 10 viral-worthy CS2 tweets
2026-04-13 23:27:52 +00:00: 2026-04-13 23:27:52,235 - __main__ - INFO - 📡 Scraping @CScribe...
2026-04-13 23:27:52 +00:00: 2026-04-13 23:27:52,385 - __main__ - INFO -   → 0 raw tweets fetched
2026-04-13 23:27:52 +00:00: 2026-04-13 23:27:52,385 - __main__ - INFO -   → 0 viral-worthy CS2 tweets
2026-04-13 23:27:55 +00:00: 2026-04-13 23:27:55,389 - __main__ - INFO - 📡 Scraping @Slasher...
2026-04-13 23:27:55 +00:00: 2026-04-13 23:27:55,896 - __main__ - INFO -   → 97 raw tweets fetched
2026-04-13 23:27:55 +00:00: 2026-04-13 23:27:55,897 - __main__ - INFO -   → 5 viral-worthy CS2 tweets
2026-04-13 23:27:58 +00:00: 2026-04-13 23:27:58,900 - __main__ - INFO - 📡 Scraping @Dust2us...
2026-04-13 23:27:59 +00:00: 2026-04-13 23:27:59,555 - __main__ - INFO -   → 100 raw tweets fetched
2026-04-13 23:27:59 +00:00: 2026-04-13 23:27:59,556 - __main__ - INFO -   → 63 viral-worthy CS2 tweets
2026-04-13 23:28:02 +00:00: 2026-04-13 23:28:02,559 - __main__ - INFO - 📡 Scraping @s1mpleO...
2026-04-13 23:28:03 +00:00: 2026-04-13 23:28:03,057 - __main__ - INFO -   → 79 raw tweets fetched
2026-04-13 23:28:03 +00:00: 2026-04-13 23:28:03,057 - __main__ - INFO -   → 35 viral-worthy CS2 tweets
2026-04-13 23:30:20 +00:00: 2026-04-13 23:30:20,572 - __main__ - INFO - 💾 Stored 290/290 tweets in style_bank
2026-04-13 23:30:20 +00:00: 2026-04-13 23:30:20,573 - __main__ - INFO - 📊 Style bank update: 290 tweets, avg 8371 likes, 193 with media (67%)
2026-04-14 05:30:20 +00:00: 2026-04-14 05:30:20,977 - __main__ - INFO - 📡 Scraping @Ozzny_CS2...
2026-04-14 05:30:21 +00:00: 2026-04-14 05:30:21,144 - __main__ - INFO - 🎟️  Guest token refreshed: 20439247...
2026-04-14 05:30:21 +00:00: 2026-04-14 05:30:21,698 - __main__ - INFO -   → 100 raw tweets fetched
2026-04-14 05:30:21 +00:00: 2026-04-14 05:30:21,698 - __main__ - INFO -   → 47 viral-worthy CS2 tweets
2026-04-14 05:30:24 +00:00: 2026-04-14 05:30:24,700 - __main__ - INFO - 📡 Scraping @ThourCS2...
2026-04-14 05:30:25 +00:00: 2026-04-14 05:30:25,213 - __main__ - INFO -   → 100 raw tweets fetched
2026-04-14 05:30:25 +00:00: 2026-04-14 05:30:25,213 - __main__ - INFO -   → 37 viral-worthy CS2 tweets
2026-04-14 05:30:28 +00:00: 2026-04-14 05:30:28,217 - __main__ - INFO - 📡 Scraping @CS2News_EN...
2026-04-14 05:30:28 +00:00: 2026-04-14 05:30:28,829 - __main__ - INFO -   → 100 raw tweets fetched
2026-04-14 05:30:28 +00:00: 2026-04-14 05:30:28,830 - __main__ - INFO -   → 50 viral-worthy CS2 tweets
2026-04-14 05:30:31 +00:00: 2026-04-14 05:30:31,833 - __main__ - INFO - 📡 Scraping @RazedEsport...
2026-04-14 05:30:32 +00:00: 2026-04-14 05:30:32,499 - __main__ - INFO -   → 99 raw tweets fetched
2026-04-14 05:30:32 +00:00: 2026-04-14 05:30:32,500 - __main__ - INFO -   → 36 viral-worthy CS2 tweets
2026-04-14 05:30:35 +00:00: 2026-04-14 05:30:35,502 - __main__ - INFO - 📡 Scraping @BLASTPremier...
2026-04-14 05:30:35 +00:00: 2026-04-14 05:30:35,958 - __main__ - INFO -   → 18 raw tweets fetched
2026-04-14 05:30:35 +00:00: 2026-04-14 05:30:35,959 - __main__ - INFO -   → 7 viral-worthy CS2 tweets
2026-04-14 05:30:38 +00:00: 2026-04-14 05:30:38,962 - __main__ - INFO - 📡 Scraping @HLTVorg...
2026-04-14 05:30:39 +00:00: 2026-04-14 05:30:39,358 - __main__ - INFO -   → 20 raw tweets fetched
2026-04-14 05:30:39 +00:00: 2026-04-14 05:30:39,358 - __main__ - INFO -   → 11 viral-worthy CS2 tweets
2026-04-14 05:30:42 +00:00: 2026-04-14 05:30:42,362 - __main__ - INFO - 📡 Scraping @CScribe...
2026-04-14 05:30:42 +00:00: 2026-04-14 05:30:42,509 - __main__ - INFO -   → 0 raw tweets fetched
2026-04-14 05:30:42 +00:00: 2026-04-14 05:30:42,510 - __main__ - INFO -   → 0 viral-worthy CS2 tweets
2026-04-14 05:30:45 +00:00: 2026-04-14 05:30:45,513 - __main__ - INFO - 📡 Scraping @Slasher...
2026-04-14 05:30:46 +00:00: 2026-04-14 05:30:46,164 - __main__ - INFO -   → 97 raw tweets fetched
2026-04-14 05:30:46 +00:00: 2026-04-14 05:30:46,165 - __main__ - INFO -   → 5 viral-worthy CS2 tweets
2026-04-14 05:30:49 +00:00: 2026-04-14 05:30:49,168 - __main__ - INFO - 📡 Scraping @Dust2us...
2026-04-14 05:30:49 +00:00: 2026-04-14 05:30:49,876 - __main__ - INFO -   → 100 raw tweets fetched
2026-04-14 05:30:49 +00:00: 2026-04-14 05:30:49,877 - __main__ - INFO -   → 63 viral-worthy CS2 tweets
2026-04-14 05:30:52 +00:00: 2026-04-14 05:30:52,880 - __main__ - INFO - 📡 Scraping @s1mpleO...
2026-04-14 05:30:53 +00:00: 2026-04-14 05:30:53,342 - __main__ - INFO -   → 79 raw tweets fetched
2026-04-14 05:30:53 +00:00: 2026-04-14 05:30:53,343 - __main__ - INFO -   → 35 viral-worthy CS2 tweets
2026-04-14 05:33:09 +00:00: 2026-04-14 05:33:09,913 - __main__ - INFO - 💾 Stored 291/291 tweets in style_bank
2026-04-14 05:33:09 +00:00: 2026-04-14 05:33:09,913 - __main__ - INFO - 📊 Style bank update: 291 tweets, avg 8357 likes, 194 with media (67%)
2026-04-14 11:33:10 +00:00: 2026-04-14 11:33:10,320 - __main__ - INFO - 📡 Scraping @Ozzny_CS2...
2026-04-14 11:33:10 +00:00: 2026-04-14 11:33:10,507 - __main__ - INFO - 🎟️  Guest token refreshed: 20440161...
2026-04-14 11:33:11 +00:00: 2026-04-14 11:33:11,090 - __main__ - INFO -   → 100 raw tweets fetched
2026-04-14 11:33:11 +00:00: 2026-04-14 11:33:11,091 - __main__ - INFO -   → 47 viral-worthy CS2 tweets
2026-04-14 11:33:14 +00:00: 2026-04-14 11:33:14,092 - __main__ - INFO - 📡 Scraping @ThourCS2...
2026-04-14 11:33:14 +00:00: 2026-04-14 11:33:14,681 - __main__ - INFO -   → 100 raw tweets fetched
2026-04-14 11:33:14 +00:00: 2026-04-14 11:33:14,681 - __main__ - INFO -   → 37 viral-worthy CS2 tweets
2026-04-14 11:33:17 +00:00: 2026-04-14 11:33:17,685 - __main__ - INFO - 📡 Scraping @CS2News_EN...
2026-04-14 11:33:18 +00:00: 2026-04-14 11:33:18,243 - __main__ - INFO -   → 100 raw tweets fetched
2026-04-14 11:33:18 +00:00: 2026-04-14 11:33:18,244 - __main__ - INFO -   → 50 viral-worthy CS2 tweets
2026-04-14 11:33:21 +00:00: 2026-04-14 11:33:21,248 - __main__ - INFO - 📡 Scraping @RazedEsport...
2026-04-14 11:33:21 +00:00: 2026-04-14 11:33:21,912 - __main__ - INFO -   → 99 raw tweets fetched
2026-04-14 11:33:21 +00:00: 2026-04-14 11:33:21,912 - __main__ - INFO -   → 36 viral-worthy CS2 tweets
2026-04-14 11:33:24 +00:00: 2026-04-14 11:33:24,916 - __main__ - INFO - 📡 Scraping @BLASTPremier...
2026-04-14 11:33:25 +00:00: 2026-04-14 11:33:25,390 - __main__ - INFO -   → 18 raw tweets fetched
2026-04-14 11:33:25 +00:00: 2026-04-14 11:33:25,391 - __main__ - INFO -   → 6 viral-worthy CS2 tweets
2026-04-14 11:33:28 +00:00: 2026-04-14 11:33:28,394 - __main__ - INFO - 📡 Scraping @HLTVorg...
2026-04-14 11:33:28 +00:00: 2026-04-14 11:33:28,871 - __main__ - INFO -   → 18 raw tweets fetched
2026-04-14 11:33:28 +00:00: 2026-04-14 11:33:28,872 - __main__ - INFO -   → 11 viral-worthy CS2 tweets
2026-04-14 11:33:31 +00:00: 2026-04-14 11:33:31,876 - __main__ - INFO - 📡 Scraping @CScribe...
2026-04-14 11:33:32 +00:00: 2026-04-14 11:33:32,031 - __main__ - INFO -   → 0 raw tweets fetched
2026-04-14 11:33:32 +00:00: 2026-04-14 11:33:32,031 - __main__ - INFO -   → 0 viral-worthy CS2 tweets
2026-04-14 11:33:35 +00:00: 2026-04-14 11:33:35,034 - __main__ - INFO - 📡 Scraping @Slasher...
2026-04-14 11:33:35 +00:00: 2026-04-14 11:33:35,683 - __main__ - INFO -   → 97 raw tweets fetched
2026-04-14 11:33:35 +00:00: 2026-04-14 11:33:35,684 - __main__ - INFO -   → 5 viral-worthy CS2 tweets
2026-04-14 11:33:38 +00:00: 2026-04-14 11:33:38,687 - __main__ - INFO - 📡 Scraping @Dust2us...
2026-04-14 11:33:39 +00:00: 2026-04-14 11:33:39,385 - __main__ - INFO -   → 100 raw tweets fetched
2026-04-14 11:33:39 +00:00: 2026-04-14 11:33:39,386 - __main__ - INFO -   → 63 viral-worthy CS2 tweets
2026-04-14 11:33:42 +00:00: 2026-04-14 11:33:42,389 - __main__ - INFO - 📡 Scraping @s1mpleO...
2026-04-14 11:33:42 +00:00: 2026-04-14 11:33:42,900 - __main__ - INFO -   → 79 raw tweets fetched
2026-04-14 11:33:42 +00:00: 2026-04-14 11:33:42,901 - __main__ - INFO -   → 35 viral-worthy CS2 tweets
2026-04-14 11:36:02 +00:00: 2026-04-14 11:36:02,107 - __main__ - INFO - 💾 Stored 290/290 tweets in style_bank
2026-04-14 11:36:02 +00:00: 2026-04-14 11:36:02,108 - __main__ - INFO - 📊 Style bank update: 290 tweets, avg 8378 likes, 191 with media (66%)
2026-04-14 17:36:02 +00:00: 2026-04-14 17:36:02,493 - __main__ - INFO - 📡 Scraping @Ozzny_CS2...
2026-04-14 17:36:02 +00:00: 2026-04-14 17:36:02,741 - __main__ - INFO - 🎟️  Guest token refreshed: 20441074...
2026-04-14 17:36:03 +00:00: 2026-04-14 17:36:03,713 - __main__ - INFO -   → 100 raw tweets fetched
2026-04-14 17:36:03 +00:00: 2026-04-14 17:36:03,715 - __main__ - INFO -   → 47 viral-worthy CS2 tweets
2026-04-14 17:36:06 +00:00: 2026-04-14 17:36:06,719 - __main__ - INFO - 📡 Scraping @ThourCS2...
2026-04-14 17:36:07 +00:00: 2026-04-14 17:36:07,509 - __main__ - INFO -   → 100 raw tweets fetched
2026-04-14 17:36:07 +00:00: 2026-04-14 17:36:07,511 - __main__ - INFO -   → 37 viral-worthy CS2 tweets
2026-04-14 17:36:10 +00:00: 2026-04-14 17:36:10,515 - __main__ - INFO - 📡 Scraping @CS2News_EN...
2026-04-14 17:36:11 +00:00: 2026-04-14 17:36:11,275 - __main__ - INFO -   → 100 raw tweets fetched
2026-04-14 17:36:11 +00:00: 2026-04-14 17:36:11,276 - __main__ - INFO -   → 50 viral-worthy CS2 tweets
2026-04-14 17:36:14 +00:00: 2026-04-14 17:36:14,280 - __main__ - INFO - 📡 Scraping @RazedEsport...
2026-04-14 17:36:15 +00:00: 2026-04-14 17:36:15,105 - __main__ - INFO -   → 99 raw tweets fetched
2026-04-14 17:36:15 +00:00: 2026-04-14 17:36:15,107 - __main__ - INFO -   → 36 viral-worthy CS2 tweets
2026-04-14 17:36:18 +00:00: 2026-04-14 17:36:18,110 - __main__ - INFO - 📡 Scraping @BLASTPremier...
2026-04-14 17:36:18 +00:00: 2026-04-14 17:36:18,754 - __main__ - INFO -   → 18 raw tweets fetched
2026-04-14 17:36:18 +00:00: 2026-04-14 17:36:18,755 - __main__ - INFO -   → 6 viral-worthy CS2 tweets
2026-04-14 17:36:21 +00:00: 2026-04-14 17:36:21,759 - __main__ - INFO - 📡 Scraping @HLTVorg...
2026-04-14 17:36:22 +00:00: 2026-04-14 17:36:22,196 - __main__ - INFO -   → 20 raw tweets fetched
2026-04-14 17:36:22 +00:00: 2026-04-14 17:36:22,197 - __main__ - INFO -   → 12 viral-worthy CS2 tweets
2026-04-14 17:36:25 +00:00: 2026-04-14 17:36:25,201 - __main__ - INFO - 📡 Scraping @CScribe...
2026-04-14 17:36:25 +00:00: 2026-04-14 17:36:25,387 - __main__ - INFO -   → 0 raw tweets fetched
2026-04-14 17:36:25 +00:00: 2026-04-14 17:36:25,387 - __main__ - INFO -   → 0 viral-worthy CS2 tweets
2026-04-14 17:36:28 +00:00: 2026-04-14 17:36:28,391 - __main__ - INFO - 📡 Scraping @Slasher...
2026-04-14 17:36:29 +00:00: 2026-04-14 17:36:29,179 - __main__ - INFO -   → 97 raw tweets fetched
2026-04-14 17:36:29 +00:00: 2026-04-14 17:36:29,180 - __main__ - INFO -   → 5 viral-worthy CS2 tweets
2026-04-14 17:36:32 +00:00: 2026-04-14 17:36:32,184 - __main__ - INFO - 📡 Scraping @Dust2us...
2026-04-14 17:36:33 +00:00: 2026-04-14 17:36:33,137 - __main__ - INFO -   → 100 raw tweets fetched
2026-04-14 17:36:33 +00:00: 2026-04-14 17:36:33,138 - __main__ - INFO -   → 63 viral-worthy CS2 tweets
2026-04-14 17:36:36 +00:00: 2026-04-14 17:36:36,140 - __main__ - INFO - 📡 Scraping @s1mpleO...
2026-04-14 17:36:36 +00:00: 2026-04-14 17:36:36,713 - __main__ - INFO -   → 79 raw tweets fetched
2026-04-14 17:36:36 +00:00: 2026-04-14 17:36:36,715 - __main__ - INFO -   → 35 viral-worthy CS2 tweets
2026-04-14 17:38:57 +00:00: 2026-04-14 17:38:57,271 - __main__ - INFO - 💾 Stored 291/291 tweets in style_bank
2026-04-14 17:38:57 +00:00: 2026-04-14 17:38:57,272 - __main__ - INFO - 📊 Style bank update: 291 tweets, avg 8343 likes, 193 with media (66%)
2026-04-14 23:38:57 +00:00: 2026-04-14 23:38:57,685 - __main__ - INFO - 📡 Scraping @Ozzny_CS2...
2026-04-14 23:38:57 +00:00: 2026-04-14 23:38:57,922 - __main__ - INFO - 🎟️  Guest token refreshed: 20441987...
2026-04-14 23:38:58 +00:00: 2026-04-14 23:38:58,514 - __main__ - INFO -   → 100 raw tweets fetched
2026-04-14 23:38:58 +00:00: 2026-04-14 23:38:58,515 - __main__ - INFO -   → 47 viral-worthy CS2 tweets
2026-04-14 23:39:01 +00:00: 2026-04-14 23:39:01,519 - __main__ - INFO - 📡 Scraping @ThourCS2...
2026-04-14 23:39:02 +00:00: 2026-04-14 23:39:02,104 - __main__ - INFO -   → 100 raw tweets fetched
2026-04-14 23:39:02 +00:00: 2026-04-14 23:39:02,105 - __main__ - INFO -   → 37 viral-worthy CS2 tweets
2026-04-14 23:39:05 +00:00: 2026-04-14 23:39:05,108 - __main__ - INFO - 📡 Scraping @CS2News_EN...
2026-04-14 23:39:05 +00:00: 2026-04-14 23:39:05,669 - __main__ - INFO -   → 100 raw tweets fetched
2026-04-14 23:39:05 +00:00: 2026-04-14 23:39:05,671 - __main__ - INFO -   → 50 viral-worthy CS2 tweets
2026-04-14 23:39:08 +00:00: 2026-04-14 23:39:08,674 - __main__ - INFO - 📡 Scraping @RazedEsport...
2026-04-14 23:39:09 +00:00: 2026-04-14 23:39:09,312 - __main__ - INFO -   → 99 raw tweets fetched
2026-04-14 23:39:09 +00:00: 2026-04-14 23:39:09,312 - __main__ - INFO -   → 36 viral-worthy CS2 tweets
2026-04-14 23:39:12 +00:00: 2026-04-14 23:39:12,316 - __main__ - INFO - 📡 Scraping @BLASTPremier...
2026-04-14 23:39:12 +00:00: 2026-04-14 23:39:12,776 - __main__ - INFO -   → 18 raw tweets fetched
2026-04-14 23:39:12 +00:00: 2026-04-14 23:39:12,776 - __main__ - INFO -   → 6 viral-worthy CS2 tweets
2026-04-14 23:39:15 +00:00: 2026-04-14 23:39:15,780 - __main__ - INFO - 📡 Scraping @HLTVorg...
2026-04-14 23:39:16 +00:00: 2026-04-14 23:39:16,204 - __main__ - INFO -   → 20 raw tweets fetched
2026-04-14 23:39:16 +00:00: 2026-04-14 23:39:16,204 - __main__ - INFO -   → 10 viral-worthy CS2 tweets
2026-04-14 23:39:19 +00:00: 2026-04-14 23:39:19,208 - __main__ - INFO - 📡 Scraping @CScribe...
2026-04-14 23:39:19 +00:00: 2026-04-14 23:39:19,368 - __main__ - INFO -   → 0 raw tweets fetched
2026-04-14 23:39:19 +00:00: 2026-04-14 23:39:19,369 - __main__ - INFO -   → 0 viral-worthy CS2 tweets
2026-04-14 23:39:22 +00:00: 2026-04-14 23:39:22,373 - __main__ - INFO - 📡 Scraping @Slasher...
2026-04-14 23:39:22 +00:00: 2026-04-14 23:39:22,944 - __main__ - INFO -   → 97 raw tweets fetched
2026-04-14 23:39:22 +00:00: 2026-04-14 23:39:22,945 - __main__ - INFO -   → 5 viral-worthy CS2 tweets
2026-04-14 23:39:25 +00:00: 2026-04-14 23:39:25,949 - __main__ - INFO - 📡 Scraping @Dust2us...
2026-04-14 23:39:26 +00:00: 2026-04-14 23:39:26,565 - __main__ - INFO -   → 100 raw tweets fetched
2026-04-14 23:39:26 +00:00: 2026-04-14 23:39:26,566 - __main__ - INFO -   → 63 viral-worthy CS2 tweets
2026-04-14 23:39:29 +00:00: 2026-04-14 23:39:29,570 - __main__ - INFO - 📡 Scraping @s1mpleO...
2026-04-14 23:39:30 +00:00: 2026-04-14 23:39:30,126 - __main__ - INFO -   → 79 raw tweets fetched
2026-04-14 23:39:30 +00:00: 2026-04-14 23:39:30,127 - __main__ - INFO -   → 35 viral-worthy CS2 tweets
2026-04-14 23:41:48 +00:00: 2026-04-14 23:41:48,799 - __main__ - INFO - 💾 Stored 289/289 tweets in style_bank
2026-04-14 23:41:48 +00:00: 2026-04-14 23:41:48,800 - __main__ - INFO - 📊 Style bank update: 289 tweets, avg 8414 likes, 190 with media (66%)
2026-04-15 05:41:49 +00:00: 2026-04-15 05:41:49,215 - __main__ - INFO - 📡 Scraping @Ozzny_CS2...
2026-04-15 05:41:49 +00:00: 2026-04-15 05:41:49,400 - __main__ - INFO - 🎟️  Guest token refreshed: 20442900...
2026-04-15 05:41:50 +00:00: 2026-04-15 05:41:50,042 - __main__ - INFO -   → 100 raw tweets fetched
2026-04-15 05:41:50 +00:00: 2026-04-15 05:41:50,044 - __main__ - INFO -   → 47 viral-worthy CS2 tweets
2026-04-15 05:41:53 +00:00: 2026-04-15 05:41:53,048 - __main__ - INFO - 📡 Scraping @ThourCS2...
2026-04-15 05:41:53 +00:00: 2026-04-15 05:41:53,578 - __main__ - INFO -   → 100 raw tweets fetched
2026-04-15 05:41:53 +00:00: 2026-04-15 05:41:53,579 - __main__ - INFO -   → 37 viral-worthy CS2 tweets
2026-04-15 05:41:56 +00:00: 2026-04-15 05:41:56,583 - __main__ - INFO - 📡 Scraping @CS2News_EN...
2026-04-15 05:41:57 +00:00: 2026-04-15 05:41:57,110 - __main__ - INFO -   → 100 raw tweets fetched
2026-04-15 05:41:57 +00:00: 2026-04-15 05:41:57,111 - __main__ - INFO -   → 50 viral-worthy CS2 tweets
2026-04-15 05:42:00 +00:00: 2026-04-15 05:42:00,112 - __main__ - INFO - 📡 Scraping @RazedEsport...
2026-04-15 05:42:00 +00:00: 2026-04-15 05:42:00,742 - __main__ - INFO -   → 99 raw tweets fetched
2026-04-15 05:42:00 +00:00: 2026-04-15 05:42:00,742 - __main__ - INFO -   → 36 viral-worthy CS2 tweets
2026-04-15 05:42:03 +00:00: 2026-04-15 05:42:03,746 - __main__ - INFO - 📡 Scraping @BLASTPremier...
2026-04-15 05:42:04 +00:00: 2026-04-15 05:42:04,186 - __main__ - INFO -   → 18 raw tweets fetched
2026-04-15 05:42:04 +00:00: 2026-04-15 05:42:04,186 - __main__ - INFO -   → 6 viral-worthy CS2 tweets
2026-04-15 05:42:07 +00:00: 2026-04-15 05:42:07,189 - __main__ - INFO - 📡 Scraping @HLTVorg...
2026-04-15 05:42:07 +00:00: 2026-04-15 05:42:07,673 - __main__ - INFO -   → 20 raw tweets fetched
2026-04-15 05:42:07 +00:00: 2026-04-15 05:42:07,673 - __main__ - INFO -   → 12 viral-worthy CS2 tweets
2026-04-15 05:42:10 +00:00: 2026-04-15 05:42:10,677 - __main__ - INFO - 📡 Scraping @CScribe...
2026-04-15 05:42:10 +00:00: 2026-04-15 05:42:10,837 - __main__ - INFO -   → 0 raw tweets fetched
2026-04-15 05:42:10 +00:00: 2026-04-15 05:42:10,837 - __main__ - INFO -   → 0 viral-worthy CS2 tweets
2026-04-15 05:42:13 +00:00: 2026-04-15 05:42:13,840 - __main__ - INFO - 📡 Scraping @Slasher...
2026-04-15 05:42:14 +00:00: 2026-04-15 05:42:14,417 - __main__ - INFO -   → 97 raw tweets fetched
2026-04-15 05:42:14 +00:00: 2026-04-15 05:42:14,418 - __main__ - INFO -   → 5 viral-worthy CS2 tweets
2026-04-15 05:42:17 +00:00: 2026-04-15 05:42:17,422 - __main__ - INFO - 📡 Scraping @Dust2us...
2026-04-15 05:42:18 +00:00: 2026-04-15 05:42:18,083 - __main__ - INFO -   → 100 raw tweets fetched
2026-04-15 05:42:18 +00:00: 2026-04-15 05:42:18,085 - __main__ - INFO -   → 63 viral-worthy CS2 tweets
2026-04-15 05:42:21 +00:00: 2026-04-15 05:42:21,088 - __main__ - INFO - 📡 Scraping @s1mpleO...
2026-04-15 05:42:21 +00:00: 2026-04-15 05:42:21,525 - __main__ - INFO -   → 79 raw tweets fetched
2026-04-15 05:42:21 +00:00: 2026-04-15 05:42:21,526 - __main__ - INFO -   → 35 viral-worthy CS2 tweets
2026-04-15 05:44:42 +00:00: 2026-04-15 05:44:42,252 - __main__ - INFO - 💾 Stored 291/291 tweets in style_bank
2026-04-15 05:44:42 +00:00: 2026-04-15 05:44:42,253 - __main__ - INFO - 📊 Style bank update: 291 tweets, avg 8368 likes, 191 with media (66%)
2026-04-15 11:44:42 +00:00: 2026-04-15 11:44:42,646 - __main__ - INFO - 📡 Scraping @Ozzny_CS2...
2026-04-15 11:44:42 +00:00: 2026-04-15 11:44:42,843 - __main__ - INFO - 🎟️  Guest token refreshed: 20443813...
2026-04-15 11:44:43 +00:00: 2026-04-15 11:44:43,714 - __main__ - INFO -   → 100 raw tweets fetched
2026-04-15 11:44:43 +00:00: 2026-04-15 11:44:43,716 - __main__ - INFO -   → 47 viral-worthy CS2 tweets
2026-04-15 11:44:46 +00:00: 2026-04-15 11:44:46,718 - __main__ - INFO - 📡 Scraping @ThourCS2...
2026-04-15 11:44:47 +00:00: 2026-04-15 11:44:47,790 - __main__ - INFO -   → 99 raw tweets fetched
2026-04-15 11:44:47 +00:00: 2026-04-15 11:44:47,791 - __main__ - INFO -   → 37 viral-worthy CS2 tweets
2026-04-15 11:44:50 +00:00: 2026-04-15 11:44:50,795 - __main__ - INFO - 📡 Scraping @CS2News_EN...
2026-04-15 11:44:51 +00:00: 2026-04-15 11:44:51,545 - __main__ - INFO -   → 100 raw tweets fetched
2026-04-15 11:44:51 +00:00: 2026-04-15 11:44:51,546 - __main__ - INFO -   → 50 viral-worthy CS2 tweets
2026-04-15 11:44:54 +00:00: 2026-04-15 11:44:54,550 - __main__ - INFO - 📡 Scraping @RazedEsport...
2026-04-15 11:44:55 +00:00: 2026-04-15 11:44:55,472 - __main__ - INFO -   → 99 raw tweets fetched
2026-04-15 11:44:55 +00:00: 2026-04-15 11:44:55,473 - __main__ - INFO -   → 36 viral-worthy CS2 tweets
2026-04-15 11:44:58 +00:00: 2026-04-15 11:44:58,476 - __main__ - INFO - 📡 Scraping @BLASTPremier...
2026-04-15 11:44:59 +00:00: 2026-04-15 11:44:59,071 - __main__ - INFO -   → 18 raw tweets fetched
2026-04-15 11:44:59 +00:00: 2026-04-15 11:44:59,071 - __main__ - INFO -   → 6 viral-worthy CS2 tweets
2026-04-15 11:45:02 +00:00: 2026-04-15 11:45:02,075 - __main__ - INFO - 📡 Scraping @HLTVorg...
2026-04-15 11:45:02 +00:00: 2026-04-15 11:45:02,638 - __main__ - INFO -   → 20 raw tweets fetched
2026-04-15 11:45:02 +00:00: 2026-04-15 11:45:02,639 - __main__ - INFO -   → 11 viral-worthy CS2 tweets
2026-04-15 11:45:05 +00:00: 2026-04-15 11:45:05,642 - __main__ - INFO - 📡 Scraping @CScribe...
2026-04-15 11:45:05 +00:00: 2026-04-15 11:45:05,811 - __main__ - INFO -   → 0 raw tweets fetched
2026-04-15 11:45:05 +00:00: 2026-04-15 11:45:05,811 - __main__ - INFO -   → 0 viral-worthy CS2 tweets
2026-04-15 11:45:08 +00:00: 2026-04-15 11:45:08,814 - __main__ - INFO - 📡 Scraping @Slasher...
2026-04-15 11:45:09 +00:00: 2026-04-15 11:45:09,564 - __main__ - INFO -   → 97 raw tweets fetched
2026-04-15 11:45:09 +00:00: 2026-04-15 11:45:09,565 - __main__ - INFO -   → 5 viral-worthy CS2 tweets
2026-04-15 11:45:12 +00:00: 2026-04-15 11:45:12,569 - __main__ - INFO - 📡 Scraping @Dust2us...
2026-04-15 11:45:13 +00:00: 2026-04-15 11:45:13,335 - __main__ - INFO -   → 100 raw tweets fetched
2026-04-15 11:45:13 +00:00: 2026-04-15 11:45:13,335 - __main__ - INFO -   → 63 viral-worthy CS2 tweets
2026-04-15 11:45:16 +00:00: 2026-04-15 11:45:16,339 - __main__ - INFO - 📡 Scraping @s1mpleO...
2026-04-15 11:45:17 +00:00: 2026-04-15 11:45:17,030 - __main__ - INFO -   → 79 raw tweets fetched
2026-04-15 11:45:17 +00:00: 2026-04-15 11:45:17,030 - __main__ - INFO -   → 35 viral-worthy CS2 tweets
2026-04-15 11:47:37 +00:00: 2026-04-15 11:47:37,580 - __main__ - INFO - 💾 Stored 290/290 tweets in style_bank
2026-04-15 11:47:37 +00:00: 2026-04-15 11:47:37,581 - __main__ - INFO - 📊 Style bank update: 290 tweets, avg 8374 likes, 189 with media (65%)
2026-04-15 17:47:37 +00:00: 2026-04-15 17:47:37,990 - __main__ - INFO - 📡 Scraping @Ozzny_CS2...
2026-04-15 17:47:38 +00:00: 2026-04-15 17:47:38,330 - __main__ - INFO - 🎟️  Guest token refreshed: 20444727...
2026-04-15 17:47:38 +00:00: 2026-04-15 17:47:38,935 - __main__ - INFO -   → 100 raw tweets fetched
2026-04-15 17:47:38 +00:00: 2026-04-15 17:47:38,936 - __main__ - INFO -   → 47 viral-worthy CS2 tweets
2026-04-15 17:47:41 +00:00: 2026-04-15 17:47:41,940 - __main__ - INFO - 📡 Scraping @ThourCS2...
2026-04-15 17:47:42 +00:00: 2026-04-15 17:47:42,551 - __main__ - INFO -   → 100 raw tweets fetched
2026-04-15 17:47:42 +00:00: 2026-04-15 17:47:42,553 - __main__ - INFO -   → 37 viral-worthy CS2 tweets
2026-04-15 17:47:45 +00:00: 2026-04-15 17:47:45,557 - __main__ - INFO - 📡 Scraping @CS2News_EN...
2026-04-15 17:47:46 +00:00: 2026-04-15 17:47:46,116 - __main__ - INFO -   → 100 raw tweets fetched
2026-04-15 17:47:46 +00:00: 2026-04-15 17:47:46,117 - __main__ - INFO -   → 50 viral-worthy CS2 tweets
2026-04-15 17:47:49 +00:00: 2026-04-15 17:47:49,121 - __main__ - INFO - 📡 Scraping @RazedEsport...
2026-04-15 17:47:49 +00:00: 2026-04-15 17:47:49,988 - __main__ - INFO -   → 99 raw tweets fetched
2026-04-15 17:47:49 +00:00: 2026-04-15 17:47:49,990 - __main__ - INFO -   → 36 viral-worthy CS2 tweets
2026-04-15 17:47:52 +00:00: 2026-04-15 17:47:52,994 - __main__ - INFO - 📡 Scraping @BLASTPremier...
2026-04-15 17:47:53 +00:00: 2026-04-15 17:47:53,450 - __main__ - INFO -   → 19 raw tweets fetched
2026-04-15 17:47:53 +00:00: 2026-04-15 17:47:53,451 - __main__ - INFO -   → 7 viral-worthy CS2 tweets
2026-04-15 17:47:56 +00:00: 2026-04-15 17:47:56,454 - __main__ - INFO - 📡 Scraping @HLTVorg...
2026-04-15 17:47:56 +00:00: 2026-04-15 17:47:56,897 - __main__ - INFO -   → 20 raw tweets fetched
2026-04-15 17:47:56 +00:00: 2026-04-15 17:47:56,898 - __main__ - INFO -   → 10 viral-worthy CS2 tweets
2026-04-15 17:47:59 +00:00: 2026-04-15 17:47:59,902 - __main__ - INFO - 📡 Scraping @CScribe...
2026-04-15 17:48:00 +00:00: 2026-04-15 17:48:00,058 - __main__ - INFO -   → 0 raw tweets fetched
2026-04-15 17:48:00 +00:00: 2026-04-15 17:48:00,058 - __main__ - INFO -   → 0 viral-worthy CS2 tweets
2026-04-15 17:48:03 +00:00: 2026-04-15 17:48:03,061 - __main__ - INFO - 📡 Scraping @Slasher...
2026-04-15 17:48:03 +00:00: 2026-04-15 17:48:03,674 - __main__ - INFO -   → 97 raw tweets fetched
2026-04-15 17:48:03 +00:00: 2026-04-15 17:48:03,676 - __main__ - INFO -   → 5 viral-worthy CS2 tweets
2026-04-15 17:48:06 +00:00: 2026-04-15 17:48:06,679 - __main__ - INFO - 📡 Scraping @Dust2us...
2026-04-15 17:48:07 +00:00: 2026-04-15 17:48:07,313 - __main__ - INFO -   → 100 raw tweets fetched
2026-04-15 17:48:07 +00:00: 2026-04-15 17:48:07,313 - __main__ - INFO -   → 63 viral-worthy CS2 tweets
2026-04-15 17:48:10 +00:00: 2026-04-15 17:48:10,317 - __main__ - INFO - 📡 Scraping @s1mpleO...
2026-04-15 17:48:10 +00:00: 2026-04-15 17:48:10,929 - __main__ - INFO -   → 79 raw tweets fetched
2026-04-15 17:48:10 +00:00: 2026-04-15 17:48:10,930 - __main__ - INFO -   → 35 viral-worthy CS2 tweets
2026-04-15 17:50:31 +00:00: 2026-04-15 17:50:31,213 - __main__ - INFO - 💾 Stored 290/290 tweets in style_bank
2026-04-15 17:50:31 +00:00: 2026-04-15 17:50:31,214 - __main__ - INFO - 📊 Style bank update: 290 tweets, avg 8363 likes, 192 with media (66%)
2026-04-15 23:50:31 +00:00: 2026-04-15 23:50:31,606 - __main__ - INFO - 📡 Scraping @Ozzny_CS2...
2026-04-15 23:50:31 +00:00: 2026-04-15 23:50:31,913 - __main__ - INFO - 🎟️  Guest token refreshed: 20445640...
2026-04-15 23:50:32 +00:00: 2026-04-15 23:50:32,555 - __main__ - INFO -   → 100 raw tweets fetched
2026-04-15 23:50:32 +00:00: 2026-04-15 23:50:32,557 - __main__ - INFO -   → 47 viral-worthy CS2 tweets
2026-04-15 23:50:35 +00:00: 2026-04-15 23:50:35,560 - __main__ - INFO - 📡 Scraping @ThourCS2...
2026-04-15 23:50:36 +00:00: 2026-04-15 23:50:36,121 - __main__ - INFO -   → 100 raw tweets fetched
2026-04-15 23:50:36 +00:00: 2026-04-15 23:50:36,122 - __main__ - INFO -   → 37 viral-worthy CS2 tweets
2026-04-15 23:50:39 +00:00: 2026-04-15 23:50:39,126 - __main__ - INFO - 📡 Scraping @CS2News_EN...
2026-04-15 23:50:39 +00:00: 2026-04-15 23:50:39,671 - __main__ - INFO -   → 100 raw tweets fetched
2026-04-15 23:50:39 +00:00: 2026-04-15 23:50:39,673 - __main__ - INFO -   → 50 viral-worthy CS2 tweets
2026-04-15 23:50:42 +00:00: 2026-04-15 23:50:42,676 - __main__ - INFO - 📡 Scraping @RazedEsport...
2026-04-15 23:50:43 +00:00: 2026-04-15 23:50:43,360 - __main__ - INFO -   → 99 raw tweets fetched
2026-04-15 23:50:43 +00:00: 2026-04-15 23:50:43,361 - __main__ - INFO -   → 36 viral-worthy CS2 tweets
2026-04-15 23:50:46 +00:00: 2026-04-15 23:50:46,364 - __main__ - INFO - 📡 Scraping @BLASTPremier...
2026-04-15 23:50:46 +00:00: 2026-04-15 23:50:46,840 - __main__ - INFO -   → 19 raw tweets fetched
2026-04-15 23:50:46 +00:00: 2026-04-15 23:50:46,840 - __main__ - INFO -   → 7 viral-worthy CS2 tweets
2026-04-15 23:50:49 +00:00: 2026-04-15 23:50:49,843 - __main__ - INFO - 📡 Scraping @HLTVorg...
2026-04-15 23:50:50 +00:00: 2026-04-15 23:50:50,297 - __main__ - INFO -   → 20 raw tweets fetched
2026-04-15 23:50:50 +00:00: 2026-04-15 23:50:50,297 - __main__ - INFO -   → 12 viral-worthy CS2 tweets
2026-04-15 23:50:53 +00:00: 2026-04-15 23:50:53,300 - __main__ - INFO - 📡 Scraping @CScribe...
2026-04-15 23:50:53 +00:00: 2026-04-15 23:50:53,467 - __main__ - INFO -   → 0 raw tweets fetched
2026-04-15 23:50:53 +00:00: 2026-04-15 23:50:53,467 - __main__ - INFO -   → 0 viral-worthy CS2 tweets
2026-04-15 23:50:56 +00:00: 2026-04-15 23:50:56,470 - __main__ - INFO - 📡 Scraping @Slasher...
2026-04-15 23:50:56 +00:00: 2026-04-15 23:50:56,971 - __main__ - INFO -   → 97 raw tweets fetched
2026-04-15 23:50:56 +00:00: 2026-04-15 23:50:56,973 - __main__ - INFO -   → 5 viral-worthy CS2 tweets
2026-04-15 23:50:59 +00:00: 2026-04-15 23:50:59,977 - __main__ - INFO - 📡 Scraping @Dust2us...
2026-04-15 23:51:00 +00:00: 2026-04-15 23:51:00,578 - __main__ - INFO -   → 100 raw tweets fetched
2026-04-15 23:51:00 +00:00: 2026-04-15 23:51:00,580 - __main__ - INFO -   → 63 viral-worthy CS2 tweets
2026-04-15 23:51:03 +00:00: 2026-04-15 23:51:03,583 - __main__ - INFO - 📡 Scraping @s1mpleO...
2026-04-15 23:51:04 +00:00: 2026-04-15 23:51:04,084 - __main__ - INFO -   → 79 raw tweets fetched
2026-04-15 23:51:04 +00:00: 2026-04-15 23:51:04,085 - __main__ - INFO -   → 35 viral-worthy CS2 tweets
2026-04-15 23:53:25 +00:00: 2026-04-15 23:53:25,068 - __main__ - INFO - 💾 Stored 292/292 tweets in style_bank
2026-04-15 23:53:25 +00:00: 2026-04-15 23:53:25,069 - __main__ - INFO - 📊 Style bank update: 292 tweets, avg 8327 likes, 192 with media (66%)
2026-04-16 05:53:25 +00:00: 2026-04-16 05:53:25,412 - __main__ - INFO - 📡 Scraping @Ozzny_CS2...
2026-04-16 05:53:25 +00:00: 2026-04-16 05:53:25,618 - __main__ - INFO - 🎟️  Guest token refreshed: 20446553...
2026-04-16 05:53:26 +00:00: 2026-04-16 05:53:26,245 - __main__ - INFO -   → 100 raw tweets fetched
2026-04-16 05:53:26 +00:00: 2026-04-16 05:53:26,247 - __main__ - INFO -   → 47 viral-worthy CS2 tweets
2026-04-16 05:53:29 +00:00: 2026-04-16 05:53:29,250 - __main__ - INFO - 📡 Scraping @ThourCS2...
2026-04-16 05:53:29 +00:00: 2026-04-16 05:53:29,754 - __main__ - INFO -   → 100 raw tweets fetched
2026-04-16 05:53:29 +00:00: 2026-04-16 05:53:29,756 - __main__ - INFO -   → 37 viral-worthy CS2 tweets
2026-04-16 05:53:32 +00:00: 2026-04-16 05:53:32,759 - __main__ - INFO - 📡 Scraping @CS2News_EN...
2026-04-16 05:53:33 +00:00: 2026-04-16 05:53:33,285 - __main__ - INFO -   → 100 raw tweets fetched
2026-04-16 05:53:33 +00:00: 2026-04-16 05:53:33,286 - __main__ - INFO -   → 50 viral-worthy CS2 tweets
2026-04-16 05:53:36 +00:00: 2026-04-16 05:53:36,289 - __main__ - INFO - 📡 Scraping @RazedEsport...
2026-04-16 05:53:36 +00:00: 2026-04-16 05:53:36,881 - __main__ - INFO -   → 99 raw tweets fetched
2026-04-16 05:53:36 +00:00: 2026-04-16 05:53:36,881 - __main__ - INFO -   → 36 viral-worthy CS2 tweets
2026-04-16 05:53:39 +00:00: 2026-04-16 05:53:39,885 - __main__ - INFO - 📡 Scraping @BLASTPremier...
2026-04-16 05:53:40 +00:00: 2026-04-16 05:53:40,375 - __main__ - INFO -   → 19 raw tweets fetched
2026-04-16 05:53:40 +00:00: 2026-04-16 05:53:40,376 - __main__ - INFO -   → 7 viral-worthy CS2 tweets
2026-04-16 05:53:43 +00:00: 2026-04-16 05:53:43,379 - __main__ - INFO - 📡 Scraping @HLTVorg...
2026-04-16 05:53:43 +00:00: 2026-04-16 05:53:43,794 - __main__ - INFO -   → 20 raw tweets fetched
2026-04-16 05:53:43 +00:00: 2026-04-16 05:53:43,794 - __main__ - INFO -   → 13 viral-worthy CS2 tweets
2026-04-16 05:53:46 +00:00: 2026-04-16 05:53:46,796 - __main__ - INFO - 📡 Scraping @CScribe...
2026-04-16 05:53:46 +00:00: 2026-04-16 05:53:46,952 - __main__ - INFO -   → 0 raw tweets fetched
2026-04-16 05:53:46 +00:00: 2026-04-16 05:53:46,952 - __main__ - INFO -   → 0 viral-worthy CS2 tweets
2026-04-16 05:53:49 +00:00: 2026-04-16 05:53:49,956 - __main__ - INFO - 📡 Scraping @Slasher...
2026-04-16 05:53:50 +00:00: 2026-04-16 05:53:50,441 - __main__ - INFO -   → 97 raw tweets fetched
2026-04-16 05:53:50 +00:00: 2026-04-16 05:53:50,442 - __main__ - INFO -   → 5 viral-worthy CS2 tweets
2026-04-16 05:53:53 +00:00: 2026-04-16 05:53:53,445 - __main__ - INFO - 📡 Scraping @Dust2us...
2026-04-16 05:53:54 +00:00: 2026-04-16 05:53:54,103 - __main__ - INFO -   → 100 raw tweets fetched
2026-04-16 05:53:54 +00:00: 2026-04-16 05:53:54,103 - __main__ - INFO -   → 63 viral-worthy CS2 tweets
2026-04-16 05:53:57 +00:00: 2026-04-16 05:53:57,107 - __main__ - INFO - 📡 Scraping @s1mpleO...
2026-04-16 05:53:57 +00:00: 2026-04-16 05:53:57,587 - __main__ - INFO -   → 79 raw tweets fetched
2026-04-16 05:53:57 +00:00: 2026-04-16 05:53:57,588 - __main__ - INFO -   → 35 viral-worthy CS2 tweets
2026-04-16 05:56:18 +00:00: 2026-04-16 05:56:18,215 - __main__ - INFO - 💾 Stored 293/293 tweets in style_bank
2026-04-16 05:56:18 +00:00: 2026-04-16 05:56:18,216 - __main__ - INFO - 📊 Style bank update: 293 tweets, avg 8319 likes, 192 with media (66%)
2026-04-16 11:56:18 +00:00: 2026-04-16 11:56:18,629 - __main__ - INFO - 📡 Scraping @Ozzny_CS2...
2026-04-16 11:56:18 +00:00: 2026-04-16 11:56:18,844 - __main__ - INFO - 🎟️  Guest token refreshed: 20447467...
2026-04-16 11:56:19 +00:00: 2026-04-16 11:56:19,723 - __main__ - INFO -   → 100 raw tweets fetched
2026-04-16 11:56:19 +00:00: 2026-04-16 11:56:19,724 - __main__ - INFO -   → 47 viral-worthy CS2 tweets
2026-04-16 11:56:22 +00:00: 2026-04-16 11:56:22,728 - __main__ - INFO - 📡 Scraping @ThourCS2...
2026-04-16 11:56:23 +00:00: 2026-04-16 11:56:23,273 - __main__ - INFO -   → 100 raw tweets fetched
2026-04-16 11:56:23 +00:00: 2026-04-16 11:56:23,273 - __main__ - INFO -   → 37 viral-worthy CS2 tweets
2026-04-16 11:56:26 +00:00: 2026-04-16 11:56:26,277 - __main__ - INFO - 📡 Scraping @CS2News_EN...
2026-04-16 11:56:26 +00:00: 2026-04-16 11:56:26,914 - __main__ - INFO -   → 100 raw tweets fetched
2026-04-16 11:56:26 +00:00: 2026-04-16 11:56:26,915 - __main__ - INFO -   → 50 viral-worthy CS2 tweets
2026-04-16 11:56:29 +00:00: 2026-04-16 11:56:29,917 - __main__ - INFO - 📡 Scraping @RazedEsport...
2026-04-16 11:56:30 +00:00: 2026-04-16 11:56:30,649 - __main__ - INFO -   → 99 raw tweets fetched
2026-04-16 11:56:30 +00:00: 2026-04-16 11:56:30,649 - __main__ - INFO -   → 36 viral-worthy CS2 tweets
2026-04-16 11:56:33 +00:00: 2026-04-16 11:56:33,653 - __main__ - INFO - 📡 Scraping @BLASTPremier...
2026-04-16 11:56:34 +00:00: 2026-04-16 11:56:34,133 - __main__ - INFO -   → 19 raw tweets fetched
2026-04-16 11:56:34 +00:00: 2026-04-16 11:56:34,134 - __main__ - INFO -   → 7 viral-worthy CS2 tweets
2026-04-16 11:56:37 +00:00: 2026-04-16 11:56:37,137 - __main__ - INFO - 📡 Scraping @HLTVorg...
2026-04-16 11:56:37 +00:00: 2026-04-16 11:56:37,595 - __main__ - INFO -   → 19 raw tweets fetched
2026-04-16 11:56:37 +00:00: 2026-04-16 11:56:37,595 - __main__ - INFO -   → 13 viral-worthy CS2 tweets
2026-04-16 11:56:40 +00:00: 2026-04-16 11:56:40,599 - __main__ - INFO - 📡 Scraping @CScribe...
2026-04-16 11:56:40 +00:00: 2026-04-16 11:56:40,767 - __main__ - INFO -   → 0 raw tweets fetched
2026-04-16 11:56:40 +00:00: 2026-04-16 11:56:40,768 - __main__ - INFO -   → 0 viral-worthy CS2 tweets
2026-04-16 11:56:43 +00:00: 2026-04-16 11:56:43,771 - __main__ - INFO - 📡 Scraping @Slasher...
2026-04-16 11:56:44 +00:00: 2026-04-16 11:56:44,389 - __main__ - INFO -   → 97 raw tweets fetched
2026-04-16 11:56:44 +00:00: 2026-04-16 11:56:44,390 - __main__ - INFO -   → 5 viral-worthy CS2 tweets
2026-04-16 11:56:47 +00:00: 2026-04-16 11:56:47,394 - __main__ - INFO - 📡 Scraping @Dust2us...
2026-04-16 11:56:48 +00:00: 2026-04-16 11:56:48,107 - __main__ - INFO -   → 100 raw tweets fetched
2026-04-16 11:56:48 +00:00: 2026-04-16 11:56:48,108 - __main__ - INFO -   → 63 viral-worthy CS2 tweets
2026-04-16 11:56:51 +00:00: 2026-04-16 11:56:51,112 - __main__ - INFO - 📡 Scraping @s1mpleO...
2026-04-16 11:56:51 +00:00: 2026-04-16 11:56:51,598 - __main__ - INFO -   → 79 raw tweets fetched
2026-04-16 11:56:51 +00:00: 2026-04-16 11:56:51,600 - __main__ - INFO -   → 35 viral-worthy CS2 tweets
2026-04-16 11:59:13 +00:00: 2026-04-16 11:59:13,023 - __main__ - INFO - 💾 Stored 293/293 tweets in style_bank
2026-04-16 11:59:13 +00:00: 2026-04-16 11:59:13,023 - __main__ - INFO - 📊 Style bank update: 293 tweets, avg 8307 likes, 191 with media (65%)
2026-04-16 17:59:13 +00:00: 2026-04-16 17:59:13,423 - __main__ - INFO - 📡 Scraping @Ozzny_CS2...
2026-04-16 17:59:13 +00:00: 2026-04-16 17:59:13,572 - __main__ - INFO - 🎟️  Guest token refreshed: 20448380...
2026-04-16 17:59:14 +00:00: 2026-04-16 17:59:14,232 - __main__ - INFO -   → 100 raw tweets fetched
2026-04-16 17:59:14 +00:00: 2026-04-16 17:59:14,234 - __main__ - INFO -   → 47 viral-worthy CS2 tweets
2026-04-16 17:59:17 +00:00: 2026-04-16 17:59:17,238 - __main__ - INFO - 📡 Scraping @ThourCS2...
2026-04-16 17:59:17 +00:00: 2026-04-16 17:59:17,822 - __main__ - INFO -   → 100 raw tweets fetched
2026-04-16 17:59:17 +00:00: 2026-04-16 17:59:17,823 - __main__ - INFO -   → 37 viral-worthy CS2 tweets
2026-04-16 17:59:20 +00:00: 2026-04-16 17:59:20,826 - __main__ - INFO - 📡 Scraping @CS2News_EN...
2026-04-16 17:59:21 +00:00: 2026-04-16 17:59:21,439 - __main__ - INFO -   → 100 raw tweets fetched
2026-04-16 17:59:21 +00:00: 2026-04-16 17:59:21,441 - __main__ - INFO -   → 50 viral-worthy CS2 tweets
2026-04-16 17:59:24 +00:00: 2026-04-16 17:59:24,444 - __main__ - INFO - 📡 Scraping @RazedEsport...
2026-04-16 17:59:25 +00:00: 2026-04-16 17:59:25,244 - __main__ - INFO -   → 99 raw tweets fetched
2026-04-16 17:59:25 +00:00: 2026-04-16 17:59:25,249 - __main__ - INFO -   → 36 viral-worthy CS2 tweets
2026-04-16 17:59:28 +00:00: 2026-04-16 17:59:28,252 - __main__ - INFO - 📡 Scraping @BLASTPremier...
2026-04-16 17:59:28 +00:00: 2026-04-16 17:59:28,749 - __main__ - INFO -   → 19 raw tweets fetched
2026-04-16 17:59:28 +00:00: 2026-04-16 17:59:28,750 - __main__ - INFO -   → 7 viral-worthy CS2 tweets
2026-04-16 17:59:31 +00:00: 2026-04-16 17:59:31,753 - __main__ - INFO - 📡 Scraping @HLTVorg...
2026-04-16 17:59:32 +00:00: 2026-04-16 17:59:32,301 - __main__ - INFO -   → 19 raw tweets fetched
2026-04-16 17:59:32 +00:00: 2026-04-16 17:59:32,302 - __main__ - INFO -   → 12 viral-worthy CS2 tweets
2026-04-16 17:59:35 +00:00: 2026-04-16 17:59:35,305 - __main__ - INFO - 📡 Scraping @CScribe...
2026-04-16 17:59:35 +00:00: 2026-04-16 17:59:35,500 - __main__ - INFO -   → 0 raw tweets fetched
2026-04-16 17:59:35 +00:00: 2026-04-16 17:59:35,500 - __main__ - INFO -   → 0 viral-worthy CS2 tweets
2026-04-16 17:59:38 +00:00: 2026-04-16 17:59:38,504 - __main__ - INFO - 📡 Scraping @Slasher...
2026-04-16 17:59:39 +00:00: 2026-04-16 17:59:39,090 - __main__ - INFO -   → 97 raw tweets fetched
2026-04-16 17:59:39 +00:00: 2026-04-16 17:59:39,091 - __main__ - INFO -   → 5 viral-worthy CS2 tweets
2026-04-16 17:59:42 +00:00: 2026-04-16 17:59:42,092 - __main__ - INFO - 📡 Scraping @Dust2us...
2026-04-16 17:59:42 +00:00: 2026-04-16 17:59:42,701 - __main__ - INFO -   → 100 raw tweets fetched
2026-04-16 17:59:42 +00:00: 2026-04-16 17:59:42,701 - __main__ - INFO -   → 63 viral-worthy CS2 tweets
2026-04-16 17:59:45 +00:00: 2026-04-16 17:59:45,705 - __main__ - INFO - 📡 Scraping @s1mpleO...
2026-04-16 17:59:46 +00:00: 2026-04-16 17:59:46,304 - __main__ - INFO -   → 79 raw tweets fetched
2026-04-16 17:59:46 +00:00: 2026-04-16 17:59:46,306 - __main__ - INFO -   → 35 viral-worthy CS2 tweets
2026-04-16 18:02:03 +00:00: 2026-04-16 18:02:03,800 - __main__ - INFO - 💾 Stored 292/292 tweets in style_bank
2026-04-16 18:02:03 +00:00: 2026-04-16 18:02:03,801 - __main__ - INFO - 📊 Style bank update: 292 tweets, avg 8326 likes, 191 with media (65%)
2026-04-17 00:02:04 +00:00: 2026-04-17 00:02:04,141 - __main__ - INFO - 📡 Scraping @Ozzny_CS2...
2026-04-17 00:02:04 +00:00: 2026-04-17 00:02:04,318 - __main__ - INFO - 🎟️  Guest token refreshed: 20449293...
2026-04-17 00:02:05 +00:00: 2026-04-17 00:02:05,146 - __main__ - INFO -   → 100 raw tweets fetched
2026-04-17 00:02:05 +00:00: 2026-04-17 00:02:05,147 - __main__ - INFO -   → 47 viral-worthy CS2 tweets
2026-04-17 00:02:08 +00:00: 2026-04-17 00:02:08,148 - __main__ - INFO - 📡 Scraping @ThourCS2...
2026-04-17 00:02:08 +00:00: 2026-04-17 00:02:08,903 - __main__ - INFO -   → 100 raw tweets fetched
2026-04-17 00:02:08 +00:00: 2026-04-17 00:02:08,904 - __main__ - INFO -   → 37 viral-worthy CS2 tweets
2026-04-17 00:02:11 +00:00: 2026-04-17 00:02:11,905 - __main__ - INFO - 📡 Scraping @CS2News_EN...
2026-04-17 00:02:12 +00:00: 2026-04-17 00:02:12,644 - __main__ - INFO -   → 100 raw tweets fetched
2026-04-17 00:02:12 +00:00: 2026-04-17 00:02:12,645 - __main__ - INFO -   → 50 viral-worthy CS2 tweets
2026-04-17 00:02:15 +00:00: 2026-04-17 00:02:15,649 - __main__ - INFO - 📡 Scraping @RazedEsport...
2026-04-17 00:02:16 +00:00: 2026-04-17 00:02:16,612 - __main__ - INFO -   → 99 raw tweets fetched
2026-04-17 00:02:16 +00:00: 2026-04-17 00:02:16,613 - __main__ - INFO -   → 36 viral-worthy CS2 tweets
2026-04-17 00:02:19 +00:00: 2026-04-17 00:02:19,616 - __main__ - INFO - 📡 Scraping @BLASTPremier...
2026-04-17 00:02:20 +00:00: 2026-04-17 00:02:20,255 - __main__ - INFO -   → 19 raw tweets fetched
2026-04-17 00:02:20 +00:00: 2026-04-17 00:02:20,255 - __main__ - INFO -   → 7 viral-worthy CS2 tweets
2026-04-17 00:02:23 +00:00: 2026-04-17 00:02:23,258 - __main__ - INFO - 📡 Scraping @HLTVorg...
2026-04-17 00:02:23 +00:00: 2026-04-17 00:02:23,775 - __main__ - INFO -   → 19 raw tweets fetched
2026-04-17 00:02:23 +00:00: 2026-04-17 00:02:23,776 - __main__ - INFO -   → 10 viral-worthy CS2 tweets
2026-04-17 00:02:26 +00:00: 2026-04-17 00:02:26,779 - __main__ - INFO - 📡 Scraping @CScribe...
2026-04-17 00:02:26 +00:00: 2026-04-17 00:02:26,945 - __main__ - INFO -   → 0 raw tweets fetched
2026-04-17 00:02:26 +00:00: 2026-04-17 00:02:26,946 - __main__ - INFO -   → 0 viral-worthy CS2 tweets
2026-04-17 00:02:29 +00:00: 2026-04-17 00:02:29,949 - __main__ - INFO - 📡 Scraping @Slasher...
2026-04-17 00:02:30 +00:00: 2026-04-17 00:02:30,717 - __main__ - INFO -   → 97 raw tweets fetched
2026-04-17 00:02:30 +00:00: 2026-04-17 00:02:30,718 - __main__ - INFO -   → 5 viral-worthy CS2 tweets
2026-04-17 00:02:33 +00:00: 2026-04-17 00:02:33,721 - __main__ - INFO - 📡 Scraping @Dust2us...
2026-04-17 00:02:34 +00:00: 2026-04-17 00:02:34,494 - __main__ - INFO -   → 100 raw tweets fetched
2026-04-17 00:02:34 +00:00: 2026-04-17 00:02:34,495 - __main__ - INFO -   → 63 viral-worthy CS2 tweets
2026-04-17 00:02:37 +00:00: 2026-04-17 00:02:37,498 - __main__ - INFO - 📡 Scraping @s1mpleO...
2026-04-17 00:02:38 +00:00: 2026-04-17 00:02:38,076 - __main__ - INFO -   → 79 raw tweets fetched
2026-04-17 00:02:38 +00:00: 2026-04-17 00:02:38,077 - __main__ - INFO -   → 35 viral-worthy CS2 tweets
2026-04-17 00:04:54 +00:00: 2026-04-17 00:04:54,563 - __main__ - INFO - 💾 Stored 290/290 tweets in style_bank
2026-04-17 00:04:54 +00:00: 2026-04-17 00:04:54,566 - __main__ - INFO - 📊 Style bank update: 290 tweets, avg 8370 likes, 189 with media (65%)
2026-04-17 06:04:54 +00:00: 2026-04-17 06:04:54,973 - __main__ - INFO - 📡 Scraping @Ozzny_CS2...
2026-04-17 06:04:55 +00:00: 2026-04-17 06:04:55,167 - __main__ - INFO - 🎟️  Guest token refreshed: 20450206...
2026-04-17 06:04:56 +00:00: 2026-04-17 06:04:56,027 - __main__ - INFO -   → 100 raw tweets fetched
2026-04-17 06:04:56 +00:00: 2026-04-17 06:04:56,028 - __main__ - INFO -   → 47 viral-worthy CS2 tweets
2026-04-17 06:04:59 +00:00: 2026-04-17 06:04:59,032 - __main__ - INFO - 📡 Scraping @ThourCS2...
2026-04-17 06:04:59 +00:00: 2026-04-17 06:04:59,771 - __main__ - INFO -   → 100 raw tweets fetched
2026-04-17 06:04:59 +00:00: 2026-04-17 06:04:59,772 - __main__ - INFO -   → 37 viral-worthy CS2 tweets
2026-04-17 06:05:02 +00:00: 2026-04-17 06:05:02,776 - __main__ - INFO - 📡 Scraping @CS2News_EN...
2026-04-17 06:05:03 +00:00: 2026-04-17 06:05:03,540 - __main__ - INFO -   → 100 raw tweets fetched
2026-04-17 06:05:03 +00:00: 2026-04-17 06:05:03,541 - __main__ - INFO -   → 50 viral-worthy CS2 tweets
2026-04-17 06:05:06 +00:00: 2026-04-17 06:05:06,544 - __main__ - INFO - 📡 Scraping @RazedEsport...
2026-04-17 06:05:07 +00:00: 2026-04-17 06:05:07,380 - __main__ - INFO -   → 99 raw tweets fetched
2026-04-17 06:05:07 +00:00: 2026-04-17 06:05:07,381 - __main__ - INFO -   → 36 viral-worthy CS2 tweets
2026-04-17 06:05:10 +00:00: 2026-04-17 06:05:10,384 - __main__ - INFO - 📡 Scraping @BLASTPremier...
2026-04-17 06:05:10 +00:00: 2026-04-17 06:05:10,972 - __main__ - INFO -   → 19 raw tweets fetched
2026-04-17 06:05:10 +00:00: 2026-04-17 06:05:10,972 - __main__ - INFO -   → 7 viral-worthy CS2 tweets
2026-04-17 06:05:13 +00:00: 2026-04-17 06:05:13,976 - __main__ - INFO - 📡 Scraping @HLTVorg...
2026-04-17 06:05:14 +00:00: 2026-04-17 06:05:14,543 - __main__ - INFO -   → 19 raw tweets fetched
2026-04-17 06:05:14 +00:00: 2026-04-17 06:05:14,544 - __main__ - INFO -   → 10 viral-worthy CS2 tweets
2026-04-17 06:05:17 +00:00: 2026-04-17 06:05:17,547 - __main__ - INFO - 📡 Scraping @CScribe...
2026-04-17 06:05:17 +00:00: 2026-04-17 06:05:17,715 - __main__ - INFO -   → 0 raw tweets fetched
2026-04-17 06:05:17 +00:00: 2026-04-17 06:05:17,715 - __main__ - INFO -   → 0 viral-worthy CS2 tweets
2026-04-17 06:05:20 +00:00: 2026-04-17 06:05:20,719 - __main__ - INFO - 📡 Scraping @Slasher...
2026-04-17 06:05:21 +00:00: 2026-04-17 06:05:21,474 - __main__ - INFO -   → 97 raw tweets fetched
2026-04-17 06:05:21 +00:00: 2026-04-17 06:05:21,476 - __main__ - INFO -   → 5 viral-worthy CS2 tweets
2026-04-17 06:05:24 +00:00: 2026-04-17 06:05:24,480 - __main__ - INFO - 📡 Scraping @Dust2us...
2026-04-17 06:05:25 +00:00: 2026-04-17 06:05:25,328 - __main__ - INFO -   → 100 raw tweets fetched
2026-04-17 06:05:25 +00:00: 2026-04-17 06:05:25,329 - __main__ - INFO -   → 63 viral-worthy CS2 tweets
2026-04-17 06:05:28 +00:00: 2026-04-17 06:05:28,333 - __main__ - INFO - 📡 Scraping @s1mpleO...
2026-04-17 06:05:28 +00:00: 2026-04-17 06:05:28,968 - __main__ - INFO -   → 79 raw tweets fetched
2026-04-17 06:05:28 +00:00: 2026-04-17 06:05:28,969 - __main__ - INFO -   → 35 viral-worthy CS2 tweets
2026-04-17 06:07:45 +00:00: 2026-04-17 06:07:45,460 - __main__ - INFO - 💾 Stored 290/290 tweets in style_bank
2026-04-17 06:07:45 +00:00: 2026-04-17 06:07:45,460 - __main__ - INFO - 📊 Style bank update: 290 tweets, avg 8371 likes, 189 with media (65%)
2026-04-17 12:07:45 +00:00: 2026-04-17 12:07:45,867 - __main__ - INFO - 📡 Scraping @Ozzny_CS2...
2026-04-17 12:07:46 +00:00: 2026-04-17 12:07:46,181 - __main__ - INFO - 🎟️  Guest token refreshed: 20451119...
2026-04-17 12:07:46 +00:00: 2026-04-17 12:07:46,854 - __main__ - INFO -   → 100 raw tweets fetched
2026-04-17 12:07:46 +00:00: 2026-04-17 12:07:46,855 - __main__ - INFO -   → 47 viral-worthy CS2 tweets
2026-04-17 12:07:49 +00:00: 2026-04-17 12:07:49,859 - __main__ - INFO - 📡 Scraping @ThourCS2...
2026-04-17 12:07:50 +00:00: 2026-04-17 12:07:50,732 - __main__ - INFO -   → 90 raw tweets fetched
2026-04-17 12:07:50 +00:00: 2026-04-17 12:07:50,734 - __main__ - INFO -   → 32 viral-worthy CS2 tweets
2026-04-17 12:07:53 +00:00: 2026-04-17 12:07:53,737 - __main__ - INFO - 📡 Scraping @CS2News_EN...
2026-04-17 12:07:54 +00:00: 2026-04-17 12:07:54,471 - __main__ - INFO -   → 100 raw tweets fetched
2026-04-17 12:07:54 +00:00: 2026-04-17 12:07:54,472 - __main__ - INFO -   → 50 viral-worthy CS2 tweets
2026-04-17 12:07:57 +00:00: 2026-04-17 12:07:57,476 - __main__ - INFO - 📡 Scraping @RazedEsport...
2026-04-17 12:07:58 +00:00: 2026-04-17 12:07:58,189 - __main__ - INFO -   → 99 raw tweets fetched
2026-04-17 12:07:58 +00:00: 2026-04-17 12:07:58,190 - __main__ - INFO -   → 36 viral-worthy CS2 tweets
2026-04-17 12:08:01 +00:00: 2026-04-17 12:08:01,193 - __main__ - INFO - 📡 Scraping @BLASTPremier...
2026-04-17 12:08:01 +00:00: 2026-04-17 12:08:01,776 - __main__ - INFO -   → 18 raw tweets fetched
2026-04-17 12:08:01 +00:00: 2026-04-17 12:08:01,776 - __main__ - INFO -   → 7 viral-worthy CS2 tweets
2026-04-17 12:08:04 +00:00: 2026-04-17 12:08:04,780 - __main__ - INFO - 📡 Scraping @HLTVorg...
2026-04-17 12:08:05 +00:00: 2026-04-17 12:08:05,329 - __main__ - INFO -   → 20 raw tweets fetched
2026-04-17 12:08:05 +00:00: 2026-04-17 12:08:05,329 - __main__ - INFO -   → 10 viral-worthy CS2 tweets
2026-04-17 12:08:08 +00:00: 2026-04-17 12:08:08,332 - __main__ - INFO - 📡 Scraping @CScribe...
2026-04-17 12:08:08 +00:00: 2026-04-17 12:08:08,497 - __main__ - INFO -   → 0 raw tweets fetched
2026-04-17 12:08:08 +00:00: 2026-04-17 12:08:08,498 - __main__ - INFO -   → 0 viral-worthy CS2 tweets
2026-04-17 12:08:11 +00:00: 2026-04-17 12:08:11,501 - __main__ - INFO - 📡 Scraping @Slasher...
2026-04-17 12:08:12 +00:00: 2026-04-17 12:08:12,192 - __main__ - INFO -   → 97 raw tweets fetched
2026-04-17 12:08:12 +00:00: 2026-04-17 12:08:12,193 - __main__ - INFO -   → 5 viral-worthy CS2 tweets
2026-04-17 12:08:15 +00:00: 2026-04-17 12:08:15,196 - __main__ - INFO - 📡 Scraping @Dust2us...
2026-04-17 12:08:15 +00:00: 2026-04-17 12:08:15,934 - __main__ - INFO -   → 100 raw tweets fetched
2026-04-17 12:08:15 +00:00: 2026-04-17 12:08:15,935 - __main__ - INFO -   → 63 viral-worthy CS2 tweets
2026-04-17 12:08:18 +00:00: 2026-04-17 12:08:18,938 - __main__ - INFO - 📡 Scraping @s1mpleO...
2026-04-17 12:08:19 +00:00: 2026-04-17 12:08:19,437 - __main__ - INFO -   → 79 raw tweets fetched
2026-04-17 12:08:19 +00:00: 2026-04-17 12:08:19,438 - __main__ - INFO -   → 35 viral-worthy CS2 tweets
2026-04-17 12:10:34 +00:00: 2026-04-17 12:10:34,432 - __main__ - INFO - 💾 Stored 285/285 tweets in style_bank
2026-04-17 12:10:34 +00:00: 2026-04-17 12:10:34,433 - __main__ - INFO - 📊 Style bank update: 285 tweets, avg 8430 likes, 185 with media (65%)
2026-04-17 18:10:34 +00:00: 2026-04-17 18:10:34,797 - __main__ - INFO - 📡 Scraping @Ozzny_CS2...
2026-04-17 18:10:35 +00:00: 2026-04-17 18:10:35,020 - __main__ - INFO - 🎟️  Guest token refreshed: 20452032...
2026-04-17 18:10:35 +00:00: 2026-04-17 18:10:35,823 - __main__ - INFO -   → 100 raw tweets fetched
2026-04-17 18:10:35 +00:00: 2026-04-17 18:10:35,824 - __main__ - INFO -   → 47 viral-worthy CS2 tweets
2026-04-17 18:10:38 +00:00: 2026-04-17 18:10:38,828 - __main__ - INFO - 📡 Scraping @ThourCS2...
2026-04-17 18:10:39 +00:00: 2026-04-17 18:10:39,566 - __main__ - INFO -   → 100 raw tweets fetched
2026-04-17 18:10:39 +00:00: 2026-04-17 18:10:39,566 - __main__ - INFO -   → 37 viral-worthy CS2 tweets
2026-04-17 18:10:42 +00:00: 2026-04-17 18:10:42,570 - __main__ - INFO - 📡 Scraping @CS2News_EN...
2026-04-17 18:10:43 +00:00: 2026-04-17 18:10:43,330 - __main__ - INFO -   → 100 raw tweets fetched
2026-04-17 18:10:43 +00:00: 2026-04-17 18:10:43,332 - __main__ - INFO -   → 50 viral-worthy CS2 tweets
2026-04-17 18:10:46 +00:00: 2026-04-17 18:10:46,337 - __main__ - INFO - 📡 Scraping @RazedEsport...
2026-04-17 18:10:47 +00:00: 2026-04-17 18:10:47,206 - __main__ - INFO -   → 99 raw tweets fetched
2026-04-17 18:10:47 +00:00: 2026-04-17 18:10:47,207 - __main__ - INFO -   → 36 viral-worthy CS2 tweets
2026-04-17 18:10:50 +00:00: 2026-04-17 18:10:50,209 - __main__ - INFO - 📡 Scraping @BLASTPremier...
2026-04-17 18:10:50 +00:00: 2026-04-17 18:10:50,889 - __main__ - INFO -   → 19 raw tweets fetched
2026-04-17 18:10:50 +00:00: 2026-04-17 18:10:50,889 - __main__ - INFO -   → 9 viral-worthy CS2 tweets
2026-04-17 18:10:53 +00:00: 2026-04-17 18:10:53,893 - __main__ - INFO - 📡 Scraping @HLTVorg...
2026-04-17 18:10:54 +00:00: 2026-04-17 18:10:54,436 - __main__ - INFO -   → 20 raw tweets fetched
2026-04-17 18:10:54 +00:00: 2026-04-17 18:10:54,436 - __main__ - INFO -   → 11 viral-worthy CS2 tweets
2026-04-17 18:10:57 +00:00: 2026-04-17 18:10:57,440 - __main__ - INFO - 📡 Scraping @CScribe...
2026-04-17 18:10:57 +00:00: 2026-04-17 18:10:57,605 - __main__ - INFO -   → 0 raw tweets fetched
2026-04-17 18:10:57 +00:00: 2026-04-17 18:10:57,605 - __main__ - INFO -   → 0 viral-worthy CS2 tweets
2026-04-17 18:11:00 +00:00: 2026-04-17 18:11:00,608 - __main__ - INFO - 📡 Scraping @Slasher...
2026-04-17 18:11:01 +00:00: 2026-04-17 18:11:01,360 - __main__ - INFO -   → 97 raw tweets fetched
2026-04-17 18:11:01 +00:00: 2026-04-17 18:11:01,362 - __main__ - INFO -   → 5 viral-worthy CS2 tweets
2026-04-17 18:11:04 +00:00: 2026-04-17 18:11:04,366 - __main__ - INFO - 📡 Scraping @Dust2us...
2026-04-17 18:11:05 +00:00: 2026-04-17 18:11:05,190 - __main__ - INFO -   → 100 raw tweets fetched
2026-04-17 18:11:05 +00:00: 2026-04-17 18:11:05,191 - __main__ - INFO -   → 63 viral-worthy CS2 tweets
2026-04-17 18:11:08 +00:00: 2026-04-17 18:11:08,192 - __main__ - INFO - 📡 Scraping @s1mpleO...
2026-04-17 18:11:08 +00:00: 2026-04-17 18:11:08,898 - __main__ - INFO -   → 79 raw tweets fetched
2026-04-17 18:11:08 +00:00: 2026-04-17 18:11:08,899 - __main__ - INFO -   → 35 viral-worthy CS2 tweets
2026-04-17 18:13:27 +00:00: 2026-04-17 18:13:27,347 - __main__ - INFO - 💾 Stored 293/293 tweets in style_bank
2026-04-17 18:13:27 +00:00: 2026-04-17 18:13:27,347 - __main__ - INFO - 📊 Style bank update: 293 tweets, avg 8284 likes, 195 with media (67%)
2026-04-18 00:13:27 +00:00: 2026-04-18 00:13:27,664 - __main__ - INFO - 📡 Scraping @Ozzny_CS2...
2026-04-18 00:13:28 +00:00: 2026-04-18 00:13:28,041 - __main__ - INFO - 🎟️  Guest token refreshed: 20452946...
2026-04-18 00:13:28 +00:00: 2026-04-18 00:13:28,617 - __main__ - INFO -   → 100 raw tweets fetched
2026-04-18 00:13:28 +00:00: 2026-04-18 00:13:28,618 - __main__ - INFO -   → 47 viral-worthy CS2 tweets
2026-04-18 00:13:31 +00:00: 2026-04-18 00:13:31,621 - __main__ - INFO - 📡 Scraping @ThourCS2...
2026-04-18 00:13:32 +00:00: 2026-04-18 00:13:32,260 - __main__ - INFO -   → 100 raw tweets fetched
2026-04-18 00:13:32 +00:00: 2026-04-18 00:13:32,260 - __main__ - INFO -   → 37 viral-worthy CS2 tweets
2026-04-18 00:13:35 +00:00: 2026-04-18 00:13:35,264 - __main__ - INFO - 📡 Scraping @CS2News_EN...
2026-04-18 00:13:35 +00:00: 2026-04-18 00:13:35,799 - __main__ - INFO -   → 100 raw tweets fetched
2026-04-18 00:13:35 +00:00: 2026-04-18 00:13:35,800 - __main__ - INFO -   → 50 viral-worthy CS2 tweets
2026-04-18 00:13:38 +00:00: 2026-04-18 00:13:38,804 - __main__ - INFO - 📡 Scraping @RazedEsport...
2026-04-18 00:13:39 +00:00: 2026-04-18 00:13:39,610 - __main__ - INFO -   → 99 raw tweets fetched
2026-04-18 00:13:39 +00:00: 2026-04-18 00:13:39,611 - __main__ - INFO -   → 36 viral-worthy CS2 tweets
2026-04-18 00:13:42 +00:00: 2026-04-18 00:13:42,614 - __main__ - INFO - 📡 Scraping @BLASTPremier...
2026-04-18 00:13:43 +00:00: 2026-04-18 00:13:43,075 - __main__ - INFO -   → 18 raw tweets fetched
2026-04-18 00:13:43 +00:00: 2026-04-18 00:13:43,075 - __main__ - INFO -   → 10 viral-worthy CS2 tweets
2026-04-18 00:13:46 +00:00: 2026-04-18 00:13:46,077 - __main__ - INFO - 📡 Scraping @HLTVorg...
2026-04-18 00:13:46 +00:00: 2026-04-18 00:13:46,632 - __main__ - INFO -   → 18 raw tweets fetched
2026-04-18 00:13:46 +00:00: 2026-04-18 00:13:46,634 - __main__ - INFO -   → 13 viral-worthy CS2 tweets
2026-04-18 00:13:49 +00:00: 2026-04-18 00:13:49,636 - __main__ - INFO - 📡 Scraping @CScribe...
2026-04-18 00:13:49 +00:00: 2026-04-18 00:13:49,795 - __main__ - INFO -   → 0 raw tweets fetched
2026-04-18 00:13:49 +00:00: 2026-04-18 00:13:49,795 - __main__ - INFO -   → 0 viral-worthy CS2 tweets
2026-04-18 00:13:52 +00:00: 2026-04-18 00:13:52,799 - __main__ - INFO - 📡 Scraping @Slasher...
2026-04-18 00:13:53 +00:00: 2026-04-18 00:13:53,400 - __main__ - INFO -   → 97 raw tweets fetched
2026-04-18 00:13:53 +00:00: 2026-04-18 00:13:53,402 - __main__ - INFO -   → 5 viral-worthy CS2 tweets
2026-04-18 00:13:56 +00:00: 2026-04-18 00:13:56,405 - __main__ - INFO - 📡 Scraping @Dust2us...
2026-04-18 00:13:57 +00:00: 2026-04-18 00:13:57,038 - __main__ - INFO -   → 100 raw tweets fetched
2026-04-18 00:13:57 +00:00: 2026-04-18 00:13:57,040 - __main__ - INFO -   → 63 viral-worthy CS2 tweets
2026-04-18 00:14:00 +00:00: 2026-04-18 00:14:00,043 - __main__ - INFO - 📡 Scraping @s1mpleO...
2026-04-18 00:14:01 +00:00: 2026-04-18 00:14:01,668 - __main__ - INFO -   → 79 raw tweets fetched
2026-04-18 00:14:01 +00:00: 2026-04-18 00:14:01,669 - __main__ - INFO -   → 35 viral-worthy CS2 tweets
2026-04-18 00:16:21 +00:00: 2026-04-18 00:16:21,094 - __main__ - INFO - 💾 Stored 296/296 tweets in style_bank
2026-04-18 00:16:21 +00:00: 2026-04-18 00:16:21,095 - __main__ - INFO - 📊 Style bank update: 296 tweets, avg 8273 likes, 197 with media (67%)
2026-04-18 06:16:21 +00:00: 2026-04-18 06:16:21,430 - __main__ - INFO - 📡 Scraping @Ozzny_CS2...
2026-04-18 06:16:21 +00:00: 2026-04-18 06:16:21,637 - __main__ - INFO - 🎟️  Guest token refreshed: 20453859...
2026-04-18 06:16:22 +00:00: 2026-04-18 06:16:22,255 - __main__ - INFO -   → 100 raw tweets fetched
2026-04-18 06:16:22 +00:00: 2026-04-18 06:16:22,257 - __main__ - INFO -   → 47 viral-worthy CS2 tweets
2026-04-18 06:16:25 +00:00: 2026-04-18 06:16:25,260 - __main__ - INFO - 📡 Scraping @ThourCS2...
2026-04-18 06:16:25 +00:00: 2026-04-18 06:16:25,792 - __main__ - INFO -   → 100 raw tweets fetched
2026-04-18 06:16:25 +00:00: 2026-04-18 06:16:25,793 - __main__ - INFO -   → 37 viral-worthy CS2 tweets
2026-04-18 06:16:28 +00:00: 2026-04-18 06:16:28,796 - __main__ - INFO - 📡 Scraping @CS2News_EN...
2026-04-18 06:16:29 +00:00: 2026-04-18 06:16:29,307 - __main__ - INFO -   → 100 raw tweets fetched
2026-04-18 06:16:29 +00:00: 2026-04-18 06:16:29,309 - __main__ - INFO -   → 50 viral-worthy CS2 tweets
2026-04-18 06:16:32 +00:00: 2026-04-18 06:16:32,312 - __main__ - INFO - 📡 Scraping @RazedEsport...
2026-04-18 06:16:33 +00:00: 2026-04-18 06:16:33,022 - __main__ - INFO -   → 99 raw tweets fetched
2026-04-18 06:16:33 +00:00: 2026-04-18 06:16:33,023 - __main__ - INFO -   → 36 viral-worthy CS2 tweets
2026-04-18 06:16:36 +00:00: 2026-04-18 06:16:36,026 - __main__ - INFO - 📡 Scraping @BLASTPremier...
2026-04-18 06:16:36 +00:00: 2026-04-18 06:16:36,526 - __main__ - INFO -   → 18 raw tweets fetched
2026-04-18 06:16:36 +00:00: 2026-04-18 06:16:36,526 - __main__ - INFO -   → 10 viral-worthy CS2 tweets
2026-04-18 06:16:39 +00:00: 2026-04-18 06:16:39,528 - __main__ - INFO - 📡 Scraping @HLTVorg...
2026-04-18 06:16:39 +00:00: 2026-04-18 06:16:39,963 - __main__ - INFO -   → 18 raw tweets fetched
2026-04-18 06:16:39 +00:00: 2026-04-18 06:16:39,963 - __main__ - INFO -   → 13 viral-worthy CS2 tweets
2026-04-18 06:16:42 +00:00: 2026-04-18 06:16:42,967 - __main__ - INFO - 📡 Scraping @CScribe...
2026-04-18 06:16:43 +00:00: 2026-04-18 06:16:43,127 - __main__ - INFO -   → 0 raw tweets fetched
2026-04-18 06:16:43 +00:00: 2026-04-18 06:16:43,128 - __main__ - INFO -   → 0 viral-worthy CS2 tweets
2026-04-18 06:16:46 +00:00: 2026-04-18 06:16:46,131 - __main__ - INFO - 📡 Scraping @Slasher...
2026-04-18 06:16:46 +00:00: 2026-04-18 06:16:46,828 - __main__ - INFO -   → 97 raw tweets fetched
2026-04-18 06:16:46 +00:00: 2026-04-18 06:16:46,830 - __main__ - INFO -   → 5 viral-worthy CS2 tweets
2026-04-18 06:16:49 +00:00: 2026-04-18 06:16:49,833 - __main__ - INFO - 📡 Scraping @Dust2us...
2026-04-18 06:16:50 +00:00: 2026-04-18 06:16:50,632 - __main__ - INFO -   → 100 raw tweets fetched
2026-04-18 06:16:50 +00:00: 2026-04-18 06:16:50,632 - __main__ - INFO -   → 63 viral-worthy CS2 tweets
2026-04-18 06:16:53 +00:00: 2026-04-18 06:16:53,636 - __main__ - INFO - 📡 Scraping @s1mpleO...
2026-04-18 06:16:54 +00:00: 2026-04-18 06:16:54,112 - __main__ - INFO -   → 79 raw tweets fetched
2026-04-18 06:16:54 +00:00: 2026-04-18 06:16:54,113 - __main__ - INFO -   → 35 viral-worthy CS2 tweets
2026-04-18 06:19:13 +00:00: 2026-04-18 06:19:13,027 - __main__ - INFO - 💾 Stored 296/296 tweets in style_bank
2026-04-18 06:19:13 +00:00: 2026-04-18 06:19:13,028 - __main__ - INFO - 📊 Style bank update: 296 tweets, avg 8299 likes, 197 with media (67%)
2026-04-18 12:19:13 +00:00: 2026-04-18 12:19:13,386 - __main__ - INFO - 📡 Scraping @Ozzny_CS2...
2026-04-18 12:19:13 +00:00: 2026-04-18 12:19:13,593 - __main__ - INFO - 🎟️  Guest token refreshed: 20454772...
2026-04-18 12:19:14 +00:00: 2026-04-18 12:19:14,477 - __main__ - INFO -   → 100 raw tweets fetched
2026-04-18 12:19:14 +00:00: 2026-04-18 12:19:14,478 - __main__ - INFO -   → 47 viral-worthy CS2 tweets
2026-04-18 12:19:17 +00:00: 2026-04-18 12:19:17,480 - __main__ - INFO - 📡 Scraping @ThourCS2...
2026-04-18 12:19:18 +00:00: 2026-04-18 12:19:18,288 - __main__ - INFO -   → 100 raw tweets fetched
2026-04-18 12:19:18 +00:00: 2026-04-18 12:19:18,289 - __main__ - INFO -   → 37 viral-worthy CS2 tweets
2026-04-18 12:19:21 +00:00: 2026-04-18 12:19:21,292 - __main__ - INFO - 📡 Scraping @CS2News_EN...
2026-04-18 12:19:21 +00:00: 2026-04-18 12:19:21,863 - __main__ - INFO -   → 99 raw tweets fetched
2026-04-18 12:19:21 +00:00: 2026-04-18 12:19:21,865 - __main__ - INFO -   → 50 viral-worthy CS2 tweets
2026-04-18 12:19:24 +00:00: 2026-04-18 12:19:24,868 - __main__ - INFO - 📡 Scraping @RazedEsport...
2026-04-18 12:19:25 +00:00: 2026-04-18 12:19:25,942 - __main__ - INFO -   → 99 raw tweets fetched
2026-04-18 12:19:25 +00:00: 2026-04-18 12:19:25,943 - __main__ - INFO -   → 36 viral-worthy CS2 tweets
2026-04-18 12:19:28 +00:00: 2026-04-18 12:19:28,946 - __main__ - INFO - 📡 Scraping @BLASTPremier...
2026-04-18 12:19:29 +00:00: 2026-04-18 12:19:29,641 - __main__ - INFO -   → 18 raw tweets fetched
2026-04-18 12:19:29 +00:00: 2026-04-18 12:19:29,642 - __main__ - INFO -   → 10 viral-worthy CS2 tweets
2026-04-18 12:19:32 +00:00: 2026-04-18 12:19:32,645 - __main__ - INFO - 📡 Scraping @HLTVorg...
2026-04-18 12:19:33 +00:00: 2026-04-18 12:19:33,144 - __main__ - INFO -   → 18 raw tweets fetched
2026-04-18 12:19:33 +00:00: 2026-04-18 12:19:33,145 - __main__ - INFO -   → 13 viral-worthy CS2 tweets
2026-04-18 12:19:36 +00:00: 2026-04-18 12:19:36,148 - __main__ - INFO - 📡 Scraping @CScribe...
2026-04-18 12:19:36 +00:00: 2026-04-18 12:19:36,365 - __main__ - INFO -   → 0 raw tweets fetched
2026-04-18 12:19:36 +00:00: 2026-04-18 12:19:36,365 - __main__ - INFO -   → 0 viral-worthy CS2 tweets
2026-04-18 12:19:39 +00:00: 2026-04-18 12:19:39,366 - __main__ - INFO - 📡 Scraping @Slasher...
2026-04-18 12:19:40 +00:00: 2026-04-18 12:19:40,081 - __main__ - INFO -   → 97 raw tweets fetched
2026-04-18 12:19:40 +00:00: 2026-04-18 12:19:40,082 - __main__ - INFO -   → 5 viral-worthy CS2 tweets
2026-04-18 12:19:43 +00:00: 2026-04-18 12:19:43,086 - __main__ - INFO - 📡 Scraping @Dust2us...
2026-04-18 12:19:43 +00:00: 2026-04-18 12:19:43,892 - __main__ - INFO -   → 100 raw tweets fetched
2026-04-18 12:19:43 +00:00: 2026-04-18 12:19:43,892 - __main__ - INFO -   → 63 viral-worthy CS2 tweets
2026-04-18 12:19:46 +00:00: 2026-04-18 12:19:46,896 - __main__ - INFO - 📡 Scraping @s1mpleO...
2026-04-18 12:19:47 +00:00: 2026-04-18 12:19:47,448 - __main__ - INFO -   → 79 raw tweets fetched
2026-04-18 12:19:47 +00:00: 2026-04-18 12:19:47,449 - __main__ - INFO -   → 35 viral-worthy CS2 tweets
2026-04-18 12:22:07 +00:00: 2026-04-18 12:22:07,225 - __main__ - INFO - 💾 Stored 296/296 tweets in style_bank
2026-04-18 12:22:07 +00:00: 2026-04-18 12:22:07,226 - __main__ - INFO - 📊 Style bank update: 296 tweets, avg 8239 likes, 196 with media (66%)
2026-04-18 18:22:07 +00:00: 2026-04-18 18:22:07,553 - __main__ - INFO - 📡 Scraping @Ozzny_CS2...
2026-04-18 18:22:07 +00:00: 2026-04-18 18:22:07,829 - __main__ - INFO - 🎟️  Guest token refreshed: 20455685...
2026-04-18 18:22:08 +00:00: 2026-04-18 18:22:08,553 - __main__ - INFO -   → 100 raw tweets fetched
2026-04-18 18:22:08 +00:00: 2026-04-18 18:22:08,554 - __main__ - INFO -   → 47 viral-worthy CS2 tweets
2026-04-18 18:22:11 +00:00: 2026-04-18 18:22:11,558 - __main__ - INFO - 📡 Scraping @ThourCS2...
2026-04-18 18:22:12 +00:00: 2026-04-18 18:22:12,154 - __main__ - INFO -   → 100 raw tweets fetched
2026-04-18 18:22:12 +00:00: 2026-04-18 18:22:12,155 - __main__ - INFO -   → 37 viral-worthy CS2 tweets
2026-04-18 18:22:15 +00:00: 2026-04-18 18:22:15,158 - __main__ - INFO - 📡 Scraping @CS2News_EN...
2026-04-18 18:22:15 +00:00: 2026-04-18 18:22:15,747 - __main__ - INFO -   → 100 raw tweets fetched
2026-04-18 18:22:15 +00:00: 2026-04-18 18:22:15,749 - __main__ - INFO -   → 50 viral-worthy CS2 tweets
2026-04-18 18:22:18 +00:00: 2026-04-18 18:22:18,753 - __main__ - INFO - 📡 Scraping @RazedEsport...
2026-04-18 18:22:19 +00:00: 2026-04-18 18:22:19,500 - __main__ - INFO -   → 99 raw tweets fetched
2026-04-18 18:22:19 +00:00: 2026-04-18 18:22:19,501 - __main__ - INFO -   → 36 viral-worthy CS2 tweets
2026-04-18 18:22:22 +00:00: 2026-04-18 18:22:22,505 - __main__ - INFO - 📡 Scraping @BLASTPremier...
2026-04-18 18:22:23 +00:00: 2026-04-18 18:22:23,071 - __main__ - INFO -   → 18 raw tweets fetched
2026-04-18 18:22:23 +00:00: 2026-04-18 18:22:23,071 - __main__ - INFO -   → 10 viral-worthy CS2 tweets
2026-04-18 18:22:26 +00:00: 2026-04-18 18:22:26,075 - __main__ - INFO - 📡 Scraping @HLTVorg...
2026-04-18 18:22:26 +00:00: 2026-04-18 18:22:26,533 - __main__ - INFO -   → 20 raw tweets fetched
2026-04-18 18:22:26 +00:00: 2026-04-18 18:22:26,533 - __main__ - INFO -   → 14 viral-worthy CS2 tweets
2026-04-18 18:22:29 +00:00: 2026-04-18 18:22:29,536 - __main__ - INFO - 📡 Scraping @CScribe...
2026-04-18 18:22:29 +00:00: 2026-04-18 18:22:29,761 - __main__ - INFO -   → 0 raw tweets fetched
2026-04-18 18:22:29 +00:00: 2026-04-18 18:22:29,761 - __main__ - INFO -   → 0 viral-worthy CS2 tweets
2026-04-18 18:22:32 +00:00: 2026-04-18 18:22:32,764 - __main__ - INFO - 📡 Scraping @Slasher...
2026-04-18 18:22:33 +00:00: 2026-04-18 18:22:33,424 - __main__ - INFO -   → 97 raw tweets fetched
2026-04-18 18:22:33 +00:00: 2026-04-18 18:22:33,426 - __main__ - INFO -   → 5 viral-worthy CS2 tweets
2026-04-18 18:22:36 +00:00: 2026-04-18 18:22:36,430 - __main__ - INFO - 📡 Scraping @Dust2us...
2026-04-18 18:22:36 +00:00: 2026-04-18 18:22:36,969 - __main__ - INFO -   → 100 raw tweets fetched
2026-04-18 18:22:36 +00:00: 2026-04-18 18:22:36,970 - __main__ - INFO -   → 63 viral-worthy CS2 tweets
2026-04-18 18:22:39 +00:00: 2026-04-18 18:22:39,974 - __main__ - INFO - 📡 Scraping @s1mpleO...
2026-04-18 18:22:40 +00:00: 2026-04-18 18:22:40,486 - __main__ - INFO -   → 79 raw tweets fetched
2026-04-18 18:22:40 +00:00: 2026-04-18 18:22:40,488 - __main__ - INFO -   → 35 viral-worthy CS2 tweets
2026-04-18 18:25:00 +00:00: 2026-04-18 18:25:00,978 - __main__ - INFO - 💾 Stored 297/297 tweets in style_bank
2026-04-18 18:25:00 +00:00: 2026-04-18 18:25:00,980 - __main__ - INFO - 📊 Style bank update: 297 tweets, avg 8189 likes, 197 with media (66%)
2026-04-19 00:25:01 +00:00: 2026-04-19 00:25:01,295 - __main__ - INFO - 📡 Scraping @Ozzny_CS2...
2026-04-19 00:25:01 +00:00: 2026-04-19 00:25:01,472 - __main__ - INFO - 🎟️  Guest token refreshed: 20456599...
2026-04-19 00:25:02 +00:00: 2026-04-19 00:25:02,142 - __main__ - INFO -   → 100 raw tweets fetched
2026-04-19 00:25:02 +00:00: 2026-04-19 00:25:02,144 - __main__ - INFO -   → 47 viral-worthy CS2 tweets
2026-04-19 00:25:05 +00:00: 2026-04-19 00:25:05,147 - __main__ - INFO - 📡 Scraping @ThourCS2...
2026-04-19 00:25:05 +00:00: 2026-04-19 00:25:05,691 - __main__ - INFO -   → 100 raw tweets fetched
2026-04-19 00:25:05 +00:00: 2026-04-19 00:25:05,692 - __main__ - INFO -   → 37 viral-worthy CS2 tweets
2026-04-19 00:25:08 +00:00: 2026-04-19 00:25:08,696 - __main__ - INFO - 📡 Scraping @CS2News_EN...
2026-04-19 00:25:09 +00:00: 2026-04-19 00:25:09,229 - __main__ - INFO -   → 100 raw tweets fetched
2026-04-19 00:25:09 +00:00: 2026-04-19 00:25:09,231 - __main__ - INFO -   → 50 viral-worthy CS2 tweets
2026-04-19 00:25:12 +00:00: 2026-04-19 00:25:12,232 - __main__ - INFO - 📡 Scraping @RazedEsport...
2026-04-19 00:25:12 +00:00: 2026-04-19 00:25:12,825 - __main__ - INFO -   → 99 raw tweets fetched
2026-04-19 00:25:12 +00:00: 2026-04-19 00:25:12,826 - __main__ - INFO -   → 36 viral-worthy CS2 tweets
2026-04-19 00:25:15 +00:00: 2026-04-19 00:25:15,829 - __main__ - INFO - 📡 Scraping @BLASTPremier...
2026-04-19 00:25:16 +00:00: 2026-04-19 00:25:16,353 - __main__ - INFO -   → 18 raw tweets fetched
2026-04-19 00:25:16 +00:00: 2026-04-19 00:25:16,354 - __main__ - INFO -   → 10 viral-worthy CS2 tweets
2026-04-19 00:25:19 +00:00: 2026-04-19 00:25:19,357 - __main__ - INFO - 📡 Scraping @HLTVorg...
2026-04-19 00:25:19 +00:00: 2026-04-19 00:25:19,814 - __main__ - INFO -   → 20 raw tweets fetched
2026-04-19 00:25:19 +00:00: 2026-04-19 00:25:19,815 - __main__ - INFO -   → 14 viral-worthy CS2 tweets
2026-04-19 00:25:22 +00:00: 2026-04-19 00:25:22,819 - __main__ - INFO - 📡 Scraping @CScribe...
2026-04-19 00:25:22 +00:00: 2026-04-19 00:25:22,980 - __main__ - INFO -   → 0 raw tweets fetched
2026-04-19 00:25:22 +00:00: 2026-04-19 00:25:22,981 - __main__ - INFO -   → 0 viral-worthy CS2 tweets
2026-04-19 00:25:25 +00:00: 2026-04-19 00:25:25,985 - __main__ - INFO - 📡 Scraping @Slasher...
2026-04-19 00:25:26 +00:00: 2026-04-19 00:25:26,511 - __main__ - INFO -   → 97 raw tweets fetched
2026-04-19 00:25:26 +00:00: 2026-04-19 00:25:26,513 - __main__ - INFO -   → 5 viral-worthy CS2 tweets
2026-04-19 00:25:29 +00:00: 2026-04-19 00:25:29,516 - __main__ - INFO - 📡 Scraping @Dust2us...
2026-04-19 00:25:30 +00:00: 2026-04-19 00:25:30,187 - __main__ - INFO -   → 100 raw tweets fetched
2026-04-19 00:25:30 +00:00: 2026-04-19 00:25:30,188 - __main__ - INFO -   → 63 viral-worthy CS2 tweets
2026-04-19 00:25:33 +00:00: 2026-04-19 00:25:33,191 - __main__ - INFO - 📡 Scraping @s1mpleO...
2026-04-19 00:25:33 +00:00: 2026-04-19 00:25:33,808 - __main__ - INFO -   → 79 raw tweets fetched
2026-04-19 00:25:33 +00:00: 2026-04-19 00:25:33,809 - __main__ - INFO -   → 35 viral-worthy CS2 tweets
2026-04-19 00:27:54 +00:00: 2026-04-19 00:27:54,327 - __main__ - INFO - 💾 Stored 297/297 tweets in style_bank
2026-04-19 00:27:54 +00:00: 2026-04-19 00:27:54,328 - __main__ - INFO - 📊 Style bank update: 297 tweets, avg 8203 likes, 197 with media (66%)
2026-04-19 06:27:54 +00:00: 2026-04-19 06:27:54,720 - __main__ - INFO - 📡 Scraping @Ozzny_CS2...
2026-04-19 06:27:54 +00:00: 2026-04-19 06:27:54,905 - __main__ - INFO - 🎟️  Guest token refreshed: 20457512...
2026-04-19 06:27:55 +00:00: 2026-04-19 06:27:55,680 - __main__ - INFO -   → 100 raw tweets fetched
2026-04-19 06:27:55 +00:00: 2026-04-19 06:27:55,681 - __main__ - INFO -   → 47 viral-worthy CS2 tweets
2026-04-19 06:27:58 +00:00: 2026-04-19 06:27:58,685 - __main__ - INFO - 📡 Scraping @ThourCS2...
2026-04-19 06:27:59 +00:00: 2026-04-19 06:27:59,348 - __main__ - INFO -   → 100 raw tweets fetched
2026-04-19 06:27:59 +00:00: 2026-04-19 06:27:59,350 - __main__ - INFO -   → 37 viral-worthy CS2 tweets
2026-04-19 06:28:02 +00:00: 2026-04-19 06:28:02,354 - __main__ - INFO - 📡 Scraping @CS2News_EN...
2026-04-19 06:28:02 +00:00: 2026-04-19 06:28:02,957 - __main__ - INFO -   → 100 raw tweets fetched
2026-04-19 06:28:02 +00:00: 2026-04-19 06:28:02,958 - __main__ - INFO -   → 50 viral-worthy CS2 tweets
2026-04-19 06:28:05 +00:00: 2026-04-19 06:28:05,960 - __main__ - INFO - 📡 Scraping @RazedEsport...
2026-04-19 06:28:06 +00:00: 2026-04-19 06:28:06,705 - __main__ - INFO -   → 99 raw tweets fetched
2026-04-19 06:28:06 +00:00: 2026-04-19 06:28:06,706 - __main__ - INFO -   → 36 viral-worthy CS2 tweets
2026-04-19 06:28:09 +00:00: 2026-04-19 06:28:09,710 - __main__ - INFO - 📡 Scraping @BLASTPremier...
2026-04-19 06:28:10 +00:00: 2026-04-19 06:28:10,223 - __main__ - INFO -   → 18 raw tweets fetched
2026-04-19 06:28:10 +00:00: 2026-04-19 06:28:10,224 - __main__ - INFO -   → 10 viral-worthy CS2 tweets
2026-04-19 06:28:13 +00:00: 2026-04-19 06:28:13,225 - __main__ - INFO - 📡 Scraping @HLTVorg...
2026-04-19 06:28:13 +00:00: 2026-04-19 06:28:13,706 - __main__ - INFO -   → 20 raw tweets fetched
2026-04-19 06:28:13 +00:00: 2026-04-19 06:28:13,707 - __main__ - INFO -   → 14 viral-worthy CS2 tweets
2026-04-19 06:28:16 +00:00: 2026-04-19 06:28:16,710 - __main__ - INFO - 📡 Scraping @CScribe...
2026-04-19 06:28:16 +00:00: 2026-04-19 06:28:16,970 - __main__ - INFO -   → 0 raw tweets fetched
2026-04-19 06:28:16 +00:00: 2026-04-19 06:28:16,970 - __main__ - INFO -   → 0 viral-worthy CS2 tweets
2026-04-19 06:28:19 +00:00: 2026-04-19 06:28:19,973 - __main__ - INFO - 📡 Scraping @Slasher...
2026-04-19 06:28:20 +00:00: 2026-04-19 06:28:20,582 - __main__ - INFO -   → 97 raw tweets fetched
2026-04-19 06:28:20 +00:00: 2026-04-19 06:28:20,584 - __main__ - INFO -   → 5 viral-worthy CS2 tweets
2026-04-19 06:28:23 +00:00: 2026-04-19 06:28:23,587 - __main__ - INFO - 📡 Scraping @Dust2us...
2026-04-19 06:28:24 +00:00: 2026-04-19 06:28:24,195 - __main__ - INFO -   → 100 raw tweets fetched
2026-04-19 06:28:24 +00:00: 2026-04-19 06:28:24,196 - __main__ - INFO -   → 63 viral-worthy CS2 tweets
2026-04-19 06:28:27 +00:00: 2026-04-19 06:28:27,199 - __main__ - INFO - 📡 Scraping @s1mpleO...
2026-04-19 06:28:27 +00:00: 2026-04-19 06:28:27,713 - __main__ - INFO -   → 79 raw tweets fetched
2026-04-19 06:28:27 +00:00: 2026-04-19 06:28:27,713 - __main__ - INFO -   → 35 viral-worthy CS2 tweets
2026-04-19 06:30:45 +00:00: 2026-04-19 06:30:45,557 - __main__ - INFO - 💾 Stored 297/297 tweets in style_bank
2026-04-19 06:30:45 +00:00: 2026-04-19 06:30:45,558 - __main__ - INFO - 📊 Style bank update: 297 tweets, avg 8212 likes, 197 with media (66%)
2026-04-19 12:30:45 +00:00: 2026-04-19 12:30:45,863 - __main__ - INFO - 📡 Scraping @Ozzny_CS2...
2026-04-19 12:30:46 +00:00: 2026-04-19 12:30:46,042 - __main__ - INFO - 🎟️  Guest token refreshed: 20458425...
2026-04-19 12:30:46 +00:00: 2026-04-19 12:30:46,849 - __main__ - INFO -   → 100 raw tweets fetched
2026-04-19 12:30:46 +00:00: 2026-04-19 12:30:46,851 - __main__ - INFO -   → 47 viral-worthy CS2 tweets
2026-04-19 12:30:49 +00:00: 2026-04-19 12:30:49,854 - __main__ - INFO - 📡 Scraping @ThourCS2...
2026-04-19 12:30:50 +00:00: 2026-04-19 12:30:50,820 - __main__ - INFO -   → 96 raw tweets fetched
2026-04-19 12:30:50 +00:00: 2026-04-19 12:30:50,822 - __main__ - INFO -   → 35 viral-worthy CS2 tweets
2026-04-19 12:30:53 +00:00: 2026-04-19 12:30:53,825 - __main__ - INFO - 📡 Scraping @CS2News_EN...
2026-04-19 12:30:54 +00:00: 2026-04-19 12:30:54,391 - __main__ - INFO -   → 100 raw tweets fetched
2026-04-19 12:30:54 +00:00: 2026-04-19 12:30:54,392 - __main__ - INFO -   → 50 viral-worthy CS2 tweets
2026-04-19 12:30:57 +00:00: 2026-04-19 12:30:57,396 - __main__ - INFO - 📡 Scraping @RazedEsport...
2026-04-19 12:30:58 +00:00: 2026-04-19 12:30:58,089 - __main__ - INFO -   → 99 raw tweets fetched
2026-04-19 12:30:58 +00:00: 2026-04-19 12:30:58,091 - __main__ - INFO -   → 36 viral-worthy CS2 tweets
2026-04-19 12:31:01 +00:00: 2026-04-19 12:31:01,094 - __main__ - INFO - 📡 Scraping @BLASTPremier...
2026-04-19 12:31:01 +00:00: 2026-04-19 12:31:01,578 - __main__ - INFO -   → 18 raw tweets fetched
2026-04-19 12:31:01 +00:00: 2026-04-19 12:31:01,578 - __main__ - INFO -   → 10 viral-worthy CS2 tweets
2026-04-19 12:31:04 +00:00: 2026-04-19 12:31:04,582 - __main__ - INFO - 📡 Scraping @HLTVorg...
2026-04-19 12:31:05 +00:00: 2026-04-19 12:31:05,080 - __main__ - INFO -   → 20 raw tweets fetched
2026-04-19 12:31:05 +00:00: 2026-04-19 12:31:05,081 - __main__ - INFO -   → 13 viral-worthy CS2 tweets
2026-04-19 12:31:08 +00:00: 2026-04-19 12:31:08,084 - __main__ - INFO - 📡 Scraping @CScribe...
2026-04-19 12:31:08 +00:00: 2026-04-19 12:31:08,260 - __main__ - INFO -   → 0 raw tweets fetched
2026-04-19 12:31:08 +00:00: 2026-04-19 12:31:08,260 - __main__ - INFO -   → 0 viral-worthy CS2 tweets
2026-04-19 12:31:11 +00:00: 2026-04-19 12:31:11,263 - __main__ - INFO - 📡 Scraping @Slasher...
2026-04-19 12:31:11 +00:00: 2026-04-19 12:31:11,975 - __main__ - INFO -   → 97 raw tweets fetched
2026-04-19 12:31:11 +00:00: 2026-04-19 12:31:11,977 - __main__ - INFO -   → 5 viral-worthy CS2 tweets
2026-04-19 12:31:14 +00:00: 2026-04-19 12:31:14,981 - __main__ - INFO - 📡 Scraping @Dust2us...
2026-04-19 12:31:15 +00:00: 2026-04-19 12:31:15,771 - __main__ - INFO -   → 100 raw tweets fetched
2026-04-19 12:31:15 +00:00: 2026-04-19 12:31:15,773 - __main__ - INFO -   → 63 viral-worthy CS2 tweets
2026-04-19 12:31:18 +00:00: 2026-04-19 12:31:18,777 - __main__ - INFO - 📡 Scraping @s1mpleO...
2026-04-19 12:31:19 +00:00: 2026-04-19 12:31:19,437 - __main__ - INFO -   → 79 raw tweets fetched
2026-04-19 12:31:19 +00:00: 2026-04-19 12:31:19,438 - __main__ - INFO -   → 35 viral-worthy CS2 tweets
2026-04-19 12:33:35 +00:00: 2026-04-19 12:33:35,920 - __main__ - INFO - 💾 Stored 294/294 tweets in style_bank
2026-04-19 12:33:35 +00:00: 2026-04-19 12:33:35,922 - __main__ - INFO - 📊 Style bank update: 294 tweets, avg 8271 likes, 194 with media (66%)
2026-04-19 18:33:36 +00:00: 2026-04-19 18:33:36,308 - __main__ - INFO - 📡 Scraping @Ozzny_CS2...
2026-04-19 18:33:36 +00:00: 2026-04-19 18:33:36,511 - __main__ - INFO - 🎟️  Guest token refreshed: 20459338...
2026-04-19 18:33:37 +00:00: 2026-04-19 18:33:37,290 - __main__ - INFO -   → 100 raw tweets fetched
2026-04-19 18:33:37 +00:00: 2026-04-19 18:33:37,292 - __main__ - INFO -   → 47 viral-worthy CS2 tweets
2026-04-19 18:33:40 +00:00: 2026-04-19 18:33:40,296 - __main__ - INFO - 📡 Scraping @ThourCS2...
2026-04-19 18:33:40 +00:00: 2026-04-19 18:33:40,993 - __main__ - INFO -   → 100 raw tweets fetched
2026-04-19 18:33:40 +00:00: 2026-04-19 18:33:40,994 - __main__ - INFO -   → 37 viral-worthy CS2 tweets
2026-04-19 18:33:43 +00:00: 2026-04-19 18:33:43,997 - __main__ - INFO - 📡 Scraping @CS2News_EN...
2026-04-19 18:33:44 +00:00: 2026-04-19 18:33:44,682 - __main__ - INFO -   → 100 raw tweets fetched
2026-04-19 18:33:44 +00:00: 2026-04-19 18:33:44,683 - __main__ - INFO -   → 50 viral-worthy CS2 tweets
2026-04-19 18:33:47 +00:00: 2026-04-19 18:33:47,684 - __main__ - INFO - 📡 Scraping @RazedEsport...
2026-04-19 18:33:48 +00:00: 2026-04-19 18:33:48,579 - __main__ - INFO -   → 99 raw tweets fetched
2026-04-19 18:33:48 +00:00: 2026-04-19 18:33:48,579 - __main__ - INFO -   → 36 viral-worthy CS2 tweets
2026-04-19 18:33:51 +00:00: 2026-04-19 18:33:51,583 - __main__ - INFO - 📡 Scraping @BLASTPremier...
2026-04-19 18:33:52 +00:00: 2026-04-19 18:33:52,363 - __main__ - INFO -   → 18 raw tweets fetched
2026-04-19 18:33:52 +00:00: 2026-04-19 18:33:52,363 - __main__ - INFO -   → 10 viral-worthy CS2 tweets
2026-04-19 18:33:55 +00:00: 2026-04-19 18:33:55,364 - __main__ - INFO - 📡 Scraping @HLTVorg...
2026-04-19 18:33:55 +00:00: 2026-04-19 18:33:55,982 - __main__ - INFO -   → 20 raw tweets fetched
2026-04-19 18:33:55 +00:00: 2026-04-19 18:33:55,982 - __main__ - INFO -   → 15 viral-worthy CS2 tweets
2026-04-19 18:33:58 +00:00: 2026-04-19 18:33:58,986 - __main__ - INFO - 📡 Scraping @CScribe...
2026-04-19 18:33:59 +00:00: 2026-04-19 18:33:59,166 - __main__ - INFO -   → 0 raw tweets fetched
2026-04-19 18:33:59 +00:00: 2026-04-19 18:33:59,166 - __main__ - INFO -   → 0 viral-worthy CS2 tweets
2026-04-19 18:34:02 +00:00: 2026-04-19 18:34:02,170 - __main__ - INFO - 📡 Scraping @Slasher...
2026-04-19 18:34:02 +00:00: 2026-04-19 18:34:02,932 - __main__ - INFO -   → 97 raw tweets fetched
2026-04-19 18:34:02 +00:00: 2026-04-19 18:34:02,934 - __main__ - INFO -   → 5 viral-worthy CS2 tweets
2026-04-19 18:34:05 +00:00: 2026-04-19 18:34:05,936 - __main__ - INFO - 📡 Scraping @Dust2us...
2026-04-19 18:34:06 +00:00: 2026-04-19 18:34:06,631 - __main__ - INFO -   → 100 raw tweets fetched
2026-04-19 18:34:06 +00:00: 2026-04-19 18:34:06,631 - __main__ - INFO -   → 63 viral-worthy CS2 tweets
2026-04-19 18:34:09 +00:00: 2026-04-19 18:34:09,633 - __main__ - INFO - 📡 Scraping @s1mpleO...
2026-04-19 18:34:10 +00:00: 2026-04-19 18:34:10,278 - __main__ - INFO -   → 79 raw tweets fetched
2026-04-19 18:34:10 +00:00: 2026-04-19 18:34:10,280 - __main__ - INFO -   → 35 viral-worthy CS2 tweets
2026-04-19 18:36:28 +00:00: 2026-04-19 18:36:28,300 - __main__ - INFO - 💾 Stored 298/298 tweets in style_bank
2026-04-19 18:36:28 +00:00: 2026-04-19 18:36:28,301 - __main__ - INFO - 📊 Style bank update: 298 tweets, avg 8165 likes, 197 with media (66%)
2026-04-20 00:36:28 +00:00: 2026-04-20 00:36:28,694 - __main__ - INFO - 📡 Scraping @Ozzny_CS2...
2026-04-20 00:36:28 +00:00: 2026-04-20 00:36:28,907 - __main__ - INFO - 🎟️  Guest token refreshed: 20460251...
2026-04-20 00:36:29 +00:00: 2026-04-20 00:36:29,689 - __main__ - INFO -   → 100 raw tweets fetched
2026-04-20 00:36:29 +00:00: 2026-04-20 00:36:29,691 - __main__ - INFO -   → 47 viral-worthy CS2 tweets
2026-04-20 00:36:32 +00:00: 2026-04-20 00:36:32,692 - __main__ - INFO - 📡 Scraping @ThourCS2...
2026-04-20 00:36:33 +00:00: 2026-04-20 00:36:33,410 - __main__ - INFO -   → 100 raw tweets fetched
2026-04-20 00:36:33 +00:00: 2026-04-20 00:36:33,411 - __main__ - INFO -   → 37 viral-worthy CS2 tweets
2026-04-20 00:36:36 +00:00: 2026-04-20 00:36:36,412 - __main__ - INFO - 📡 Scraping @CS2News_EN...
2026-04-20 00:36:37 +00:00: 2026-04-20 00:36:37,236 - __main__ - INFO -   → 100 raw tweets fetched
2026-04-20 00:36:37 +00:00: 2026-04-20 00:36:37,237 - __main__ - INFO -   → 50 viral-worthy CS2 tweets
2026-04-20 00:36:40 +00:00: 2026-04-20 00:36:40,241 - __main__ - INFO - 📡 Scraping @RazedEsport...
2026-04-20 00:36:41 +00:00: 2026-04-20 00:36:41,065 - __main__ - INFO -   → 99 raw tweets fetched
2026-04-20 00:36:41 +00:00: 2026-04-20 00:36:41,065 - __main__ - INFO -   → 36 viral-worthy CS2 tweets
2026-04-20 00:36:44 +00:00: 2026-04-20 00:36:44,069 - __main__ - INFO - 📡 Scraping @BLASTPremier...
2026-04-20 00:36:44 +00:00: 2026-04-20 00:36:44,639 - __main__ - INFO -   → 18 raw tweets fetched
2026-04-20 00:36:44 +00:00: 2026-04-20 00:36:44,639 - __main__ - INFO -   → 10 viral-worthy CS2 tweets
2026-04-20 00:36:47 +00:00: 2026-04-20 00:36:47,643 - __main__ - INFO - 📡 Scraping @HLTVorg...
2026-04-20 00:36:48 +00:00: 2026-04-20 00:36:48,228 - __main__ - INFO -   → 20 raw tweets fetched
2026-04-20 00:36:48 +00:00: 2026-04-20 00:36:48,228 - __main__ - INFO -   → 18 viral-worthy CS2 tweets
2026-04-20 00:36:51 +00:00: 2026-04-20 00:36:51,232 - __main__ - INFO - 📡 Scraping @CScribe...
2026-04-20 00:36:51 +00:00: 2026-04-20 00:36:51,406 - __main__ - INFO -   → 0 raw tweets fetched
2026-04-20 00:36:51 +00:00: 2026-04-20 00:36:51,406 - __main__ - INFO -   → 0 viral-worthy CS2 tweets
2026-04-20 00:36:54 +00:00: 2026-04-20 00:36:54,410 - __main__ - INFO - 📡 Scraping @Slasher...
2026-04-20 00:36:55 +00:00: 2026-04-20 00:36:55,113 - __main__ - INFO -   → 97 raw tweets fetched
2026-04-20 00:36:55 +00:00: 2026-04-20 00:36:55,116 - __main__ - INFO -   → 5 viral-worthy CS2 tweets
2026-04-20 00:36:58 +00:00: 2026-04-20 00:36:58,120 - __main__ - INFO - 📡 Scraping @Dust2us...
2026-04-20 00:36:59 +00:00: 2026-04-20 00:36:59,211 - __main__ - INFO -   → 100 raw tweets fetched
2026-04-20 00:36:59 +00:00: 2026-04-20 00:36:59,212 - __main__ - INFO -   → 63 viral-worthy CS2 tweets
2026-04-20 00:37:02 +00:00: 2026-04-20 00:37:02,215 - __main__ - INFO - 📡 Scraping @s1mpleO...
2026-04-20 00:37:02 +00:00: 2026-04-20 00:37:02,918 - __main__ - INFO -   → 79 raw tweets fetched
2026-04-20 00:37:02 +00:00: 2026-04-20 00:37:02,920 - __main__ - INFO -   → 35 viral-worthy CS2 tweets
2026-04-20 00:39:21 +00:00: 2026-04-20 00:39:21,741 - __main__ - INFO - 💾 Stored 301/301 tweets in style_bank
2026-04-20 00:39:21 +00:00: 2026-04-20 00:39:21,742 - __main__ - INFO - 📊 Style bank update: 301 tweets, avg 8119 likes, 200 with media (66%)
2026-04-20 06:39:22 +00:00: 2026-04-20 06:39:22,133 - __main__ - INFO - 📡 Scraping @Ozzny_CS2...
2026-04-20 06:39:22 +00:00: 2026-04-20 06:39:22,399 - __main__ - INFO - 🎟️  Guest token refreshed: 20461164...
2026-04-20 06:39:23 +00:00: 2026-04-20 06:39:23,339 - __main__ - INFO -   → 100 raw tweets fetched
2026-04-20 06:39:23 +00:00: 2026-04-20 06:39:23,341 - __main__ - INFO -   → 47 viral-worthy CS2 tweets
2026-04-20 06:39:26 +00:00: 2026-04-20 06:39:26,344 - __main__ - INFO - 📡 Scraping @ThourCS2...
2026-04-20 06:39:27 +00:00: 2026-04-20 06:39:27,220 - __main__ - INFO -   → 100 raw tweets fetched
2026-04-20 06:39:27 +00:00: 2026-04-20 06:39:27,222 - __main__ - INFO -   → 37 viral-worthy CS2 tweets
2026-04-20 06:39:30 +00:00: 2026-04-20 06:39:30,225 - __main__ - INFO - 📡 Scraping @CS2News_EN...
2026-04-20 06:39:31 +00:00: 2026-04-20 06:39:31,074 - __main__ - INFO -   → 100 raw tweets fetched
2026-04-20 06:39:31 +00:00: 2026-04-20 06:39:31,076 - __main__ - INFO -   → 50 viral-worthy CS2 tweets
2026-04-20 06:39:34 +00:00: 2026-04-20 06:39:34,079 - __main__ - INFO - 📡 Scraping @RazedEsport...
2026-04-20 06:39:35 +00:00: 2026-04-20 06:39:35,181 - __main__ - INFO -   → 99 raw tweets fetched
2026-04-20 06:39:35 +00:00: 2026-04-20 06:39:35,198 - __main__ - INFO -   → 36 viral-worthy CS2 tweets
2026-04-20 06:39:38 +00:00: 2026-04-20 06:39:38,200 - __main__ - INFO - 📡 Scraping @BLASTPremier...
2026-04-20 06:39:38 +00:00: 2026-04-20 06:39:38,856 - __main__ - INFO -   → 18 raw tweets fetched
2026-04-20 06:39:38 +00:00: 2026-04-20 06:39:38,857 - __main__ - INFO -   → 10 viral-worthy CS2 tweets
2026-04-20 06:39:41 +00:00: 2026-04-20 06:39:41,860 - __main__ - INFO - 📡 Scraping @HLTVorg...
2026-04-20 06:39:42 +00:00: 2026-04-20 06:39:42,534 - __main__ - INFO -   → 20 raw tweets fetched
2026-04-20 06:39:42 +00:00: 2026-04-20 06:39:42,535 - __main__ - INFO -   → 18 viral-worthy CS2 tweets
2026-04-20 06:39:45 +00:00: 2026-04-20 06:39:45,537 - __main__ - INFO - 📡 Scraping @CScribe...
2026-04-20 06:39:45 +00:00: 2026-04-20 06:39:45,760 - __main__ - INFO -   → 0 raw tweets fetched
2026-04-20 06:39:45 +00:00: 2026-04-20 06:39:45,760 - __main__ - INFO -   → 0 viral-worthy CS2 tweets
2026-04-20 06:39:48 +00:00: 2026-04-20 06:39:48,763 - __main__ - INFO - 📡 Scraping @Slasher...
2026-04-20 06:39:49 +00:00: 2026-04-20 06:39:49,660 - __main__ - INFO -   → 97 raw tweets fetched
2026-04-20 06:39:49 +00:00: 2026-04-20 06:39:49,662 - __main__ - INFO -   → 5 viral-worthy CS2 tweets
2026-04-20 06:39:52 +00:00: 2026-04-20 06:39:52,664 - __main__ - INFO - 📡 Scraping @Dust2us...
2026-04-20 06:39:53 +00:00: 2026-04-20 06:39:53,628 - __main__ - INFO -   → 100 raw tweets fetched
2026-04-20 06:39:53 +00:00: 2026-04-20 06:39:53,629 - __main__ - INFO -   → 63 viral-worthy CS2 tweets
2026-04-20 06:39:56 +00:00: 2026-04-20 06:39:56,634 - __main__ - INFO - 📡 Scraping @s1mpleO...
2026-04-20 06:39:57 +00:00: 2026-04-20 06:39:57,424 - __main__ - INFO -   → 79 raw tweets fetched
2026-04-20 06:39:57 +00:00: 2026-04-20 06:39:57,425 - __main__ - INFO -   → 35 viral-worthy CS2 tweets
2026-04-20 06:42:16 +00:00: 2026-04-20 06:42:16,752 - __main__ - INFO - 💾 Stored 301/301 tweets in style_bank
2026-04-20 06:42:16 +00:00: 2026-04-20 06:42:16,754 - __main__ - INFO - 📊 Style bank update: 301 tweets, avg 8137 likes, 200 with media (66%)
2026-04-20 12:42:17 +00:00: 2026-04-20 12:42:17,163 - __main__ - INFO - 📡 Scraping @Ozzny_CS2...
2026-04-20 12:42:17 +00:00: 2026-04-20 12:42:17,395 - __main__ - INFO - 🎟️  Guest token refreshed: 20462078...
2026-04-20 12:42:18 +00:00: 2026-04-20 12:42:18,349 - __main__ - INFO -   → 100 raw tweets fetched
2026-04-20 12:42:18 +00:00: 2026-04-20 12:42:18,350 - __main__ - INFO -   → 47 viral-worthy CS2 tweets
2026-04-20 12:42:21 +00:00: 2026-04-20 12:42:21,354 - __main__ - INFO - 📡 Scraping @ThourCS2...
2026-04-20 12:42:22 +00:00: 2026-04-20 12:42:22,498 - __main__ - INFO -   → 99 raw tweets fetched
2026-04-20 12:42:22 +00:00: 2026-04-20 12:42:22,499 - __main__ - INFO -   → 37 viral-worthy CS2 tweets
2026-04-20 12:42:25 +00:00: 2026-04-20 12:42:25,502 - __main__ - INFO - 📡 Scraping @CS2News_EN...
2026-04-20 12:42:26 +00:00: 2026-04-20 12:42:26,064 - __main__ - INFO -   → 100 raw tweets fetched
2026-04-20 12:42:26 +00:00: 2026-04-20 12:42:26,065 - __main__ - INFO -   → 50 viral-worthy CS2 tweets
2026-04-20 12:42:29 +00:00: 2026-04-20 12:42:29,068 - __main__ - INFO - 📡 Scraping @RazedEsport...
2026-04-20 12:42:29 +00:00: 2026-04-20 12:42:29,899 - __main__ - INFO -   → 99 raw tweets fetched
2026-04-20 12:42:29 +00:00: 2026-04-20 12:42:29,900 - __main__ - INFO -   → 36 viral-worthy CS2 tweets
2026-04-20 12:42:32 +00:00: 2026-04-20 12:42:32,904 - __main__ - INFO - 📡 Scraping @BLASTPremier...
2026-04-20 12:42:33 +00:00: 2026-04-20 12:42:33,521 - __main__ - INFO -   → 18 raw tweets fetched
2026-04-20 12:42:33 +00:00: 2026-04-20 12:42:33,521 - __main__ - INFO -   → 9 viral-worthy CS2 tweets
2026-04-20 12:42:36 +00:00: 2026-04-20 12:42:36,524 - __main__ - INFO - 📡 Scraping @HLTVorg...
2026-04-20 12:42:37 +00:00: 2026-04-20 12:42:37,072 - __main__ - INFO -   → 20 raw tweets fetched
2026-04-20 12:42:37 +00:00: 2026-04-20 12:42:37,073 - __main__ - INFO -   → 18 viral-worthy CS2 tweets
2026-04-20 12:42:40 +00:00: 2026-04-20 12:42:40,077 - __main__ - INFO - 📡 Scraping @CScribe...
2026-04-20 12:42:40 +00:00: 2026-04-20 12:42:40,248 - __main__ - INFO -   → 0 raw tweets fetched
2026-04-20 12:42:40 +00:00: 2026-04-20 12:42:40,249 - __main__ - INFO -   → 0 viral-worthy CS2 tweets
2026-04-20 12:42:43 +00:00: 2026-04-20 12:42:43,252 - __main__ - INFO - 📡 Scraping @Slasher...
2026-04-20 12:42:43 +00:00: 2026-04-20 12:42:43,898 - __main__ - INFO -   → 97 raw tweets fetched
2026-04-20 12:42:43 +00:00: 2026-04-20 12:42:43,901 - __main__ - INFO -   → 5 viral-worthy CS2 tweets
2026-04-20 12:42:46 +00:00: 2026-04-20 12:42:46,905 - __main__ - INFO - 📡 Scraping @Dust2us...
2026-04-20 12:42:47 +00:00: 2026-04-20 12:42:47,718 - __main__ - INFO -   → 100 raw tweets fetched
2026-04-20 12:42:47 +00:00: 2026-04-20 12:42:47,719 - __main__ - INFO -   → 63 viral-worthy CS2 tweets
2026-04-20 12:42:50 +00:00: 2026-04-20 12:42:50,720 - __main__ - INFO - 📡 Scraping @s1mpleO...
2026-04-20 12:42:51 +00:00: 2026-04-20 12:42:51,541 - __main__ - INFO -   → 79 raw tweets fetched
2026-04-20 12:42:51 +00:00: 2026-04-20 12:42:51,542 - __main__ - INFO -   → 35 viral-worthy CS2 tweets
2026-04-20 12:45:13 +00:00: 2026-04-20 12:45:13,907 - __main__ - INFO - 💾 Stored 300/300 tweets in style_bank
2026-04-20 12:45:13 +00:00: 2026-04-20 12:45:13,908 - __main__ - INFO - 📊 Style bank update: 300 tweets, avg 8168 likes, 199 with media (66%)
2026-04-20 18:45:14 +00:00: 2026-04-20 18:45:14,258 - __main__ - INFO - 📡 Scraping @Ozzny_CS2...
2026-04-20 18:45:14 +00:00: 2026-04-20 18:45:14,484 - __main__ - INFO - 🎟️  Guest token refreshed: 20462991...
2026-04-20 18:45:15 +00:00: 2026-04-20 18:45:15,135 - __main__ - INFO -   → 100 raw tweets fetched
2026-04-20 18:45:15 +00:00: 2026-04-20 18:45:15,136 - __main__ - INFO -   → 47 viral-worthy CS2 tweets
2026-04-20 18:45:18 +00:00: 2026-04-20 18:45:18,140 - __main__ - INFO - 📡 Scraping @ThourCS2...
2026-04-20 18:45:18 +00:00: 2026-04-20 18:45:18,734 - __main__ - INFO -   → 100 raw tweets fetched
2026-04-20 18:45:18 +00:00: 2026-04-20 18:45:18,735 - __main__ - INFO -   → 37 viral-worthy CS2 tweets
2026-04-20 18:45:21 +00:00: 2026-04-20 18:45:21,738 - __main__ - INFO - 📡 Scraping @CS2News_EN...
2026-04-20 18:45:22 +00:00: 2026-04-20 18:45:22,265 - __main__ - INFO -   → 100 raw tweets fetched
2026-04-20 18:45:22 +00:00: 2026-04-20 18:45:22,266 - __main__ - INFO -   → 50 viral-worthy CS2 tweets
2026-04-20 18:45:25 +00:00: 2026-04-20 18:45:25,269 - __main__ - INFO - 📡 Scraping @RazedEsport...
2026-04-20 18:45:25 +00:00: 2026-04-20 18:45:25,962 - __main__ - INFO -   → 99 raw tweets fetched
2026-04-20 18:45:25 +00:00: 2026-04-20 18:45:25,962 - __main__ - INFO -   → 36 viral-worthy CS2 tweets
2026-04-20 18:45:28 +00:00: 2026-04-20 18:45:28,966 - __main__ - INFO - 📡 Scraping @BLASTPremier...
2026-04-20 18:45:29 +00:00: 2026-04-20 18:45:29,507 - __main__ - INFO -   → 18 raw tweets fetched
2026-04-20 18:45:29 +00:00: 2026-04-20 18:45:29,507 - __main__ - INFO -   → 9 viral-worthy CS2 tweets
2026-04-20 18:45:32 +00:00: 2026-04-20 18:45:32,511 - __main__ - INFO - 📡 Scraping @HLTVorg...
2026-04-20 18:45:32 +00:00: 2026-04-20 18:45:32,977 - __main__ - INFO -   → 20 raw tweets fetched
2026-04-20 18:45:32 +00:00: 2026-04-20 18:45:32,978 - __main__ - INFO -   → 16 viral-worthy CS2 tweets
2026-04-20 18:45:35 +00:00: 2026-04-20 18:45:35,982 - __main__ - INFO - 📡 Scraping @CScribe...
2026-04-20 18:45:36 +00:00: 2026-04-20 18:45:36,140 - __main__ - INFO -   → 0 raw tweets fetched
2026-04-20 18:45:36 +00:00: 2026-04-20 18:45:36,140 - __main__ - INFO -   → 0 viral-worthy CS2 tweets
2026-04-20 18:45:39 +00:00: 2026-04-20 18:45:39,144 - __main__ - INFO - 📡 Scraping @Slasher...
2026-04-20 18:45:39 +00:00: 2026-04-20 18:45:39,733 - __main__ - INFO -   → 97 raw tweets fetched
2026-04-20 18:45:39 +00:00: 2026-04-20 18:45:39,735 - __main__ - INFO -   → 5 viral-worthy CS2 tweets
2026-04-20 18:45:42 +00:00: 2026-04-20 18:45:42,738 - __main__ - INFO - 📡 Scraping @Dust2us...
2026-04-20 18:45:43 +00:00: 2026-04-20 18:45:43,325 - __main__ - INFO -   → 100 raw tweets fetched
2026-04-20 18:45:43 +00:00: 2026-04-20 18:45:43,326 - __main__ - INFO -   → 63 viral-worthy CS2 tweets
2026-04-20 18:45:46 +00:00: 2026-04-20 18:45:46,330 - __main__ - INFO - 📡 Scraping @s1mpleO...
2026-04-20 18:45:46 +00:00: 2026-04-20 18:45:46,826 - __main__ - INFO -   → 79 raw tweets fetched
2026-04-20 18:45:46 +00:00: 2026-04-20 18:45:46,828 - __main__ - INFO -   → 35 viral-worthy CS2 tweets
2026-04-20 18:48:09 +00:00: 2026-04-20 18:48:09,586 - __main__ - INFO - 💾 Stored 298/298 tweets in style_bank
2026-04-20 18:48:09 +00:00: 2026-04-20 18:48:09,587 - __main__ - INFO - 📊 Style bank update: 298 tweets, avg 8219 likes, 196 with media (66%)
2026-04-21 00:48:09 +00:00: 2026-04-21 00:48:09,994 - __main__ - INFO - 📡 Scraping @Ozzny_CS2...
2026-04-21 00:48:10 +00:00: 2026-04-21 00:48:10,235 - __main__ - INFO - 🎟️  Guest token refreshed: 20463905...
2026-04-21 00:48:11 +00:00: 2026-04-21 00:48:11,061 - __main__ - INFO -   → 100 raw tweets fetched
2026-04-21 00:48:11 +00:00: 2026-04-21 00:48:11,063 - __main__ - INFO -   → 47 viral-worthy CS2 tweets
2026-04-21 00:48:14 +00:00: 2026-04-21 00:48:14,067 - __main__ - INFO - 📡 Scraping @ThourCS2...
2026-04-21 00:48:14 +00:00: 2026-04-21 00:48:14,832 - __main__ - INFO -   → 100 raw tweets fetched
2026-04-21 00:48:14 +00:00: 2026-04-21 00:48:14,834 - __main__ - INFO -   → 37 viral-worthy CS2 tweets
2026-04-21 00:48:17 +00:00: 2026-04-21 00:48:17,837 - __main__ - INFO - 📡 Scraping @CS2News_EN...
2026-04-21 00:48:18 +00:00: 2026-04-21 00:48:18,615 - __main__ - INFO -   → 100 raw tweets fetched
2026-04-21 00:48:18 +00:00: 2026-04-21 00:48:18,617 - __main__ - INFO -   → 50 viral-worthy CS2 tweets
2026-04-21 00:48:21 +00:00: 2026-04-21 00:48:21,620 - __main__ - INFO - 📡 Scraping @RazedEsport...
2026-04-21 00:48:22 +00:00: 2026-04-21 00:48:22,444 - __main__ - INFO -   → 99 raw tweets fetched
2026-04-21 00:48:22 +00:00: 2026-04-21 00:48:22,445 - __main__ - INFO -   → 36 viral-worthy CS2 tweets
2026-04-21 00:48:25 +00:00: 2026-04-21 00:48:25,449 - __main__ - INFO - 📡 Scraping @BLASTPremier...
2026-04-21 00:48:26 +00:00: 2026-04-21 00:48:26,008 - __main__ - INFO -   → 18 raw tweets fetched
2026-04-21 00:48:26 +00:00: 2026-04-21 00:48:26,009 - __main__ - INFO -   → 9 viral-worthy CS2 tweets
2026-04-21 00:48:29 +00:00: 2026-04-21 00:48:29,012 - __main__ - INFO - 📡 Scraping @HLTVorg...
2026-04-21 00:48:29 +00:00: 2026-04-21 00:48:29,552 - __main__ - INFO -   → 20 raw tweets fetched
2026-04-21 00:48:29 +00:00: 2026-04-21 00:48:29,553 - __main__ - INFO -   → 15 viral-worthy CS2 tweets
2026-04-21 00:48:32 +00:00: 2026-04-21 00:48:32,557 - __main__ - INFO - 📡 Scraping @CScribe...
2026-04-21 00:48:32 +00:00: 2026-04-21 00:48:32,722 - __main__ - INFO -   → 0 raw tweets fetched
2026-04-21 00:48:32 +00:00: 2026-04-21 00:48:32,722 - __main__ - INFO -   → 0 viral-worthy CS2 tweets
2026-04-21 00:48:35 +00:00: 2026-04-21 00:48:35,726 - __main__ - INFO - 📡 Scraping @Slasher...
2026-04-21 00:48:36 +00:00: 2026-04-21 00:48:36,410 - __main__ - INFO -   → 97 raw tweets fetched
2026-04-21 00:48:36 +00:00: 2026-04-21 00:48:36,412 - __main__ - INFO -   → 5 viral-worthy CS2 tweets
2026-04-21 00:48:39 +00:00: 2026-04-21 00:48:39,416 - __main__ - INFO - 📡 Scraping @Dust2us...
2026-04-21 00:48:40 +00:00: 2026-04-21 00:48:40,178 - __main__ - INFO -   → 100 raw tweets fetched
2026-04-21 00:48:40 +00:00: 2026-04-21 00:48:40,180 - __main__ - INFO -   → 63 viral-worthy CS2 tweets
2026-04-21 00:48:43 +00:00: 2026-04-21 00:48:43,183 - __main__ - INFO - 📡 Scraping @s1mpleO...
2026-04-21 00:48:43 +00:00: 2026-04-21 00:48:43,747 - __main__ - INFO -   → 79 raw tweets fetched
2026-04-21 00:48:43 +00:00: 2026-04-21 00:48:43,748 - __main__ - INFO -   → 35 viral-worthy CS2 tweets
2026-04-21 00:51:05 +00:00: 2026-04-21 00:51:05,161 - __main__ - INFO - 💾 Stored 297/297 tweets in style_bank
2026-04-21 00:51:05 +00:00: 2026-04-21 00:51:05,162 - __main__ - INFO - 📊 Style bank update: 297 tweets, avg 8250 likes, 195 with media (66%)
2026-04-21 06:51:05 +00:00: 2026-04-21 06:51:05,569 - __main__ - INFO - 📡 Scraping @Ozzny_CS2...
2026-04-21 06:51:05 +00:00: 2026-04-21 06:51:05,790 - __main__ - INFO - 🎟️  Guest token refreshed: 20464818...
2026-04-21 06:51:06 +00:00: 2026-04-21 06:51:06,409 - __main__ - INFO -   → 100 raw tweets fetched
2026-04-21 06:51:06 +00:00: 2026-04-21 06:51:06,411 - __main__ - INFO -   → 47 viral-worthy CS2 tweets
2026-04-21 06:51:09 +00:00: 2026-04-21 06:51:09,415 - __main__ - INFO - 📡 Scraping @ThourCS2...
2026-04-21 06:51:09 +00:00: 2026-04-21 06:51:09,953 - __main__ - INFO -   → 100 raw tweets fetched
2026-04-21 06:51:09 +00:00: 2026-04-21 06:51:09,955 - __main__ - INFO -   → 37 viral-worthy CS2 tweets
2026-04-21 06:51:12 +00:00: 2026-04-21 06:51:12,958 - __main__ - INFO - 📡 Scraping @CS2News_EN...
2026-04-21 06:51:13 +00:00: 2026-04-21 06:51:13,459 - __main__ - INFO -   → 100 raw tweets fetched
2026-04-21 06:51:13 +00:00: 2026-04-21 06:51:13,460 - __main__ - INFO -   → 50 viral-worthy CS2 tweets
2026-04-21 06:51:16 +00:00: 2026-04-21 06:51:16,464 - __main__ - INFO - 📡 Scraping @RazedEsport...
2026-04-21 06:51:17 +00:00: 2026-04-21 06:51:17,266 - __main__ - INFO -   → 99 raw tweets fetched
2026-04-21 06:51:17 +00:00: 2026-04-21 06:51:17,267 - __main__ - INFO -   → 36 viral-worthy CS2 tweets
2026-04-21 06:51:20 +00:00: 2026-04-21 06:51:20,270 - __main__ - INFO - 📡 Scraping @BLASTPremier...
2026-04-21 06:51:20 +00:00: 2026-04-21 06:51:20,746 - __main__ - INFO -   → 18 raw tweets fetched
2026-04-21 06:51:20 +00:00: 2026-04-21 06:51:20,747 - __main__ - INFO -   → 9 viral-worthy CS2 tweets
2026-04-21 06:51:23 +00:00: 2026-04-21 06:51:23,750 - __main__ - INFO - 📡 Scraping @HLTVorg...
2026-04-21 06:51:24 +00:00: 2026-04-21 06:51:24,211 - __main__ - INFO -   → 20 raw tweets fetched
2026-04-21 06:51:24 +00:00: 2026-04-21 06:51:24,212 - __main__ - INFO -   → 15 viral-worthy CS2 tweets
2026-04-21 06:51:27 +00:00: 2026-04-21 06:51:27,216 - __main__ - INFO - 📡 Scraping @CScribe...
2026-04-21 06:51:27 +00:00: 2026-04-21 06:51:27,380 - __main__ - INFO -   → 0 raw tweets fetched
2026-04-21 06:51:27 +00:00: 2026-04-21 06:51:27,380 - __main__ - INFO -   → 0 viral-worthy CS2 tweets
2026-04-21 06:51:30 +00:00: 2026-04-21 06:51:30,380 - __main__ - INFO - 📡 Scraping @Slasher...
2026-04-21 06:51:30 +00:00: 2026-04-21 06:51:30,901 - __main__ - INFO -   → 97 raw tweets fetched
2026-04-21 06:51:30 +00:00: 2026-04-21 06:51:30,905 - __main__ - INFO -   → 5 viral-worthy CS2 tweets
2026-04-21 06:51:33 +00:00: 2026-04-21 06:51:33,909 - __main__ - INFO - 📡 Scraping @Dust2us...
2026-04-21 06:51:34 +00:00: 2026-04-21 06:51:34,454 - __main__ - INFO -   → 100 raw tweets fetched
2026-04-21 06:51:34 +00:00: 2026-04-21 06:51:34,455 - __main__ - INFO -   → 63 viral-worthy CS2 tweets
2026-04-21 06:51:37 +00:00: 2026-04-21 06:51:37,456 - __main__ - INFO - 📡 Scraping @s1mpleO...
2026-04-21 06:51:37 +00:00: 2026-04-21 06:51:37,934 - __main__ - INFO -   → 79 raw tweets fetched
2026-04-21 06:51:37 +00:00: 2026-04-21 06:51:37,935 - __main__ - INFO -   → 35 viral-worthy CS2 tweets
2026-04-21 06:53:58 +00:00: 2026-04-21 06:53:58,864 - __main__ - INFO - 💾 Stored 297/297 tweets in style_bank
2026-04-21 06:53:58 +00:00: 2026-04-21 06:53:58,865 - __main__ - INFO - 📊 Style bank update: 297 tweets, avg 8253 likes, 195 with media (66%)
2026-04-21 12:53:59 +00:00: 2026-04-21 12:53:59,201 - __main__ - INFO - 📡 Scraping @Ozzny_CS2...
2026-04-21 12:53:59 +00:00: 2026-04-21 12:53:59,406 - __main__ - INFO - 🎟️  Guest token refreshed: 20465731...
2026-04-21 12:54:00 +00:00: 2026-04-21 12:54:00,183 - __main__ - INFO -   → 100 raw tweets fetched
2026-04-21 12:54:00 +00:00: 2026-04-21 12:54:00,185 - __main__ - INFO -   → 47 viral-worthy CS2 tweets
2026-04-21 12:54:03 +00:00: 2026-04-21 12:54:03,188 - __main__ - INFO - 📡 Scraping @ThourCS2...
2026-04-21 12:54:04 +00:00: 2026-04-21 12:54:04,199 - __main__ - INFO -   → 90 raw tweets fetched
2026-04-21 12:54:04 +00:00: 2026-04-21 12:54:04,201 - __main__ - INFO -   → 35 viral-worthy CS2 tweets
2026-04-21 12:54:07 +00:00: 2026-04-21 12:54:07,205 - __main__ - INFO - 📡 Scraping @CS2News_EN...
2026-04-21 12:54:07 +00:00: 2026-04-21 12:54:07,776 - __main__ - INFO -   → 100 raw tweets fetched
2026-04-21 12:54:07 +00:00: 2026-04-21 12:54:07,778 - __main__ - INFO -   → 50 viral-worthy CS2 tweets
2026-04-21 12:54:10 +00:00: 2026-04-21 12:54:10,782 - __main__ - INFO - 📡 Scraping @RazedEsport...
2026-04-21 12:54:11 +00:00: 2026-04-21 12:54:11,552 - __main__ - INFO -   → 99 raw tweets fetched
2026-04-21 12:54:11 +00:00: 2026-04-21 12:54:11,553 - __main__ - INFO -   → 36 viral-worthy CS2 tweets
2026-04-21 12:54:14 +00:00: 2026-04-21 12:54:14,557 - __main__ - INFO - 📡 Scraping @BLASTPremier...
2026-04-21 12:54:15 +00:00: 2026-04-21 12:54:15,202 - __main__ - INFO -   → 19 raw tweets fetched
2026-04-21 12:54:15 +00:00: 2026-04-21 12:54:15,202 - __main__ - INFO -   → 10 viral-worthy CS2 tweets
2026-04-21 12:54:18 +00:00: 2026-04-21 12:54:18,206 - __main__ - INFO - 📡 Scraping @HLTVorg...
2026-04-21 12:54:18 +00:00: 2026-04-21 12:54:18,754 - __main__ - INFO -   → 19 raw tweets fetched
2026-04-21 12:54:18 +00:00: 2026-04-21 12:54:18,755 - __main__ - INFO -   → 11 viral-worthy CS2 tweets
2026-04-21 12:54:21 +00:00: 2026-04-21 12:54:21,759 - __main__ - INFO - 📡 Scraping @CScribe...
2026-04-21 12:54:21 +00:00: 2026-04-21 12:54:21,923 - __main__ - INFO -   → 0 raw tweets fetched
2026-04-21 12:54:21 +00:00: 2026-04-21 12:54:21,924 - __main__ - INFO -   → 0 viral-worthy CS2 tweets
2026-04-21 12:54:24 +00:00: 2026-04-21 12:54:24,924 - __main__ - INFO - 📡 Scraping @Slasher...
2026-04-21 12:54:25 +00:00: 2026-04-21 12:54:25,571 - __main__ - INFO -   → 97 raw tweets fetched
2026-04-21 12:54:25 +00:00: 2026-04-21 12:54:25,573 - __main__ - INFO -   → 5 viral-worthy CS2 tweets
2026-04-21 12:54:28 +00:00: 2026-04-21 12:54:28,576 - __main__ - INFO - 📡 Scraping @Dust2us...
2026-04-21 12:54:29 +00:00: 2026-04-21 12:54:29,520 - __main__ - INFO -   → 100 raw tweets fetched
2026-04-21 12:54:29 +00:00: 2026-04-21 12:54:29,520 - __main__ - INFO -   → 63 viral-worthy CS2 tweets
2026-04-21 12:54:32 +00:00: 2026-04-21 12:54:32,524 - __main__ - INFO - 📡 Scraping @s1mpleO...
2026-04-21 12:54:33 +00:00: 2026-04-21 12:54:33,038 - __main__ - INFO -   → 79 raw tweets fetched
2026-04-21 12:54:33 +00:00: 2026-04-21 12:54:33,039 - __main__ - INFO -   → 35 viral-worthy CS2 tweets
2026-04-21 12:56:50 +00:00: 2026-04-21 12:56:50,165 - __main__ - INFO - 💾 Stored 292/292 tweets in style_bank
2026-04-21 12:56:50 +00:00: 2026-04-21 12:56:50,166 - __main__ - INFO - 📊 Style bank update: 292 tweets, avg 8326 likes, 191 with media (65%)
2026-04-21 18:56:50 +00:00: 2026-04-21 18:56:50,578 - __main__ - INFO - 📡 Scraping @Ozzny_CS2...
2026-04-21 18:56:50 +00:00: 2026-04-21 18:56:50,790 - __main__ - INFO - 🎟️  Guest token refreshed: 20466644...
2026-04-21 18:56:51 +00:00: 2026-04-21 18:56:51,409 - __main__ - INFO -   → 100 raw tweets fetched
2026-04-21 18:56:51 +00:00: 2026-04-21 18:56:51,411 - __main__ - INFO -   → 47 viral-worthy CS2 tweets
2026-04-21 18:56:54 +00:00: 2026-04-21 18:56:54,415 - __main__ - INFO - 📡 Scraping @ThourCS2...
2026-04-21 18:56:54 +00:00: 2026-04-21 18:56:54,998 - __main__ - INFO -   → 100 raw tweets fetched
2026-04-21 18:56:55 +00:00: 2026-04-21 18:56:55,000 - __main__ - INFO -   → 37 viral-worthy CS2 tweets
2026-04-21 18:56:58 +00:00: 2026-04-21 18:56:58,004 - __main__ - INFO - 📡 Scraping @CS2News_EN...
2026-04-21 18:56:58 +00:00: 2026-04-21 18:56:58,522 - __main__ - INFO -   → 100 raw tweets fetched
2026-04-21 18:56:58 +00:00: 2026-04-21 18:56:58,524 - __main__ - INFO -   → 50 viral-worthy CS2 tweets
2026-04-21 18:57:01 +00:00: 2026-04-21 18:57:01,527 - __main__ - INFO - 📡 Scraping @RazedEsport...
2026-04-21 18:57:02 +00:00: 2026-04-21 18:57:02,239 - __main__ - INFO -   → 99 raw tweets fetched
2026-04-21 18:57:02 +00:00: 2026-04-21 18:57:02,241 - __main__ - INFO -   → 36 viral-worthy CS2 tweets
2026-04-21 18:57:05 +00:00: 2026-04-21 18:57:05,245 - __main__ - INFO - 📡 Scraping @BLASTPremier...
2026-04-21 18:57:05 +00:00: 2026-04-21 18:57:05,839 - __main__ - INFO -   → 19 raw tweets fetched
2026-04-21 18:57:05 +00:00: 2026-04-21 18:57:05,839 - __main__ - INFO -   → 11 viral-worthy CS2 tweets
2026-04-21 18:57:08 +00:00: 2026-04-21 18:57:08,843 - __main__ - INFO - 📡 Scraping @HLTVorg...
2026-04-21 18:57:09 +00:00: 2026-04-21 18:57:09,343 - __main__ - INFO -   → 19 raw tweets fetched
2026-04-21 18:57:09 +00:00: 2026-04-21 18:57:09,343 - __main__ - INFO -   → 9 viral-worthy CS2 tweets
2026-04-21 18:57:12 +00:00: 2026-04-21 18:57:12,345 - __main__ - INFO - 📡 Scraping @CScribe...
2026-04-21 18:57:12 +00:00: 2026-04-21 18:57:12,516 - __main__ - INFO -   → 0 raw tweets fetched
2026-04-21 18:57:12 +00:00: 2026-04-21 18:57:12,516 - __main__ - INFO -   → 0 viral-worthy CS2 tweets
2026-04-21 18:57:15 +00:00: 2026-04-21 18:57:15,519 - __main__ - INFO - 📡 Scraping @Slasher...
2026-04-21 18:57:16 +00:00: 2026-04-21 18:57:16,067 - __main__ - INFO -   → 97 raw tweets fetched
2026-04-21 18:57:16 +00:00: 2026-04-21 18:57:16,068 - __main__ - INFO -   → 5 viral-worthy CS2 tweets
2026-04-21 18:57:19 +00:00: 2026-04-21 18:57:19,072 - __main__ - INFO - 📡 Scraping @Dust2us...
2026-04-21 18:57:19 +00:00: 2026-04-21 18:57:19,797 - __main__ - INFO -   → 100 raw tweets fetched
2026-04-21 18:57:19 +00:00: 2026-04-21 18:57:19,799 - __main__ - INFO -   → 63 viral-worthy CS2 tweets
2026-04-21 18:57:22 +00:00: 2026-04-21 18:57:22,802 - __main__ - INFO - 📡 Scraping @s1mpleO...
2026-04-21 18:57:23 +00:00: 2026-04-21 18:57:23,338 - __main__ - INFO -   → 79 raw tweets fetched
2026-04-21 18:57:23 +00:00: 2026-04-21 18:57:23,339 - __main__ - INFO -   → 35 viral-worthy CS2 tweets
2026-04-21 18:59:42 +00:00: 2026-04-21 18:59:42,752 - __main__ - INFO - 💾 Stored 293/293 tweets in style_bank
2026-04-21 18:59:42 +00:00: 2026-04-21 18:59:42,753 - __main__ - INFO - 📊 Style bank update: 293 tweets, avg 8331 likes, 191 with media (65%)
2026-04-22 00:59:43 +00:00: 2026-04-22 00:59:43,081 - __main__ - INFO - 📡 Scraping @Ozzny_CS2...
2026-04-22 00:59:43 +00:00: 2026-04-22 00:59:43,266 - __main__ - INFO - 🎟️  Guest token refreshed: 20467557...
2026-04-22 00:59:44 +00:00: 2026-04-22 00:59:44,033 - __main__ - INFO -   → 100 raw tweets fetched
2026-04-22 00:59:44 +00:00: 2026-04-22 00:59:44,034 - __main__ - INFO -   → 47 viral-worthy CS2 tweets
2026-04-22 00:59:47 +00:00: 2026-04-22 00:59:47,036 - __main__ - INFO - 📡 Scraping @ThourCS2...
2026-04-22 00:59:47 +00:00: 2026-04-22 00:59:47,731 - __main__ - INFO -   → 100 raw tweets fetched
2026-04-22 00:59:47 +00:00: 2026-04-22 00:59:47,733 - __main__ - INFO -   → 37 viral-worthy CS2 tweets
2026-04-22 00:59:50 +00:00: 2026-04-22 00:59:50,736 - __main__ - INFO - 📡 Scraping @CS2News_EN...
2026-04-22 00:59:51 +00:00: 2026-04-22 00:59:51,442 - __main__ - INFO -   → 100 raw tweets fetched
2026-04-22 00:59:51 +00:00: 2026-04-22 00:59:51,444 - __main__ - INFO -   → 50 viral-worthy CS2 tweets
2026-04-22 00:59:54 +00:00: 2026-04-22 00:59:54,447 - __main__ - INFO - 📡 Scraping @RazedEsport...
2026-04-22 00:59:55 +00:00: 2026-04-22 00:59:55,489 - __main__ - INFO -   → 99 raw tweets fetched
2026-04-22 00:59:55 +00:00: 2026-04-22 00:59:55,489 - __main__ - INFO -   → 36 viral-worthy CS2 tweets
2026-04-22 00:59:58 +00:00: 2026-04-22 00:59:58,493 - __main__ - INFO - 📡 Scraping @BLASTPremier...
2026-04-22 00:59:59 +00:00: 2026-04-22 00:59:59,235 - __main__ - INFO -   → 19 raw tweets fetched
2026-04-22 00:59:59 +00:00: 2026-04-22 00:59:59,236 - __main__ - INFO -   → 11 viral-worthy CS2 tweets
2026-04-22 01:00:02 +00:00: 2026-04-22 01:00:02,240 - __main__ - INFO - 📡 Scraping @HLTVorg...
2026-04-22 01:00:02 +00:00: 2026-04-22 01:00:02,866 - __main__ - INFO -   → 19 raw tweets fetched
2026-04-22 01:00:02 +00:00: 2026-04-22 01:00:02,866 - __main__ - INFO -   → 7 viral-worthy CS2 tweets
2026-04-22 01:00:05 +00:00: 2026-04-22 01:00:05,870 - __main__ - INFO - 📡 Scraping @CScribe...
2026-04-22 01:00:06 +00:00: 2026-04-22 01:00:06,049 - __main__ - INFO -   → 0 raw tweets fetched
2026-04-22 01:00:06 +00:00: 2026-04-22 01:00:06,049 - __main__ - INFO -   → 0 viral-worthy CS2 tweets
2026-04-22 01:00:09 +00:00: 2026-04-22 01:00:09,053 - __main__ - INFO - 📡 Scraping @Slasher...
2026-04-22 01:00:09 +00:00: 2026-04-22 01:00:09,861 - __main__ - INFO -   → 97 raw tweets fetched
2026-04-22 01:00:09 +00:00: 2026-04-22 01:00:09,863 - __main__ - INFO -   → 5 viral-worthy CS2 tweets
2026-04-22 01:00:12 +00:00: 2026-04-22 01:00:12,867 - __main__ - INFO - 📡 Scraping @Dust2us...
2026-04-22 01:00:13 +00:00: 2026-04-22 01:00:13,788 - __main__ - INFO -   → 100 raw tweets fetched
2026-04-22 01:00:13 +00:00: 2026-04-22 01:00:13,789 - __main__ - INFO -   → 63 viral-worthy CS2 tweets
2026-04-22 01:00:16 +00:00: 2026-04-22 01:00:16,792 - __main__ - INFO - 📡 Scraping @s1mpleO...
2026-04-22 01:00:17 +00:00: 2026-04-22 01:00:17,519 - __main__ - INFO -   → 79 raw tweets fetched
2026-04-22 01:00:17 +00:00: 2026-04-22 01:00:17,521 - __main__ - INFO -   → 35 viral-worthy CS2 tweets
2026-04-22 01:02:36 +00:00: 2026-04-22 01:02:36,966 - __main__ - INFO - 💾 Stored 291/291 tweets in style_bank
2026-04-22 01:02:36 +00:00: 2026-04-22 01:02:36,968 - __main__ - INFO - 📊 Style bank update: 291 tweets, avg 8379 likes, 189 with media (65%)
2026-04-22 07:02:37 +00:00: 2026-04-22 07:02:37,295 - __main__ - INFO - 📡 Scraping @Ozzny_CS2...
2026-04-22 07:02:37 +00:00: 2026-04-22 07:02:37,540 - __main__ - INFO - 🎟️  Guest token refreshed: 20468471...
2026-04-22 07:02:38 +00:00: 2026-04-22 07:02:38,347 - __main__ - INFO -   → 100 raw tweets fetched
2026-04-22 07:02:38 +00:00: 2026-04-22 07:02:38,348 - __main__ - INFO -   → 47 viral-worthy CS2 tweets
2026-04-22 07:02:41 +00:00: 2026-04-22 07:02:41,352 - __main__ - INFO - 📡 Scraping @ThourCS2...
2026-04-22 07:02:42 +00:00: 2026-04-22 07:02:42,045 - __main__ - INFO -   → 100 raw tweets fetched
2026-04-22 07:02:42 +00:00: 2026-04-22 07:02:42,046 - __main__ - INFO -   → 37 viral-worthy CS2 tweets
2026-04-22 07:02:45 +00:00: 2026-04-22 07:02:45,049 - __main__ - INFO - 📡 Scraping @CS2News_EN...
2026-04-22 07:02:46 +00:00: 2026-04-22 07:02:46,682 - __main__ - INFO -   → 100 raw tweets fetched
2026-04-22 07:02:46 +00:00: 2026-04-22 07:02:46,684 - __main__ - INFO -   → 50 viral-worthy CS2 tweets
2026-04-22 07:02:49 +00:00: 2026-04-22 07:02:49,688 - __main__ - INFO - 📡 Scraping @RazedEsport...
2026-04-22 07:02:50 +00:00: 2026-04-22 07:02:50,566 - __main__ - INFO -   → 99 raw tweets fetched
2026-04-22 07:02:50 +00:00: 2026-04-22 07:02:50,566 - __main__ - INFO -   → 36 viral-worthy CS2 tweets
2026-04-22 07:02:53 +00:00: 2026-04-22 07:02:53,570 - __main__ - INFO - 📡 Scraping @BLASTPremier...
2026-04-22 07:02:54 +00:00: 2026-04-22 07:02:54,167 - __main__ - INFO -   → 19 raw tweets fetched
2026-04-22 07:02:54 +00:00: 2026-04-22 07:02:54,168 - __main__ - INFO -   → 11 viral-worthy CS2 tweets
2026-04-22 07:02:57 +00:00: 2026-04-22 07:02:57,172 - __main__ - INFO - 📡 Scraping @HLTVorg...
2026-04-22 07:02:57 +00:00: 2026-04-22 07:02:57,781 - __main__ - INFO -   → 19 raw tweets fetched
2026-04-22 07:02:57 +00:00: 2026-04-22 07:02:57,782 - __main__ - INFO -   → 7 viral-worthy CS2 tweets
2026-04-22 07:03:00 +00:00: 2026-04-22 07:03:00,785 - __main__ - INFO - 📡 Scraping @CScribe...
2026-04-22 07:03:00 +00:00: 2026-04-22 07:03:00,954 - __main__ - INFO -   → 0 raw tweets fetched
2026-04-22 07:03:00 +00:00: 2026-04-22 07:03:00,954 - __main__ - INFO -   → 0 viral-worthy CS2 tweets
2026-04-22 07:03:03 +00:00: 2026-04-22 07:03:03,957 - __main__ - INFO - 📡 Scraping @Slasher...
2026-04-22 07:03:04 +00:00: 2026-04-22 07:03:04,670 - __main__ - INFO -   → 97 raw tweets fetched
2026-04-22 07:03:04 +00:00: 2026-04-22 07:03:04,673 - __main__ - INFO -   → 5 viral-worthy CS2 tweets
2026-04-22 07:03:07 +00:00: 2026-04-22 07:03:07,677 - __main__ - INFO - 📡 Scraping @Dust2us...
2026-04-22 07:03:08 +00:00: 2026-04-22 07:03:08,542 - __main__ - INFO -   → 100 raw tweets fetched
2026-04-22 07:03:08 +00:00: 2026-04-22 07:03:08,543 - __main__ - INFO -   → 63 viral-worthy CS2 tweets
2026-04-22 07:03:11 +00:00: 2026-04-22 07:03:11,547 - __main__ - INFO - 📡 Scraping @s1mpleO...
2026-04-22 07:03:12 +00:00: 2026-04-22 07:03:12,138 - __main__ - INFO -   → 79 raw tweets fetched
2026-04-22 07:03:12 +00:00: 2026-04-22 07:03:12,140 - __main__ - INFO -   → 35 viral-worthy CS2 tweets
2026-04-22 07:05:32 +00:00: 2026-04-22 07:05:32,002 - __main__ - INFO - 💾 Stored 291/291 tweets in style_bank
2026-04-22 07:05:32 +00:00: 2026-04-22 07:05:32,003 - __main__ - INFO - 📊 Style bank update: 291 tweets, avg 8380 likes, 189 with media (65%)
2026-04-22 13:05:32 +00:00: 2026-04-22 13:05:32,369 - __main__ - INFO - 📡 Scraping @Ozzny_CS2...
2026-04-22 13:05:32 +00:00: 2026-04-22 13:05:32,585 - __main__ - INFO - 🎟️  Guest token refreshed: 20469384...
2026-04-22 13:05:33 +00:00: 2026-04-22 13:05:33,231 - __main__ - INFO -   → 100 raw tweets fetched
2026-04-22 13:05:33 +00:00: 2026-04-22 13:05:33,232 - __main__ - INFO -   → 47 viral-worthy CS2 tweets
2026-04-22 13:05:36 +00:00: 2026-04-22 13:05:36,236 - __main__ - INFO - 📡 Scraping @ThourCS2...
2026-04-22 13:05:36 +00:00: 2026-04-22 13:05:36,747 - __main__ - INFO -   → 100 raw tweets fetched
2026-04-22 13:05:36 +00:00: 2026-04-22 13:05:36,748 - __main__ - INFO -   → 37 viral-worthy CS2 tweets
2026-04-22 13:05:39 +00:00: 2026-04-22 13:05:39,753 - __main__ - INFO - 📡 Scraping @CS2News_EN...
2026-04-22 13:05:40 +00:00: 2026-04-22 13:05:40,309 - __main__ - INFO -   → 100 raw tweets fetched
2026-04-22 13:05:40 +00:00: 2026-04-22 13:05:40,310 - __main__ - INFO -   → 50 viral-worthy CS2 tweets
2026-04-22 13:05:43 +00:00: 2026-04-22 13:05:43,313 - __main__ - INFO - 📡 Scraping @RazedEsport...
2026-04-22 13:05:44 +00:00: 2026-04-22 13:05:44,338 - __main__ - INFO -   → 99 raw tweets fetched
2026-04-22 13:05:44 +00:00: 2026-04-22 13:05:44,338 - __main__ - INFO -   → 36 viral-worthy CS2 tweets
2026-04-22 13:05:47 +00:00: 2026-04-22 13:05:47,342 - __main__ - INFO - 📡 Scraping @BLASTPremier...
2026-04-22 13:05:47 +00:00: 2026-04-22 13:05:47,931 - __main__ - INFO -   → 20 raw tweets fetched
2026-04-22 13:05:47 +00:00: 2026-04-22 13:05:47,931 - __main__ - INFO -   → 10 viral-worthy CS2 tweets
2026-04-22 13:05:50 +00:00: 2026-04-22 13:05:50,934 - __main__ - INFO - 📡 Scraping @HLTVorg...
2026-04-22 13:05:51 +00:00: 2026-04-22 13:05:51,554 - __main__ - INFO -   → 16 raw tweets fetched
2026-04-22 13:05:51 +00:00: 2026-04-22 13:05:51,555 - __main__ - INFO -   → 6 viral-worthy CS2 tweets
2026-04-22 13:05:54 +00:00: 2026-04-22 13:05:54,559 - __main__ - INFO - 📡 Scraping @CScribe...
2026-04-22 13:05:54 +00:00: 2026-04-22 13:05:54,724 - __main__ - INFO -   → 0 raw tweets fetched
2026-04-22 13:05:54 +00:00: 2026-04-22 13:05:54,724 - __main__ - INFO -   → 0 viral-worthy CS2 tweets
2026-04-22 13:05:57 +00:00: 2026-04-22 13:05:57,728 - __main__ - INFO - 📡 Scraping @Slasher...
2026-04-22 13:05:58 +00:00: 2026-04-22 13:05:58,465 - __main__ - INFO -   → 97 raw tweets fetched
2026-04-22 13:05:58 +00:00: 2026-04-22 13:05:58,466 - __main__ - INFO -   → 5 viral-worthy CS2 tweets
2026-04-22 13:06:01 +00:00: 2026-04-22 13:06:01,470 - __main__ - INFO - 📡 Scraping @Dust2us...
2026-04-22 13:06:02 +00:00: 2026-04-22 13:06:02,158 - __main__ - INFO -   → 100 raw tweets fetched
2026-04-22 13:06:02 +00:00: 2026-04-22 13:06:02,159 - __main__ - INFO -   → 63 viral-worthy CS2 tweets
2026-04-22 13:06:05 +00:00: 2026-04-22 13:06:05,162 - __main__ - INFO - 📡 Scraping @s1mpleO...
2026-04-22 13:06:05 +00:00: 2026-04-22 13:06:05,673 - __main__ - INFO -   → 79 raw tweets fetched
2026-04-22 13:06:05 +00:00: 2026-04-22 13:06:05,674 - __main__ - INFO -   → 35 viral-worthy CS2 tweets
2026-04-22 13:08:25 +00:00: 2026-04-22 13:08:25,949 - __main__ - INFO - 💾 Stored 289/289 tweets in style_bank
2026-04-22 13:08:25 +00:00: 2026-04-22 13:08:25,950 - __main__ - INFO - 📊 Style bank update: 289 tweets, avg 8418 likes, 186 with media (64%)
2026-04-22 19:08:26 +00:00: 2026-04-22 19:08:26,357 - __main__ - INFO - 📡 Scraping @Ozzny_CS2...
2026-04-22 19:08:26 +00:00: 2026-04-22 19:08:26,541 - __main__ - INFO - 🎟️  Guest token refreshed: 20470297...
2026-04-22 19:08:27 +00:00: 2026-04-22 19:08:27,181 - __main__ - INFO -   → 100 raw tweets fetched
2026-04-22 19:08:27 +00:00: 2026-04-22 19:08:27,183 - __main__ - INFO -   → 47 viral-worthy CS2 tweets
2026-04-22 19:08:30 +00:00: 2026-04-22 19:08:30,186 - __main__ - INFO - 📡 Scraping @ThourCS2...
2026-04-22 19:08:30 +00:00: 2026-04-22 19:08:30,859 - __main__ - INFO -   → 100 raw tweets fetched
2026-04-22 19:08:30 +00:00: 2026-04-22 19:08:30,861 - __main__ - INFO -   → 37 viral-worthy CS2 tweets
2026-04-22 19:08:33 +00:00: 2026-04-22 19:08:33,865 - __main__ - INFO - 📡 Scraping @CS2News_EN...
2026-04-22 19:08:34 +00:00: 2026-04-22 19:08:34,456 - __main__ - INFO -   → 100 raw tweets fetched
2026-04-22 19:08:34 +00:00: 2026-04-22 19:08:34,457 - __main__ - INFO -   → 50 viral-worthy CS2 tweets
2026-04-22 19:08:37 +00:00: 2026-04-22 19:08:37,460 - __main__ - INFO - 📡 Scraping @RazedEsport...
2026-04-22 19:08:38 +00:00: 2026-04-22 19:08:38,154 - __main__ - INFO -   → 99 raw tweets fetched
2026-04-22 19:08:38 +00:00: 2026-04-22 19:08:38,155 - __main__ - INFO -   → 36 viral-worthy CS2 tweets
2026-04-22 19:08:41 +00:00: 2026-04-22 19:08:41,156 - __main__ - INFO - 📡 Scraping @BLASTPremier...
2026-04-22 19:08:41 +00:00: 2026-04-22 19:08:41,802 - __main__ - INFO -   → 20 raw tweets fetched
2026-04-22 19:08:41 +00:00: 2026-04-22 19:08:41,803 - __main__ - INFO -   → 10 viral-worthy CS2 tweets
2026-04-22 19:08:44 +00:00: 2026-04-22 19:08:44,806 - __main__ - INFO - 📡 Scraping @HLTVorg...
2026-04-22 19:08:45 +00:00: 2026-04-22 19:08:45,635 - __main__ - INFO -   → 15 raw tweets fetched
2026-04-22 19:08:45 +00:00: 2026-04-22 19:08:45,635 - __main__ - INFO -   → 5 viral-worthy CS2 tweets
2026-04-22 19:08:48 +00:00: 2026-04-22 19:08:48,639 - __main__ - INFO - 📡 Scraping @CScribe...
2026-04-22 19:08:48 +00:00: 2026-04-22 19:08:48,802 - __main__ - INFO -   → 0 raw tweets fetched
2026-04-22 19:08:48 +00:00: 2026-04-22 19:08:48,802 - __main__ - INFO -   → 0 viral-worthy CS2 tweets
2026-04-22 19:08:51 +00:00: 2026-04-22 19:08:51,805 - __main__ - INFO - 📡 Scraping @Slasher...
2026-04-22 19:08:52 +00:00: 2026-04-22 19:08:52,362 - __main__ - INFO -   → 97 raw tweets fetched
2026-04-22 19:08:52 +00:00: 2026-04-22 19:08:52,363 - __main__ - INFO -   → 5 viral-worthy CS2 tweets
2026-04-22 19:08:55 +00:00: 2026-04-22 19:08:55,367 - __main__ - INFO - 📡 Scraping @Dust2us...
2026-04-22 19:08:56 +00:00: 2026-04-22 19:08:56,094 - __main__ - INFO -   → 100 raw tweets fetched
2026-04-22 19:08:56 +00:00: 2026-04-22 19:08:56,094 - __main__ - INFO -   → 63 viral-worthy CS2 tweets
2026-04-22 19:08:59 +00:00: 2026-04-22 19:08:59,098 - __main__ - INFO - 📡 Scraping @s1mpleO...
2026-04-22 19:08:59 +00:00: 2026-04-22 19:08:59,652 - __main__ - INFO -   → 79 raw tweets fetched
2026-04-22 19:08:59 +00:00: 2026-04-22 19:08:59,653 - __main__ - INFO -   → 35 viral-worthy CS2 tweets
2026-04-22 19:11:19 +00:00: 2026-04-22 19:11:19,157 - __main__ - INFO - 💾 Stored 288/288 tweets in style_bank
2026-04-22 19:11:19 +00:00: 2026-04-22 19:11:19,158 - __main__ - INFO - 📊 Style bank update: 288 tweets, avg 8444 likes, 187 with media (65%)
2026-04-23 01:11:19 +00:00: 2026-04-23 01:11:19,566 - __main__ - INFO - 📡 Scraping @Ozzny_CS2...
2026-04-23 01:11:19 +00:00: 2026-04-23 01:11:19,773 - __main__ - INFO - 🎟️  Guest token refreshed: 20471211...
2026-04-23 01:11:20 +00:00: 2026-04-23 01:11:20,404 - __main__ - INFO -   → 100 raw tweets fetched
2026-04-23 01:11:20 +00:00: 2026-04-23 01:11:20,405 - __main__ - INFO -   → 47 viral-worthy CS2 tweets
2026-04-23 01:11:23 +00:00: 2026-04-23 01:11:23,408 - __main__ - INFO - 📡 Scraping @ThourCS2...
2026-04-23 01:11:23 +00:00: 2026-04-23 01:11:23,994 - __main__ - INFO -   → 100 raw tweets fetched
2026-04-23 01:11:23 +00:00: 2026-04-23 01:11:23,996 - __main__ - INFO -   → 37 viral-worthy CS2 tweets
2026-04-23 01:11:27 +00:00: 2026-04-23 01:11:27,000 - __main__ - INFO - 📡 Scraping @CS2News_EN...
2026-04-23 01:11:27 +00:00: 2026-04-23 01:11:27,550 - __main__ - INFO -   → 100 raw tweets fetched
2026-04-23 01:11:27 +00:00: 2026-04-23 01:11:27,552 - __main__ - INFO -   → 50 viral-worthy CS2 tweets
2026-04-23 01:11:30 +00:00: 2026-04-23 01:11:30,552 - __main__ - INFO - 📡 Scraping @RazedEsport...
2026-04-23 01:11:31 +00:00: 2026-04-23 01:11:31,298 - __main__ - INFO -   → 99 raw tweets fetched
2026-04-23 01:11:31 +00:00: 2026-04-23 01:11:31,299 - __main__ - INFO -   → 36 viral-worthy CS2 tweets
2026-04-23 01:11:34 +00:00: 2026-04-23 01:11:34,303 - __main__ - INFO - 📡 Scraping @BLASTPremier...
2026-04-23 01:11:34 +00:00: 2026-04-23 01:11:34,792 - __main__ - INFO -   → 20 raw tweets fetched
2026-04-23 01:11:34 +00:00: 2026-04-23 01:11:34,793 - __main__ - INFO -   → 10 viral-worthy CS2 tweets
2026-04-23 01:11:37 +00:00: 2026-04-23 01:11:37,797 - __main__ - INFO - 📡 Scraping @HLTVorg...
2026-04-23 01:11:38 +00:00: 2026-04-23 01:11:38,302 - __main__ - INFO -   → 15 raw tweets fetched
2026-04-23 01:11:38 +00:00: 2026-04-23 01:11:38,303 - __main__ - INFO -   → 5 viral-worthy CS2 tweets
2026-04-23 01:11:41 +00:00: 2026-04-23 01:11:41,306 - __main__ - INFO - 📡 Scraping @CScribe...
2026-04-23 01:11:41 +00:00: 2026-04-23 01:11:41,465 - __main__ - INFO -   → 0 raw tweets fetched
2026-04-23 01:11:41 +00:00: 2026-04-23 01:11:41,465 - __main__ - INFO -   → 0 viral-worthy CS2 tweets
2026-04-23 01:11:44 +00:00: 2026-04-23 01:11:44,471 - __main__ - INFO - 📡 Scraping @Slasher...
2026-04-23 01:11:44 +00:00: 2026-04-23 01:11:44,984 - __main__ - INFO -   → 97 raw tweets fetched
2026-04-23 01:11:44 +00:00: 2026-04-23 01:11:44,987 - __main__ - INFO -   → 5 viral-worthy CS2 tweets
2026-04-23 01:11:47 +00:00: 2026-04-23 01:11:47,991 - __main__ - INFO - 📡 Scraping @Dust2us...
2026-04-23 01:11:48 +00:00: 2026-04-23 01:11:48,646 - __main__ - INFO -   → 100 raw tweets fetched
2026-04-23 01:11:48 +00:00: 2026-04-23 01:11:48,646 - __main__ - INFO -   → 63 viral-worthy CS2 tweets
2026-04-23 01:11:51 +00:00: 2026-04-23 01:11:51,650 - __main__ - INFO - 📡 Scraping @s1mpleO...
2026-04-23 01:11:52 +00:00: 2026-04-23 01:11:52,139 - __main__ - INFO -   → 79 raw tweets fetched
2026-04-23 01:11:52 +00:00: 2026-04-23 01:11:52,141 - __main__ - INFO -   → 35 viral-worthy CS2 tweets
2026-04-23 01:14:10 +00:00: 2026-04-23 01:14:10,965 - __main__ - INFO - 💾 Stored 288/288 tweets in style_bank
2026-04-23 01:14:10 +00:00: 2026-04-23 01:14:10,966 - __main__ - INFO - 📊 Style bank update: 288 tweets, avg 8447 likes, 187 with media (65%)
2026-04-23 07:14:11 +00:00: 2026-04-23 07:14:11,359 - __main__ - INFO - 📡 Scraping @Ozzny_CS2...
2026-04-23 07:14:13 +00:00: 2026-04-23 07:14:13,504 - __main__ - INFO - 🎟️  Guest token refreshed: 20472124...
2026-04-23 07:14:14 +00:00: 2026-04-23 07:14:14,068 - __main__ - INFO -   → 100 raw tweets fetched
2026-04-23 07:14:14 +00:00: 2026-04-23 07:14:14,069 - __main__ - INFO -   → 47 viral-worthy CS2 tweets
2026-04-23 07:14:17 +00:00: 2026-04-23 07:14:17,073 - __main__ - INFO - 📡 Scraping @ThourCS2...
2026-04-23 07:14:17 +00:00: 2026-04-23 07:14:17,618 - __main__ - INFO -   → 100 raw tweets fetched
2026-04-23 07:14:17 +00:00: 2026-04-23 07:14:17,619 - __main__ - INFO -   → 37 viral-worthy CS2 tweets
2026-04-23 07:14:20 +00:00: 2026-04-23 07:14:20,623 - __main__ - INFO - 📡 Scraping @CS2News_EN...
2026-04-23 07:14:21 +00:00: 2026-04-23 07:14:21,131 - __main__ - INFO -   → 100 raw tweets fetched
2026-04-23 07:14:21 +00:00: 2026-04-23 07:14:21,136 - __main__ - INFO -   → 50 viral-worthy CS2 tweets
2026-04-23 07:14:24 +00:00: 2026-04-23 07:14:24,140 - __main__ - INFO - 📡 Scraping @RazedEsport...
2026-04-23 07:14:24 +00:00: 2026-04-23 07:14:24,771 - __main__ - INFO -   → 99 raw tweets fetched
2026-04-23 07:14:24 +00:00: 2026-04-23 07:14:24,772 - __main__ - INFO -   → 36 viral-worthy CS2 tweets
2026-04-23 07:14:27 +00:00: 2026-04-23 07:14:27,776 - __main__ - INFO - 📡 Scraping @BLASTPremier...
2026-04-23 07:14:28 +00:00: 2026-04-23 07:14:28,237 - __main__ - INFO -   → 20 raw tweets fetched
2026-04-23 07:14:28 +00:00: 2026-04-23 07:14:28,238 - __main__ - INFO -   → 10 viral-worthy CS2 tweets
2026-04-23 07:14:31 +00:00: 2026-04-23 07:14:31,241 - __main__ - INFO - 📡 Scraping @HLTVorg...
2026-04-23 07:14:31 +00:00: 2026-04-23 07:14:31,805 - __main__ - INFO -   → 15 raw tweets fetched
2026-04-23 07:14:31 +00:00: 2026-04-23 07:14:31,806 - __main__ - INFO -   → 6 viral-worthy CS2 tweets
2026-04-23 07:14:34 +00:00: 2026-04-23 07:14:34,810 - __main__ - INFO - 📡 Scraping @CScribe...
2026-04-23 07:14:34 +00:00: 2026-04-23 07:14:34,976 - __main__ - INFO -   → 0 raw tweets fetched
2026-04-23 07:14:34 +00:00: 2026-04-23 07:14:34,976 - __main__ - INFO -   → 0 viral-worthy CS2 tweets
2026-04-23 07:14:37 +00:00: 2026-04-23 07:14:37,980 - __main__ - INFO - 📡 Scraping @Slasher...
2026-04-23 07:14:38 +00:00: 2026-04-23 07:14:38,453 - __main__ - INFO -   → 97 raw tweets fetched
2026-04-23 07:14:38 +00:00: 2026-04-23 07:14:38,454 - __main__ - INFO -   → 5 viral-worthy CS2 tweets
2026-04-23 07:14:41 +00:00: 2026-04-23 07:14:41,458 - __main__ - INFO - 📡 Scraping @Dust2us...
2026-04-23 07:14:42 +00:00: 2026-04-23 07:14:42,120 - __main__ - INFO -   → 100 raw tweets fetched
2026-04-23 07:14:42 +00:00: 2026-04-23 07:14:42,121 - __main__ - INFO -   → 63 viral-worthy CS2 tweets
2026-04-23 07:14:45 +00:00: 2026-04-23 07:14:45,127 - __main__ - INFO - 📡 Scraping @s1mpleO...
2026-04-23 07:14:45 +00:00: 2026-04-23 07:14:45,632 - __main__ - INFO -   → 79 raw tweets fetched
2026-04-23 07:14:45 +00:00: 2026-04-23 07:14:45,635 - __main__ - INFO -   → 35 viral-worthy CS2 tweets
2026-04-23 07:17:04 +00:00: 2026-04-23 07:17:04,936 - __main__ - INFO - 💾 Stored 289/289 tweets in style_bank
2026-04-23 07:17:04 +00:00: 2026-04-23 07:17:04,938 - __main__ - INFO - 📊 Style bank update: 289 tweets, avg 8418 likes, 188 with media (65%)
2026-04-23 13:17:05 +00:00: 2026-04-23 13:17:05,295 - __main__ - INFO - 📡 Scraping @Ozzny_CS2...
2026-04-23 13:17:05 +00:00: 2026-04-23 13:17:05,513 - __main__ - INFO - 🎟️  Guest token refreshed: 20473037...
2026-04-23 13:17:06 +00:00: 2026-04-23 13:17:06,258 - __main__ - INFO -   → 100 raw tweets fetched
2026-04-23 13:17:06 +00:00: 2026-04-23 13:17:06,259 - __main__ - INFO -   → 47 viral-worthy CS2 tweets
2026-04-23 13:17:09 +00:00: 2026-04-23 13:17:09,261 - __main__ - INFO - 📡 Scraping @ThourCS2...
2026-04-23 13:17:10 +00:00: 2026-04-23 13:17:10,235 - __main__ - INFO -   → 92 raw tweets fetched
2026-04-23 13:17:10 +00:00: 2026-04-23 13:17:10,236 - __main__ - INFO -   → 35 viral-worthy CS2 tweets
2026-04-23 13:17:13 +00:00: 2026-04-23 13:17:13,240 - __main__ - INFO - 📡 Scraping @CS2News_EN...
2026-04-23 13:17:13 +00:00: 2026-04-23 13:17:13,773 - __main__ - INFO -   → 100 raw tweets fetched
2026-04-23 13:17:13 +00:00: 2026-04-23 13:17:13,775 - __main__ - INFO -   → 50 viral-worthy CS2 tweets
2026-04-23 13:17:16 +00:00: 2026-04-23 13:17:16,777 - __main__ - INFO - 📡 Scraping @RazedEsport...
2026-04-23 13:17:17 +00:00: 2026-04-23 13:17:17,487 - __main__ - INFO -   → 99 raw tweets fetched
2026-04-23 13:17:17 +00:00: 2026-04-23 13:17:17,488 - __main__ - INFO -   → 36 viral-worthy CS2 tweets
2026-04-23 13:17:20 +00:00: 2026-04-23 13:17:20,491 - __main__ - INFO - 📡 Scraping @BLASTPremier...
2026-04-23 13:17:21 +00:00: 2026-04-23 13:17:21,011 - __main__ - INFO -   → 20 raw tweets fetched
2026-04-23 13:17:21 +00:00: 2026-04-23 13:17:21,011 - __main__ - INFO -   → 11 viral-worthy CS2 tweets
2026-04-23 13:17:24 +00:00: 2026-04-23 13:17:24,015 - __main__ - INFO - 📡 Scraping @HLTVorg...
2026-04-23 13:17:24 +00:00: 2026-04-23 13:17:24,566 - __main__ - INFO -   → 16 raw tweets fetched
2026-04-23 13:17:24 +00:00: 2026-04-23 13:17:24,566 - __main__ - INFO -   → 6 viral-worthy CS2 tweets
2026-04-23 13:17:27 +00:00: 2026-04-23 13:17:27,570 - __main__ - INFO - 📡 Scraping @CScribe...
2026-04-23 13:17:27 +00:00: 2026-04-23 13:17:27,740 - __main__ - INFO -   → 0 raw tweets fetched
2026-04-23 13:17:27 +00:00: 2026-04-23 13:17:27,740 - __main__ - INFO -   → 0 viral-worthy CS2 tweets
2026-04-23 13:17:30 +00:00: 2026-04-23 13:17:30,743 - __main__ - INFO - 📡 Scraping @Slasher...
2026-04-23 13:17:31 +00:00: 2026-04-23 13:17:31,349 - __main__ - INFO -   → 97 raw tweets fetched
2026-04-23 13:17:31 +00:00: 2026-04-23 13:17:31,351 - __main__ - INFO -   → 5 viral-worthy CS2 tweets
2026-04-23 13:17:34 +00:00: 2026-04-23 13:17:34,355 - __main__ - INFO - 📡 Scraping @Dust2us...
2026-04-23 13:17:34 +00:00: 2026-04-23 13:17:34,967 - __main__ - INFO -   → 100 raw tweets fetched
2026-04-23 13:17:34 +00:00: 2026-04-23 13:17:34,968 - __main__ - INFO -   → 63 viral-worthy CS2 tweets
2026-04-23 13:17:37 +00:00: 2026-04-23 13:17:37,974 - __main__ - INFO - 📡 Scraping @s1mpleO...
2026-04-23 13:17:38 +00:00: 2026-04-23 13:17:38,698 - __main__ - INFO -   → 71 raw tweets fetched
2026-04-23 13:17:38 +00:00: 2026-04-23 13:17:38,699 - __main__ - INFO -   → 33 viral-worthy CS2 tweets
2026-04-23 13:19:56 +00:00: 2026-04-23 13:19:56,374 - __main__ - INFO - 💾 Stored 286/286 tweets in style_bank
2026-04-23 13:19:56 +00:00: 2026-04-23 13:19:56,375 - __main__ - INFO - 📊 Style bank update: 286 tweets, avg 8070 likes, 187 with media (65%)
2026-04-23 19:19:56 +00:00: 2026-04-23 19:19:56,788 - __main__ - INFO - 📡 Scraping @Ozzny_CS2...
2026-04-23 19:19:56 +00:00: 2026-04-23 19:19:56,987 - __main__ - INFO - 🎟️  Guest token refreshed: 20473950...
2026-04-23 19:19:57 +00:00: 2026-04-23 19:19:57,712 - __main__ - INFO -   → 100 raw tweets fetched
2026-04-23 19:19:57 +00:00: 2026-04-23 19:19:57,714 - __main__ - INFO -   → 47 viral-worthy CS2 tweets
2026-04-23 19:20:00 +00:00: 2026-04-23 19:20:00,718 - __main__ - INFO - 📡 Scraping @ThourCS2...
2026-04-23 19:20:01 +00:00: 2026-04-23 19:20:01,319 - __main__ - INFO -   → 100 raw tweets fetched
2026-04-23 19:20:01 +00:00: 2026-04-23 19:20:01,320 - __main__ - INFO -   → 37 viral-worthy CS2 tweets
2026-04-23 19:20:04 +00:00: 2026-04-23 19:20:04,323 - __main__ - INFO - 📡 Scraping @CS2News_EN...
2026-04-23 19:20:04 +00:00: 2026-04-23 19:20:04,863 - __main__ - INFO -   → 100 raw tweets fetched
2026-04-23 19:20:04 +00:00: 2026-04-23 19:20:04,864 - __main__ - INFO -   → 50 viral-worthy CS2 tweets
2026-04-23 19:20:07 +00:00: 2026-04-23 19:20:07,868 - __main__ - INFO - 📡 Scraping @RazedEsport...
2026-04-23 19:20:08 +00:00: 2026-04-23 19:20:08,596 - __main__ - INFO -   → 99 raw tweets fetched
2026-04-23 19:20:08 +00:00: 2026-04-23 19:20:08,598 - __main__ - INFO -   → 36 viral-worthy CS2 tweets
2026-04-23 19:20:11 +00:00: 2026-04-23 19:20:11,601 - __main__ - INFO - 📡 Scraping @BLASTPremier...
2026-04-23 19:20:12 +00:00: 2026-04-23 19:20:12,076 - __main__ - INFO -   → 20 raw tweets fetched
2026-04-23 19:20:12 +00:00: 2026-04-23 19:20:12,077 - __main__ - INFO -   → 10 viral-worthy CS2 tweets
2026-04-23 19:20:15 +00:00: 2026-04-23 19:20:15,081 - __main__ - INFO - 📡 Scraping @HLTVorg...
2026-04-23 19:20:15 +00:00: 2026-04-23 19:20:15,713 - __main__ - INFO -   → 16 raw tweets fetched
2026-04-23 19:20:15 +00:00: 2026-04-23 19:20:15,714 - __main__ - INFO -   → 5 viral-worthy CS2 tweets
2026-04-23 19:20:18 +00:00: 2026-04-23 19:20:18,718 - __main__ - INFO - 📡 Scraping @CScribe...
2026-04-23 19:20:18 +00:00: 2026-04-23 19:20:18,893 - __main__ - INFO -   → 0 raw tweets fetched
2026-04-23 19:20:18 +00:00: 2026-04-23 19:20:18,893 - __main__ - INFO -   → 0 viral-worthy CS2 tweets
2026-04-23 19:20:21 +00:00: 2026-04-23 19:20:21,897 - __main__ - INFO - 📡 Scraping @Slasher...
2026-04-23 19:20:22 +00:00: 2026-04-23 19:20:22,737 - __main__ - INFO -   → 97 raw tweets fetched
2026-04-23 19:20:22 +00:00: 2026-04-23 19:20:22,740 - __main__ - INFO -   → 5 viral-worthy CS2 tweets
2026-04-23 19:20:25 +00:00: 2026-04-23 19:20:25,744 - __main__ - INFO - 📡 Scraping @Dust2us...
2026-04-23 19:20:26 +00:00: 2026-04-23 19:20:26,633 - __main__ - INFO -   → 100 raw tweets fetched
2026-04-23 19:20:26 +00:00: 2026-04-23 19:20:26,635 - __main__ - INFO -   → 63 viral-worthy CS2 tweets
2026-04-23 19:20:29 +00:00: 2026-04-23 19:20:29,638 - __main__ - INFO - 📡 Scraping @s1mpleO...
2026-04-23 19:20:30 +00:00: 2026-04-23 19:20:30,149 - __main__ - INFO -   → 79 raw tweets fetched
2026-04-23 19:20:30 +00:00: 2026-04-23 19:20:30,151 - __main__ - INFO -   → 35 viral-worthy CS2 tweets
2026-04-23 19:22:48 +00:00: 2026-04-23 19:22:48,788 - __main__ - INFO - 💾 Stored 288/288 tweets in style_bank
2026-04-23 19:22:48 +00:00: 2026-04-23 19:22:48,789 - __main__ - INFO - 📊 Style bank update: 288 tweets, avg 8440 likes, 188 with media (65%)
2026-04-24 01:22:49 +00:00: 2026-04-24 01:22:49,194 - __main__ - INFO - 📡 Scraping @Ozzny_CS2...
2026-04-24 01:22:49 +00:00: 2026-04-24 01:22:49,418 - __main__ - INFO - 🎟️  Guest token refreshed: 20474863...
2026-04-24 01:22:50 +00:00: 2026-04-24 01:22:50,205 - __main__ - INFO -   → 100 raw tweets fetched
2026-04-24 01:22:50 +00:00: 2026-04-24 01:22:50,206 - __main__ - INFO -   → 47 viral-worthy CS2 tweets
2026-04-24 01:22:53 +00:00: 2026-04-24 01:22:53,210 - __main__ - INFO - 📡 Scraping @ThourCS2...
2026-04-24 01:22:53 +00:00: 2026-04-24 01:22:53,933 - __main__ - INFO -   → 100 raw tweets fetched
2026-04-24 01:22:53 +00:00: 2026-04-24 01:22:53,934 - __main__ - INFO -   → 37 viral-worthy CS2 tweets
2026-04-24 01:22:56 +00:00: 2026-04-24 01:22:56,937 - __main__ - INFO - 📡 Scraping @CS2News_EN...
2026-04-24 01:22:57 +00:00: 2026-04-24 01:22:57,640 - __main__ - INFO -   → 100 raw tweets fetched
2026-04-24 01:22:57 +00:00: 2026-04-24 01:22:57,641 - __main__ - INFO -   → 50 viral-worthy CS2 tweets
2026-04-24 01:23:00 +00:00: 2026-04-24 01:23:00,645 - __main__ - INFO - 📡 Scraping @RazedEsport...
2026-04-24 01:23:01 +00:00: 2026-04-24 01:23:01,548 - __main__ - INFO -   → 99 raw tweets fetched
2026-04-24 01:23:01 +00:00: 2026-04-24 01:23:01,549 - __main__ - INFO -   → 36 viral-worthy CS2 tweets
2026-04-24 01:23:04 +00:00: 2026-04-24 01:23:04,553 - __main__ - INFO - 📡 Scraping @BLASTPremier...
2026-04-24 01:23:05 +00:00: 2026-04-24 01:23:05,124 - __main__ - INFO -   → 20 raw tweets fetched
2026-04-24 01:23:05 +00:00: 2026-04-24 01:23:05,124 - __main__ - INFO -   → 10 viral-worthy CS2 tweets
2026-04-24 01:23:08 +00:00: 2026-04-24 01:23:08,128 - __main__ - INFO - 📡 Scraping @HLTVorg...
2026-04-24 01:23:08 +00:00: 2026-04-24 01:23:08,753 - __main__ - INFO -   → 17 raw tweets fetched
2026-04-24 01:23:08 +00:00: 2026-04-24 01:23:08,755 - __main__ - INFO -   → 6 viral-worthy CS2 tweets
2026-04-24 01:23:11 +00:00: 2026-04-24 01:23:11,758 - __main__ - INFO - 📡 Scraping @CScribe...
2026-04-24 01:23:11 +00:00: 2026-04-24 01:23:11,926 - __main__ - INFO -   → 0 raw tweets fetched
2026-04-24 01:23:11 +00:00: 2026-04-24 01:23:11,926 - __main__ - INFO -   → 0 viral-worthy CS2 tweets
2026-04-24 01:23:14 +00:00: 2026-04-24 01:23:14,929 - __main__ - INFO - 📡 Scraping @Slasher...
2026-04-24 01:23:15 +00:00: 2026-04-24 01:23:15,643 - __main__ - INFO -   → 97 raw tweets fetched
2026-04-24 01:23:15 +00:00: 2026-04-24 01:23:15,645 - __main__ - INFO -   → 5 viral-worthy CS2 tweets
2026-04-24 01:23:18 +00:00: 2026-04-24 01:23:18,648 - __main__ - INFO - 📡 Scraping @Dust2us...
2026-04-24 01:23:19 +00:00: 2026-04-24 01:23:19,456 - __main__ - INFO -   → 100 raw tweets fetched
2026-04-24 01:23:19 +00:00: 2026-04-24 01:23:19,457 - __main__ - INFO -   → 63 viral-worthy CS2 tweets
2026-04-24 01:23:22 +00:00: 2026-04-24 01:23:22,461 - __main__ - INFO - 📡 Scraping @s1mpleO...
2026-04-24 01:23:23 +00:00: 2026-04-24 01:23:23,164 - __main__ - INFO -   → 79 raw tweets fetched
2026-04-24 01:23:23 +00:00: 2026-04-24 01:23:23,165 - __main__ - INFO -   → 35 viral-worthy CS2 tweets
2026-04-24 01:25:47 +00:00: 2026-04-24 01:25:47,691 - __main__ - INFO - 💾 Stored 289/289 tweets in style_bank
2026-04-24 01:25:47 +00:00: 2026-04-24 01:25:47,692 - __main__ - INFO - 📊 Style bank update: 289 tweets, avg 8413 likes, 188 with media (65%)
2026-04-24 07:25:48 +00:00: 2026-04-24 07:25:48,098 - __main__ - INFO - 📡 Scraping @Ozzny_CS2...
2026-04-24 07:25:48 +00:00: 2026-04-24 07:25:48,496 - __main__ - INFO - 🎟️  Guest token refreshed: 20475777...
2026-04-24 07:25:49 +00:00: 2026-04-24 07:25:49,104 - __main__ - INFO -   → 100 raw tweets fetched
2026-04-24 07:25:49 +00:00: 2026-04-24 07:25:49,106 - __main__ - INFO -   → 47 viral-worthy CS2 tweets
2026-04-24 07:25:52 +00:00: 2026-04-24 07:25:52,110 - __main__ - INFO - 📡 Scraping @ThourCS2...
2026-04-24 07:25:52 +00:00: 2026-04-24 07:25:52,630 - __main__ - INFO -   → 100 raw tweets fetched
2026-04-24 07:25:52 +00:00: 2026-04-24 07:25:52,631 - __main__ - INFO -   → 37 viral-worthy CS2 tweets
2026-04-24 07:25:55 +00:00: 2026-04-24 07:25:55,634 - __main__ - INFO - 📡 Scraping @CS2News_EN...
2026-04-24 07:25:56 +00:00: 2026-04-24 07:25:56,121 - __main__ - INFO -   → 100 raw tweets fetched
2026-04-24 07:25:56 +00:00: 2026-04-24 07:25:56,123 - __main__ - INFO -   → 50 viral-worthy CS2 tweets
2026-04-24 07:25:59 +00:00: 2026-04-24 07:25:59,126 - __main__ - INFO - 📡 Scraping @RazedEsport...
2026-04-24 07:25:59 +00:00: 2026-04-24 07:25:59,791 - __main__ - INFO -   → 99 raw tweets fetched
2026-04-24 07:25:59 +00:00: 2026-04-24 07:25:59,791 - __main__ - INFO -   → 36 viral-worthy CS2 tweets
2026-04-24 07:26:02 +00:00: 2026-04-24 07:26:02,795 - __main__ - INFO - 📡 Scraping @BLASTPremier...
2026-04-24 07:26:03 +00:00: 2026-04-24 07:26:03,314 - __main__ - INFO -   → 20 raw tweets fetched
2026-04-24 07:26:03 +00:00: 2026-04-24 07:26:03,314 - __main__ - INFO -   → 10 viral-worthy CS2 tweets
2026-04-24 07:26:06 +00:00: 2026-04-24 07:26:06,318 - __main__ - INFO - 📡 Scraping @HLTVorg...
2026-04-24 07:26:06 +00:00: 2026-04-24 07:26:06,897 - __main__ - INFO -   → 17 raw tweets fetched
2026-04-24 07:26:06 +00:00: 2026-04-24 07:26:06,897 - __main__ - INFO -   → 6 viral-worthy CS2 tweets
2026-04-24 07:26:09 +00:00: 2026-04-24 07:26:09,901 - __main__ - INFO - 📡 Scraping @CScribe...
2026-04-24 07:26:10 +00:00: 2026-04-24 07:26:10,070 - __main__ - INFO -   → 0 raw tweets fetched
2026-04-24 07:26:10 +00:00: 2026-04-24 07:26:10,070 - __main__ - INFO -   → 0 viral-worthy CS2 tweets
2026-04-24 07:26:13 +00:00: 2026-04-24 07:26:13,074 - __main__ - INFO - 📡 Scraping @Slasher...
2026-04-24 07:26:13 +00:00: 2026-04-24 07:26:13,618 - __main__ - INFO -   → 97 raw tweets fetched
2026-04-24 07:26:13 +00:00: 2026-04-24 07:26:13,620 - __main__ - INFO -   → 5 viral-worthy CS2 tweets
2026-04-24 07:26:16 +00:00: 2026-04-24 07:26:16,623 - __main__ - INFO - 📡 Scraping @Dust2us...
2026-04-24 07:26:17 +00:00: 2026-04-24 07:26:17,194 - __main__ - INFO -   → 100 raw tweets fetched
2026-04-24 07:26:17 +00:00: 2026-04-24 07:26:17,195 - __main__ - INFO -   → 63 viral-worthy CS2 tweets
2026-04-24 07:26:20 +00:00: 2026-04-24 07:26:20,197 - __main__ - INFO - 📡 Scraping @s1mpleO...
2026-04-24 07:26:20 +00:00: 2026-04-24 07:26:20,660 - __main__ - INFO -   → 79 raw tweets fetched
2026-04-24 07:26:20 +00:00: 2026-04-24 07:26:20,661 - __main__ - INFO -   → 35 viral-worthy CS2 tweets
2026-04-24 07:28:38 +00:00: 2026-04-24 07:28:38,317 - __main__ - INFO - 💾 Stored 289/289 tweets in style_bank
2026-04-24 07:28:38 +00:00: 2026-04-24 07:28:38,318 - __main__ - INFO - 📊 Style bank update: 289 tweets, avg 8413 likes, 188 with media (65%)
2026-04-24 13:28:38 +00:00: 2026-04-24 13:28:38,716 - __main__ - INFO - 📡 Scraping @Ozzny_CS2...
2026-04-24 13:28:38 +00:00: 2026-04-24 13:28:38,941 - __main__ - INFO - 🎟️  Guest token refreshed: 20476690...
2026-04-24 13:28:39 +00:00: 2026-04-24 13:28:39,551 - __main__ - INFO -   → 100 raw tweets fetched
2026-04-24 13:28:39 +00:00: 2026-04-24 13:28:39,552 - __main__ - INFO -   → 47 viral-worthy CS2 tweets
2026-04-24 13:28:42 +00:00: 2026-04-24 13:28:42,556 - __main__ - INFO - 📡 Scraping @ThourCS2...
2026-04-24 13:28:43 +00:00: 2026-04-24 13:28:43,085 - __main__ - INFO -   → 100 raw tweets fetched
2026-04-24 13:28:43 +00:00: 2026-04-24 13:28:43,087 - __main__ - INFO -   → 37 viral-worthy CS2 tweets
2026-04-24 13:28:46 +00:00: 2026-04-24 13:28:46,090 - __main__ - INFO - 📡 Scraping @CS2News_EN...
2026-04-24 13:28:46 +00:00: 2026-04-24 13:28:46,676 - __main__ - INFO -   → 100 raw tweets fetched
2026-04-24 13:28:46 +00:00: 2026-04-24 13:28:46,677 - __main__ - INFO -   → 50 viral-worthy CS2 tweets
2026-04-24 13:28:49 +00:00: 2026-04-24 13:28:49,681 - __main__ - INFO - 📡 Scraping @RazedEsport...
2026-04-24 13:28:50 +00:00: 2026-04-24 13:28:50,660 - __main__ - INFO -   → 99 raw tweets fetched
2026-04-24 13:28:50 +00:00: 2026-04-24 13:28:50,661 - __main__ - INFO -   → 36 viral-worthy CS2 tweets
2026-04-24 13:28:53 +00:00: 2026-04-24 13:28:53,664 - __main__ - INFO - 📡 Scraping @BLASTPremier...
2026-04-24 13:28:54 +00:00: 2026-04-24 13:28:54,211 - __main__ - INFO -   → 20 raw tweets fetched
2026-04-24 13:28:54 +00:00: 2026-04-24 13:28:54,212 - __main__ - INFO -   → 10 viral-worthy CS2 tweets
2026-04-24 13:28:57 +00:00: 2026-04-24 13:28:57,215 - __main__ - INFO - 📡 Scraping @HLTVorg...
2026-04-24 13:28:57 +00:00: 2026-04-24 13:28:57,724 - __main__ - INFO -   → 17 raw tweets fetched
2026-04-24 13:28:57 +00:00: 2026-04-24 13:28:57,725 - __main__ - INFO -   → 5 viral-worthy CS2 tweets
2026-04-24 13:29:00 +00:00: 2026-04-24 13:29:00,728 - __main__ - INFO - 📡 Scraping @CScribe...
2026-04-24 13:29:00 +00:00: 2026-04-24 13:29:00,895 - __main__ - INFO -   → 0 raw tweets fetched
2026-04-24 13:29:00 +00:00: 2026-04-24 13:29:00,895 - __main__ - INFO -   → 0 viral-worthy CS2 tweets
2026-04-24 13:29:03 +00:00: 2026-04-24 13:29:03,899 - __main__ - INFO - 📡 Scraping @Slasher...
2026-04-24 13:29:04 +00:00: 2026-04-24 13:29:04,552 - __main__ - INFO -   → 97 raw tweets fetched
2026-04-24 13:29:04 +00:00: 2026-04-24 13:29:04,554 - __main__ - INFO -   → 5 viral-worthy CS2 tweets
2026-04-24 13:29:07 +00:00: 2026-04-24 13:29:07,558 - __main__ - INFO - 📡 Scraping @Dust2us...
2026-04-24 13:29:08 +00:00: 2026-04-24 13:29:08,216 - __main__ - INFO -   → 100 raw tweets fetched
2026-04-24 13:29:08 +00:00: 2026-04-24 13:29:08,217 - __main__ - INFO -   → 63 viral-worthy CS2 tweets
2026-04-24 13:29:11 +00:00: 2026-04-24 13:29:11,221 - __main__ - INFO - 📡 Scraping @s1mpleO...
2026-04-24 13:29:11 +00:00: 2026-04-24 13:29:11,720 - __main__ - INFO -   → 79 raw tweets fetched
2026-04-24 13:29:11 +00:00: 2026-04-24 13:29:11,722 - __main__ - INFO -   → 35 viral-worthy CS2 tweets
2026-04-24 13:31:27 +00:00: 2026-04-24 13:31:27,231 - __main__ - INFO - 💾 Stored 288/288 tweets in style_bank
2026-04-24 13:31:27 +00:00: 2026-04-24 13:31:27,232 - __main__ - INFO - 📊 Style bank update: 288 tweets, avg 8442 likes, 188 with media (65%)
2026-04-24 19:31:27 +00:00: 2026-04-24 19:31:27,557 - __main__ - INFO - 📡 Scraping @Ozzny_CS2...
2026-04-24 19:31:27 +00:00: 2026-04-24 19:31:27,722 - __main__ - INFO - 🎟️  Guest token refreshed: 20477603...
2026-04-24 19:31:28 +00:00: 2026-04-24 19:31:28,481 - __main__ - INFO -   → 100 raw tweets fetched
2026-04-24 19:31:28 +00:00: 2026-04-24 19:31:28,482 - __main__ - INFO -   → 47 viral-worthy CS2 tweets
2026-04-24 19:31:31 +00:00: 2026-04-24 19:31:31,485 - __main__ - INFO - 📡 Scraping @ThourCS2...
2026-04-24 19:31:32 +00:00: 2026-04-24 19:31:32,230 - __main__ - INFO -   → 100 raw tweets fetched
2026-04-24 19:31:32 +00:00: 2026-04-24 19:31:32,231 - __main__ - INFO -   → 37 viral-worthy CS2 tweets
2026-04-24 19:31:35 +00:00: 2026-04-24 19:31:35,236 - __main__ - INFO - 📡 Scraping @CS2News_EN...
2026-04-24 19:31:35 +00:00: 2026-04-24 19:31:35,989 - __main__ - INFO -   → 100 raw tweets fetched
2026-04-24 19:31:35 +00:00: 2026-04-24 19:31:35,990 - __main__ - INFO -   → 50 viral-worthy CS2 tweets
2026-04-24 19:31:38 +00:00: 2026-04-24 19:31:38,994 - __main__ - INFO - 📡 Scraping @RazedEsport...
2026-04-24 19:31:39 +00:00: 2026-04-24 19:31:39,853 - __main__ - INFO -   → 99 raw tweets fetched
2026-04-24 19:31:39 +00:00: 2026-04-24 19:31:39,855 - __main__ - INFO -   → 36 viral-worthy CS2 tweets
2026-04-24 19:31:42 +00:00: 2026-04-24 19:31:42,856 - __main__ - INFO - 📡 Scraping @BLASTPremier...
2026-04-24 19:31:43 +00:00: 2026-04-24 19:31:43,526 - __main__ - INFO -   → 19 raw tweets fetched
2026-04-24 19:31:43 +00:00: 2026-04-24 19:31:43,526 - __main__ - INFO -   → 10 viral-worthy CS2 tweets
2026-04-24 19:31:46 +00:00: 2026-04-24 19:31:46,530 - __main__ - INFO - 📡 Scraping @HLTVorg...
2026-04-24 19:31:47 +00:00: 2026-04-24 19:31:47,289 - __main__ - INFO -   → 18 raw tweets fetched
2026-04-24 19:31:47 +00:00: 2026-04-24 19:31:47,289 - __main__ - INFO -   → 8 viral-worthy CS2 tweets
2026-04-24 19:31:50 +00:00: 2026-04-24 19:31:50,293 - __main__ - INFO - 📡 Scraping @CScribe...
2026-04-24 19:31:50 +00:00: 2026-04-24 19:31:50,458 - __main__ - INFO -   → 0 raw tweets fetched
2026-04-24 19:31:50 +00:00: 2026-04-24 19:31:50,458 - __main__ - INFO -   → 0 viral-worthy CS2 tweets
2026-04-24 19:31:53 +00:00: 2026-04-24 19:31:53,461 - __main__ - INFO - 📡 Scraping @Slasher...
2026-04-24 19:31:54 +00:00: 2026-04-24 19:31:54,440 - __main__ - INFO -   → 97 raw tweets fetched
2026-04-24 19:31:54 +00:00: 2026-04-24 19:31:54,442 - __main__ - INFO -   → 5 viral-worthy CS2 tweets
2026-04-24 19:31:57 +00:00: 2026-04-24 19:31:57,446 - __main__ - INFO - 📡 Scraping @Dust2us...
2026-04-24 19:31:58 +00:00: 2026-04-24 19:31:58,292 - __main__ - INFO -   → 100 raw tweets fetched
2026-04-24 19:31:58 +00:00: 2026-04-24 19:31:58,293 - __main__ - INFO -   → 63 viral-worthy CS2 tweets
2026-04-24 19:32:01 +00:00: 2026-04-24 19:32:01,297 - __main__ - INFO - 📡 Scraping @s1mpleO...
2026-04-24 19:32:01 +00:00: 2026-04-24 19:32:01,884 - __main__ - INFO -   → 79 raw tweets fetched
2026-04-24 19:32:01 +00:00: 2026-04-24 19:32:01,885 - __main__ - INFO -   → 35 viral-worthy CS2 tweets
2026-04-24 19:34:21 +00:00: 2026-04-24 19:34:21,591 - __main__ - INFO - 💾 Stored 291/291 tweets in style_bank
2026-04-24 19:34:21 +00:00: 2026-04-24 19:34:21,592 - __main__ - INFO - 📊 Style bank update: 291 tweets, avg 8359 likes, 190 with media (65%)
2026-04-25 01:34:21 +00:00: 2026-04-25 01:34:21,995 - __main__ - INFO - 📡 Scraping @Ozzny_CS2...
2026-04-25 01:34:22 +00:00: 2026-04-25 01:34:22,282 - __main__ - INFO - 🎟️  Guest token refreshed: 20478516...
2026-04-25 01:34:23 +00:00: 2026-04-25 01:34:23,071 - __main__ - INFO -   → 100 raw tweets fetched
2026-04-25 01:34:23 +00:00: 2026-04-25 01:34:23,073 - __main__ - INFO -   → 47 viral-worthy CS2 tweets
2026-04-25 01:34:26 +00:00: 2026-04-25 01:34:26,077 - __main__ - INFO - 📡 Scraping @ThourCS2...
2026-04-25 01:34:26 +00:00: 2026-04-25 01:34:26,814 - __main__ - INFO -   → 100 raw tweets fetched
2026-04-25 01:34:26 +00:00: 2026-04-25 01:34:26,815 - __main__ - INFO -   → 37 viral-worthy CS2 tweets
2026-04-25 01:34:29 +00:00: 2026-04-25 01:34:29,819 - __main__ - INFO - 📡 Scraping @CS2News_EN...
2026-04-25 01:34:30 +00:00: 2026-04-25 01:34:30,507 - __main__ - INFO -   → 100 raw tweets fetched
2026-04-25 01:34:30 +00:00: 2026-04-25 01:34:30,509 - __main__ - INFO -   → 50 viral-worthy CS2 tweets
2026-04-25 01:34:33 +00:00: 2026-04-25 01:34:33,513 - __main__ - INFO - 📡 Scraping @RazedEsport...
2026-04-25 01:34:34 +00:00: 2026-04-25 01:34:34,346 - __main__ - INFO -   → 99 raw tweets fetched
2026-04-25 01:34:34 +00:00: 2026-04-25 01:34:34,347 - __main__ - INFO -   → 36 viral-worthy CS2 tweets
2026-04-25 01:34:37 +00:00: 2026-04-25 01:34:37,351 - __main__ - INFO - 📡 Scraping @BLASTPremier...
2026-04-25 01:34:38 +00:00: 2026-04-25 01:34:38,017 - __main__ - INFO -   → 19 raw tweets fetched
2026-04-25 01:34:38 +00:00: 2026-04-25 01:34:38,017 - __main__ - INFO -   → 11 viral-worthy CS2 tweets
2026-04-25 01:34:41 +00:00: 2026-04-25 01:34:41,021 - __main__ - INFO - 📡 Scraping @HLTVorg...
2026-04-25 01:34:41 +00:00: 2026-04-25 01:34:41,618 - __main__ - INFO -   → 18 raw tweets fetched
2026-04-25 01:34:41 +00:00: 2026-04-25 01:34:41,621 - __main__ - INFO -   → 9 viral-worthy CS2 tweets
2026-04-25 01:34:44 +00:00: 2026-04-25 01:34:44,624 - __main__ - INFO - 📡 Scraping @CScribe...
2026-04-25 01:34:44 +00:00: 2026-04-25 01:34:44,790 - __main__ - INFO -   → 0 raw tweets fetched
2026-04-25 01:34:44 +00:00: 2026-04-25 01:34:44,791 - __main__ - INFO -   → 0 viral-worthy CS2 tweets
2026-04-25 01:34:47 +00:00: 2026-04-25 01:34:47,795 - __main__ - INFO - 📡 Scraping @Slasher...
2026-04-25 01:34:48 +00:00: 2026-04-25 01:34:48,512 - __main__ - INFO -   → 97 raw tweets fetched
2026-04-25 01:34:48 +00:00: 2026-04-25 01:34:48,515 - __main__ - INFO -   → 5 viral-worthy CS2 tweets
2026-04-25 01:34:51 +00:00: 2026-04-25 01:34:51,519 - __main__ - INFO - 📡 Scraping @Dust2us...
2026-04-25 01:34:52 +00:00: 2026-04-25 01:34:52,291 - __main__ - INFO -   → 100 raw tweets fetched
2026-04-25 01:34:52 +00:00: 2026-04-25 01:34:52,293 - __main__ - INFO -   → 63 viral-worthy CS2 tweets
2026-04-25 01:34:55 +00:00: 2026-04-25 01:34:55,297 - __main__ - INFO - 📡 Scraping @s1mpleO...
2026-04-25 01:34:55 +00:00: 2026-04-25 01:34:55,852 - __main__ - INFO -   → 79 raw tweets fetched
2026-04-25 01:34:55 +00:00: 2026-04-25 01:34:55,854 - __main__ - INFO -   → 35 viral-worthy CS2 tweets
2026-04-25 01:37:16 +00:00: 2026-04-25 01:37:16,863 - __main__ - INFO - 💾 Stored 293/293 tweets in style_bank
2026-04-25 01:37:16 +00:00: 2026-04-25 01:37:16,865 - __main__ - INFO - 📊 Style bank update: 293 tweets, avg 8309 likes, 191 with media (65%)
2026-04-25 07:37:17 +00:00: 2026-04-25 07:37:17,275 - __main__ - INFO - 📡 Scraping @Ozzny_CS2...
2026-04-25 07:37:17 +00:00: 2026-04-25 07:37:17,468 - __main__ - INFO - 🎟️  Guest token refreshed: 20479430...
2026-04-25 07:37:18 +00:00: 2026-04-25 07:37:18,263 - __main__ - INFO -   → 100 raw tweets fetched
2026-04-25 07:37:18 +00:00: 2026-04-25 07:37:18,264 - __main__ - INFO -   → 47 viral-worthy CS2 tweets
2026-04-25 07:37:21 +00:00: 2026-04-25 07:37:21,268 - __main__ - INFO - 📡 Scraping @ThourCS2...
2026-04-25 07:37:21 +00:00: 2026-04-25 07:37:21,988 - __main__ - INFO -   → 100 raw tweets fetched
2026-04-25 07:37:21 +00:00: 2026-04-25 07:37:21,989 - __main__ - INFO -   → 37 viral-worthy CS2 tweets
2026-04-25 07:37:24 +00:00: 2026-04-25 07:37:24,992 - __main__ - INFO - 📡 Scraping @CS2News_EN...
2026-04-25 07:37:25 +00:00: 2026-04-25 07:37:25,683 - __main__ - INFO -   → 100 raw tweets fetched
2026-04-25 07:37:25 +00:00: 2026-04-25 07:37:25,685 - __main__ - INFO -   → 50 viral-worthy CS2 tweets
2026-04-25 07:37:28 +00:00: 2026-04-25 07:37:28,688 - __main__ - INFO - 📡 Scraping @RazedEsport...
2026-04-25 07:37:29 +00:00: 2026-04-25 07:37:29,525 - __main__ - INFO -   → 99 raw tweets fetched
2026-04-25 07:37:29 +00:00: 2026-04-25 07:37:29,527 - __main__ - INFO -   → 36 viral-worthy CS2 tweets
2026-04-25 07:37:32 +00:00: 2026-04-25 07:37:32,530 - __main__ - INFO - 📡 Scraping @BLASTPremier...
2026-04-25 07:37:33 +00:00: 2026-04-25 07:37:33,171 - __main__ - INFO -   → 19 raw tweets fetched
2026-04-25 07:37:33 +00:00: 2026-04-25 07:37:33,172 - __main__ - INFO -   → 11 viral-worthy CS2 tweets
2026-04-25 07:37:36 +00:00: 2026-04-25 07:37:36,176 - __main__ - INFO - 📡 Scraping @HLTVorg...
2026-04-25 07:37:36 +00:00: 2026-04-25 07:37:36,780 - __main__ - INFO -   → 18 raw tweets fetched
2026-04-25 07:37:36 +00:00: 2026-04-25 07:37:36,780 - __main__ - INFO -   → 9 viral-worthy CS2 tweets
2026-04-25 07:37:39 +00:00: 2026-04-25 07:37:39,784 - __main__ - INFO - 📡 Scraping @CScribe...
2026-04-25 07:37:39 +00:00: 2026-04-25 07:37:39,942 - __main__ - INFO -   → 0 raw tweets fetched
2026-04-25 07:37:39 +00:00: 2026-04-25 07:37:39,942 - __main__ - INFO -   → 0 viral-worthy CS2 tweets
2026-04-25 07:37:42 +00:00: 2026-04-25 07:37:42,946 - __main__ - INFO - 📡 Scraping @Slasher...
2026-04-25 07:37:43 +00:00: 2026-04-25 07:37:43,673 - __main__ - INFO -   → 97 raw tweets fetched
2026-04-25 07:37:43 +00:00: 2026-04-25 07:37:43,675 - __main__ - INFO -   → 5 viral-worthy CS2 tweets
2026-04-25 07:37:46 +00:00: 2026-04-25 07:37:46,678 - __main__ - INFO - 📡 Scraping @Dust2us...
2026-04-25 07:37:47 +00:00: 2026-04-25 07:37:47,482 - __main__ - INFO -   → 100 raw tweets fetched
2026-04-25 07:37:47 +00:00: 2026-04-25 07:37:47,483 - __main__ - INFO -   → 63 viral-worthy CS2 tweets
2026-04-25 07:37:50 +00:00: 2026-04-25 07:37:50,487 - __main__ - INFO - 📡 Scraping @s1mpleO...
2026-04-25 07:37:51 +00:00: 2026-04-25 07:37:51,064 - __main__ - INFO -   → 79 raw tweets fetched
2026-04-25 07:37:51 +00:00: 2026-04-25 07:37:51,065 - __main__ - INFO -   → 35 viral-worthy CS2 tweets
2026-04-25 07:40:11 +00:00: 2026-04-25 07:40:11,877 - __main__ - INFO - 💾 Stored 293/293 tweets in style_bank
2026-04-25 07:40:11 +00:00: 2026-04-25 07:40:11,877 - __main__ - INFO - 📊 Style bank update: 293 tweets, avg 8312 likes, 191 with media (65%)
2026-04-25 13:40:12 +00:00: 2026-04-25 13:40:12,291 - __main__ - INFO - 📡 Scraping @Ozzny_CS2...
2026-04-25 13:40:12 +00:00: 2026-04-25 13:40:12,497 - __main__ - INFO - 🎟️  Guest token refreshed: 20480343...
2026-04-25 13:40:13 +00:00: 2026-04-25 13:40:13,092 - __main__ - INFO -   → 100 raw tweets fetched
2026-04-25 13:40:13 +00:00: 2026-04-25 13:40:13,093 - __main__ - INFO -   → 47 viral-worthy CS2 tweets
2026-04-25 13:40:16 +00:00: 2026-04-25 13:40:16,097 - __main__ - INFO - 📡 Scraping @ThourCS2...
2026-04-25 13:40:16 +00:00: 2026-04-25 13:40:16,689 - __main__ - INFO -   → 100 raw tweets fetched
2026-04-25 13:40:16 +00:00: 2026-04-25 13:40:16,690 - __main__ - INFO -   → 37 viral-worthy CS2 tweets
2026-04-25 13:40:19 +00:00: 2026-04-25 13:40:19,693 - __main__ - INFO - 📡 Scraping @CS2News_EN...
2026-04-25 13:40:20 +00:00: 2026-04-25 13:40:20,281 - __main__ - INFO -   → 100 raw tweets fetched
2026-04-25 13:40:20 +00:00: 2026-04-25 13:40:20,282 - __main__ - INFO -   → 50 viral-worthy CS2 tweets
2026-04-25 13:40:23 +00:00: 2026-04-25 13:40:23,284 - __main__ - INFO - 📡 Scraping @RazedEsport...
2026-04-25 13:40:24 +00:00: 2026-04-25 13:40:24,048 - __main__ - INFO -   → 99 raw tweets fetched
2026-04-25 13:40:24 +00:00: 2026-04-25 13:40:24,048 - __main__ - INFO -   → 36 viral-worthy CS2 tweets
2026-04-25 13:40:27 +00:00: 2026-04-25 13:40:27,052 - __main__ - INFO - 📡 Scraping @BLASTPremier...
2026-04-25 13:40:27 +00:00: 2026-04-25 13:40:27,655 - __main__ - INFO -   → 19 raw tweets fetched
2026-04-25 13:40:27 +00:00: 2026-04-25 13:40:27,656 - __main__ - INFO -   → 11 viral-worthy CS2 tweets
2026-04-25 13:40:30 +00:00: 2026-04-25 13:40:30,659 - __main__ - INFO - 📡 Scraping @HLTVorg...
2026-04-25 13:40:31 +00:00: 2026-04-25 13:40:31,207 - __main__ - INFO -   → 18 raw tweets fetched
2026-04-25 13:40:31 +00:00: 2026-04-25 13:40:31,207 - __main__ - INFO -   → 9 viral-worthy CS2 tweets
2026-04-25 13:40:34 +00:00: 2026-04-25 13:40:34,209 - __main__ - INFO - 📡 Scraping @CScribe...
2026-04-25 13:40:34 +00:00: 2026-04-25 13:40:34,378 - __main__ - INFO -   → 0 raw tweets fetched
2026-04-25 13:40:34 +00:00: 2026-04-25 13:40:34,378 - __main__ - INFO -   → 0 viral-worthy CS2 tweets
2026-04-25 13:40:37 +00:00: 2026-04-25 13:40:37,382 - __main__ - INFO - 📡 Scraping @Slasher...
2026-04-25 13:40:37 +00:00: 2026-04-25 13:40:37,991 - __main__ - INFO -   → 97 raw tweets fetched
2026-04-25 13:40:37 +00:00: 2026-04-25 13:40:37,993 - __main__ - INFO -   → 5 viral-worthy CS2 tweets
2026-04-25 13:40:41 +00:00: 2026-04-25 13:40:40,997 - __main__ - INFO - 📡 Scraping @Dust2us...
2026-04-25 13:40:41 +00:00: 2026-04-25 13:40:41,622 - __main__ - INFO -   → 100 raw tweets fetched
2026-04-25 13:40:41 +00:00: 2026-04-25 13:40:41,623 - __main__ - INFO -   → 63 viral-worthy CS2 tweets
2026-04-25 13:40:44 +00:00: 2026-04-25 13:40:44,627 - __main__ - INFO - 📡 Scraping @s1mpleO...
2026-04-25 13:40:45 +00:00: 2026-04-25 13:40:45,118 - __main__ - INFO -   → 79 raw tweets fetched
2026-04-25 13:40:45 +00:00: 2026-04-25 13:40:45,119 - __main__ - INFO -   → 35 viral-worthy CS2 tweets
2026-04-25 13:43:05 +00:00: 2026-04-25 13:43:05,913 - __main__ - INFO - 💾 Stored 293/293 tweets in style_bank
2026-04-25 13:43:05 +00:00: 2026-04-25 13:43:05,914 - __main__ - INFO - 📊 Style bank update: 293 tweets, avg 8315 likes, 191 with media (65%)
2026-04-25 19:43:06 +00:00: 2026-04-25 19:43:06,317 - __main__ - INFO - 📡 Scraping @Ozzny_CS2...
2026-04-25 19:43:06 +00:00: 2026-04-25 19:43:06,528 - __main__ - INFO - 🎟️  Guest token refreshed: 20481256...
2026-04-25 19:43:07 +00:00: 2026-04-25 19:43:07,361 - __main__ - INFO -   → 100 raw tweets fetched
2026-04-25 19:43:07 +00:00: 2026-04-25 19:43:07,362 - __main__ - INFO -   → 47 viral-worthy CS2 tweets
2026-04-25 19:43:10 +00:00: 2026-04-25 19:43:10,366 - __main__ - INFO - 📡 Scraping @ThourCS2...
2026-04-25 19:43:11 +00:00: 2026-04-25 19:43:11,125 - __main__ - INFO -   → 100 raw tweets fetched
2026-04-25 19:43:11 +00:00: 2026-04-25 19:43:11,127 - __main__ - INFO -   → 37 viral-worthy CS2 tweets
2026-04-25 19:43:14 +00:00: 2026-04-25 19:43:14,128 - __main__ - INFO - 📡 Scraping @CS2News_EN...
2026-04-25 19:43:14 +00:00: 2026-04-25 19:43:14,860 - __main__ - INFO -   → 100 raw tweets fetched
2026-04-25 19:43:14 +00:00: 2026-04-25 19:43:14,861 - __main__ - INFO -   → 50 viral-worthy CS2 tweets
2026-04-25 19:43:17 +00:00: 2026-04-25 19:43:17,865 - __main__ - INFO - 📡 Scraping @RazedEsport...
2026-04-25 19:43:18 +00:00: 2026-04-25 19:43:18,808 - __main__ - INFO -   → 99 raw tweets fetched
2026-04-25 19:43:18 +00:00: 2026-04-25 19:43:18,808 - __main__ - INFO -   → 36 viral-worthy CS2 tweets
2026-04-25 19:43:21 +00:00: 2026-04-25 19:43:21,812 - __main__ - INFO - 📡 Scraping @BLASTPremier...
2026-04-25 19:43:22 +00:00: 2026-04-25 19:43:22,430 - __main__ - INFO -   → 20 raw tweets fetched
2026-04-25 19:43:22 +00:00: 2026-04-25 19:43:22,430 - __main__ - INFO -   → 11 viral-worthy CS2 tweets
2026-04-25 19:43:25 +00:00: 2026-04-25 19:43:25,433 - __main__ - INFO - 📡 Scraping @HLTVorg...
2026-04-25 19:43:26 +00:00: 2026-04-25 19:43:26,067 - __main__ - INFO -   → 17 raw tweets fetched
2026-04-25 19:43:26 +00:00: 2026-04-25 19:43:26,067 - __main__ - INFO -   → 7 viral-worthy CS2 tweets
2026-04-25 19:43:29 +00:00: 2026-04-25 19:43:29,068 - __main__ - INFO - 📡 Scraping @CScribe...
2026-04-25 19:43:29 +00:00: 2026-04-25 19:43:29,234 - __main__ - INFO -   → 0 raw tweets fetched
2026-04-25 19:43:29 +00:00: 2026-04-25 19:43:29,234 - __main__ - INFO -   → 0 viral-worthy CS2 tweets
2026-04-25 19:43:32 +00:00: 2026-04-25 19:43:32,237 - __main__ - INFO - 📡 Scraping @Slasher...
2026-04-25 19:43:33 +00:00: 2026-04-25 19:43:33,011 - __main__ - INFO -   → 97 raw tweets fetched
2026-04-25 19:43:33 +00:00: 2026-04-25 19:43:33,014 - __main__ - INFO -   → 5 viral-worthy CS2 tweets
2026-04-25 19:43:36 +00:00: 2026-04-25 19:43:36,018 - __main__ - INFO - 📡 Scraping @Dust2us...
2026-04-25 19:43:36 +00:00: 2026-04-25 19:43:36,775 - __main__ - INFO -   → 100 raw tweets fetched
2026-04-25 19:43:36 +00:00: 2026-04-25 19:43:36,776 - __main__ - INFO -   → 63 viral-worthy CS2 tweets
2026-04-25 19:43:39 +00:00: 2026-04-25 19:43:39,780 - __main__ - INFO - 📡 Scraping @s1mpleO...
2026-04-25 19:43:40 +00:00: 2026-04-25 19:43:40,434 - __main__ - INFO -   → 79 raw tweets fetched
2026-04-25 19:43:40 +00:00: 2026-04-25 19:43:40,436 - __main__ - INFO -   → 35 viral-worthy CS2 tweets
2026-04-25 19:46:00 +00:00: 2026-04-25 19:46:00,276 - __main__ - INFO - 💾 Stored 291/291 tweets in style_bank
2026-04-25 19:46:00 +00:00: 2026-04-25 19:46:00,277 - __main__ - INFO - 📊 Style bank update: 291 tweets, avg 8370 likes, 191 with media (66%)
2026-04-26 01:46:00 +00:00: 2026-04-26 01:46:00,690 - __main__ - INFO - 📡 Scraping @Ozzny_CS2...
2026-04-26 01:46:00 +00:00: 2026-04-26 01:46:00,908 - __main__ - INFO - 🎟️  Guest token refreshed: 20482169...
2026-04-26 01:46:01 +00:00: 2026-04-26 01:46:01,812 - __main__ - INFO -   → 100 raw tweets fetched
2026-04-26 01:46:01 +00:00: 2026-04-26 01:46:01,815 - __main__ - INFO -   → 47 viral-worthy CS2 tweets
2026-04-26 01:46:04 +00:00: 2026-04-26 01:46:04,819 - __main__ - INFO - 📡 Scraping @ThourCS2...
2026-04-26 01:46:05 +00:00: 2026-04-26 01:46:05,539 - __main__ - INFO -   → 100 raw tweets fetched
2026-04-26 01:46:05 +00:00: 2026-04-26 01:46:05,541 - __main__ - INFO -   → 37 viral-worthy CS2 tweets
2026-04-26 01:46:08 +00:00: 2026-04-26 01:46:08,544 - __main__ - INFO - 📡 Scraping @CS2News_EN...
2026-04-26 01:46:09 +00:00: 2026-04-26 01:46:09,381 - __main__ - INFO -   → 100 raw tweets fetched
2026-04-26 01:46:09 +00:00: 2026-04-26 01:46:09,383 - __main__ - INFO -   → 50 viral-worthy CS2 tweets
2026-04-26 01:46:12 +00:00: 2026-04-26 01:46:12,384 - __main__ - INFO - 📡 Scraping @RazedEsport...
2026-04-26 01:46:13 +00:00: 2026-04-26 01:46:13,153 - __main__ - INFO -   → 99 raw tweets fetched
2026-04-26 01:46:13 +00:00: 2026-04-26 01:46:13,155 - __main__ - INFO -   → 36 viral-worthy CS2 tweets
2026-04-26 01:46:16 +00:00: 2026-04-26 01:46:16,156 - __main__ - INFO - 📡 Scraping @BLASTPremier...
2026-04-26 01:46:16 +00:00: 2026-04-26 01:46:16,782 - __main__ - INFO -   → 20 raw tweets fetched
2026-04-26 01:46:16 +00:00: 2026-04-26 01:46:16,783 - __main__ - INFO -   → 11 viral-worthy CS2 tweets
2026-04-26 01:46:19 +00:00: 2026-04-26 01:46:19,787 - __main__ - INFO - 📡 Scraping @HLTVorg...
2026-04-26 01:46:20 +00:00: 2026-04-26 01:46:20,352 - __main__ - INFO -   → 18 raw tweets fetched
2026-04-26 01:46:20 +00:00: 2026-04-26 01:46:20,353 - __main__ - INFO -   → 8 viral-worthy CS2 tweets
2026-04-26 01:46:23 +00:00: 2026-04-26 01:46:23,356 - __main__ - INFO - 📡 Scraping @CScribe...
2026-04-26 01:46:23 +00:00: 2026-04-26 01:46:23,523 - __main__ - INFO -   → 0 raw tweets fetched
2026-04-26 01:46:23 +00:00: 2026-04-26 01:46:23,524 - __main__ - INFO -   → 0 viral-worthy CS2 tweets
2026-04-26 01:46:26 +00:00: 2026-04-26 01:46:26,527 - __main__ - INFO - 📡 Scraping @Slasher...
2026-04-26 01:46:27 +00:00: 2026-04-26 01:46:27,229 - __main__ - INFO -   → 97 raw tweets fetched
2026-04-26 01:46:27 +00:00: 2026-04-26 01:46:27,231 - __main__ - INFO -   → 5 viral-worthy CS2 tweets
2026-04-26 01:46:30 +00:00: 2026-04-26 01:46:30,235 - __main__ - INFO - 📡 Scraping @Dust2us...
2026-04-26 01:46:31 +00:00: 2026-04-26 01:46:31,020 - __main__ - INFO -   → 100 raw tweets fetched
2026-04-26 01:46:31 +00:00: 2026-04-26 01:46:31,021 - __main__ - INFO -   → 63 viral-worthy CS2 tweets
2026-04-26 01:46:34 +00:00: 2026-04-26 01:46:34,025 - __main__ - INFO - 📡 Scraping @s1mpleO...
2026-04-26 01:46:34 +00:00: 2026-04-26 01:46:34,576 - __main__ - INFO -   → 79 raw tweets fetched
2026-04-26 01:46:34 +00:00: 2026-04-26 01:46:34,577 - __main__ - INFO -   → 35 viral-worthy CS2 tweets
2026-04-26 01:48:53 +00:00: 2026-04-26 01:48:53,783 - __main__ - INFO - 💾 Stored 292/292 tweets in style_bank
2026-04-26 01:48:53 +00:00: 2026-04-26 01:48:53,785 - __main__ - INFO - 📊 Style bank update: 292 tweets, avg 8343 likes, 192 with media (66%)
2026-04-26 07:48:54 +00:00: 2026-04-26 07:48:54,198 - __main__ - INFO - 📡 Scraping @Ozzny_CS2...
2026-04-26 07:48:54 +00:00: 2026-04-26 07:48:54,356 - __main__ - INFO - 🎟️  Guest token refreshed: 20483083...
2026-04-26 07:48:55 +00:00: 2026-04-26 07:48:55,135 - __main__ - INFO -   → 100 raw tweets fetched
2026-04-26 07:48:55 +00:00: 2026-04-26 07:48:55,136 - __main__ - INFO -   → 47 viral-worthy CS2 tweets
2026-04-26 07:48:58 +00:00: 2026-04-26 07:48:58,140 - __main__ - INFO - 📡 Scraping @ThourCS2...
2026-04-26 07:48:58 +00:00: 2026-04-26 07:48:58,825 - __main__ - INFO -   → 100 raw tweets fetched
2026-04-26 07:48:58 +00:00: 2026-04-26 07:48:58,826 - __main__ - INFO -   → 37 viral-worthy CS2 tweets
2026-04-26 07:49:01 +00:00: 2026-04-26 07:49:01,830 - __main__ - INFO - 📡 Scraping @CS2News_EN...
2026-04-26 07:49:02 +00:00: 2026-04-26 07:49:02,624 - __main__ - INFO -   → 100 raw tweets fetched
2026-04-26 07:49:02 +00:00: 2026-04-26 07:49:02,625 - __main__ - INFO -   → 50 viral-worthy CS2 tweets
2026-04-26 07:49:05 +00:00: 2026-04-26 07:49:05,628 - __main__ - INFO - 📡 Scraping @RazedEsport...
2026-04-26 07:49:06 +00:00: 2026-04-26 07:49:06,475 - __main__ - INFO -   → 99 raw tweets fetched
2026-04-26 07:49:06 +00:00: 2026-04-26 07:49:06,475 - __main__ - INFO -   → 36 viral-worthy CS2 tweets
2026-04-26 07:49:09 +00:00: 2026-04-26 07:49:09,476 - __main__ - INFO - 📡 Scraping @BLASTPremier...
2026-04-26 07:49:10 +00:00: 2026-04-26 07:49:10,104 - __main__ - INFO -   → 20 raw tweets fetched
2026-04-26 07:49:10 +00:00: 2026-04-26 07:49:10,104 - __main__ - INFO -   → 11 viral-worthy CS2 tweets
2026-04-26 07:49:13 +00:00: 2026-04-26 07:49:13,108 - __main__ - INFO - 📡 Scraping @HLTVorg...
2026-04-26 07:49:13 +00:00: 2026-04-26 07:49:13,676 - __main__ - INFO -   → 18 raw tweets fetched
2026-04-26 07:49:13 +00:00: 2026-04-26 07:49:13,677 - __main__ - INFO -   → 8 viral-worthy CS2 tweets
2026-04-26 07:49:16 +00:00: 2026-04-26 07:49:16,680 - __main__ - INFO - 📡 Scraping @CScribe...
2026-04-26 07:49:16 +00:00: 2026-04-26 07:49:16,848 - __main__ - INFO -   → 0 raw tweets fetched
2026-04-26 07:49:16 +00:00: 2026-04-26 07:49:16,848 - __main__ - INFO -   → 0 viral-worthy CS2 tweets
2026-04-26 07:49:19 +00:00: 2026-04-26 07:49:19,852 - __main__ - INFO - 📡 Scraping @Slasher...
2026-04-26 07:49:20 +00:00: 2026-04-26 07:49:20,631 - __main__ - INFO -   → 97 raw tweets fetched
2026-04-26 07:49:20 +00:00: 2026-04-26 07:49:20,632 - __main__ - INFO -   → 5 viral-worthy CS2 tweets
2026-04-26 07:49:23 +00:00: 2026-04-26 07:49:23,636 - __main__ - INFO - 📡 Scraping @Dust2us...
2026-04-26 07:49:24 +00:00: 2026-04-26 07:49:24,483 - __main__ - INFO -   → 100 raw tweets fetched
2026-04-26 07:49:24 +00:00: 2026-04-26 07:49:24,485 - __main__ - INFO -   → 63 viral-worthy CS2 tweets
2026-04-26 07:49:27 +00:00: 2026-04-26 07:49:27,488 - __main__ - INFO - 📡 Scraping @s1mpleO...
2026-04-26 07:49:28 +00:00: 2026-04-26 07:49:28,100 - __main__ - INFO -   → 79 raw tweets fetched
2026-04-26 07:49:28 +00:00: 2026-04-26 07:49:28,101 - __main__ - INFO -   → 35 viral-worthy CS2 tweets
2026-04-26 07:51:48 +00:00: 2026-04-26 07:51:48,617 - __main__ - INFO - 💾 Stored 292/292 tweets in style_bank
2026-04-26 07:51:48 +00:00: 2026-04-26 07:51:48,617 - __main__ - INFO - 📊 Style bank update: 292 tweets, avg 8345 likes, 192 with media (66%)
2026-04-26 13:51:48 +00:00: 2026-04-26 13:51:48,997 - __main__ - INFO - 📡 Scraping @Ozzny_CS2...
2026-04-26 13:51:49 +00:00: 2026-04-26 13:51:49,161 - __main__ - INFO - 🎟️  Guest token refreshed: 20483996...
2026-04-26 13:51:49 +00:00: 2026-04-26 13:51:49,959 - __main__ - INFO -   → 100 raw tweets fetched
2026-04-26 13:51:49 +00:00: 2026-04-26 13:51:49,960 - __main__ - INFO -   → 47 viral-worthy CS2 tweets
2026-04-26 13:51:52 +00:00: 2026-04-26 13:51:52,963 - __main__ - INFO - 📡 Scraping @ThourCS2...
2026-04-26 13:51:53 +00:00: 2026-04-26 13:51:53,694 - __main__ - INFO -   → 100 raw tweets fetched
2026-04-26 13:51:53 +00:00: 2026-04-26 13:51:53,696 - __main__ - INFO -   → 37 viral-worthy CS2 tweets
2026-04-26 13:51:56 +00:00: 2026-04-26 13:51:56,700 - __main__ - INFO - 📡 Scraping @CS2News_EN...
2026-04-26 13:51:57 +00:00: 2026-04-26 13:51:57,471 - __main__ - INFO -   → 100 raw tweets fetched
2026-04-26 13:51:57 +00:00: 2026-04-26 13:51:57,473 - __main__ - INFO -   → 50 viral-worthy CS2 tweets
2026-04-26 13:52:00 +00:00: 2026-04-26 13:52:00,477 - __main__ - INFO - 📡 Scraping @RazedEsport...
2026-04-26 13:52:01 +00:00: 2026-04-26 13:52:01,329 - __main__ - INFO -   → 99 raw tweets fetched
2026-04-26 13:52:01 +00:00: 2026-04-26 13:52:01,330 - __main__ - INFO -   → 36 viral-worthy CS2 tweets
2026-04-26 13:52:04 +00:00: 2026-04-26 13:52:04,332 - __main__ - INFO - 📡 Scraping @BLASTPremier...
2026-04-26 13:52:05 +00:00: 2026-04-26 13:52:05,043 - __main__ - INFO -   → 19 raw tweets fetched
2026-04-26 13:52:05 +00:00: 2026-04-26 13:52:05,044 - __main__ - INFO -   → 11 viral-worthy CS2 tweets
2026-04-26 13:52:08 +00:00: 2026-04-26 13:52:08,048 - __main__ - INFO - 📡 Scraping @HLTVorg...
2026-04-26 13:52:08 +00:00: 2026-04-26 13:52:08,721 - __main__ - INFO -   → 18 raw tweets fetched
2026-04-26 13:52:08 +00:00: 2026-04-26 13:52:08,722 - __main__ - INFO -   → 8 viral-worthy CS2 tweets
2026-04-26 13:52:11 +00:00: 2026-04-26 13:52:11,725 - __main__ - INFO - 📡 Scraping @CScribe...
2026-04-26 13:52:11 +00:00: 2026-04-26 13:52:11,899 - __main__ - INFO -   → 0 raw tweets fetched
2026-04-26 13:52:11 +00:00: 2026-04-26 13:52:11,899 - __main__ - INFO -   → 0 viral-worthy CS2 tweets
2026-04-26 13:52:14 +00:00: 2026-04-26 13:52:14,902 - __main__ - INFO - 📡 Scraping @Slasher...
2026-04-26 13:52:15 +00:00: 2026-04-26 13:52:15,678 - __main__ - INFO -   → 97 raw tweets fetched
2026-04-26 13:52:15 +00:00: 2026-04-26 13:52:15,680 - __main__ - INFO -   → 5 viral-worthy CS2 tweets
2026-04-26 13:52:18 +00:00: 2026-04-26 13:52:18,684 - __main__ - INFO - 📡 Scraping @Dust2us...
2026-04-26 13:52:19 +00:00: 2026-04-26 13:52:19,464 - __main__ - INFO -   → 100 raw tweets fetched
2026-04-26 13:52:19 +00:00: 2026-04-26 13:52:19,467 - __main__ - INFO -   → 63 viral-worthy CS2 tweets
2026-04-26 13:52:22 +00:00: 2026-04-26 13:52:22,470 - __main__ - INFO - 📡 Scraping @s1mpleO...
2026-04-26 13:52:23 +00:00: 2026-04-26 13:52:23,148 - __main__ - INFO -   → 79 raw tweets fetched
2026-04-26 13:52:23 +00:00: 2026-04-26 13:52:23,149 - __main__ - INFO -   → 35 viral-worthy CS2 tweets
2026-04-26 13:54:43 +00:00: 2026-04-26 13:54:43,183 - __main__ - INFO - 💾 Stored 292/292 tweets in style_bank
2026-04-26 13:54:43 +00:00: 2026-04-26 13:54:43,184 - __main__ - INFO - 📊 Style bank update: 292 tweets, avg 8346 likes, 192 with media (66%)
2026-04-26 19:54:43 +00:00: 2026-04-26 19:54:43,594 - __main__ - INFO - 📡 Scraping @Ozzny_CS2...
2026-04-26 19:54:43 +00:00: 2026-04-26 19:54:43,879 - __main__ - INFO - 🎟️  Guest token refreshed: 20484909...
2026-04-26 19:54:44 +00:00: 2026-04-26 19:54:44,987 - __main__ - INFO -   → 100 raw tweets fetched
2026-04-26 19:54:44 +00:00: 2026-04-26 19:54:44,989 - __main__ - INFO -   → 47 viral-worthy CS2 tweets
2026-04-26 19:54:47 +00:00: 2026-04-26 19:54:47,992 - __main__ - INFO - 📡 Scraping @ThourCS2...
2026-04-26 19:54:48 +00:00: 2026-04-26 19:54:48,914 - __main__ - INFO -   → 100 raw tweets fetched
2026-04-26 19:54:48 +00:00: 2026-04-26 19:54:48,916 - __main__ - INFO -   → 37 viral-worthy CS2 tweets
2026-04-26 19:54:51 +00:00: 2026-04-26 19:54:51,920 - __main__ - INFO - 📡 Scraping @CS2News_EN...
2026-04-26 19:54:52 +00:00: 2026-04-26 19:54:52,746 - __main__ - INFO -   → 100 raw tweets fetched
2026-04-26 19:54:52 +00:00: 2026-04-26 19:54:52,747 - __main__ - INFO -   → 50 viral-worthy CS2 tweets
2026-04-26 19:54:55 +00:00: 2026-04-26 19:54:55,751 - __main__ - INFO - 📡 Scraping @RazedEsport...
2026-04-26 19:54:56 +00:00: 2026-04-26 19:54:56,757 - __main__ - INFO -   → 99 raw tweets fetched
2026-04-26 19:54:56 +00:00: 2026-04-26 19:54:56,758 - __main__ - INFO -   → 36 viral-worthy CS2 tweets
2026-04-26 19:54:59 +00:00: 2026-04-26 19:54:59,762 - __main__ - INFO - 📡 Scraping @BLASTPremier...
2026-04-26 19:55:00 +00:00: 2026-04-26 19:55:00,494 - __main__ - INFO -   → 19 raw tweets fetched
2026-04-26 19:55:00 +00:00: 2026-04-26 19:55:00,495 - __main__ - INFO -   → 12 viral-worthy CS2 tweets
2026-04-26 19:55:03 +00:00: 2026-04-26 19:55:03,498 - __main__ - INFO - 📡 Scraping @HLTVorg...
2026-04-26 19:55:04 +00:00: 2026-04-26 19:55:04,211 - __main__ - INFO -   → 17 raw tweets fetched
2026-04-26 19:55:04 +00:00: 2026-04-26 19:55:04,212 - __main__ - INFO -   → 5 viral-worthy CS2 tweets
2026-04-26 19:55:07 +00:00: 2026-04-26 19:55:07,216 - __main__ - INFO - 📡 Scraping @CScribe...
2026-04-26 19:55:07 +00:00: 2026-04-26 19:55:07,441 - __main__ - INFO -   → 0 raw tweets fetched
2026-04-26 19:55:07 +00:00: 2026-04-26 19:55:07,441 - __main__ - INFO -   → 0 viral-worthy CS2 tweets
2026-04-26 19:55:10 +00:00: 2026-04-26 19:55:10,445 - __main__ - INFO - 📡 Scraping @Slasher...
2026-04-26 19:55:11 +00:00: 2026-04-26 19:55:11,354 - __main__ - INFO -   → 97 raw tweets fetched
2026-04-26 19:55:11 +00:00: 2026-04-26 19:55:11,356 - __main__ - INFO -   → 5 viral-worthy CS2 tweets
2026-04-26 19:55:14 +00:00: 2026-04-26 19:55:14,360 - __main__ - INFO - 📡 Scraping @Dust2us...
2026-04-26 19:55:15 +00:00: 2026-04-26 19:55:15,252 - __main__ - INFO -   → 100 raw tweets fetched
2026-04-26 19:55:15 +00:00: 2026-04-26 19:55:15,253 - __main__ - INFO -   → 63 viral-worthy CS2 tweets
2026-04-26 19:55:18 +00:00: 2026-04-26 19:55:18,257 - __main__ - INFO - 📡 Scraping @s1mpleO...
2026-04-26 19:55:18 +00:00: 2026-04-26 19:55:18,982 - __main__ - INFO -   → 79 raw tweets fetched
2026-04-26 19:55:18 +00:00: 2026-04-26 19:55:18,983 - __main__ - INFO -   → 35 viral-worthy CS2 tweets
2026-04-26 19:57:37 +00:00: 2026-04-26 19:57:37,058 - __main__ - INFO - 💾 Stored 290/290 tweets in style_bank
2026-04-26 19:57:37 +00:00: 2026-04-26 19:57:37,059 - __main__ - INFO - 📊 Style bank update: 290 tweets, avg 8384 likes, 191 with media (66%)
2026-04-27 01:57:37 +00:00: 2026-04-27 01:57:37,397 - __main__ - INFO - 📡 Scraping @Ozzny_CS2...
2026-04-27 01:57:37 +00:00: 2026-04-27 01:57:37,601 - __main__ - INFO - 🎟️  Guest token refreshed: 20485823...
2026-04-27 01:57:38 +00:00: 2026-04-27 01:57:38,399 - __main__ - INFO -   → 100 raw tweets fetched
2026-04-27 01:57:38 +00:00: 2026-04-27 01:57:38,401 - __main__ - INFO -   → 47 viral-worthy CS2 tweets
2026-04-27 01:57:41 +00:00: 2026-04-27 01:57:41,405 - __main__ - INFO - 📡 Scraping @ThourCS2...
2026-04-27 01:57:42 +00:00: 2026-04-27 01:57:42,095 - __main__ - INFO -   → 100 raw tweets fetched
2026-04-27 01:57:42 +00:00: 2026-04-27 01:57:42,096 - __main__ - INFO -   → 37 viral-worthy CS2 tweets
2026-04-27 01:57:45 +00:00: 2026-04-27 01:57:45,096 - __main__ - INFO - 📡 Scraping @CS2News_EN...
2026-04-27 01:57:45 +00:00: 2026-04-27 01:57:45,822 - __main__ - INFO -   → 100 raw tweets fetched
2026-04-27 01:57:45 +00:00: 2026-04-27 01:57:45,823 - __main__ - INFO -   → 50 viral-worthy CS2 tweets
2026-04-27 01:57:48 +00:00: 2026-04-27 01:57:48,827 - __main__ - INFO - 📡 Scraping @RazedEsport...
2026-04-27 01:57:49 +00:00: 2026-04-27 01:57:49,607 - __main__ - INFO -   → 99 raw tweets fetched
2026-04-27 01:57:49 +00:00: 2026-04-27 01:57:49,608 - __main__ - INFO -   → 36 viral-worthy CS2 tweets
2026-04-27 01:57:52 +00:00: 2026-04-27 01:57:52,611 - __main__ - INFO - 📡 Scraping @BLASTPremier...
2026-04-27 01:57:53 +00:00: 2026-04-27 01:57:53,217 - __main__ - INFO -   → 19 raw tweets fetched
2026-04-27 01:57:53 +00:00: 2026-04-27 01:57:53,217 - __main__ - INFO -   → 13 viral-worthy CS2 tweets
2026-04-27 01:57:56 +00:00: 2026-04-27 01:57:56,220 - __main__ - INFO - 📡 Scraping @HLTVorg...
2026-04-27 01:57:56 +00:00: 2026-04-27 01:57:56,797 - __main__ - INFO -   → 19 raw tweets fetched
2026-04-27 01:57:56 +00:00: 2026-04-27 01:57:56,797 - __main__ - INFO -   → 6 viral-worthy CS2 tweets
2026-04-27 01:57:59 +00:00: 2026-04-27 01:57:59,800 - __main__ - INFO - 📡 Scraping @CScribe...
2026-04-27 01:57:59 +00:00: 2026-04-27 01:57:59,970 - __main__ - INFO -   → 0 raw tweets fetched
2026-04-27 01:57:59 +00:00: 2026-04-27 01:57:59,970 - __main__ - INFO -   → 0 viral-worthy CS2 tweets
2026-04-27 01:58:02 +00:00: 2026-04-27 01:58:02,974 - __main__ - INFO - 📡 Scraping @Slasher...
2026-04-27 01:58:03 +00:00: 2026-04-27 01:58:03,678 - __main__ - INFO -   → 97 raw tweets fetched
2026-04-27 01:58:03 +00:00: 2026-04-27 01:58:03,680 - __main__ - INFO -   → 5 viral-worthy CS2 tweets
2026-04-27 01:58:06 +00:00: 2026-04-27 01:58:06,684 - __main__ - INFO - 📡 Scraping @Dust2us...
2026-04-27 01:58:07 +00:00: 2026-04-27 01:58:07,434 - __main__ - INFO -   → 100 raw tweets fetched
2026-04-27 01:58:07 +00:00: 2026-04-27 01:58:07,435 - __main__ - INFO -   → 63 viral-worthy CS2 tweets
2026-04-27 01:58:10 +00:00: 2026-04-27 01:58:10,438 - __main__ - INFO - 📡 Scraping @s1mpleO...
2026-04-27 01:58:10 +00:00: 2026-04-27 01:58:10,992 - __main__ - INFO -   → 79 raw tweets fetched
2026-04-27 01:58:10 +00:00: 2026-04-27 01:58:10,993 - __main__ - INFO -   → 35 viral-worthy CS2 tweets
2026-04-27 02:00:31 +00:00: 2026-04-27 02:00:31,800 - __main__ - INFO - 💾 Stored 292/292 tweets in style_bank
2026-04-27 02:00:31 +00:00: 2026-04-27 02:00:31,801 - __main__ - INFO - 📊 Style bank update: 292 tweets, avg 8328 likes, 192 with media (66%)
2026-04-27 08:00:32 +00:00: 2026-04-27 08:00:32,177 - __main__ - INFO - 📡 Scraping @Ozzny_CS2...
2026-04-27 08:00:32 +00:00: 2026-04-27 08:00:32,381 - __main__ - INFO - 🎟️  Guest token refreshed: 20486736...
2026-04-27 08:00:32 +00:00: 2026-04-27 08:00:32,962 - __main__ - INFO -   → 100 raw tweets fetched
2026-04-27 08:00:32 +00:00: 2026-04-27 08:00:32,964 - __main__ - INFO -   → 47 viral-worthy CS2 tweets
2026-04-27 08:00:35 +00:00: 2026-04-27 08:00:35,967 - __main__ - INFO - 📡 Scraping @ThourCS2...
2026-04-27 08:00:36 +00:00: 2026-04-27 08:00:36,542 - __main__ - INFO -   → 100 raw tweets fetched
2026-04-27 08:00:36 +00:00: 2026-04-27 08:00:36,543 - __main__ - INFO -   → 37 viral-worthy CS2 tweets
2026-04-27 08:00:39 +00:00: 2026-04-27 08:00:39,544 - __main__ - INFO - 📡 Scraping @CS2News_EN...
2026-04-27 08:00:40 +00:00: 2026-04-27 08:00:40,104 - __main__ - INFO -   → 100 raw tweets fetched
2026-04-27 08:00:40 +00:00: 2026-04-27 08:00:40,105 - __main__ - INFO -   → 50 viral-worthy CS2 tweets
2026-04-27 08:00:43 +00:00: 2026-04-27 08:00:43,109 - __main__ - INFO - 📡 Scraping @RazedEsport...
2026-04-27 08:00:43 +00:00: 2026-04-27 08:00:43,747 - __main__ - INFO -   → 99 raw tweets fetched
2026-04-27 08:00:43 +00:00: 2026-04-27 08:00:43,748 - __main__ - INFO -   → 36 viral-worthy CS2 tweets
2026-04-27 08:00:46 +00:00: 2026-04-27 08:00:46,752 - __main__ - INFO - 📡 Scraping @BLASTPremier...
2026-04-27 08:00:47 +00:00: 2026-04-27 08:00:47,329 - __main__ - INFO -   → 19 raw tweets fetched
2026-04-27 08:00:47 +00:00: 2026-04-27 08:00:47,329 - __main__ - INFO -   → 13 viral-worthy CS2 tweets
2026-04-27 08:00:50 +00:00: 2026-04-27 08:00:50,332 - __main__ - INFO - 📡 Scraping @HLTVorg...
2026-04-27 08:00:50 +00:00: 2026-04-27 08:00:50,771 - __main__ - INFO -   → 19 raw tweets fetched
2026-04-27 08:00:50 +00:00: 2026-04-27 08:00:50,772 - __main__ - INFO -   → 6 viral-worthy CS2 tweets
2026-04-27 08:00:53 +00:00: 2026-04-27 08:00:53,775 - __main__ - INFO - 📡 Scraping @CScribe...
2026-04-27 08:00:53 +00:00: 2026-04-27 08:00:53,937 - __main__ - INFO -   → 0 raw tweets fetched
2026-04-27 08:00:53 +00:00: 2026-04-27 08:00:53,937 - __main__ - INFO -   → 0 viral-worthy CS2 tweets
2026-04-27 08:00:56 +00:00: 2026-04-27 08:00:56,941 - __main__ - INFO - 📡 Scraping @Slasher...
2026-04-27 08:00:57 +00:00: 2026-04-27 08:00:57,448 - __main__ - INFO -   → 97 raw tweets fetched
2026-04-27 08:00:57 +00:00: 2026-04-27 08:00:57,449 - __main__ - INFO -   → 5 viral-worthy CS2 tweets
2026-04-27 08:01:00 +00:00: 2026-04-27 08:01:00,453 - __main__ - INFO - 📡 Scraping @Dust2us...
2026-04-27 08:01:01 +00:00: 2026-04-27 08:01:01,029 - __main__ - INFO -   → 100 raw tweets fetched
2026-04-27 08:01:01 +00:00: 2026-04-27 08:01:01,030 - __main__ - INFO -   → 63 viral-worthy CS2 tweets
2026-04-27 08:01:04 +00:00: 2026-04-27 08:01:04,034 - __main__ - INFO - 📡 Scraping @s1mpleO...
2026-04-27 08:01:04 +00:00: 2026-04-27 08:01:04,520 - __main__ - INFO -   → 79 raw tweets fetched
2026-04-27 08:01:04 +00:00: 2026-04-27 08:01:04,522 - __main__ - INFO -   → 35 viral-worthy CS2 tweets
2026-04-27 08:03:24 +00:00: 2026-04-27 08:03:24,590 - __main__ - INFO - 💾 Stored 292/292 tweets in style_bank
2026-04-27 08:03:24 +00:00: 2026-04-27 08:03:24,591 - __main__ - INFO - 📊 Style bank update: 292 tweets, avg 8328 likes, 192 with media (66%)
2026-04-27 14:03:24 +00:00: 2026-04-27 14:03:24,990 - __main__ - INFO - 📡 Scraping @Ozzny_CS2...
2026-04-27 14:03:25 +00:00: 2026-04-27 14:03:25,174 - __main__ - INFO - 🎟️  Guest token refreshed: 20487649...
2026-04-27 14:03:26 +00:00: 2026-04-27 14:03:26,004 - __main__ - INFO -   → 100 raw tweets fetched
2026-04-27 14:03:26 +00:00: 2026-04-27 14:03:26,005 - __main__ - INFO -   → 47 viral-worthy CS2 tweets
2026-04-27 14:03:29 +00:00: 2026-04-27 14:03:29,008 - __main__ - INFO - 📡 Scraping @ThourCS2...
2026-04-27 14:03:29 +00:00: 2026-04-27 14:03:29,807 - __main__ - INFO -   → 100 raw tweets fetched
2026-04-27 14:03:29 +00:00: 2026-04-27 14:03:29,808 - __main__ - INFO -   → 37 viral-worthy CS2 tweets
2026-04-27 14:03:32 +00:00: 2026-04-27 14:03:32,812 - __main__ - INFO - 📡 Scraping @CS2News_EN...
2026-04-27 14:03:33 +00:00: 2026-04-27 14:03:33,535 - __main__ - INFO -   → 100 raw tweets fetched
2026-04-27 14:03:33 +00:00: 2026-04-27 14:03:33,537 - __main__ - INFO -   → 50 viral-worthy CS2 tweets
2026-04-27 14:03:36 +00:00: 2026-04-27 14:03:36,541 - __main__ - INFO - 📡 Scraping @RazedEsport...
2026-04-27 14:03:37 +00:00: 2026-04-27 14:03:37,382 - __main__ - INFO -   → 99 raw tweets fetched
2026-04-27 14:03:37 +00:00: 2026-04-27 14:03:37,383 - __main__ - INFO -   → 36 viral-worthy CS2 tweets
2026-04-27 14:03:40 +00:00: 2026-04-27 14:03:40,387 - __main__ - INFO - 📡 Scraping @BLASTPremier...
2026-04-27 14:03:41 +00:00: 2026-04-27 14:03:41,059 - __main__ - INFO -   → 19 raw tweets fetched
2026-04-27 14:03:41 +00:00: 2026-04-27 14:03:41,060 - __main__ - INFO -   → 13 viral-worthy CS2 tweets
2026-04-27 14:03:44 +00:00: 2026-04-27 14:03:44,063 - __main__ - INFO - 📡 Scraping @HLTVorg...
2026-04-27 14:03:44 +00:00: 2026-04-27 14:03:44,642 - __main__ - INFO -   → 16 raw tweets fetched
2026-04-27 14:03:44 +00:00: 2026-04-27 14:03:44,643 - __main__ - INFO -   → 7 viral-worthy CS2 tweets
2026-04-27 14:03:47 +00:00: 2026-04-27 14:03:47,647 - __main__ - INFO - 📡 Scraping @CScribe...
2026-04-27 14:03:47 +00:00: 2026-04-27 14:03:47,814 - __main__ - INFO -   → 0 raw tweets fetched
2026-04-27 14:03:47 +00:00: 2026-04-27 14:03:47,814 - __main__ - INFO -   → 0 viral-worthy CS2 tweets
2026-04-27 14:03:50 +00:00: 2026-04-27 14:03:50,818 - __main__ - INFO - 📡 Scraping @Slasher...
2026-04-27 14:03:51 +00:00: 2026-04-27 14:03:51,568 - __main__ - INFO -   → 97 raw tweets fetched
2026-04-27 14:03:51 +00:00: 2026-04-27 14:03:51,569 - __main__ - INFO -   → 5 viral-worthy CS2 tweets
2026-04-27 14:03:54 +00:00: 2026-04-27 14:03:54,572 - __main__ - INFO - 📡 Scraping @Dust2us...
2026-04-27 14:03:55 +00:00: 2026-04-27 14:03:55,452 - __main__ - INFO -   → 100 raw tweets fetched
2026-04-27 14:03:55 +00:00: 2026-04-27 14:03:55,454 - __main__ - INFO -   → 63 viral-worthy CS2 tweets
2026-04-27 14:03:58 +00:00: 2026-04-27 14:03:58,457 - __main__ - INFO - 📡 Scraping @s1mpleO...
2026-04-27 14:03:59 +00:00: 2026-04-27 14:03:59,086 - __main__ - INFO -   → 79 raw tweets fetched
2026-04-27 14:03:59 +00:00: 2026-04-27 14:03:59,087 - __main__ - INFO -   → 35 viral-worthy CS2 tweets
2026-04-27 14:06:20 +00:00: 2026-04-27 14:06:20,073 - __main__ - INFO - 💾 Stored 293/293 tweets in style_bank
2026-04-27 14:06:20 +00:00: 2026-04-27 14:06:20,074 - __main__ - INFO - 📊 Style bank update: 293 tweets, avg 8299 likes, 190 with media (65%)
2026-04-27 20:06:20 +00:00: 2026-04-27 20:06:20,493 - __main__ - INFO - 📡 Scraping @Ozzny_CS2...
2026-04-27 20:06:20 +00:00: 2026-04-27 20:06:20,738 - __main__ - INFO - 🎟️  Guest token refreshed: 20488562...
2026-04-27 20:06:21 +00:00: 2026-04-27 20:06:21,836 - __main__ - INFO -   → 100 raw tweets fetched
2026-04-27 20:06:21 +00:00: 2026-04-27 20:06:21,837 - __main__ - INFO -   → 47 viral-worthy CS2 tweets
2026-04-27 20:06:24 +00:00: 2026-04-27 20:06:24,840 - __main__ - INFO - 📡 Scraping @ThourCS2...
2026-04-27 20:06:25 +00:00: 2026-04-27 20:06:25,790 - __main__ - INFO -   → 100 raw tweets fetched
2026-04-27 20:06:25 +00:00: 2026-04-27 20:06:25,791 - __main__ - INFO -   → 37 viral-worthy CS2 tweets
2026-04-27 20:06:28 +00:00: 2026-04-27 20:06:28,792 - __main__ - INFO - 📡 Scraping @CS2News_EN...
2026-04-27 20:06:29 +00:00: 2026-04-27 20:06:29,769 - __main__ - INFO -   → 100 raw tweets fetched
2026-04-27 20:06:29 +00:00: 2026-04-27 20:06:29,770 - __main__ - INFO -   → 50 viral-worthy CS2 tweets
2026-04-27 20:06:32 +00:00: 2026-04-27 20:06:32,773 - __main__ - INFO - 📡 Scraping @RazedEsport...
2026-04-27 20:06:33 +00:00: 2026-04-27 20:06:33,801 - __main__ - INFO -   → 99 raw tweets fetched
2026-04-27 20:06:33 +00:00: 2026-04-27 20:06:33,801 - __main__ - INFO -   → 36 viral-worthy CS2 tweets
2026-04-27 20:06:36 +00:00: 2026-04-27 20:06:36,802 - __main__ - INFO - 📡 Scraping @BLASTPremier...
2026-04-27 20:06:37 +00:00: 2026-04-27 20:06:37,511 - __main__ - INFO -   → 17 raw tweets fetched
2026-04-27 20:06:37 +00:00: 2026-04-27 20:06:37,511 - __main__ - INFO -   → 9 viral-worthy CS2 tweets
2026-04-27 20:06:40 +00:00: 2026-04-27 20:06:40,512 - __main__ - INFO - 📡 Scraping @HLTVorg...
2026-04-27 20:06:41 +00:00: 2026-04-27 20:06:41,294 - __main__ - INFO -   → 17 raw tweets fetched
2026-04-27 20:06:41 +00:00: 2026-04-27 20:06:41,295 - __main__ - INFO -   → 7 viral-worthy CS2 tweets
2026-04-27 20:06:44 +00:00: 2026-04-27 20:06:44,298 - __main__ - INFO - 📡 Scraping @CScribe...
2026-04-27 20:06:44 +00:00: 2026-04-27 20:06:44,474 - __main__ - INFO -   → 0 raw tweets fetched
2026-04-27 20:06:44 +00:00: 2026-04-27 20:06:44,475 - __main__ - INFO -   → 0 viral-worthy CS2 tweets
2026-04-27 20:06:47 +00:00: 2026-04-27 20:06:47,478 - __main__ - INFO - 📡 Scraping @Slasher...
2026-04-27 20:06:48 +00:00: 2026-04-27 20:06:48,471 - __main__ - INFO -   → 97 raw tweets fetched
2026-04-27 20:06:48 +00:00: 2026-04-27 20:06:48,473 - __main__ - INFO -   → 5 viral-worthy CS2 tweets
2026-04-27 20:06:51 +00:00: 2026-04-27 20:06:51,477 - __main__ - INFO - 📡 Scraping @Dust2us...
2026-04-27 20:06:52 +00:00: 2026-04-27 20:06:52,479 - __main__ - INFO -   → 100 raw tweets fetched
2026-04-27 20:06:52 +00:00: 2026-04-27 20:06:52,480 - __main__ - INFO -   → 63 viral-worthy CS2 tweets
2026-04-27 20:06:55 +00:00: 2026-04-27 20:06:55,484 - __main__ - INFO - 📡 Scraping @s1mpleO...
2026-04-27 20:06:56 +00:00: 2026-04-27 20:06:56,319 - __main__ - INFO -   → 79 raw tweets fetched
2026-04-27 20:06:56 +00:00: 2026-04-27 20:06:56,321 - __main__ - INFO -   → 35 viral-worthy CS2 tweets
2026-04-27 20:09:13 +00:00: 2026-04-27 20:09:13,331 - __main__ - INFO - 💾 Stored 289/289 tweets in style_bank
2026-04-27 20:09:13 +00:00: 2026-04-27 20:09:13,332 - __main__ - INFO - 📊 Style bank update: 289 tweets, avg 8406 likes, 184 with media (64%)
2026-04-28 02:09:13 +00:00: 2026-04-28 02:09:13,745 - __main__ - INFO - 📡 Scraping @Ozzny_CS2...
2026-04-28 02:09:13 +00:00: 2026-04-28 02:09:13,999 - __main__ - INFO - 🎟️  Guest token refreshed: 20489476...
2026-04-28 02:09:14 +00:00: 2026-04-28 02:09:14,814 - __main__ - INFO -   → 100 raw tweets fetched
2026-04-28 02:09:14 +00:00: 2026-04-28 02:09:14,815 - __main__ - INFO -   → 47 viral-worthy CS2 tweets
2026-04-28 02:09:17 +00:00: 2026-04-28 02:09:17,818 - __main__ - INFO - 📡 Scraping @ThourCS2...
2026-04-28 02:09:18 +00:00: 2026-04-28 02:09:18,569 - __main__ - INFO -   → 100 raw tweets fetched
2026-04-28 02:09:18 +00:00: 2026-04-28 02:09:18,570 - __main__ - INFO -   → 37 viral-worthy CS2 tweets
2026-04-28 02:09:21 +00:00: 2026-04-28 02:09:21,574 - __main__ - INFO - 📡 Scraping @CS2News_EN...
2026-04-28 02:09:22 +00:00: 2026-04-28 02:09:22,290 - __main__ - INFO -   → 100 raw tweets fetched
2026-04-28 02:09:22 +00:00: 2026-04-28 02:09:22,291 - __main__ - INFO -   → 50 viral-worthy CS2 tweets
2026-04-28 02:09:25 +00:00: 2026-04-28 02:09:25,295 - __main__ - INFO - 📡 Scraping @RazedEsport...
2026-04-28 02:09:26 +00:00: 2026-04-28 02:09:26,235 - __main__ - INFO -   → 99 raw tweets fetched
2026-04-28 02:09:26 +00:00: 2026-04-28 02:09:26,236 - __main__ - INFO -   → 36 viral-worthy CS2 tweets
2026-04-28 02:09:29 +00:00: 2026-04-28 02:09:29,240 - __main__ - INFO - 📡 Scraping @BLASTPremier...
2026-04-28 02:09:29 +00:00: 2026-04-28 02:09:29,911 - __main__ - INFO -   → 17 raw tweets fetched
2026-04-28 02:09:29 +00:00: 2026-04-28 02:09:29,911 - __main__ - INFO -   → 10 viral-worthy CS2 tweets
2026-04-28 02:09:32 +00:00: 2026-04-28 02:09:32,915 - __main__ - INFO - 📡 Scraping @HLTVorg...
2026-04-28 02:09:33 +00:00: 2026-04-28 02:09:33,554 - __main__ - INFO -   → 17 raw tweets fetched
2026-04-28 02:09:33 +00:00: 2026-04-28 02:09:33,555 - __main__ - INFO -   → 7 viral-worthy CS2 tweets
2026-04-28 02:09:36 +00:00: 2026-04-28 02:09:36,558 - __main__ - INFO - 📡 Scraping @CScribe...
2026-04-28 02:09:36 +00:00: 2026-04-28 02:09:36,728 - __main__ - INFO -   → 0 raw tweets fetched
2026-04-28 02:09:36 +00:00: 2026-04-28 02:09:36,729 - __main__ - INFO -   → 0 viral-worthy CS2 tweets
2026-04-28 02:09:39 +00:00: 2026-04-28 02:09:39,732 - __main__ - INFO - 📡 Scraping @Slasher...
2026-04-28 02:09:40 +00:00: 2026-04-28 02:09:40,521 - __main__ - INFO -   → 97 raw tweets fetched
2026-04-28 02:09:40 +00:00: 2026-04-28 02:09:40,522 - __main__ - INFO -   → 5 viral-worthy CS2 tweets
2026-04-28 02:09:43 +00:00: 2026-04-28 02:09:43,525 - __main__ - INFO - 📡 Scraping @Dust2us...
2026-04-28 02:09:44 +00:00: 2026-04-28 02:09:44,394 - __main__ - INFO -   → 100 raw tweets fetched
2026-04-28 02:09:44 +00:00: 2026-04-28 02:09:44,395 - __main__ - INFO -   → 63 viral-worthy CS2 tweets
2026-04-28 02:09:47 +00:00: 2026-04-28 02:09:47,399 - __main__ - INFO - 📡 Scraping @s1mpleO...
2026-04-28 02:09:47 +00:00: 2026-04-28 02:09:47,988 - __main__ - INFO -   → 79 raw tweets fetched
2026-04-28 02:09:47 +00:00: 2026-04-28 02:09:47,990 - __main__ - INFO -   → 35 viral-worthy CS2 tweets
2026-04-28 02:12:07 +00:00: 2026-04-28 02:12:07,484 - __main__ - INFO - 💾 Stored 290/290 tweets in style_bank
2026-04-28 02:12:07 +00:00: 2026-04-28 02:12:07,485 - __main__ - INFO - 📊 Style bank update: 290 tweets, avg 8379 likes, 185 with media (64%)
2026-04-28 08:12:07 +00:00: 2026-04-28 08:12:07,842 - __main__ - INFO - 📡 Scraping @Ozzny_CS2...
2026-04-28 08:12:08 +00:00: 2026-04-28 08:12:08,086 - __main__ - INFO - 🎟️  Guest token refreshed: 20490389...
2026-04-28 08:12:08 +00:00: 2026-04-28 08:12:08,867 - __main__ - INFO -   → 100 raw tweets fetched
2026-04-28 08:12:08 +00:00: 2026-04-28 08:12:08,868 - __main__ - INFO -   → 47 viral-worthy CS2 tweets
2026-04-28 08:12:11 +00:00: 2026-04-28 08:12:11,872 - __main__ - INFO - 📡 Scraping @ThourCS2...
2026-04-28 08:12:12 +00:00: 2026-04-28 08:12:12,423 - __main__ - INFO -   → 100 raw tweets fetched
2026-04-28 08:12:12 +00:00: 2026-04-28 08:12:12,424 - __main__ - INFO -   → 37 viral-worthy CS2 tweets
2026-04-28 08:12:15 +00:00: 2026-04-28 08:12:15,428 - __main__ - INFO - 📡 Scraping @CS2News_EN...
2026-04-28 08:12:15 +00:00: 2026-04-28 08:12:15,961 - __main__ - INFO -   → 100 raw tweets fetched
2026-04-28 08:12:15 +00:00: 2026-04-28 08:12:15,963 - __main__ - INFO -   → 50 viral-worthy CS2 tweets
2026-04-28 08:12:18 +00:00: 2026-04-28 08:12:18,966 - __main__ - INFO - 📡 Scraping @RazedEsport...
2026-04-28 08:12:19 +00:00: 2026-04-28 08:12:19,661 - __main__ - INFO -   → 99 raw tweets fetched
2026-04-28 08:12:19 +00:00: 2026-04-28 08:12:19,662 - __main__ - INFO -   → 36 viral-worthy CS2 tweets
2026-04-28 08:12:22 +00:00: 2026-04-28 08:12:22,664 - __main__ - INFO - 📡 Scraping @BLASTPremier...
2026-04-28 08:12:23 +00:00: 2026-04-28 08:12:23,217 - __main__ - INFO -   → 17 raw tweets fetched
2026-04-28 08:12:23 +00:00: 2026-04-28 08:12:23,217 - __main__ - INFO -   → 10 viral-worthy CS2 tweets
2026-04-28 08:12:26 +00:00: 2026-04-28 08:12:26,221 - __main__ - INFO - 📡 Scraping @HLTVorg...
2026-04-28 08:12:26 +00:00: 2026-04-28 08:12:26,796 - __main__ - INFO -   → 17 raw tweets fetched
2026-04-28 08:12:26 +00:00: 2026-04-28 08:12:26,797 - __main__ - INFO -   → 8 viral-worthy CS2 tweets
2026-04-28 08:12:29 +00:00: 2026-04-28 08:12:29,800 - __main__ - INFO - 📡 Scraping @CScribe...
2026-04-28 08:12:29 +00:00: 2026-04-28 08:12:29,967 - __main__ - INFO -   → 0 raw tweets fetched
2026-04-28 08:12:29 +00:00: 2026-04-28 08:12:29,967 - __main__ - INFO -   → 0 viral-worthy CS2 tweets
2026-04-28 08:12:32 +00:00: 2026-04-28 08:12:32,971 - __main__ - INFO - 📡 Scraping @Slasher...
2026-04-28 08:12:33 +00:00: 2026-04-28 08:12:33,497 - __main__ - INFO -   → 97 raw tweets fetched
2026-04-28 08:12:33 +00:00: 2026-04-28 08:12:33,499 - __main__ - INFO -   → 5 viral-worthy CS2 tweets
2026-04-28 08:12:36 +00:00: 2026-04-28 08:12:36,502 - __main__ - INFO - 📡 Scraping @Dust2us...
2026-04-28 08:12:37 +00:00: 2026-04-28 08:12:37,160 - __main__ - INFO -   → 100 raw tweets fetched
2026-04-28 08:12:37 +00:00: 2026-04-28 08:12:37,160 - __main__ - INFO -   → 63 viral-worthy CS2 tweets
2026-04-28 08:12:40 +00:00: 2026-04-28 08:12:40,164 - __main__ - INFO - 📡 Scraping @s1mpleO...
2026-04-28 08:12:40 +00:00: 2026-04-28 08:12:40,650 - __main__ - INFO -   → 79 raw tweets fetched
2026-04-28 08:12:40 +00:00: 2026-04-28 08:12:40,651 - __main__ - INFO -   → 35 viral-worthy CS2 tweets
2026-04-28 08:14:58 +00:00: 2026-04-28 08:14:58,847 - __main__ - INFO - 💾 Stored 291/291 tweets in style_bank
2026-04-28 08:14:58 +00:00: 2026-04-28 08:14:58,847 - __main__ - INFO - 📊 Style bank update: 291 tweets, avg 8351 likes, 186 with media (64%)
2026-04-28 14:14:59 +00:00: 2026-04-28 14:14:59,235 - __main__ - INFO - 📡 Scraping @Ozzny_CS2...
2026-04-28 14:14:59 +00:00: 2026-04-28 14:14:59,529 - __main__ - INFO - 🎟️  Guest token refreshed: 20491302...
2026-04-28 14:15:00 +00:00: 2026-04-28 14:15:00,114 - __main__ - INFO -   → 100 raw tweets fetched
2026-04-28 14:15:00 +00:00: 2026-04-28 14:15:00,116 - __main__ - INFO -   → 47 viral-worthy CS2 tweets
2026-04-28 14:15:03 +00:00: 2026-04-28 14:15:03,119 - __main__ - INFO - 📡 Scraping @ThourCS2...
2026-04-28 14:15:03 +00:00: 2026-04-28 14:15:03,672 - __main__ - INFO -   → 100 raw tweets fetched
2026-04-28 14:15:03 +00:00: 2026-04-28 14:15:03,674 - __main__ - INFO -   → 37 viral-worthy CS2 tweets
2026-04-28 14:15:06 +00:00: 2026-04-28 14:15:06,678 - __main__ - INFO - 📡 Scraping @CS2News_EN...
2026-04-28 14:15:07 +00:00: 2026-04-28 14:15:07,509 - __main__ - INFO -   → 100 raw tweets fetched
2026-04-28 14:15:07 +00:00: 2026-04-28 14:15:07,510 - __main__ - INFO -   → 50 viral-worthy CS2 tweets
2026-04-28 14:15:10 +00:00: 2026-04-28 14:15:10,514 - __main__ - INFO - 📡 Scraping @RazedEsport...
2026-04-28 14:15:11 +00:00: 2026-04-28 14:15:11,219 - __main__ - INFO -   → 99 raw tweets fetched
2026-04-28 14:15:11 +00:00: 2026-04-28 14:15:11,220 - __main__ - INFO -   → 36 viral-worthy CS2 tweets
2026-04-28 14:15:14 +00:00: 2026-04-28 14:15:14,224 - __main__ - INFO - 📡 Scraping @BLASTPremier...
2026-04-28 14:15:14 +00:00: 2026-04-28 14:15:14,782 - __main__ - INFO -   → 17 raw tweets fetched
2026-04-28 14:15:14 +00:00: 2026-04-28 14:15:14,783 - __main__ - INFO -   → 10 viral-worthy CS2 tweets
2026-04-28 14:15:17 +00:00: 2026-04-28 14:15:17,786 - __main__ - INFO - 📡 Scraping @HLTVorg...
2026-04-28 14:15:18 +00:00: 2026-04-28 14:15:18,285 - __main__ - INFO -   → 16 raw tweets fetched
2026-04-28 14:15:18 +00:00: 2026-04-28 14:15:18,285 - __main__ - INFO -   → 7 viral-worthy CS2 tweets
2026-04-28 14:15:21 +00:00: 2026-04-28 14:15:21,289 - __main__ - INFO - 📡 Scraping @CScribe...
2026-04-28 14:15:21 +00:00: 2026-04-28 14:15:21,444 - __main__ - INFO -   → 0 raw tweets fetched
2026-04-28 14:15:21 +00:00: 2026-04-28 14:15:21,445 - __main__ - INFO -   → 0 viral-worthy CS2 tweets
2026-04-28 14:15:24 +00:00: 2026-04-28 14:15:24,448 - __main__ - INFO - 📡 Scraping @Slasher...
2026-04-28 14:15:24 +00:00: 2026-04-28 14:15:24,974 - __main__ - INFO -   → 97 raw tweets fetched
2026-04-28 14:15:24 +00:00: 2026-04-28 14:15:24,976 - __main__ - INFO -   → 5 viral-worthy CS2 tweets
2026-04-28 14:15:27 +00:00: 2026-04-28 14:15:27,979 - __main__ - INFO - 📡 Scraping @Dust2us...
2026-04-28 14:15:28 +00:00: 2026-04-28 14:15:28,698 - __main__ - INFO -   → 100 raw tweets fetched
2026-04-28 14:15:28 +00:00: 2026-04-28 14:15:28,698 - __main__ - INFO -   → 63 viral-worthy CS2 tweets
2026-04-28 14:15:31 +00:00: 2026-04-28 14:15:31,702 - __main__ - INFO - 📡 Scraping @s1mpleO...
2026-04-28 14:15:32 +00:00: 2026-04-28 14:15:32,207 - __main__ - INFO -   → 79 raw tweets fetched
2026-04-28 14:15:32 +00:00: 2026-04-28 14:15:32,207 - __main__ - INFO -   → 35 viral-worthy CS2 tweets
2026-04-28 14:17:52 +00:00: 2026-04-28 14:17:52,875 - __main__ - INFO - 💾 Stored 290/290 tweets in style_bank
2026-04-28 14:17:52 +00:00: 2026-04-28 14:17:52,876 - __main__ - INFO - 📊 Style bank update: 290 tweets, avg 8380 likes, 186 with media (64%)
2026-04-28 20:17:53 +00:00: 2026-04-28 20:17:53,203 - __main__ - INFO - 📡 Scraping @Ozzny_CS2...
2026-04-28 20:17:53 +00:00: 2026-04-28 20:17:53,415 - __main__ - INFO - 🎟️  Guest token refreshed: 20492215...
2026-04-28 20:17:54 +00:00: 2026-04-28 20:17:54,109 - __main__ - INFO -   → 100 raw tweets fetched
2026-04-28 20:17:54 +00:00: 2026-04-28 20:17:54,111 - __main__ - INFO -   → 47 viral-worthy CS2 tweets
2026-04-28 20:17:57 +00:00: 2026-04-28 20:17:57,112 - __main__ - INFO - 📡 Scraping @ThourCS2...
2026-04-28 20:17:57 +00:00: 2026-04-28 20:17:57,660 - __main__ - INFO -   → 100 raw tweets fetched
2026-04-28 20:17:57 +00:00: 2026-04-28 20:17:57,661 - __main__ - INFO -   → 37 viral-worthy CS2 tweets
2026-04-28 20:18:00 +00:00: 2026-04-28 20:18:00,664 - __main__ - INFO - 📡 Scraping @CS2News_EN...
2026-04-28 20:18:01 +00:00: 2026-04-28 20:18:01,212 - __main__ - INFO -   → 100 raw tweets fetched
2026-04-28 20:18:01 +00:00: 2026-04-28 20:18:01,214 - __main__ - INFO -   → 50 viral-worthy CS2 tweets
2026-04-28 20:18:04 +00:00: 2026-04-28 20:18:04,218 - __main__ - INFO - 📡 Scraping @RazedEsport...
2026-04-28 20:18:04 +00:00: 2026-04-28 20:18:04,927 - __main__ - INFO -   → 99 raw tweets fetched
2026-04-28 20:18:04 +00:00: 2026-04-28 20:18:04,928 - __main__ - INFO -   → 36 viral-worthy CS2 tweets
2026-04-28 20:18:07 +00:00: 2026-04-28 20:18:07,932 - __main__ - INFO - 📡 Scraping @BLASTPremier...
2026-04-28 20:18:08 +00:00: 2026-04-28 20:18:08,769 - __main__ - INFO -   → 13 raw tweets fetched
2026-04-28 20:18:08 +00:00: 2026-04-28 20:18:08,769 - __main__ - INFO -   → 8 viral-worthy CS2 tweets
2026-04-28 20:18:11 +00:00: 2026-04-28 20:18:11,772 - __main__ - INFO - 📡 Scraping @HLTVorg...
2026-04-28 20:18:12 +00:00: 2026-04-28 20:18:12,426 - __main__ - INFO -   → 15 raw tweets fetched
2026-04-28 20:18:12 +00:00: 2026-04-28 20:18:12,427 - __main__ - INFO -   → 8 viral-worthy CS2 tweets
2026-04-28 20:18:15 +00:00: 2026-04-28 20:18:15,430 - __main__ - INFO - 📡 Scraping @CScribe...
2026-04-28 20:18:15 +00:00: 2026-04-28 20:18:15,601 - __main__ - INFO -   → 0 raw tweets fetched
2026-04-28 20:18:15 +00:00: 2026-04-28 20:18:15,601 - __main__ - INFO -   → 0 viral-worthy CS2 tweets
2026-04-28 20:18:18 +00:00: 2026-04-28 20:18:18,605 - __main__ - INFO - 📡 Scraping @Slasher...
2026-04-28 20:18:19 +00:00: 2026-04-28 20:18:19,276 - __main__ - INFO -   → 97 raw tweets fetched
2026-04-28 20:18:19 +00:00: 2026-04-28 20:18:19,278 - __main__ - INFO -   → 5 viral-worthy CS2 tweets
2026-04-28 20:18:22 +00:00: 2026-04-28 20:18:22,281 - __main__ - INFO - 📡 Scraping @Dust2us...
2026-04-28 20:18:22 +00:00: 2026-04-28 20:18:22,863 - __main__ - INFO -   → 100 raw tweets fetched
2026-04-28 20:18:22 +00:00: 2026-04-28 20:18:22,863 - __main__ - INFO -   → 63 viral-worthy CS2 tweets
2026-04-28 20:18:25 +00:00: 2026-04-28 20:18:25,867 - __main__ - INFO - 📡 Scraping @s1mpleO...
2026-04-28 20:18:26 +00:00: 2026-04-28 20:18:26,368 - __main__ - INFO -   → 79 raw tweets fetched
2026-04-28 20:18:26 +00:00: 2026-04-28 20:18:26,369 - __main__ - INFO -   → 35 viral-worthy CS2 tweets
2026-04-28 20:20:39 +00:00: 2026-04-28 20:20:39,099 - __main__ - INFO - 💾 Stored 289/289 tweets in style_bank
2026-04-28 20:20:39 +00:00: 2026-04-28 20:20:39,101 - __main__ - INFO - 📊 Style bank update: 289 tweets, avg 8400 likes, 187 with media (65%)
2026-04-29 02:20:39 +00:00: 2026-04-29 02:20:39,409 - __main__ - INFO - 📡 Scraping @Ozzny_CS2...
2026-04-29 02:20:39 +00:00: 2026-04-29 02:20:39,577 - __main__ - INFO - 🎟️  Guest token refreshed: 20493128...
2026-04-29 02:20:40 +00:00: 2026-04-29 02:20:40,116 - __main__ - INFO -   → 100 raw tweets fetched
2026-04-29 02:20:40 +00:00: 2026-04-29 02:20:40,117 - __main__ - INFO -   → 47 viral-worthy CS2 tweets
2026-04-29 02:20:43 +00:00: 2026-04-29 02:20:43,120 - __main__ - INFO - 📡 Scraping @ThourCS2...
2026-04-29 02:20:43 +00:00: 2026-04-29 02:20:43,601 - __main__ - INFO -   → 100 raw tweets fetched
2026-04-29 02:20:43 +00:00: 2026-04-29 02:20:43,601 - __main__ - INFO -   → 37 viral-worthy CS2 tweets
2026-04-29 02:20:46 +00:00: 2026-04-29 02:20:46,605 - __main__ - INFO - 📡 Scraping @CS2News_EN...
2026-04-29 02:20:47 +00:00: 2026-04-29 02:20:47,147 - __main__ - INFO -   → 100 raw tweets fetched
2026-04-29 02:20:47 +00:00: 2026-04-29 02:20:47,148 - __main__ - INFO -   → 50 viral-worthy CS2 tweets
2026-04-29 02:20:50 +00:00: 2026-04-29 02:20:50,152 - __main__ - INFO - 📡 Scraping @RazedEsport...
2026-04-29 02:20:50 +00:00: 2026-04-29 02:20:50,759 - __main__ - INFO -   → 99 raw tweets fetched
2026-04-29 02:20:50 +00:00: 2026-04-29 02:20:50,761 - __main__ - INFO -   → 36 viral-worthy CS2 tweets
2026-04-29 02:20:53 +00:00: 2026-04-29 02:20:53,765 - __main__ - INFO - 📡 Scraping @BLASTPremier...
2026-04-29 02:20:54 +00:00: 2026-04-29 02:20:54,296 - __main__ - INFO -   → 13 raw tweets fetched
2026-04-29 02:20:54 +00:00: 2026-04-29 02:20:54,296 - __main__ - INFO -   → 6 viral-worthy CS2 tweets
2026-04-29 02:20:57 +00:00: 2026-04-29 02:20:57,299 - __main__ - INFO - 📡 Scraping @HLTVorg...
2026-04-29 02:20:57 +00:00: 2026-04-29 02:20:57,778 - __main__ - INFO -   → 16 raw tweets fetched
2026-04-29 02:20:57 +00:00: 2026-04-29 02:20:57,779 - __main__ - INFO -   → 10 viral-worthy CS2 tweets
2026-04-29 02:21:00 +00:00: 2026-04-29 02:21:00,782 - __main__ - INFO - 📡 Scraping @CScribe...
2026-04-29 02:21:00 +00:00: 2026-04-29 02:21:00,940 - __main__ - INFO -   → 0 raw tweets fetched
2026-04-29 02:21:00 +00:00: 2026-04-29 02:21:00,940 - __main__ - INFO -   → 0 viral-worthy CS2 tweets
2026-04-29 02:21:03 +00:00: 2026-04-29 02:21:03,944 - __main__ - INFO - 📡 Scraping @Slasher...
2026-04-29 02:21:04 +00:00: 2026-04-29 02:21:04,458 - __main__ - INFO -   → 97 raw tweets fetched
2026-04-29 02:21:04 +00:00: 2026-04-29 02:21:04,460 - __main__ - INFO -   → 5 viral-worthy CS2 tweets
2026-04-29 02:21:07 +00:00: 2026-04-29 02:21:07,464 - __main__ - INFO - 📡 Scraping @Dust2us...
2026-04-29 02:21:08 +00:00: 2026-04-29 02:21:08,089 - __main__ - INFO -   → 100 raw tweets fetched
2026-04-29 02:21:08 +00:00: 2026-04-29 02:21:08,090 - __main__ - INFO -   → 63 viral-worthy CS2 tweets
2026-04-29 02:21:11 +00:00: 2026-04-29 02:21:11,093 - __main__ - INFO - 📡 Scraping @s1mpleO...
2026-04-29 02:21:11 +00:00: 2026-04-29 02:21:11,578 - __main__ - INFO -   → 79 raw tweets fetched
2026-04-29 02:21:11 +00:00: 2026-04-29 02:21:11,580 - __main__ - INFO -   → 35 viral-worthy CS2 tweets
2026-04-29 02:23:27 +00:00: 2026-04-29 02:23:27,568 - __main__ - INFO - 💾 Stored 289/289 tweets in style_bank
2026-04-29 02:23:27 +00:00: 2026-04-29 02:23:27,569 - __main__ - INFO - 📊 Style bank update: 289 tweets, avg 8403 likes, 185 with media (64%)
2026-04-29 08:23:27 +00:00: 2026-04-29 08:23:27,946 - __main__ - INFO - 📡 Scraping @Ozzny_CS2...
2026-04-29 08:23:28 +00:00: 2026-04-29 08:23:28,143 - __main__ - INFO - 🎟️  Guest token refreshed: 20494041...
2026-04-29 08:23:28 +00:00: 2026-04-29 08:23:28,754 - __main__ - INFO -   → 100 raw tweets fetched
2026-04-29 08:23:28 +00:00: 2026-04-29 08:23:28,755 - __main__ - INFO -   → 47 viral-worthy CS2 tweets
2026-04-29 08:23:31 +00:00: 2026-04-29 08:23:31,758 - __main__ - INFO - 📡 Scraping @ThourCS2...
2026-04-29 08:23:32 +00:00: 2026-04-29 08:23:32,268 - __main__ - INFO -   → 100 raw tweets fetched
2026-04-29 08:23:32 +00:00: 2026-04-29 08:23:32,270 - __main__ - INFO -   → 37 viral-worthy CS2 tweets
2026-04-29 08:23:35 +00:00: 2026-04-29 08:23:35,273 - __main__ - INFO - 📡 Scraping @CS2News_EN...
2026-04-29 08:23:35 +00:00: 2026-04-29 08:23:35,841 - __main__ - INFO -   → 100 raw tweets fetched
2026-04-29 08:23:35 +00:00: 2026-04-29 08:23:35,842 - __main__ - INFO -   → 50 viral-worthy CS2 tweets
2026-04-29 08:23:38 +00:00: 2026-04-29 08:23:38,845 - __main__ - INFO - 📡 Scraping @RazedEsport...
2026-04-29 08:23:39 +00:00: 2026-04-29 08:23:39,465 - __main__ - INFO -   → 99 raw tweets fetched
2026-04-29 08:23:39 +00:00: 2026-04-29 08:23:39,466 - __main__ - INFO -   → 36 viral-worthy CS2 tweets
2026-04-29 08:23:42 +00:00: 2026-04-29 08:23:42,468 - __main__ - INFO - 📡 Scraping @BLASTPremier...
2026-04-29 08:23:42 +00:00: 2026-04-29 08:23:42,975 - __main__ - INFO -   → 13 raw tweets fetched
2026-04-29 08:23:42 +00:00: 2026-04-29 08:23:42,975 - __main__ - INFO -   → 6 viral-worthy CS2 tweets
2026-04-29 08:23:45 +00:00: 2026-04-29 08:23:45,976 - __main__ - INFO - 📡 Scraping @HLTVorg...
2026-04-29 08:23:46 +00:00: 2026-04-29 08:23:46,471 - __main__ - INFO -   → 16 raw tweets fetched
2026-04-29 08:23:46 +00:00: 2026-04-29 08:23:46,473 - __main__ - INFO -   → 10 viral-worthy CS2 tweets
2026-04-29 08:23:49 +00:00: 2026-04-29 08:23:49,477 - __main__ - INFO - 📡 Scraping @CScribe...
2026-04-29 08:23:49 +00:00: 2026-04-29 08:23:49,638 - __main__ - INFO -   → 0 raw tweets fetched
2026-04-29 08:23:49 +00:00: 2026-04-29 08:23:49,638 - __main__ - INFO -   → 0 viral-worthy CS2 tweets
2026-04-29 08:23:52 +00:00: 2026-04-29 08:23:52,642 - __main__ - INFO - 📡 Scraping @Slasher...
2026-04-29 08:23:53 +00:00: 2026-04-29 08:23:53,160 - __main__ - INFO -   → 97 raw tweets fetched
2026-04-29 08:23:53 +00:00: 2026-04-29 08:23:53,162 - __main__ - INFO -   → 5 viral-worthy CS2 tweets
2026-04-29 08:23:56 +00:00: 2026-04-29 08:23:56,165 - __main__ - INFO - 📡 Scraping @Dust2us...
2026-04-29 08:23:56 +00:00: 2026-04-29 08:23:56,763 - __main__ - INFO -   → 100 raw tweets fetched
2026-04-29 08:23:56 +00:00: 2026-04-29 08:23:56,765 - __main__ - INFO -   → 63 viral-worthy CS2 tweets
2026-04-29 08:23:59 +00:00: 2026-04-29 08:23:59,769 - __main__ - INFO - 📡 Scraping @s1mpleO...
2026-04-29 08:24:00 +00:00: 2026-04-29 08:24:00,254 - __main__ - INFO -   → 79 raw tweets fetched
2026-04-29 08:24:00 +00:00: 2026-04-29 08:24:00,256 - __main__ - INFO -   → 35 viral-worthy CS2 tweets
2026-04-29 08:26:14 +00:00: 2026-04-29 08:26:14,833 - __main__ - INFO - 💾 Stored 289/289 tweets in style_bank
2026-04-29 08:26:14 +00:00: 2026-04-29 08:26:14,834 - __main__ - INFO - 📊 Style bank update: 289 tweets, avg 8405 likes, 185 with media (64%)
2026-04-29 14:26:15 +00:00: 2026-04-29 14:26:15,175 - __main__ - INFO - 📡 Scraping @Ozzny_CS2...
2026-04-29 14:26:15 +00:00: 2026-04-29 14:26:15,414 - __main__ - INFO - 🎟️  Guest token refreshed: 20494954...
2026-04-29 14:26:16 +00:00: 2026-04-29 14:26:16,288 - __main__ - INFO -   → 100 raw tweets fetched
2026-04-29 14:26:16 +00:00: 2026-04-29 14:26:16,291 - __main__ - INFO -   → 47 viral-worthy CS2 tweets
2026-04-29 14:26:19 +00:00: 2026-04-29 14:26:19,295 - __main__ - INFO - 📡 Scraping @ThourCS2...
2026-04-29 14:26:20 +00:00: 2026-04-29 14:26:20,075 - __main__ - INFO -   → 100 raw tweets fetched
2026-04-29 14:26:20 +00:00: 2026-04-29 14:26:20,076 - __main__ - INFO -   → 37 viral-worthy CS2 tweets
2026-04-29 14:26:23 +00:00: 2026-04-29 14:26:23,080 - __main__ - INFO - 📡 Scraping @CS2News_EN...
2026-04-29 14:26:23 +00:00: 2026-04-29 14:26:23,781 - __main__ - INFO -   → 100 raw tweets fetched
2026-04-29 14:26:23 +00:00: 2026-04-29 14:26:23,784 - __main__ - INFO -   → 50 viral-worthy CS2 tweets
2026-04-29 14:26:26 +00:00: 2026-04-29 14:26:26,788 - __main__ - INFO - 📡 Scraping @RazedEsport...
2026-04-29 14:26:27 +00:00: 2026-04-29 14:26:27,629 - __main__ - INFO -   → 99 raw tweets fetched
2026-04-29 14:26:27 +00:00: 2026-04-29 14:26:27,630 - __main__ - INFO -   → 36 viral-worthy CS2 tweets
2026-04-29 14:26:30 +00:00: 2026-04-29 14:26:30,633 - __main__ - INFO - 📡 Scraping @BLASTPremier...
2026-04-29 14:26:31 +00:00: 2026-04-29 14:26:31,310 - __main__ - INFO -   → 12 raw tweets fetched
2026-04-29 14:26:31 +00:00: 2026-04-29 14:26:31,310 - __main__ - INFO -   → 6 viral-worthy CS2 tweets
2026-04-29 14:26:34 +00:00: 2026-04-29 14:26:34,314 - __main__ - INFO - 📡 Scraping @HLTVorg...
2026-04-29 14:26:34 +00:00: 2026-04-29 14:26:34,913 - __main__ - INFO -   → 15 raw tweets fetched
2026-04-29 14:26:34 +00:00: 2026-04-29 14:26:34,913 - __main__ - INFO -   → 8 viral-worthy CS2 tweets
2026-04-29 14:26:37 +00:00: 2026-04-29 14:26:37,917 - __main__ - INFO - 📡 Scraping @CScribe...
2026-04-29 14:26:38 +00:00: 2026-04-29 14:26:38,082 - __main__ - INFO -   → 0 raw tweets fetched
2026-04-29 14:26:38 +00:00: 2026-04-29 14:26:38,083 - __main__ - INFO -   → 0 viral-worthy CS2 tweets
2026-04-29 14:26:41 +00:00: 2026-04-29 14:26:41,086 - __main__ - INFO - 📡 Scraping @Slasher...
2026-04-29 14:26:41 +00:00: 2026-04-29 14:26:41,847 - __main__ - INFO -   → 97 raw tweets fetched
2026-04-29 14:26:41 +00:00: 2026-04-29 14:26:41,849 - __main__ - INFO -   → 5 viral-worthy CS2 tweets
2026-04-29 14:26:44 +00:00: 2026-04-29 14:26:44,852 - __main__ - INFO - 📡 Scraping @Dust2us...
2026-04-29 14:26:45 +00:00: 2026-04-29 14:26:45,658 - __main__ - INFO -   → 100 raw tweets fetched
2026-04-29 14:26:45 +00:00: 2026-04-29 14:26:45,659 - __main__ - INFO -   → 63 viral-worthy CS2 tweets
2026-04-29 14:26:48 +00:00: 2026-04-29 14:26:48,662 - __main__ - INFO - 📡 Scraping @s1mpleO...
2026-04-29 14:26:49 +00:00: 2026-04-29 14:26:49,240 - __main__ - INFO -   → 79 raw tweets fetched
2026-04-29 14:26:49 +00:00: 2026-04-29 14:26:49,241 - __main__ - INFO -   → 35 viral-worthy CS2 tweets
2026-04-29 14:29:02 +00:00: 2026-04-29 14:29:02,616 - __main__ - INFO - 💾 Stored 287/287 tweets in style_bank
2026-04-29 14:29:02 +00:00: 2026-04-29 14:29:02,617 - __main__ - INFO - 📊 Style bank update: 287 tweets, avg 8466 likes, 185 with media (64%)
2026-04-29 20:29:02 +00:00: 2026-04-29 20:29:02,924 - __main__ - INFO - 📡 Scraping @Ozzny_CS2...
2026-04-29 20:29:03 +00:00: 2026-04-29 20:29:03,225 - __main__ - INFO - 🎟️  Guest token refreshed: 20495867...
2026-04-29 20:29:04 +00:00: 2026-04-29 20:29:04,072 - __main__ - INFO -   → 100 raw tweets fetched
2026-04-29 20:29:04 +00:00: 2026-04-29 20:29:04,074 - __main__ - INFO -   → 47 viral-worthy CS2 tweets
2026-04-29 20:29:07 +00:00: 2026-04-29 20:29:07,077 - __main__ - INFO - 📡 Scraping @ThourCS2...
2026-04-29 20:29:07 +00:00: 2026-04-29 20:29:07,876 - __main__ - INFO -   → 100 raw tweets fetched
2026-04-29 20:29:07 +00:00: 2026-04-29 20:29:07,878 - __main__ - INFO -   → 37 viral-worthy CS2 tweets
2026-04-29 20:29:10 +00:00: 2026-04-29 20:29:10,881 - __main__ - INFO - 📡 Scraping @CS2News_EN...
2026-04-29 20:29:11 +00:00: 2026-04-29 20:29:11,613 - __main__ - INFO -   → 100 raw tweets fetched
2026-04-29 20:29:11 +00:00: 2026-04-29 20:29:11,614 - __main__ - INFO -   → 50 viral-worthy CS2 tweets
2026-04-29 20:29:14 +00:00: 2026-04-29 20:29:14,618 - __main__ - INFO - 📡 Scraping @RazedEsport...
2026-04-29 20:29:15 +00:00: 2026-04-29 20:29:15,520 - __main__ - INFO -   → 99 raw tweets fetched
2026-04-29 20:29:15 +00:00: 2026-04-29 20:29:15,522 - __main__ - INFO -   → 36 viral-worthy CS2 tweets
2026-04-29 20:29:18 +00:00: 2026-04-29 20:29:18,525 - __main__ - INFO - 📡 Scraping @BLASTPremier...
2026-04-29 20:29:19 +00:00: 2026-04-29 20:29:19,211 - __main__ - INFO -   → 19 raw tweets fetched
2026-04-29 20:29:19 +00:00: 2026-04-29 20:29:19,211 - __main__ - INFO -   → 7 viral-worthy CS2 tweets
2026-04-29 20:29:22 +00:00: 2026-04-29 20:29:22,215 - __main__ - INFO - 📡 Scraping @HLTVorg...
2026-04-29 20:29:22 +00:00: 2026-04-29 20:29:22,868 - __main__ - INFO -   → 19 raw tweets fetched
2026-04-29 20:29:22 +00:00: 2026-04-29 20:29:22,869 - __main__ - INFO -   → 12 viral-worthy CS2 tweets
2026-04-29 20:29:25 +00:00: 2026-04-29 20:29:25,872 - __main__ - INFO - 📡 Scraping @CScribe...
2026-04-29 20:29:26 +00:00: 2026-04-29 20:29:26,095 - __main__ - INFO -   → 0 raw tweets fetched
2026-04-29 20:29:26 +00:00: 2026-04-29 20:29:26,095 - __main__ - INFO -   → 0 viral-worthy CS2 tweets
2026-04-29 20:29:29 +00:00: 2026-04-29 20:29:29,099 - __main__ - INFO - 📡 Scraping @Slasher...
2026-04-29 20:29:29 +00:00: 2026-04-29 20:29:29,911 - __main__ - INFO -   → 96 raw tweets fetched
2026-04-29 20:29:29 +00:00: 2026-04-29 20:29:29,913 - __main__ - INFO -   → 5 viral-worthy CS2 tweets
2026-04-29 20:29:32 +00:00: 2026-04-29 20:29:32,916 - __main__ - INFO - 📡 Scraping @Dust2us...
2026-04-29 20:29:33 +00:00: 2026-04-29 20:29:33,925 - __main__ - INFO -   → 100 raw tweets fetched
2026-04-29 20:29:33 +00:00: 2026-04-29 20:29:33,925 - __main__ - INFO -   → 63 viral-worthy CS2 tweets
2026-04-29 20:29:36 +00:00: 2026-04-29 20:29:36,929 - __main__ - INFO - 📡 Scraping @s1mpleO...
2026-04-29 20:29:37 +00:00: 2026-04-29 20:29:37,726 - __main__ - INFO -   → 79 raw tweets fetched
2026-04-29 20:29:37 +00:00: 2026-04-29 20:29:37,728 - __main__ - INFO -   → 35 viral-worthy CS2 tweets
2026-04-29 20:31:53 +00:00: 2026-04-29 20:31:53,524 - __main__ - INFO - 💾 Stored 292/292 tweets in style_bank
2026-04-29 20:31:53 +00:00: 2026-04-29 20:31:53,525 - __main__ - INFO - 📊 Style bank update: 292 tweets, avg 8330 likes, 194 with media (66%)
2026-04-30 02:31:53 +00:00: 2026-04-30 02:31:53,928 - __main__ - INFO - 📡 Scraping @Ozzny_CS2...
2026-04-30 02:31:54 +00:00: 2026-04-30 02:31:54,137 - __main__ - INFO - 🎟️  Guest token refreshed: 20496780...
2026-04-30 02:31:55 +00:00: 2026-04-30 02:31:55,865 - __main__ - INFO -   → 95 raw tweets fetched
2026-04-30 02:31:55 +00:00: 2026-04-30 02:31:55,867 - __main__ - INFO -   → 43 viral-worthy CS2 tweets
2026-04-30 02:31:58 +00:00: 2026-04-30 02:31:58,871 - __main__ - INFO - 📡 Scraping @ThourCS2...
2026-04-30 02:32:00 +00:00: 2026-04-30 02:32:00,276 - __main__ - INFO -   → 99 raw tweets fetched
2026-04-30 02:32:00 +00:00: 2026-04-30 02:32:00,279 - __main__ - INFO -   → 37 viral-worthy CS2 tweets
2026-04-30 02:32:03 +00:00: 2026-04-30 02:32:03,283 - __main__ - INFO - 📡 Scraping @CS2News_EN...
2026-04-30 02:32:04 +00:00: 2026-04-30 02:32:04,162 - __main__ - INFO -   → 100 raw tweets fetched
2026-04-30 02:32:04 +00:00: 2026-04-30 02:32:04,165 - __main__ - INFO -   → 50 viral-worthy CS2 tweets
2026-04-30 02:32:07 +00:00: 2026-04-30 02:32:07,169 - __main__ - INFO - 📡 Scraping @RazedEsport...
2026-04-30 02:32:09 +00:00: 2026-04-30 02:32:09,161 - __main__ - INFO -   → 99 raw tweets fetched
2026-04-30 02:32:09 +00:00: 2026-04-30 02:32:09,163 - __main__ - INFO -   → 36 viral-worthy CS2 tweets
2026-04-30 02:32:12 +00:00: 2026-04-30 02:32:12,164 - __main__ - INFO - 📡 Scraping @BLASTPremier...
2026-04-30 02:32:12 +00:00: 2026-04-30 02:32:12,778 - __main__ - INFO -   → 19 raw tweets fetched
2026-04-30 02:32:12 +00:00: 2026-04-30 02:32:12,778 - __main__ - INFO -   → 1 viral-worthy CS2 tweets
2026-04-30 02:32:15 +00:00: 2026-04-30 02:32:15,781 - __main__ - INFO - 📡 Scraping @HLTVorg...
2026-04-30 02:32:16 +00:00: 2026-04-30 02:32:16,371 - __main__ - INFO -   → 20 raw tweets fetched
2026-04-30 02:32:16 +00:00: 2026-04-30 02:32:16,373 - __main__ - INFO -   → 11 viral-worthy CS2 tweets
2026-04-30 02:32:19 +00:00: 2026-04-30 02:32:19,377 - __main__ - INFO - 📡 Scraping @CScribe...
2026-04-30 02:32:19 +00:00: 2026-04-30 02:32:19,533 - __main__ - INFO -   → 0 raw tweets fetched
2026-04-30 02:32:19 +00:00: 2026-04-30 02:32:19,534 - __main__ - INFO -   → 0 viral-worthy CS2 tweets
2026-04-30 02:32:22 +00:00: 2026-04-30 02:32:22,538 - __main__ - INFO - 📡 Scraping @Slasher...
2026-04-30 02:32:24 +00:00: 2026-04-30 02:32:24,201 - __main__ - INFO -   → 97 raw tweets fetched
2026-04-30 02:32:24 +00:00: 2026-04-30 02:32:24,202 - __main__ - INFO -   → 5 viral-worthy CS2 tweets
2026-04-30 02:32:27 +00:00: 2026-04-30 02:32:27,207 - __main__ - INFO - 📡 Scraping @Dust2us...
2026-04-30 02:32:28 +00:00: 2026-04-30 02:32:28,076 - __main__ - INFO -   → 100 raw tweets fetched
2026-04-30 02:32:28 +00:00: 2026-04-30 02:32:28,077 - __main__ - INFO -   → 63 viral-worthy CS2 tweets
2026-04-30 02:32:31 +00:00: 2026-04-30 02:32:31,080 - __main__ - INFO - 📡 Scraping @s1mpleO...
2026-04-30 02:32:31 +00:00: 2026-04-30 02:32:31,650 - __main__ - INFO -   → 79 raw tweets fetched
2026-04-30 02:32:31 +00:00: 2026-04-30 02:32:31,652 - __main__ - INFO -   → 35 viral-worthy CS2 tweets
2026-04-30 02:34:42 +00:00: 2026-04-30 02:34:42,886 - __main__ - INFO - 💾 Stored 281/281 tweets in style_bank
2026-04-30 02:34:42 +00:00: 2026-04-30 02:34:42,888 - __main__ - INFO - 📊 Style bank update: 281 tweets, avg 8496 likes, 184 with media (65%)
2026-04-30 08:34:43 +00:00: 2026-04-30 08:34:43,293 - __main__ - INFO - 📡 Scraping @Ozzny_CS2...
2026-04-30 08:34:43 +00:00: 2026-04-30 08:34:43,519 - __main__ - INFO - 🎟️  Guest token refreshed: 20497694...
2026-04-30 08:34:44 +00:00: 2026-04-30 08:34:44,114 - __main__ - INFO -   → 100 raw tweets fetched
2026-04-30 08:34:44 +00:00: 2026-04-30 08:34:44,115 - __main__ - INFO -   → 47 viral-worthy CS2 tweets
2026-04-30 08:34:47 +00:00: 2026-04-30 08:34:47,119 - __main__ - INFO - 📡 Scraping @ThourCS2...
2026-04-30 08:34:47 +00:00: 2026-04-30 08:34:47,649 - __main__ - INFO -   → 100 raw tweets fetched
2026-04-30 08:34:47 +00:00: 2026-04-30 08:34:47,650 - __main__ - INFO -   → 37 viral-worthy CS2 tweets
2026-04-30 08:34:50 +00:00: 2026-04-30 08:34:50,654 - __main__ - INFO - 📡 Scraping @CS2News_EN...
2026-04-30 08:34:51 +00:00: 2026-04-30 08:34:51,143 - __main__ - INFO -   → 100 raw tweets fetched
2026-04-30 08:34:51 +00:00: 2026-04-30 08:34:51,144 - __main__ - INFO -   → 50 viral-worthy CS2 tweets
2026-04-30 08:34:54 +00:00: 2026-04-30 08:34:54,148 - __main__ - INFO - 📡 Scraping @RazedEsport...
2026-04-30 08:34:54 +00:00: 2026-04-30 08:34:54,799 - __main__ - INFO -   → 99 raw tweets fetched
2026-04-30 08:34:54 +00:00: 2026-04-30 08:34:54,800 - __main__ - INFO -   → 36 viral-worthy CS2 tweets
2026-04-30 08:34:57 +00:00: 2026-04-30 08:34:57,803 - __main__ - INFO - 📡 Scraping @BLASTPremier...
2026-04-30 08:34:58 +00:00: 2026-04-30 08:34:58,318 - __main__ - INFO -   → 19 raw tweets fetched
2026-04-30 08:34:58 +00:00: 2026-04-30 08:34:58,318 - __main__ - INFO -   → 2 viral-worthy CS2 tweets
2026-04-30 08:35:01 +00:00: 2026-04-30 08:35:01,322 - __main__ - INFO - 📡 Scraping @HLTVorg...
2026-04-30 08:35:01 +00:00: 2026-04-30 08:35:01,759 - __main__ - INFO -   → 20 raw tweets fetched
2026-04-30 08:35:01 +00:00: 2026-04-30 08:35:01,761 - __main__ - INFO -   → 13 viral-worthy CS2 tweets
2026-04-30 08:35:04 +00:00: 2026-04-30 08:35:04,764 - __main__ - INFO - 📡 Scraping @CScribe...
2026-04-30 08:35:04 +00:00: 2026-04-30 08:35:04,923 - __main__ - INFO -   → 0 raw tweets fetched
2026-04-30 08:35:04 +00:00: 2026-04-30 08:35:04,923 - __main__ - INFO -   → 0 viral-worthy CS2 tweets
2026-04-30 08:35:07 +00:00: 2026-04-30 08:35:07,926 - __main__ - INFO - 📡 Scraping @Slasher...
2026-04-30 08:35:08 +00:00: 2026-04-30 08:35:08,617 - __main__ - INFO -   → 97 raw tweets fetched
2026-04-30 08:35:08 +00:00: 2026-04-30 08:35:08,618 - __main__ - INFO -   → 5 viral-worthy CS2 tweets
2026-04-30 08:35:11 +00:00: 2026-04-30 08:35:11,621 - __main__ - INFO - 📡 Scraping @Dust2us...
2026-04-30 08:35:12 +00:00: 2026-04-30 08:35:12,207 - __main__ - INFO -   → 100 raw tweets fetched
2026-04-30 08:35:12 +00:00: 2026-04-30 08:35:12,209 - __main__ - INFO -   → 63 viral-worthy CS2 tweets
2026-04-30 08:35:15 +00:00: 2026-04-30 08:35:15,214 - __main__ - INFO - 📡 Scraping @s1mpleO...
2026-04-30 08:35:15 +00:00: 2026-04-30 08:35:15,658 - __main__ - INFO -   → 79 raw tweets fetched
2026-04-30 08:35:15 +00:00: 2026-04-30 08:35:15,659 - __main__ - INFO -   → 35 viral-worthy CS2 tweets
2026-04-30 08:37:29 +00:00: 2026-04-30 08:37:29,343 - __main__ - INFO - 💾 Stored 288/288 tweets in style_bank
2026-04-30 08:37:29 +00:00: 2026-04-30 08:37:29,344 - __main__ - INFO - 📊 Style bank update: 288 tweets, avg 8435 likes, 189 with media (66%)
2026-04-30 14:37:29 +00:00: 2026-04-30 14:37:29,744 - __main__ - INFO - 📡 Scraping @Ozzny_CS2...
2026-04-30 14:37:29 +00:00: 2026-04-30 14:37:29,929 - __main__ - INFO - 🎟️  Guest token refreshed: 20498606...
2026-04-30 14:37:30 +00:00: 2026-04-30 14:37:30,597 - __main__ - INFO -   → 100 raw tweets fetched
2026-04-30 14:37:30 +00:00: 2026-04-30 14:37:30,599 - __main__ - INFO -   → 47 viral-worthy CS2 tweets
2026-04-30 14:37:33 +00:00: 2026-04-30 14:37:33,601 - __main__ - INFO - 📡 Scraping @ThourCS2...
2026-04-30 14:37:34 +00:00: 2026-04-30 14:37:34,157 - __main__ - INFO -   → 100 raw tweets fetched
2026-04-30 14:37:34 +00:00: 2026-04-30 14:37:34,159 - __main__ - INFO -   → 37 viral-worthy CS2 tweets
2026-04-30 14:37:37 +00:00: 2026-04-30 14:37:37,162 - __main__ - INFO - 📡 Scraping @CS2News_EN...
2026-04-30 14:37:37 +00:00: 2026-04-30 14:37:37,670 - __main__ - INFO -   → 100 raw tweets fetched
2026-04-30 14:37:37 +00:00: 2026-04-30 14:37:37,672 - __main__ - INFO -   → 50 viral-worthy CS2 tweets
2026-04-30 14:37:40 +00:00: 2026-04-30 14:37:40,674 - __main__ - INFO - 📡 Scraping @RazedEsport...
2026-04-30 14:37:41 +00:00: 2026-04-30 14:37:41,384 - __main__ - INFO -   → 99 raw tweets fetched
2026-04-30 14:37:41 +00:00: 2026-04-30 14:37:41,385 - __main__ - INFO -   → 36 viral-worthy CS2 tweets
2026-04-30 14:37:44 +00:00: 2026-04-30 14:37:44,388 - __main__ - INFO - 📡 Scraping @BLASTPremier...
2026-04-30 14:37:44 +00:00: 2026-04-30 14:37:44,843 - __main__ - INFO -   → 20 raw tweets fetched
2026-04-30 14:37:44 +00:00: 2026-04-30 14:37:44,843 - __main__ - INFO -   → 2 viral-worthy CS2 tweets
2026-04-30 14:37:47 +00:00: 2026-04-30 14:37:47,845 - __main__ - INFO - 📡 Scraping @HLTVorg...
2026-04-30 14:37:48 +00:00: 2026-04-30 14:37:48,321 - __main__ - INFO -   → 18 raw tweets fetched
2026-04-30 14:37:48 +00:00: 2026-04-30 14:37:48,322 - __main__ - INFO -   → 8 viral-worthy CS2 tweets
2026-04-30 14:37:51 +00:00: 2026-04-30 14:37:51,325 - __main__ - INFO - 📡 Scraping @CScribe...
2026-04-30 14:37:51 +00:00: 2026-04-30 14:37:51,476 - __main__ - INFO -   → 0 raw tweets fetched
2026-04-30 14:37:51 +00:00: 2026-04-30 14:37:51,476 - __main__ - INFO -   → 0 viral-worthy CS2 tweets
2026-04-30 14:37:54 +00:00: 2026-04-30 14:37:54,480 - __main__ - INFO - 📡 Scraping @Slasher...
2026-04-30 14:37:55 +00:00: 2026-04-30 14:37:55,010 - __main__ - INFO -   → 97 raw tweets fetched
2026-04-30 14:37:55 +00:00: 2026-04-30 14:37:55,012 - __main__ - INFO -   → 5 viral-worthy CS2 tweets
2026-04-30 14:37:58 +00:00: 2026-04-30 14:37:58,016 - __main__ - INFO - 📡 Scraping @Dust2us...
2026-04-30 14:37:58 +00:00: 2026-04-30 14:37:58,719 - __main__ - INFO -   → 100 raw tweets fetched
2026-04-30 14:37:58 +00:00: 2026-04-30 14:37:58,720 - __main__ - INFO -   → 63 viral-worthy CS2 tweets
2026-04-30 14:38:01 +00:00: 2026-04-30 14:38:01,723 - __main__ - INFO - 📡 Scraping @s1mpleO...
2026-04-30 14:38:02 +00:00: 2026-04-30 14:38:02,200 - __main__ - INFO -   → 79 raw tweets fetched
2026-04-30 14:38:02 +00:00: 2026-04-30 14:38:02,201 - __main__ - INFO -   → 35 viral-worthy CS2 tweets
2026-04-30 14:40:13 +00:00: 2026-04-30 14:40:13,817 - __main__ - INFO - 💾 Stored 283/283 tweets in style_bank
2026-04-30 14:40:13 +00:00: 2026-04-30 14:40:13,818 - __main__ - INFO - 📊 Style bank update: 283 tweets, avg 8585 likes, 183 with media (65%)
2026-04-30 20:40:14 +00:00: 2026-04-30 20:40:14,147 - __main__ - INFO - 📡 Scraping @Ozzny_CS2...
2026-04-30 20:40:14 +00:00: 2026-04-30 20:40:14,327 - __main__ - INFO - 🎟️  Guest token refreshed: 20499519...
2026-04-30 20:40:14 +00:00: 2026-04-30 20:40:14,905 - __main__ - INFO -   → 100 raw tweets fetched
2026-04-30 20:40:14 +00:00: 2026-04-30 20:40:14,906 - __main__ - INFO -   → 47 viral-worthy CS2 tweets
2026-04-30 20:40:17 +00:00: 2026-04-30 20:40:17,909 - __main__ - INFO - 📡 Scraping @ThourCS2...
2026-04-30 20:40:18 +00:00: 2026-04-30 20:40:18,412 - __main__ - INFO -   → 100 raw tweets fetched
2026-04-30 20:40:18 +00:00: 2026-04-30 20:40:18,413 - __main__ - INFO -   → 37 viral-worthy CS2 tweets
2026-04-30 20:40:21 +00:00: 2026-04-30 20:40:21,417 - __main__ - INFO - 📡 Scraping @CS2News_EN...
2026-04-30 20:40:21 +00:00: 2026-04-30 20:40:21,983 - __main__ - INFO -   → 100 raw tweets fetched
2026-04-30 20:40:21 +00:00: 2026-04-30 20:40:21,984 - __main__ - INFO -   → 50 viral-worthy CS2 tweets
2026-04-30 20:40:24 +00:00: 2026-04-30 20:40:24,987 - __main__ - INFO - 📡 Scraping @RazedEsport...
2026-04-30 20:40:25 +00:00: 2026-04-30 20:40:25,732 - __main__ - INFO -   → 99 raw tweets fetched
2026-04-30 20:40:25 +00:00: 2026-04-30 20:40:25,735 - __main__ - INFO -   → 36 viral-worthy CS2 tweets
2026-04-30 20:40:28 +00:00: 2026-04-30 20:40:28,737 - __main__ - INFO - 📡 Scraping @BLASTPremier...
2026-04-30 20:40:29 +00:00: 2026-04-30 20:40:29,360 - __main__ - INFO -   → 19 raw tweets fetched
2026-04-30 20:40:29 +00:00: 2026-04-30 20:40:29,362 - __main__ - INFO -   → 4 viral-worthy CS2 tweets
2026-04-30 20:40:32 +00:00: 2026-04-30 20:40:32,364 - __main__ - INFO - 📡 Scraping @HLTVorg...
2026-04-30 20:40:32 +00:00: 2026-04-30 20:40:32,916 - __main__ - INFO -   → 19 raw tweets fetched
2026-04-30 20:40:32 +00:00: 2026-04-30 20:40:32,917 - __main__ - INFO -   → 10 viral-worthy CS2 tweets
2026-04-30 20:40:35 +00:00: 2026-04-30 20:40:35,921 - __main__ - INFO - 📡 Scraping @CScribe...
2026-04-30 20:40:36 +00:00: 2026-04-30 20:40:36,085 - __main__ - INFO -   → 0 raw tweets fetched
2026-04-30 20:40:36 +00:00: 2026-04-30 20:40:36,085 - __main__ - INFO -   → 0 viral-worthy CS2 tweets
2026-04-30 20:40:39 +00:00: 2026-04-30 20:40:39,088 - __main__ - INFO - 📡 Scraping @Slasher...
2026-04-30 20:40:39 +00:00: 2026-04-30 20:40:39,633 - __main__ - INFO -   → 97 raw tweets fetched
2026-04-30 20:40:39 +00:00: 2026-04-30 20:40:39,636 - __main__ - INFO -   → 5 viral-worthy CS2 tweets
2026-04-30 20:40:42 +00:00: 2026-04-30 20:40:42,640 - __main__ - INFO - 📡 Scraping @Dust2us...
2026-04-30 20:40:43 +00:00: 2026-04-30 20:40:43,278 - __main__ - INFO -   → 100 raw tweets fetched
2026-04-30 20:40:43 +00:00: 2026-04-30 20:40:43,280 - __main__ - INFO -   → 63 viral-worthy CS2 tweets
2026-04-30 20:40:46 +00:00: 2026-04-30 20:40:46,284 - __main__ - INFO - 📡 Scraping @s1mpleO...
2026-04-30 20:40:46 +00:00: 2026-04-30 20:40:46,791 - __main__ - INFO -   → 79 raw tweets fetched
2026-04-30 20:40:46 +00:00: 2026-04-30 20:40:46,793 - __main__ - INFO -   → 35 viral-worthy CS2 tweets
2026-04-30 20:43:00 +00:00: 2026-04-30 20:43:00,114 - __main__ - INFO - 💾 Stored 287/287 tweets in style_bank
2026-04-30 20:43:00 +00:00: 2026-04-30 20:43:00,115 - __main__ - INFO - 📊 Style bank update: 287 tweets, avg 8454 likes, 189 with media (66%)
2026-05-01 02:43:00 +00:00: 2026-05-01 02:43:00,219 - utils.db_utils - WARNING - ⚠️  DB connection stale — reconnecting…
2026-05-01 02:43:01 +00:00: 2026-05-01 02:43:01,130 - utils.db_utils - INFO - ✅ Reconnected to PostgreSQL
2026-05-01 02:43:01 +00:00: 2026-05-01 02:43:01,131 - __main__ - INFO - 📡 Scraping @Ozzny_CS2...
2026-05-01 02:43:01 +00:00: 2026-05-01 02:43:01,535 - __main__ - INFO - 🎟️  Guest token refreshed: 20500432...
2026-05-01 02:43:02 +00:00: 2026-05-01 02:43:02,208 - __main__ - INFO -   → 100 raw tweets fetched
2026-05-01 02:43:02 +00:00: 2026-05-01 02:43:02,209 - __main__ - INFO -   → 47 viral-worthy CS2 tweets
2026-05-01 02:43:05 +00:00: 2026-05-01 02:43:05,213 - __main__ - INFO - 📡 Scraping @ThourCS2...
2026-05-01 02:43:05 +00:00: 2026-05-01 02:43:05,734 - __main__ - INFO -   → 100 raw tweets fetched
2026-05-01 02:43:05 +00:00: 2026-05-01 02:43:05,736 - __main__ - INFO -   → 37 viral-worthy CS2 tweets
2026-05-01 02:43:08 +00:00: 2026-05-01 02:43:08,740 - __main__ - INFO - 📡 Scraping @CS2News_EN...
2026-05-01 02:43:09 +00:00: 2026-05-01 02:43:09,250 - __main__ - INFO -   → 100 raw tweets fetched
2026-05-01 02:43:09 +00:00: 2026-05-01 02:43:09,252 - __main__ - INFO -   → 50 viral-worthy CS2 tweets
2026-05-01 02:43:12 +00:00: 2026-05-01 02:43:12,255 - __main__ - INFO - 📡 Scraping @RazedEsport...
2026-05-01 02:43:12 +00:00: 2026-05-01 02:43:12,939 - __main__ - INFO -   → 99 raw tweets fetched
2026-05-01 02:43:12 +00:00: 2026-05-01 02:43:12,940 - __main__ - INFO -   → 36 viral-worthy CS2 tweets
2026-05-01 02:43:15 +00:00: 2026-05-01 02:43:15,944 - __main__ - INFO - 📡 Scraping @BLASTPremier...
2026-05-01 02:43:16 +00:00: 2026-05-01 02:43:16,401 - __main__ - INFO -   → 18 raw tweets fetched
2026-05-01 02:43:16 +00:00: 2026-05-01 02:43:16,401 - __main__ - INFO -   → 4 viral-worthy CS2 tweets
2026-05-01 02:43:19 +00:00: 2026-05-01 02:43:19,405 - __main__ - INFO - 📡 Scraping @HLTVorg...
2026-05-01 02:43:19 +00:00: 2026-05-01 02:43:19,846 - __main__ - INFO -   → 20 raw tweets fetched
2026-05-01 02:43:19 +00:00: 2026-05-01 02:43:19,846 - __main__ - INFO -   → 14 viral-worthy CS2 tweets
2026-05-01 02:43:22 +00:00: 2026-05-01 02:43:22,849 - __main__ - INFO - 📡 Scraping @CScribe...
2026-05-01 02:43:23 +00:00: 2026-05-01 02:43:23,002 - __main__ - INFO -   → 0 raw tweets fetched
2026-05-01 02:43:23 +00:00: 2026-05-01 02:43:23,003 - __main__ - INFO -   → 0 viral-worthy CS2 tweets
2026-05-01 02:43:26 +00:00: 2026-05-01 02:43:26,004 - __main__ - INFO - 📡 Scraping @Slasher...
2026-05-01 02:43:26 +00:00: 2026-05-01 02:43:26,562 - __main__ - INFO -   → 97 raw tweets fetched
2026-05-01 02:43:26 +00:00: 2026-05-01 02:43:26,563 - __main__ - INFO -   → 5 viral-worthy CS2 tweets
2026-05-01 02:43:29 +00:00: 2026-05-01 02:43:29,565 - __main__ - INFO - 📡 Scraping @Dust2us...
2026-05-01 02:43:30 +00:00: 2026-05-01 02:43:30,144 - __main__ - INFO -   → 100 raw tweets fetched
2026-05-01 02:43:30 +00:00: 2026-05-01 02:43:30,145 - __main__ - INFO -   → 63 viral-worthy CS2 tweets
2026-05-01 02:43:33 +00:00: 2026-05-01 02:43:33,149 - __main__ - INFO - 📡 Scraping @s1mpleO...
2026-05-01 02:43:33 +00:00: 2026-05-01 02:43:33,669 - __main__ - INFO -   → 79 raw tweets fetched
2026-05-01 02:43:33 +00:00: 2026-05-01 02:43:33,671 - __main__ - INFO -   → 35 viral-worthy CS2 tweets
2026-05-01 02:45:47 +00:00: 2026-05-01 02:45:47,091 - __main__ - INFO - 💾 Stored 291/291 tweets in style_bank
2026-05-01 02:45:47 +00:00: 2026-05-01 02:45:47,092 - __main__ - INFO - 📊 Style bank update: 291 tweets, avg 8360 likes, 192 with media (66%)
2026-05-01 08:45:47 +00:00: 2026-05-01 08:45:47,492 - __main__ - INFO - 📡 Scraping @Ozzny_CS2...
2026-05-01 08:45:47 +00:00: 2026-05-01 08:45:47,676 - __main__ - INFO - 🎟️  Guest token refreshed: 20501345...
2026-05-01 08:45:48 +00:00: 2026-05-01 08:45:48,307 - __main__ - INFO -   → 100 raw tweets fetched
2026-05-01 08:45:48 +00:00: 2026-05-01 08:45:48,309 - __main__ - INFO -   → 47 viral-worthy CS2 tweets
2026-05-01 08:45:51 +00:00: 2026-05-01 08:45:51,312 - __main__ - INFO - 📡 Scraping @ThourCS2...
2026-05-01 08:45:51 +00:00: 2026-05-01 08:45:51,822 - __main__ - INFO -   → 100 raw tweets fetched
2026-05-01 08:45:51 +00:00: 2026-05-01 08:45:51,823 - __main__ - INFO -   → 37 viral-worthy CS2 tweets
2026-05-01 08:45:54 +00:00: 2026-05-01 08:45:54,827 - __main__ - INFO - 📡 Scraping @CS2News_EN...
2026-05-01 08:45:55 +00:00: 2026-05-01 08:45:55,316 - __main__ - INFO -   → 100 raw tweets fetched
2026-05-01 08:45:55 +00:00: 2026-05-01 08:45:55,317 - __main__ - INFO -   → 50 viral-worthy CS2 tweets
2026-05-01 08:45:58 +00:00: 2026-05-01 08:45:58,321 - __main__ - INFO - 📡 Scraping @RazedEsport...
2026-05-01 08:45:58 +00:00: 2026-05-01 08:45:58,994 - __main__ - INFO -   → 99 raw tweets fetched
2026-05-01 08:45:58 +00:00: 2026-05-01 08:45:58,995 - __main__ - INFO -   → 36 viral-worthy CS2 tweets
2026-05-01 08:46:01 +00:00: 2026-05-01 08:46:01,999 - __main__ - INFO - 📡 Scraping @BLASTPremier...
2026-05-01 08:46:02 +00:00: 2026-05-01 08:46:02,512 - __main__ - INFO -   → 18 raw tweets fetched
2026-05-01 08:46:02 +00:00: 2026-05-01 08:46:02,514 - __main__ - INFO -   → 7 viral-worthy CS2 tweets
2026-05-01 08:46:05 +00:00: 2026-05-01 08:46:05,517 - __main__ - INFO - 📡 Scraping @HLTVorg...
2026-05-01 08:46:05 +00:00: 2026-05-01 08:46:05,996 - __main__ - INFO -   → 20 raw tweets fetched
2026-05-01 08:46:05 +00:00: 2026-05-01 08:46:05,997 - __main__ - INFO -   → 15 viral-worthy CS2 tweets
2026-05-01 08:46:09 +00:00: 2026-05-01 08:46:09,000 - __main__ - INFO - 📡 Scraping @CScribe...
2026-05-01 08:46:09 +00:00: 2026-05-01 08:46:09,152 - __main__ - INFO -   → 0 raw tweets fetched
2026-05-01 08:46:09 +00:00: 2026-05-01 08:46:09,152 - __main__ - INFO -   → 0 viral-worthy CS2 tweets
2026-05-01 08:46:12 +00:00: 2026-05-01 08:46:12,156 - __main__ - INFO - 📡 Scraping @Slasher...
2026-05-01 08:46:12 +00:00: 2026-05-01 08:46:12,668 - __main__ - INFO -   → 97 raw tweets fetched
2026-05-01 08:46:12 +00:00: 2026-05-01 08:46:12,669 - __main__ - INFO -   → 5 viral-worthy CS2 tweets
2026-05-01 08:46:15 +00:00: 2026-05-01 08:46:15,673 - __main__ - INFO - 📡 Scraping @Dust2us...
2026-05-01 08:46:16 +00:00: 2026-05-01 08:46:16,228 - __main__ - INFO -   → 100 raw tweets fetched
2026-05-01 08:46:16 +00:00: 2026-05-01 08:46:16,230 - __main__ - INFO -   → 63 viral-worthy CS2 tweets
2026-05-01 08:46:19 +00:00: 2026-05-01 08:46:19,233 - __main__ - INFO - 📡 Scraping @s1mpleO...
2026-05-01 08:46:19 +00:00: 2026-05-01 08:46:19,704 - __main__ - INFO -   → 79 raw tweets fetched
2026-05-01 08:46:19 +00:00: 2026-05-01 08:46:19,706 - __main__ - INFO -   → 35 viral-worthy CS2 tweets
2026-05-01 08:48:35 +00:00: 2026-05-01 08:48:35,037 - __main__ - INFO - 💾 Stored 295/295 tweets in style_bank
2026-05-01 08:48:35 +00:00: 2026-05-01 08:48:35,040 - __main__ - INFO - 📊 Style bank update: 295 tweets, avg 8257 likes, 194 with media (66%)
2026-05-01 14:48:35 +00:00: 2026-05-01 14:48:35,353 - __main__ - INFO - 📡 Scraping @Ozzny_CS2...
2026-05-01 14:48:35 +00:00: 2026-05-01 14:48:35,564 - __main__ - INFO - 🎟️  Guest token refreshed: 20502258...
2026-05-01 14:48:36 +00:00: 2026-05-01 14:48:36,265 - __main__ - INFO -   → 100 raw tweets fetched
2026-05-01 14:48:36 +00:00: 2026-05-01 14:48:36,266 - __main__ - INFO -   → 47 viral-worthy CS2 tweets
2026-05-01 14:48:39 +00:00: 2026-05-01 14:48:39,270 - __main__ - INFO - 📡 Scraping @ThourCS2...
2026-05-01 14:48:39 +00:00: 2026-05-01 14:48:39,896 - __main__ - INFO -   → 100 raw tweets fetched
2026-05-01 14:48:39 +00:00: 2026-05-01 14:48:39,898 - __main__ - INFO -   → 37 viral-worthy CS2 tweets
2026-05-01 14:48:42 +00:00: 2026-05-01 14:48:42,901 - __main__ - INFO - 📡 Scraping @CS2News_EN...
2026-05-01 14:48:43 +00:00: 2026-05-01 14:48:43,425 - __main__ - INFO -   → 100 raw tweets fetched
2026-05-01 14:48:43 +00:00: 2026-05-01 14:48:43,426 - __main__ - INFO -   → 50 viral-worthy CS2 tweets
2026-05-01 14:48:46 +00:00: 2026-05-01 14:48:46,430 - __main__ - INFO - 📡 Scraping @RazedEsport...
2026-05-01 14:48:47 +00:00: 2026-05-01 14:48:47,184 - __main__ - INFO -   → 99 raw tweets fetched
2026-05-01 14:48:47 +00:00: 2026-05-01 14:48:47,186 - __main__ - INFO -   → 36 viral-worthy CS2 tweets
2026-05-01 14:48:50 +00:00: 2026-05-01 14:48:50,190 - __main__ - INFO - 📡 Scraping @BLASTPremier...
2026-05-01 14:48:50 +00:00: 2026-05-01 14:48:50,758 - __main__ - INFO -   → 16 raw tweets fetched
2026-05-01 14:48:50 +00:00: 2026-05-01 14:48:50,759 - __main__ - INFO -   → 5 viral-worthy CS2 tweets
2026-05-01 14:48:53 +00:00: 2026-05-01 14:48:53,762 - __main__ - INFO - 📡 Scraping @HLTVorg...
2026-05-01 14:48:54 +00:00: 2026-05-01 14:48:54,239 - __main__ - INFO -   → 21 raw tweets fetched
2026-05-01 14:48:54 +00:00: 2026-05-01 14:48:54,239 - __main__ - INFO -   → 16 viral-worthy CS2 tweets
2026-05-01 14:48:57 +00:00: 2026-05-01 14:48:57,243 - __main__ - INFO - 📡 Scraping @CScribe...
2026-05-01 14:48:57 +00:00: 2026-05-01 14:48:57,394 - __main__ - INFO -   → 0 raw tweets fetched
2026-05-01 14:48:57 +00:00: 2026-05-01 14:48:57,394 - __main__ - INFO -   → 0 viral-worthy CS2 tweets
2026-05-01 14:49:00 +00:00: 2026-05-01 14:49:00,398 - __main__ - INFO - 📡 Scraping @Slasher...
2026-05-01 14:49:00 +00:00: 2026-05-01 14:49:00,910 - __main__ - INFO -   → 97 raw tweets fetched
2026-05-01 14:49:00 +00:00: 2026-05-01 14:49:00,912 - __main__ - INFO -   → 5 viral-worthy CS2 tweets
2026-05-01 14:49:03 +00:00: 2026-05-01 14:49:03,916 - __main__ - INFO - 📡 Scraping @Dust2us...
2026-05-01 14:49:04 +00:00: 2026-05-01 14:49:04,498 - __main__ - INFO -   → 100 raw tweets fetched
2026-05-01 14:49:04 +00:00: 2026-05-01 14:49:04,499 - __main__ - INFO -   → 63 viral-worthy CS2 tweets
2026-05-01 14:49:07 +00:00: 2026-05-01 14:49:07,500 - __main__ - INFO - 📡 Scraping @s1mpleO...
2026-05-01 14:49:08 +00:00: 2026-05-01 14:49:08,000 - __main__ - INFO -   → 79 raw tweets fetched
2026-05-01 14:49:08 +00:00: 2026-05-01 14:49:08,001 - __main__ - INFO -   → 35 viral-worthy CS2 tweets
2026-05-01 14:51:22 +00:00: 2026-05-01 14:51:22,808 - __main__ - INFO - 💾 Stored 294/294 tweets in style_bank
2026-05-01 14:51:22 +00:00: 2026-05-01 14:51:22,809 - __main__ - INFO - 📊 Style bank update: 294 tweets, avg 8291 likes, 192 with media (65%)
2026-05-01 20:51:23 +00:00: 2026-05-01 20:51:23,138 - __main__ - INFO - 📡 Scraping @Ozzny_CS2...
2026-05-01 20:51:23 +00:00: 2026-05-01 20:51:23,356 - __main__ - INFO - 🎟️  Guest token refreshed: 20503171...
2026-05-01 20:51:23 +00:00: 2026-05-01 20:51:23,971 - __main__ - INFO -   → 100 raw tweets fetched
2026-05-01 20:51:23 +00:00: 2026-05-01 20:51:23,972 - __main__ - INFO -   → 47 viral-worthy CS2 tweets
2026-05-01 20:51:26 +00:00: 2026-05-01 20:51:26,976 - __main__ - INFO - 📡 Scraping @ThourCS2...
2026-05-01 20:51:27 +00:00: 2026-05-01 20:51:27,528 - __main__ - INFO -   → 100 raw tweets fetched
2026-05-01 20:51:27 +00:00: 2026-05-01 20:51:27,529 - __main__ - INFO -   → 37 viral-worthy CS2 tweets
2026-05-01 20:51:30 +00:00: 2026-05-01 20:51:30,533 - __main__ - INFO - 📡 Scraping @CS2News_EN...
2026-05-01 20:51:31 +00:00: 2026-05-01 20:51:31,061 - __main__ - INFO -   → 100 raw tweets fetched
2026-05-01 20:51:31 +00:00: 2026-05-01 20:51:31,062 - __main__ - INFO -   → 50 viral-worthy CS2 tweets
2026-05-01 20:51:34 +00:00: 2026-05-01 20:51:34,066 - __main__ - INFO - 📡 Scraping @RazedEsport...
2026-05-01 20:51:34 +00:00: 2026-05-01 20:51:34,780 - __main__ - INFO -   → 99 raw tweets fetched
2026-05-01 20:51:34 +00:00: 2026-05-01 20:51:34,782 - __main__ - INFO -   → 36 viral-worthy CS2 tweets
2026-05-01 20:51:37 +00:00: 2026-05-01 20:51:37,785 - __main__ - INFO - 📡 Scraping @BLASTPremier...
2026-05-01 20:51:38 +00:00: 2026-05-01 20:51:38,324 - __main__ - INFO -   → 18 raw tweets fetched
2026-05-01 20:51:38 +00:00: 2026-05-01 20:51:38,326 - __main__ - INFO -   → 3 viral-worthy CS2 tweets
2026-05-01 20:51:41 +00:00: 2026-05-01 20:51:41,329 - __main__ - INFO - 📡 Scraping @HLTVorg...
2026-05-01 20:51:41 +00:00: 2026-05-01 20:51:41,768 - __main__ - INFO -   → 19 raw tweets fetched
2026-05-01 20:51:41 +00:00: 2026-05-01 20:51:41,768 - __main__ - INFO -   → 13 viral-worthy CS2 tweets
2026-05-01 20:51:44 +00:00: 2026-05-01 20:51:44,771 - __main__ - INFO - 📡 Scraping @CScribe...
2026-05-01 20:51:44 +00:00: 2026-05-01 20:51:44,929 - __main__ - INFO -   → 0 raw tweets fetched
2026-05-01 20:51:44 +00:00: 2026-05-01 20:51:44,929 - __main__ - INFO -   → 0 viral-worthy CS2 tweets
2026-05-01 20:51:47 +00:00: 2026-05-01 20:51:47,934 - __main__ - INFO - 📡 Scraping @Slasher...
2026-05-01 20:51:48 +00:00: 2026-05-01 20:51:48,458 - __main__ - INFO -   → 97 raw tweets fetched
2026-05-01 20:51:48 +00:00: 2026-05-01 20:51:48,459 - __main__ - INFO -   → 5 viral-worthy CS2 tweets
2026-05-01 20:51:51 +00:00: 2026-05-01 20:51:51,463 - __main__ - INFO - 📡 Scraping @Dust2us...
2026-05-01 20:51:52 +00:00: 2026-05-01 20:51:52,118 - __main__ - INFO -   → 100 raw tweets fetched
2026-05-01 20:51:52 +00:00: 2026-05-01 20:51:52,121 - __main__ - INFO -   → 63 viral-worthy CS2 tweets
2026-05-01 20:51:55 +00:00: 2026-05-01 20:51:55,125 - __main__ - INFO - 📡 Scraping @s1mpleO...
2026-05-01 20:51:55 +00:00: 2026-05-01 20:51:55,637 - __main__ - INFO -   → 79 raw tweets fetched
2026-05-01 20:51:55 +00:00: 2026-05-01 20:51:55,637 - __main__ - INFO -   → 35 viral-worthy CS2 tweets
2026-05-01 20:54:08 +00:00: 2026-05-01 20:54:08,232 - __main__ - INFO - 💾 Stored 289/289 tweets in style_bank
2026-05-01 20:54:08 +00:00: 2026-05-01 20:54:08,233 - __main__ - INFO - 📊 Style bank update: 289 tweets, avg 8402 likes, 188 with media (65%)
2026-05-02 02:54:08 +00:00: 2026-05-02 02:54:08,549 - __main__ - INFO - 📡 Scraping @Ozzny_CS2...
2026-05-02 02:54:08 +00:00: 2026-05-02 02:54:08,780 - __main__ - INFO - 🎟️  Guest token refreshed: 20504084...
2026-05-02 02:54:09 +00:00: 2026-05-02 02:54:09,449 - __main__ - INFO -   → 100 raw tweets fetched
2026-05-02 02:54:09 +00:00: 2026-05-02 02:54:09,450 - __main__ - INFO -   → 47 viral-worthy CS2 tweets
2026-05-02 02:54:12 +00:00: 2026-05-02 02:54:12,453 - __main__ - INFO - 📡 Scraping @ThourCS2...
2026-05-02 02:54:12 +00:00: 2026-05-02 02:54:12,923 - __main__ - INFO -   → 100 raw tweets fetched
2026-05-02 02:54:12 +00:00: 2026-05-02 02:54:12,924 - __main__ - INFO -   → 37 viral-worthy CS2 tweets
2026-05-02 02:54:15 +00:00: 2026-05-02 02:54:15,928 - __main__ - INFO - 📡 Scraping @CS2News_EN...
2026-05-02 02:54:16 +00:00: 2026-05-02 02:54:16,687 - __main__ - INFO -   → 100 raw tweets fetched
2026-05-02 02:54:16 +00:00: 2026-05-02 02:54:16,689 - __main__ - INFO -   → 50 viral-worthy CS2 tweets
2026-05-02 02:54:19 +00:00: 2026-05-02 02:54:19,692 - __main__ - INFO - 📡 Scraping @RazedEsport...
2026-05-02 02:54:20 +00:00: 2026-05-02 02:54:20,397 - __main__ - INFO -   → 99 raw tweets fetched
2026-05-02 02:54:20 +00:00: 2026-05-02 02:54:20,399 - __main__ - INFO -   → 36 viral-worthy CS2 tweets
2026-05-02 02:54:23 +00:00: 2026-05-02 02:54:23,403 - __main__ - INFO - 📡 Scraping @BLASTPremier...
2026-05-02 02:54:23 +00:00: 2026-05-02 02:54:23,833 - __main__ - INFO -   → 19 raw tweets fetched
2026-05-02 02:54:23 +00:00: 2026-05-02 02:54:23,834 - __main__ - INFO -   → 2 viral-worthy CS2 tweets
2026-05-02 02:54:26 +00:00: 2026-05-02 02:54:26,838 - __main__ - INFO - 📡 Scraping @HLTVorg...
2026-05-02 02:54:27 +00:00: 2026-05-02 02:54:27,236 - __main__ - INFO -   → 20 raw tweets fetched
2026-05-02 02:54:27 +00:00: 2026-05-02 02:54:27,237 - __main__ - INFO -   → 12 viral-worthy CS2 tweets
2026-05-02 02:54:30 +00:00: 2026-05-02 02:54:30,240 - __main__ - INFO - 📡 Scraping @CScribe...
2026-05-02 02:54:30 +00:00: 2026-05-02 02:54:30,393 - __main__ - INFO -   → 0 raw tweets fetched
2026-05-02 02:54:30 +00:00: 2026-05-02 02:54:30,393 - __main__ - INFO -   → 0 viral-worthy CS2 tweets
2026-05-02 02:54:33 +00:00: 2026-05-02 02:54:33,397 - __main__ - INFO - 📡 Scraping @Slasher...
2026-05-02 02:54:33 +00:00: 2026-05-02 02:54:33,998 - __main__ - INFO -   → 97 raw tweets fetched
2026-05-02 02:54:34 +00:00: 2026-05-02 02:54:34,001 - __main__ - INFO -   → 5 viral-worthy CS2 tweets
2026-05-02 02:54:37 +00:00: 2026-05-02 02:54:37,005 - __main__ - INFO - 📡 Scraping @Dust2us...
2026-05-02 02:54:37 +00:00: 2026-05-02 02:54:37,572 - __main__ - INFO -   → 100 raw tweets fetched
2026-05-02 02:54:37 +00:00: 2026-05-02 02:54:37,573 - __main__ - INFO -   → 63 viral-worthy CS2 tweets
2026-05-02 02:54:40 +00:00: 2026-05-02 02:54:40,577 - __main__ - INFO - 📡 Scraping @s1mpleO...
2026-05-02 02:54:41 +00:00: 2026-05-02 02:54:41,075 - __main__ - INFO -   → 79 raw tweets fetched
2026-05-02 02:54:41 +00:00: 2026-05-02 02:54:41,075 - __main__ - INFO -   → 35 viral-worthy CS2 tweets
2026-05-02 02:56:52 +00:00: 2026-05-02 02:56:52,878 - __main__ - INFO - 💾 Stored 287/287 tweets in style_bank
2026-05-02 02:56:52 +00:00: 2026-05-02 02:56:52,879 - __main__ - INFO - 📊 Style bank update: 287 tweets, avg 8473 likes, 189 with media (66%)
2026-05-02 08:56:53 +00:00: 2026-05-02 08:56:53,259 - __main__ - INFO - 📡 Scraping @Ozzny_CS2...
2026-05-02 08:56:53 +00:00: 2026-05-02 08:56:53,480 - __main__ - INFO - 🎟️  Guest token refreshed: 20504997...
2026-05-02 08:56:54 +00:00: 2026-05-02 08:56:54,075 - __main__ - INFO -   → 100 raw tweets fetched
2026-05-02 08:56:54 +00:00: 2026-05-02 08:56:54,076 - __main__ - INFO -   → 47 viral-worthy CS2 tweets
2026-05-02 08:56:57 +00:00: 2026-05-02 08:56:57,079 - __main__ - INFO - 📡 Scraping @ThourCS2...
2026-05-02 08:56:57 +00:00: 2026-05-02 08:56:57,599 - __main__ - INFO -   → 100 raw tweets fetched
2026-05-02 08:56:57 +00:00: 2026-05-02 08:56:57,600 - __main__ - INFO -   → 37 viral-worthy CS2 tweets
2026-05-02 08:57:00 +00:00: 2026-05-02 08:57:00,605 - __main__ - INFO - 📡 Scraping @CS2News_EN...
2026-05-02 08:57:01 +00:00: 2026-05-02 08:57:01,117 - __main__ - INFO -   → 100 raw tweets fetched
2026-05-02 08:57:01 +00:00: 2026-05-02 08:57:01,119 - __main__ - INFO -   → 50 viral-worthy CS2 tweets
2026-05-02 08:57:04 +00:00: 2026-05-02 08:57:04,120 - __main__ - INFO - 📡 Scraping @RazedEsport...
2026-05-02 08:57:04 +00:00: 2026-05-02 08:57:04,777 - __main__ - INFO -   → 99 raw tweets fetched
2026-05-02 08:57:04 +00:00: 2026-05-02 08:57:04,778 - __main__ - INFO -   → 36 viral-worthy CS2 tweets
2026-05-02 08:57:07 +00:00: 2026-05-02 08:57:07,779 - __main__ - INFO - 📡 Scraping @BLASTPremier...
2026-05-02 08:57:08 +00:00: 2026-05-02 08:57:08,206 - __main__ - INFO -   → 19 raw tweets fetched
2026-05-02 08:57:08 +00:00: 2026-05-02 08:57:08,206 - __main__ - INFO -   → 7 viral-worthy CS2 tweets
2026-05-02 08:57:11 +00:00: 2026-05-02 08:57:11,210 - __main__ - INFO - 📡 Scraping @HLTVorg...
2026-05-02 08:57:11 +00:00: 2026-05-02 08:57:11,657 - __main__ - INFO -   → 20 raw tweets fetched
2026-05-02 08:57:11 +00:00: 2026-05-02 08:57:11,658 - __main__ - INFO -   → 13 viral-worthy CS2 tweets
2026-05-02 08:57:14 +00:00: 2026-05-02 08:57:14,661 - __main__ - INFO - 📡 Scraping @CScribe...
2026-05-02 08:57:14 +00:00: 2026-05-02 08:57:14,822 - __main__ - INFO -   → 0 raw tweets fetched
2026-05-02 08:57:14 +00:00: 2026-05-02 08:57:14,823 - __main__ - INFO -   → 0 viral-worthy CS2 tweets
2026-05-02 08:57:17 +00:00: 2026-05-02 08:57:17,826 - __main__ - INFO - 📡 Scraping @Slasher...
2026-05-02 08:57:18 +00:00: 2026-05-02 08:57:18,298 - __main__ - INFO -   → 97 raw tweets fetched
2026-05-02 08:57:18 +00:00: 2026-05-02 08:57:18,300 - __main__ - INFO -   → 5 viral-worthy CS2 tweets
2026-05-02 08:57:21 +00:00: 2026-05-02 08:57:21,304 - __main__ - INFO - 📡 Scraping @Dust2us...
2026-05-02 08:57:21 +00:00: 2026-05-02 08:57:21,827 - __main__ - INFO -   → 100 raw tweets fetched
2026-05-02 08:57:21 +00:00: 2026-05-02 08:57:21,828 - __main__ - INFO -   → 63 viral-worthy CS2 tweets
2026-05-02 08:57:24 +00:00: 2026-05-02 08:57:24,829 - __main__ - INFO - 📡 Scraping @s1mpleO...
2026-05-02 08:57:25 +00:00: 2026-05-02 08:57:25,266 - __main__ - INFO -   → 79 raw tweets fetched
2026-05-02 08:57:25 +00:00: 2026-05-02 08:57:25,267 - __main__ - INFO -   → 35 viral-worthy CS2 tweets
2026-05-02 08:59:39 +00:00: 2026-05-02 08:59:39,707 - __main__ - INFO - 💾 Stored 293/293 tweets in style_bank
2026-05-02 08:59:39 +00:00: 2026-05-02 08:59:39,708 - __main__ - INFO - 📊 Style bank update: 293 tweets, avg 8313 likes, 193 with media (66%)
2026-05-02 14:59:40 +00:00: 2026-05-02 14:59:40,088 - __main__ - INFO - 📡 Scraping @Ozzny_CS2...
2026-05-02 14:59:40 +00:00: 2026-05-02 14:59:40,246 - __main__ - INFO - 🎟️  Guest token refreshed: 20505910...
2026-05-02 14:59:40 +00:00: 2026-05-02 14:59:40,786 - __main__ - INFO -   → 100 raw tweets fetched
2026-05-02 14:59:40 +00:00: 2026-05-02 14:59:40,788 - __main__ - INFO -   → 47 viral-worthy CS2 tweets
2026-05-02 14:59:43 +00:00: 2026-05-02 14:59:43,792 - __main__ - INFO - 📡 Scraping @ThourCS2...
2026-05-02 14:59:44 +00:00: 2026-05-02 14:59:44,433 - __main__ - INFO -   → 100 raw tweets fetched
2026-05-02 14:59:44 +00:00: 2026-05-02 14:59:44,435 - __main__ - INFO -   → 37 viral-worthy CS2 tweets
2026-05-02 14:59:47 +00:00: 2026-05-02 14:59:47,438 - __main__ - INFO - 📡 Scraping @CS2News_EN...
2026-05-02 14:59:47 +00:00: 2026-05-02 14:59:47,944 - __main__ - INFO -   → 100 raw tweets fetched
2026-05-02 14:59:47 +00:00: 2026-05-02 14:59:47,945 - __main__ - INFO -   → 50 viral-worthy CS2 tweets
2026-05-02 14:59:50 +00:00: 2026-05-02 14:59:50,948 - __main__ - INFO - 📡 Scraping @RazedEsport...
2026-05-02 14:59:51 +00:00: 2026-05-02 14:59:51,680 - __main__ - INFO -   → 99 raw tweets fetched
2026-05-02 14:59:51 +00:00: 2026-05-02 14:59:51,680 - __main__ - INFO -   → 36 viral-worthy CS2 tweets
2026-05-02 14:59:54 +00:00: 2026-05-02 14:59:54,684 - __main__ - INFO - 📡 Scraping @BLASTPremier...
2026-05-02 14:59:55 +00:00: 2026-05-02 14:59:55,161 - __main__ - INFO -   → 17 raw tweets fetched
2026-05-02 14:59:55 +00:00: 2026-05-02 14:59:55,162 - __main__ - INFO -   → 7 viral-worthy CS2 tweets
2026-05-02 14:59:58 +00:00: 2026-05-02 14:59:58,165 - __main__ - INFO - 📡 Scraping @HLTVorg...
2026-05-02 14:59:59 +00:00: 2026-05-02 14:59:59,063 - __main__ - INFO -   → 19 raw tweets fetched
2026-05-02 14:59:59 +00:00: 2026-05-02 14:59:59,063 - __main__ - INFO -   → 11 viral-worthy CS2 tweets
2026-05-02 15:00:02 +00:00: 2026-05-02 15:00:02,067 - __main__ - INFO - 📡 Scraping @CScribe...
2026-05-02 15:00:02 +00:00: 2026-05-02 15:00:02,220 - __main__ - INFO -   → 0 raw tweets fetched
2026-05-02 15:00:02 +00:00: 2026-05-02 15:00:02,221 - __main__ - INFO -   → 0 viral-worthy CS2 tweets
2026-05-02 15:00:05 +00:00: 2026-05-02 15:00:05,224 - __main__ - INFO - 📡 Scraping @Slasher...
2026-05-02 15:00:05 +00:00: 2026-05-02 15:00:05,857 - __main__ - INFO -   → 97 raw tweets fetched
2026-05-02 15:00:05 +00:00: 2026-05-02 15:00:05,858 - __main__ - INFO -   → 5 viral-worthy CS2 tweets
2026-05-02 15:00:08 +00:00: 2026-05-02 15:00:08,861 - __main__ - INFO - 📡 Scraping @Dust2us...
2026-05-02 15:00:09 +00:00: 2026-05-02 15:00:09,435 - __main__ - INFO -   → 100 raw tweets fetched
2026-05-02 15:00:09 +00:00: 2026-05-02 15:00:09,437 - __main__ - INFO -   → 63 viral-worthy CS2 tweets
2026-05-02 15:00:12 +00:00: 2026-05-02 15:00:12,440 - __main__ - INFO - 📡 Scraping @s1mpleO...
2026-05-02 15:00:12 +00:00: 2026-05-02 15:00:12,992 - __main__ - INFO -   → 79 raw tweets fetched
2026-05-02 15:00:12 +00:00: 2026-05-02 15:00:12,994 - __main__ - INFO -   → 35 viral-worthy CS2 tweets
2026-05-02 15:02:26 +00:00: 2026-05-02 15:02:26,517 - __main__ - INFO - 💾 Stored 291/291 tweets in style_bank
2026-05-02 15:02:26 +00:00: 2026-05-02 15:02:26,518 - __main__ - INFO - 📊 Style bank update: 291 tweets, avg 8365 likes, 190 with media (65%)
2026-05-02 21:02:26 +00:00: 2026-05-02 21:02:26,918 - __main__ - INFO - 📡 Scraping @Ozzny_CS2...
2026-05-02 21:02:27 +00:00: 2026-05-02 21:02:27,142 - __main__ - INFO - 🎟️  Guest token refreshed: 20506823...
2026-05-02 21:02:27 +00:00: 2026-05-02 21:02:27,771 - __main__ - INFO -   → 100 raw tweets fetched
2026-05-02 21:02:27 +00:00: 2026-05-02 21:02:27,772 - __main__ - INFO -   → 47 viral-worthy CS2 tweets
2026-05-02 21:02:30 +00:00: 2026-05-02 21:02:30,776 - __main__ - INFO - 📡 Scraping @ThourCS2...
2026-05-02 21:02:31 +00:00: 2026-05-02 21:02:31,434 - __main__ - INFO -   → 100 raw tweets fetched
2026-05-02 21:02:31 +00:00: 2026-05-02 21:02:31,436 - __main__ - INFO -   → 37 viral-worthy CS2 tweets
2026-05-02 21:02:34 +00:00: 2026-05-02 21:02:34,439 - __main__ - INFO - 📡 Scraping @CS2News_EN...
2026-05-02 21:02:34 +00:00: 2026-05-02 21:02:34,996 - __main__ - INFO -   → 100 raw tweets fetched
2026-05-02 21:02:34 +00:00: 2026-05-02 21:02:34,997 - __main__ - INFO -   → 50 viral-worthy CS2 tweets
2026-05-02 21:02:38 +00:00: 2026-05-02 21:02:38,000 - __main__ - INFO - 📡 Scraping @RazedEsport...
2026-05-02 21:02:38 +00:00: 2026-05-02 21:02:38,688 - __main__ - INFO -   → 99 raw tweets fetched
2026-05-02 21:02:38 +00:00: 2026-05-02 21:02:38,689 - __main__ - INFO -   → 36 viral-worthy CS2 tweets
2026-05-02 21:02:41 +00:00: 2026-05-02 21:02:41,692 - __main__ - INFO - 📡 Scraping @BLASTPremier...
2026-05-02 21:02:42 +00:00: 2026-05-02 21:02:42,107 - __main__ - INFO -   → 19 raw tweets fetched
2026-05-02 21:02:42 +00:00: 2026-05-02 21:02:42,107 - __main__ - INFO -   → 3 viral-worthy CS2 tweets
2026-05-02 21:02:45 +00:00: 2026-05-02 21:02:45,111 - __main__ - INFO - 📡 Scraping @HLTVorg...
2026-05-02 21:02:45 +00:00: 2026-05-02 21:02:45,582 - __main__ - INFO -   → 20 raw tweets fetched
2026-05-02 21:02:45 +00:00: 2026-05-02 21:02:45,582 - __main__ - INFO -   → 11 viral-worthy CS2 tweets
2026-05-02 21:02:48 +00:00: 2026-05-02 21:02:48,584 - __main__ - INFO - 📡 Scraping @CScribe...
2026-05-02 21:02:48 +00:00: 2026-05-02 21:02:48,740 - __main__ - INFO -   → 0 raw tweets fetched
2026-05-02 21:02:48 +00:00: 2026-05-02 21:02:48,740 - __main__ - INFO -   → 0 viral-worthy CS2 tweets
2026-05-02 21:02:51 +00:00: 2026-05-02 21:02:51,743 - __main__ - INFO - 📡 Scraping @Slasher...
2026-05-02 21:02:52 +00:00: 2026-05-02 21:02:52,416 - __main__ - INFO -   → 97 raw tweets fetched
2026-05-02 21:02:52 +00:00: 2026-05-02 21:02:52,419 - __main__ - INFO -   → 5 viral-worthy CS2 tweets
2026-05-02 21:02:55 +00:00: 2026-05-02 21:02:55,423 - __main__ - INFO - 📡 Scraping @Dust2us...
2026-05-02 21:02:55 +00:00: 2026-05-02 21:02:55,964 - __main__ - INFO -   → 100 raw tweets fetched
2026-05-02 21:02:55 +00:00: 2026-05-02 21:02:55,966 - __main__ - INFO -   → 63 viral-worthy CS2 tweets
2026-05-02 21:02:58 +00:00: 2026-05-02 21:02:58,970 - __main__ - INFO - 📡 Scraping @s1mpleO...
2026-05-02 21:02:59 +00:00: 2026-05-02 21:02:59,507 - __main__ - INFO -   → 79 raw tweets fetched
2026-05-02 21:02:59 +00:00: 2026-05-02 21:02:59,508 - __main__ - INFO -   → 35 viral-worthy CS2 tweets
2026-05-02 21:05:11 +00:00: 2026-05-02 21:05:11,239 - __main__ - INFO - 💾 Stored 287/287 tweets in style_bank
2026-05-02 21:05:11 +00:00: 2026-05-02 21:05:11,240 - __main__ - INFO - 📊 Style bank update: 287 tweets, avg 8454 likes, 189 with media (66%)
2026-05-03 03:05:11 +00:00: 2026-05-03 03:05:11,542 - __main__ - INFO - 📡 Scraping @Ozzny_CS2...
2026-05-03 03:05:11 +00:00: 2026-05-03 03:05:11,767 - __main__ - INFO - 🎟️  Guest token refreshed: 20507736...
2026-05-03 03:05:12 +00:00: 2026-05-03 03:05:12,368 - __main__ - INFO -   → 100 raw tweets fetched
2026-05-03 03:05:12 +00:00: 2026-05-03 03:05:12,369 - __main__ - INFO -   → 47 viral-worthy CS2 tweets
2026-05-03 03:05:15 +00:00: 2026-05-03 03:05:15,373 - __main__ - INFO - 📡 Scraping @ThourCS2...
2026-05-03 03:05:15 +00:00: 2026-05-03 03:05:15,931 - __main__ - INFO -   → 100 raw tweets fetched
2026-05-03 03:05:15 +00:00: 2026-05-03 03:05:15,932 - __main__ - INFO -   → 37 viral-worthy CS2 tweets
2026-05-03 03:05:18 +00:00: 2026-05-03 03:05:18,936 - __main__ - INFO - 📡 Scraping @CS2News_EN...
2026-05-03 03:05:19 +00:00: 2026-05-03 03:05:19,471 - __main__ - INFO -   → 100 raw tweets fetched
2026-05-03 03:05:19 +00:00: 2026-05-03 03:05:19,472 - __main__ - INFO -   → 50 viral-worthy CS2 tweets
2026-05-03 03:05:22 +00:00: 2026-05-03 03:05:22,473 - __main__ - INFO - 📡 Scraping @RazedEsport...
2026-05-03 03:05:23 +00:00: 2026-05-03 03:05:23,194 - __main__ - INFO -   → 99 raw tweets fetched
2026-05-03 03:05:23 +00:00: 2026-05-03 03:05:23,195 - __main__ - INFO -   → 36 viral-worthy CS2 tweets
2026-05-03 03:05:26 +00:00: 2026-05-03 03:05:26,198 - __main__ - INFO - 📡 Scraping @BLASTPremier...
2026-05-03 03:05:26 +00:00: 2026-05-03 03:05:26,584 - __main__ - INFO -   → 19 raw tweets fetched
2026-05-03 03:05:26 +00:00: 2026-05-03 03:05:26,584 - __main__ - INFO -   → 7 viral-worthy CS2 tweets
2026-05-03 03:05:29 +00:00: 2026-05-03 03:05:29,588 - __main__ - INFO - 📡 Scraping @HLTVorg...
2026-05-03 03:05:30 +00:00: 2026-05-03 03:05:30,054 - __main__ - INFO -   → 20 raw tweets fetched
2026-05-03 03:05:30 +00:00: 2026-05-03 03:05:30,054 - __main__ - INFO -   → 14 viral-worthy CS2 tweets
2026-05-03 03:05:33 +00:00: 2026-05-03 03:05:33,058 - __main__ - INFO - 📡 Scraping @CScribe...
2026-05-03 03:05:33 +00:00: 2026-05-03 03:05:33,211 - __main__ - INFO -   → 0 raw tweets fetched
2026-05-03 03:05:33 +00:00: 2026-05-03 03:05:33,211 - __main__ - INFO -   → 0 viral-worthy CS2 tweets
2026-05-03 03:05:36 +00:00: 2026-05-03 03:05:36,214 - __main__ - INFO - 📡 Scraping @Slasher...
2026-05-03 03:05:36 +00:00: 2026-05-03 03:05:36,804 - __main__ - INFO -   → 97 raw tweets fetched
2026-05-03 03:05:36 +00:00: 2026-05-03 03:05:36,805 - __main__ - INFO -   → 5 viral-worthy CS2 tweets
2026-05-03 03:05:39 +00:00: 2026-05-03 03:05:39,808 - __main__ - INFO - 📡 Scraping @Dust2us...
2026-05-03 03:05:40 +00:00: 2026-05-03 03:05:40,377 - __main__ - INFO -   → 100 raw tweets fetched
2026-05-03 03:05:40 +00:00: 2026-05-03 03:05:40,379 - __main__ - INFO -   → 63 viral-worthy CS2 tweets
2026-05-03 03:05:43 +00:00: 2026-05-03 03:05:43,382 - __main__ - INFO - 📡 Scraping @s1mpleO...
2026-05-03 03:05:43 +00:00: 2026-05-03 03:05:43,893 - __main__ - INFO -   → 79 raw tweets fetched
2026-05-03 03:05:43 +00:00: 2026-05-03 03:05:43,894 - __main__ - INFO -   → 35 viral-worthy CS2 tweets
2026-05-03 03:07:58 +00:00: 2026-05-03 03:07:58,724 - __main__ - INFO - 💾 Stored 294/294 tweets in style_bank
2026-05-03 03:07:58 +00:00: 2026-05-03 03:07:58,725 - __main__ - INFO - 📊 Style bank update: 294 tweets, avg 8275 likes, 194 with media (66%)
2026-05-03 09:07:59 +00:00: 2026-05-03 09:07:59,084 - __main__ - INFO - 📡 Scraping @Ozzny_CS2...
2026-05-03 09:07:59 +00:00: 2026-05-03 09:07:59,330 - __main__ - INFO - 🎟️  Guest token refreshed: 20508649...
2026-05-03 09:07:59 +00:00: 2026-05-03 09:07:59,911 - __main__ - INFO -   → 100 raw tweets fetched
2026-05-03 09:07:59 +00:00: 2026-05-03 09:07:59,913 - __main__ - INFO -   → 47 viral-worthy CS2 tweets
2026-05-03 09:08:02 +00:00: 2026-05-03 09:08:02,917 - __main__ - INFO - 📡 Scraping @ThourCS2...
2026-05-03 09:08:03 +00:00: 2026-05-03 09:08:03,482 - __main__ - INFO -   → 100 raw tweets fetched
2026-05-03 09:08:03 +00:00: 2026-05-03 09:08:03,483 - __main__ - INFO -   → 37 viral-worthy CS2 tweets
2026-05-03 09:08:06 +00:00: 2026-05-03 09:08:06,486 - __main__ - INFO - 📡 Scraping @CS2News_EN...
2026-05-03 09:08:06 +00:00: 2026-05-03 09:08:06,954 - __main__ - INFO -   → 100 raw tweets fetched
2026-05-03 09:08:06 +00:00: 2026-05-03 09:08:06,955 - __main__ - INFO -   → 50 viral-worthy CS2 tweets
2026-05-03 09:08:09 +00:00: 2026-05-03 09:08:09,959 - __main__ - INFO - 📡 Scraping @RazedEsport...
2026-05-03 09:08:10 +00:00: 2026-05-03 09:08:10,665 - __main__ - INFO -   → 99 raw tweets fetched
2026-05-03 09:08:10 +00:00: 2026-05-03 09:08:10,666 - __main__ - INFO -   → 36 viral-worthy CS2 tweets
2026-05-03 09:08:13 +00:00: 2026-05-03 09:08:13,669 - __main__ - INFO - 📡 Scraping @BLASTPremier...
2026-05-03 09:08:14 +00:00: 2026-05-03 09:08:14,040 - __main__ - INFO -   → 19 raw tweets fetched
2026-05-03 09:08:14 +00:00: 2026-05-03 09:08:14,040 - __main__ - INFO -   → 8 viral-worthy CS2 tweets
2026-05-03 09:08:17 +00:00: 2026-05-03 09:08:17,044 - __main__ - INFO - 📡 Scraping @HLTVorg...
2026-05-03 09:08:17 +00:00: 2026-05-03 09:08:17,471 - __main__ - INFO -   → 20 raw tweets fetched
2026-05-03 09:08:17 +00:00: 2026-05-03 09:08:17,471 - __main__ - INFO -   → 13 viral-worthy CS2 tweets
2026-05-03 09:08:20 +00:00: 2026-05-03 09:08:20,475 - __main__ - INFO - 📡 Scraping @CScribe...
2026-05-03 09:08:20 +00:00: 2026-05-03 09:08:20,632 - __main__ - INFO -   → 0 raw tweets fetched
2026-05-03 09:08:20 +00:00: 2026-05-03 09:08:20,633 - __main__ - INFO -   → 0 viral-worthy CS2 tweets
2026-05-03 09:08:23 +00:00: 2026-05-03 09:08:23,637 - __main__ - INFO - 📡 Scraping @Slasher...
2026-05-03 09:08:24 +00:00: 2026-05-03 09:08:24,180 - __main__ - INFO -   → 97 raw tweets fetched
2026-05-03 09:08:24 +00:00: 2026-05-03 09:08:24,181 - __main__ - INFO -   → 5 viral-worthy CS2 tweets
2026-05-03 09:08:27 +00:00: 2026-05-03 09:08:27,186 - __main__ - INFO - 📡 Scraping @Dust2us...
2026-05-03 09:08:27 +00:00: 2026-05-03 09:08:27,771 - __main__ - INFO -   → 100 raw tweets fetched
2026-05-03 09:08:27 +00:00: 2026-05-03 09:08:27,772 - __main__ - INFO -   → 63 viral-worthy CS2 tweets
2026-05-03 09:08:30 +00:00: 2026-05-03 09:08:30,776 - __main__ - INFO - 📡 Scraping @s1mpleO...
2026-05-03 09:08:31 +00:00: 2026-05-03 09:08:31,280 - __main__ - INFO -   → 79 raw tweets fetched
2026-05-03 09:08:31 +00:00: 2026-05-03 09:08:31,282 - __main__ - INFO -   → 35 viral-worthy CS2 tweets
2026-05-03 09:10:46 +00:00: 2026-05-03 09:10:46,086 - __main__ - INFO - 💾 Stored 294/294 tweets in style_bank
2026-05-03 09:10:46 +00:00: 2026-05-03 09:10:46,087 - __main__ - INFO - 📊 Style bank update: 294 tweets, avg 8283 likes, 194 with media (66%)
2026-05-03 15:10:46 +00:00: 2026-05-03 15:10:46,456 - __main__ - INFO - 📡 Scraping @Ozzny_CS2...
2026-05-03 15:10:46 +00:00: 2026-05-03 15:10:46,701 - __main__ - INFO - 🎟️  Guest token refreshed: 20509562...
2026-05-03 15:10:47 +00:00: 2026-05-03 15:10:47,374 - __main__ - INFO -   → 100 raw tweets fetched
2026-05-03 15:10:47 +00:00: 2026-05-03 15:10:47,376 - __main__ - INFO -   → 47 viral-worthy CS2 tweets
2026-05-03 15:10:50 +00:00: 2026-05-03 15:10:50,380 - __main__ - INFO - 📡 Scraping @ThourCS2...
2026-05-03 15:10:50 +00:00: 2026-05-03 15:10:50,981 - __main__ - INFO -   → 100 raw tweets fetched
2026-05-03 15:10:50 +00:00: 2026-05-03 15:10:50,982 - __main__ - INFO -   → 37 viral-worthy CS2 tweets
2026-05-03 15:10:53 +00:00: 2026-05-03 15:10:53,984 - __main__ - INFO - 📡 Scraping @CS2News_EN...
2026-05-03 15:10:54 +00:00: 2026-05-03 15:10:54,568 - __main__ - INFO -   → 100 raw tweets fetched
2026-05-03 15:10:54 +00:00: 2026-05-03 15:10:54,569 - __main__ - INFO -   → 50 viral-worthy CS2 tweets
2026-05-03 15:10:57 +00:00: 2026-05-03 15:10:57,572 - __main__ - INFO - 📡 Scraping @RazedEsport...
2026-05-03 15:10:58 +00:00: 2026-05-03 15:10:58,286 - __main__ - INFO -   → 99 raw tweets fetched
2026-05-03 15:10:58 +00:00: 2026-05-03 15:10:58,287 - __main__ - INFO -   → 36 viral-worthy CS2 tweets
2026-05-03 15:11:01 +00:00: 2026-05-03 15:11:01,290 - __main__ - INFO - 📡 Scraping @BLASTPremier...
2026-05-03 15:11:01 +00:00: 2026-05-03 15:11:01,805 - __main__ - INFO -   → 18 raw tweets fetched
2026-05-03 15:11:01 +00:00: 2026-05-03 15:11:01,806 - __main__ - INFO -   → 7 viral-worthy CS2 tweets
2026-05-03 15:11:04 +00:00: 2026-05-03 15:11:04,809 - __main__ - INFO - 📡 Scraping @HLTVorg...
2026-05-03 15:11:05 +00:00: 2026-05-03 15:11:05,355 - __main__ - INFO -   → 20 raw tweets fetched
2026-05-03 15:11:05 +00:00: 2026-05-03 15:11:05,355 - __main__ - INFO -   → 11 viral-worthy CS2 tweets
2026-05-03 15:11:08 +00:00: 2026-05-03 15:11:08,359 - __main__ - INFO - 📡 Scraping @CScribe...
2026-05-03 15:11:08 +00:00: 2026-05-03 15:11:08,522 - __main__ - INFO -   → 0 raw tweets fetched
2026-05-03 15:11:08 +00:00: 2026-05-03 15:11:08,522 - __main__ - INFO -   → 0 viral-worthy CS2 tweets
2026-05-03 15:11:11 +00:00: 2026-05-03 15:11:11,526 - __main__ - INFO - 📡 Scraping @Slasher...
2026-05-03 15:11:12 +00:00: 2026-05-03 15:11:12,117 - __main__ - INFO -   → 97 raw tweets fetched
2026-05-03 15:11:12 +00:00: 2026-05-03 15:11:12,119 - __main__ - INFO -   → 5 viral-worthy CS2 tweets
2026-05-03 15:11:15 +00:00: 2026-05-03 15:11:15,123 - __main__ - INFO - 📡 Scraping @Dust2us...
2026-05-03 15:11:15 +00:00: 2026-05-03 15:11:15,685 - __main__ - INFO -   → 100 raw tweets fetched
2026-05-03 15:11:15 +00:00: 2026-05-03 15:11:15,686 - __main__ - INFO -   → 63 viral-worthy CS2 tweets
2026-05-03 15:11:18 +00:00: 2026-05-03 15:11:18,690 - __main__ - INFO - 📡 Scraping @s1mpleO...
2026-05-03 15:11:19 +00:00: 2026-05-03 15:11:19,305 - __main__ - INFO -   → 79 raw tweets fetched
2026-05-03 15:11:19 +00:00: 2026-05-03 15:11:19,306 - __main__ - INFO -   → 35 viral-worthy CS2 tweets
2026-05-03 15:13:32 +00:00: 2026-05-03 15:13:32,861 - __main__ - INFO - 💾 Stored 291/291 tweets in style_bank
2026-05-03 15:13:32 +00:00: 2026-05-03 15:13:32,861 - __main__ - INFO - 📊 Style bank update: 291 tweets, avg 8350 likes, 191 with media (66%)
2026-05-03 21:13:33 +00:00: 2026-05-03 21:13:33,221 - __main__ - INFO - 📡 Scraping @Ozzny_CS2...
2026-05-03 21:13:33 +00:00: 2026-05-03 21:13:33,608 - __main__ - INFO - 🎟️  Guest token refreshed: 20510475...
2026-05-03 21:13:34 +00:00: 2026-05-03 21:13:34,279 - __main__ - INFO -   → 100 raw tweets fetched
2026-05-03 21:13:34 +00:00: 2026-05-03 21:13:34,280 - __main__ - INFO -   → 47 viral-worthy CS2 tweets
2026-05-03 21:13:37 +00:00: 2026-05-03 21:13:37,284 - __main__ - INFO - 📡 Scraping @ThourCS2...
2026-05-03 21:13:37 +00:00: 2026-05-03 21:13:37,914 - __main__ - INFO -   → 100 raw tweets fetched
2026-05-03 21:13:37 +00:00: 2026-05-03 21:13:37,915 - __main__ - INFO -   → 37 viral-worthy CS2 tweets
2026-05-03 21:13:40 +00:00: 2026-05-03 21:13:40,919 - __main__ - INFO - 📡 Scraping @CS2News_EN...
2026-05-03 21:13:41 +00:00: 2026-05-03 21:13:41,642 - __main__ - INFO -   → 100 raw tweets fetched
2026-05-03 21:13:41 +00:00: 2026-05-03 21:13:41,644 - __main__ - INFO -   → 50 viral-worthy CS2 tweets
2026-05-03 21:13:44 +00:00: 2026-05-03 21:13:44,647 - __main__ - INFO - 📡 Scraping @RazedEsport...
2026-05-03 21:13:45 +00:00: 2026-05-03 21:13:45,432 - __main__ - INFO -   → 99 raw tweets fetched
2026-05-03 21:13:45 +00:00: 2026-05-03 21:13:45,432 - __main__ - INFO -   → 36 viral-worthy CS2 tweets
2026-05-03 21:13:48 +00:00: 2026-05-03 21:13:48,436 - __main__ - INFO - 📡 Scraping @BLASTPremier...
2026-05-03 21:13:48 +00:00: 2026-05-03 21:13:48,930 - __main__ - INFO -   → 18 raw tweets fetched
2026-05-03 21:13:48 +00:00: 2026-05-03 21:13:48,931 - __main__ - INFO -   → 7 viral-worthy CS2 tweets
2026-05-03 21:13:51 +00:00: 2026-05-03 21:13:51,933 - __main__ - INFO - 📡 Scraping @HLTVorg...
2026-05-03 21:13:52 +00:00: 2026-05-03 21:13:52,495 - __main__ - INFO -   → 20 raw tweets fetched
2026-05-03 21:13:52 +00:00: 2026-05-03 21:13:52,498 - __main__ - INFO -   → 15 viral-worthy CS2 tweets
2026-05-03 21:13:55 +00:00: 2026-05-03 21:13:55,503 - __main__ - INFO - 📡 Scraping @CScribe...
2026-05-03 21:13:55 +00:00: 2026-05-03 21:13:55,661 - __main__ - INFO -   → 0 raw tweets fetched
2026-05-03 21:13:55 +00:00: 2026-05-03 21:13:55,661 - __main__ - INFO -   → 0 viral-worthy CS2 tweets
2026-05-03 21:13:58 +00:00: 2026-05-03 21:13:58,665 - __main__ - INFO - 📡 Scraping @Slasher...
2026-05-03 21:13:59 +00:00: 2026-05-03 21:13:59,365 - __main__ - INFO -   → 97 raw tweets fetched
2026-05-03 21:13:59 +00:00: 2026-05-03 21:13:59,366 - __main__ - INFO -   → 5 viral-worthy CS2 tweets
2026-05-03 21:14:02 +00:00: 2026-05-03 21:14:02,370 - __main__ - INFO - 📡 Scraping @Dust2us...
2026-05-03 21:14:03 +00:00: 2026-05-03 21:14:03,106 - __main__ - INFO -   → 100 raw tweets fetched
2026-05-03 21:14:03 +00:00: 2026-05-03 21:14:03,107 - __main__ - INFO -   → 63 viral-worthy CS2 tweets
2026-05-03 21:14:06 +00:00: 2026-05-03 21:14:06,110 - __main__ - INFO - 📡 Scraping @s1mpleO...
2026-05-03 21:14:06 +00:00: 2026-05-03 21:14:06,755 - __main__ - INFO -   → 79 raw tweets fetched
2026-05-03 21:14:06 +00:00: 2026-05-03 21:14:06,757 - __main__ - INFO -   → 35 viral-worthy CS2 tweets
2026-05-03 21:16:22 +00:00: 2026-05-03 21:16:22,069 - __main__ - INFO - 💾 Stored 295/295 tweets in style_bank
2026-05-03 21:16:22 +00:00: 2026-05-03 21:16:22,070 - __main__ - INFO - 📊 Style bank update: 295 tweets, avg 8247 likes, 197 with media (67%)
2026-05-04 03:16:22 +00:00: 2026-05-04 03:16:22,468 - __main__ - INFO - 📡 Scraping @Ozzny_CS2...
2026-05-04 03:16:22 +00:00: 2026-05-04 03:16:22,661 - __main__ - INFO - 🎟️  Guest token refreshed: 20511388...
2026-05-04 03:16:23 +00:00: 2026-05-04 03:16:23,210 - __main__ - INFO -   → 100 raw tweets fetched
2026-05-04 03:16:23 +00:00: 2026-05-04 03:16:23,213 - __main__ - INFO -   → 47 viral-worthy CS2 tweets
2026-05-04 03:16:26 +00:00: 2026-05-04 03:16:26,216 - __main__ - INFO - 📡 Scraping @ThourCS2...
2026-05-04 03:16:26 +00:00: 2026-05-04 03:16:26,731 - __main__ - INFO -   → 100 raw tweets fetched
2026-05-04 03:16:26 +00:00: 2026-05-04 03:16:26,732 - __main__ - INFO -   → 37 viral-worthy CS2 tweets
2026-05-04 03:16:29 +00:00: 2026-05-04 03:16:29,735 - __main__ - INFO - 📡 Scraping @CS2News_EN...
2026-05-04 03:16:30 +00:00: 2026-05-04 03:16:30,313 - __main__ - INFO -   → 100 raw tweets fetched
2026-05-04 03:16:30 +00:00: 2026-05-04 03:16:30,314 - __main__ - INFO -   → 50 viral-worthy CS2 tweets
2026-05-04 03:16:33 +00:00: 2026-05-04 03:16:33,317 - __main__ - INFO - 📡 Scraping @RazedEsport...
2026-05-04 03:16:33 +00:00: 2026-05-04 03:16:33,931 - __main__ - INFO -   → 99 raw tweets fetched
2026-05-04 03:16:33 +00:00: 2026-05-04 03:16:33,932 - __main__ - INFO -   → 36 viral-worthy CS2 tweets
2026-05-04 03:16:36 +00:00: 2026-05-04 03:16:36,935 - __main__ - INFO - 📡 Scraping @BLASTPremier...
2026-05-04 03:16:37 +00:00: 2026-05-04 03:16:37,402 - __main__ - INFO -   → 14 raw tweets fetched
2026-05-04 03:16:37 +00:00: 2026-05-04 03:16:37,402 - __main__ - INFO -   → 9 viral-worthy CS2 tweets
2026-05-04 03:16:40 +00:00: 2026-05-04 03:16:40,406 - __main__ - INFO - 📡 Scraping @HLTVorg...
2026-05-04 03:16:40 +00:00: 2026-05-04 03:16:40,820 - __main__ - INFO -   → 20 raw tweets fetched
2026-05-04 03:16:40 +00:00: 2026-05-04 03:16:40,821 - __main__ - INFO -   → 18 viral-worthy CS2 tweets
2026-05-04 03:16:43 +00:00: 2026-05-04 03:16:43,822 - __main__ - INFO - 📡 Scraping @CScribe...
2026-05-04 03:16:43 +00:00: 2026-05-04 03:16:43,967 - __main__ - INFO -   → 0 raw tweets fetched
2026-05-04 03:16:43 +00:00: 2026-05-04 03:16:43,967 - __main__ - INFO -   → 0 viral-worthy CS2 tweets
2026-05-04 03:16:46 +00:00: 2026-05-04 03:16:46,971 - __main__ - INFO - 📡 Scraping @Slasher...
2026-05-04 03:16:47 +00:00: 2026-05-04 03:16:47,548 - __main__ - INFO -   → 97 raw tweets fetched
2026-05-04 03:16:47 +00:00: 2026-05-04 03:16:47,550 - __main__ - INFO -   → 5 viral-worthy CS2 tweets
2026-05-04 03:16:50 +00:00: 2026-05-04 03:16:50,553 - __main__ - INFO - 📡 Scraping @Dust2us...
2026-05-04 03:16:51 +00:00: 2026-05-04 03:16:51,120 - __main__ - INFO -   → 100 raw tweets fetched
2026-05-04 03:16:51 +00:00: 2026-05-04 03:16:51,122 - __main__ - INFO -   → 63 viral-worthy CS2 tweets
2026-05-04 03:16:54 +00:00: 2026-05-04 03:16:54,125 - __main__ - INFO - 📡 Scraping @s1mpleO...
2026-05-04 03:16:54 +00:00: 2026-05-04 03:16:54,601 - __main__ - INFO -   → 79 raw tweets fetched
2026-05-04 03:16:54 +00:00: 2026-05-04 03:16:54,603 - __main__ - INFO -   → 35 viral-worthy CS2 tweets
2026-05-04 03:19:12 +00:00: 2026-05-04 03:19:12,170 - __main__ - INFO - 💾 Stored 300/300 tweets in style_bank
2026-05-04 03:19:12 +00:00: 2026-05-04 03:19:12,172 - __main__ - INFO - 📊 Style bank update: 300 tweets, avg 8151 likes, 200 with media (67%)
2026-05-04 09:19:12 +00:00: 2026-05-04 09:19:12,479 - __main__ - INFO - 📡 Scraping @Ozzny_CS2...
2026-05-04 09:19:12 +00:00: 2026-05-04 09:19:12,725 - __main__ - INFO - 🎟️  Guest token refreshed: 20512301...
2026-05-04 09:19:13 +00:00: 2026-05-04 09:19:13,352 - __main__ - INFO -   → 100 raw tweets fetched
2026-05-04 09:19:13 +00:00: 2026-05-04 09:19:13,353 - __main__ - INFO -   → 47 viral-worthy CS2 tweets
2026-05-04 09:19:16 +00:00: 2026-05-04 09:19:16,356 - __main__ - INFO - 📡 Scraping @ThourCS2...
2026-05-04 09:19:16 +00:00: 2026-05-04 09:19:16,887 - __main__ - INFO -   → 100 raw tweets fetched
2026-05-04 09:19:16 +00:00: 2026-05-04 09:19:16,888 - __main__ - INFO -   → 37 viral-worthy CS2 tweets
2026-05-04 09:19:19 +00:00: 2026-05-04 09:19:19,892 - __main__ - INFO - 📡 Scraping @CS2News_EN...
2026-05-04 09:19:20 +00:00: 2026-05-04 09:19:20,404 - __main__ - INFO -   → 100 raw tweets fetched
2026-05-04 09:19:20 +00:00: 2026-05-04 09:19:20,405 - __main__ - INFO -   → 50 viral-worthy CS2 tweets
2026-05-04 09:19:23 +00:00: 2026-05-04 09:19:23,409 - __main__ - INFO - 📡 Scraping @RazedEsport...
2026-05-04 09:19:24 +00:00: 2026-05-04 09:19:24,060 - __main__ - INFO -   → 99 raw tweets fetched
2026-05-04 09:19:24 +00:00: 2026-05-04 09:19:24,061 - __main__ - INFO -   → 36 viral-worthy CS2 tweets
2026-05-04 09:19:27 +00:00: 2026-05-04 09:19:27,064 - __main__ - INFO - 📡 Scraping @BLASTPremier...
2026-05-04 09:19:27 +00:00: 2026-05-04 09:19:27,516 - __main__ - INFO -   → 14 raw tweets fetched
2026-05-04 09:19:27 +00:00: 2026-05-04 09:19:27,516 - __main__ - INFO -   → 9 viral-worthy CS2 tweets
2026-05-04 09:19:30 +00:00: 2026-05-04 09:19:30,519 - __main__ - INFO - 📡 Scraping @HLTVorg...
2026-05-04 09:19:31 +00:00: 2026-05-04 09:19:30,999 - __main__ - INFO -   → 19 raw tweets fetched
2026-05-04 09:19:31 +00:00: 2026-05-04 09:19:31,000 - __main__ - INFO -   → 17 viral-worthy CS2 tweets
2026-05-04 09:19:34 +00:00: 2026-05-04 09:19:34,004 - __main__ - INFO - 📡 Scraping @CScribe...
2026-05-04 09:19:34 +00:00: 2026-05-04 09:19:34,161 - __main__ - INFO -   → 0 raw tweets fetched
2026-05-04 09:19:34 +00:00: 2026-05-04 09:19:34,161 - __main__ - INFO -   → 0 viral-worthy CS2 tweets
2026-05-04 09:19:37 +00:00: 2026-05-04 09:19:37,165 - __main__ - INFO - 📡 Scraping @Slasher...
2026-05-04 09:19:37 +00:00: 2026-05-04 09:19:37,687 - __main__ - INFO -   → 97 raw tweets fetched
2026-05-04 09:19:37 +00:00: 2026-05-04 09:19:37,689 - __main__ - INFO -   → 5 viral-worthy CS2 tweets
2026-05-04 09:19:40 +00:00: 2026-05-04 09:19:40,693 - __main__ - INFO - 📡 Scraping @Dust2us...
2026-05-04 09:19:41 +00:00: 2026-05-04 09:19:41,261 - __main__ - INFO -   → 100 raw tweets fetched
2026-05-04 09:19:41 +00:00: 2026-05-04 09:19:41,263 - __main__ - INFO -   → 63 viral-worthy CS2 tweets
2026-05-04 09:19:44 +00:00: 2026-05-04 09:19:44,266 - __main__ - INFO - 📡 Scraping @s1mpleO...
2026-05-04 09:19:44 +00:00: 2026-05-04 09:19:44,733 - __main__ - INFO -   → 79 raw tweets fetched
2026-05-04 09:19:44 +00:00: 2026-05-04 09:19:44,733 - __main__ - INFO -   → 35 viral-worthy CS2 tweets
2026-05-04 09:22:01 +00:00: 2026-05-04 09:22:01,797 - __main__ - INFO - 💾 Stored 299/299 tweets in style_bank
2026-05-04 09:22:01 +00:00: 2026-05-04 09:22:01,798 - __main__ - INFO - 📊 Style bank update: 299 tweets, avg 8196 likes, 199 with media (67%)
2026-05-04 15:22:02 +00:00: 2026-05-04 15:22:02,123 - __main__ - INFO - 📡 Scraping @Ozzny_CS2...
2026-05-04 15:22:02 +00:00: 2026-05-04 15:22:02,396 - __main__ - INFO - 🎟️  Guest token refreshed: 20513214...
2026-05-04 15:22:03 +00:00: 2026-05-04 15:22:03,083 - __main__ - INFO -   → 100 raw tweets fetched
2026-05-04 15:22:03 +00:00: 2026-05-04 15:22:03,084 - __main__ - INFO -   → 47 viral-worthy CS2 tweets
2026-05-04 15:22:06 +00:00: 2026-05-04 15:22:06,087 - __main__ - INFO - 📡 Scraping @ThourCS2...
2026-05-04 15:22:06 +00:00: 2026-05-04 15:22:06,660 - __main__ - INFO -   → 100 raw tweets fetched
2026-05-04 15:22:06 +00:00: 2026-05-04 15:22:06,661 - __main__ - INFO -   → 37 viral-worthy CS2 tweets
2026-05-04 15:22:09 +00:00: 2026-05-04 15:22:09,665 - __main__ - INFO - 📡 Scraping @CS2News_EN...
2026-05-04 15:22:10 +00:00: 2026-05-04 15:22:10,268 - __main__ - INFO -   → 100 raw tweets fetched
2026-05-04 15:22:10 +00:00: 2026-05-04 15:22:10,270 - __main__ - INFO -   → 50 viral-worthy CS2 tweets
2026-05-04 15:22:13 +00:00: 2026-05-04 15:22:13,274 - __main__ - INFO - 📡 Scraping @RazedEsport...
2026-05-04 15:22:14 +00:00: 2026-05-04 15:22:14,025 - __main__ - INFO -   → 99 raw tweets fetched
2026-05-04 15:22:14 +00:00: 2026-05-04 15:22:14,026 - __main__ - INFO -   → 36 viral-worthy CS2 tweets
2026-05-04 15:22:17 +00:00: 2026-05-04 15:22:17,029 - __main__ - INFO - 📡 Scraping @BLASTPremier...
2026-05-04 15:22:17 +00:00: 2026-05-04 15:22:17,683 - __main__ - INFO -   → 14 raw tweets fetched
2026-05-04 15:22:17 +00:00: 2026-05-04 15:22:17,684 - __main__ - INFO -   → 10 viral-worthy CS2 tweets
2026-05-04 15:22:20 +00:00: 2026-05-04 15:22:20,685 - __main__ - INFO - 📡 Scraping @HLTVorg...
2026-05-04 15:22:21 +00:00: 2026-05-04 15:22:21,195 - __main__ - INFO -   → 18 raw tweets fetched
2026-05-04 15:22:21 +00:00: 2026-05-04 15:22:21,197 - __main__ - INFO -   → 15 viral-worthy CS2 tweets
2026-05-04 15:22:24 +00:00: 2026-05-04 15:22:24,200 - __main__ - INFO - 📡 Scraping @CScribe...
2026-05-04 15:22:24 +00:00: 2026-05-04 15:22:24,373 - __main__ - INFO -   → 0 raw tweets fetched
2026-05-04 15:22:24 +00:00: 2026-05-04 15:22:24,374 - __main__ - INFO -   → 0 viral-worthy CS2 tweets
2026-05-04 15:22:27 +00:00: 2026-05-04 15:22:27,376 - __main__ - INFO - 📡 Scraping @Slasher...
2026-05-04 15:22:28 +00:00: 2026-05-04 15:22:28,044 - __main__ - INFO -   → 97 raw tweets fetched
2026-05-04 15:22:28 +00:00: 2026-05-04 15:22:28,048 - __main__ - INFO -   → 5 viral-worthy CS2 tweets
2026-05-04 15:22:31 +00:00: 2026-05-04 15:22:31,052 - __main__ - INFO - 📡 Scraping @Dust2us...
2026-05-04 15:22:31 +00:00: 2026-05-04 15:22:31,708 - __main__ - INFO -   → 100 raw tweets fetched
2026-05-04 15:22:31 +00:00: 2026-05-04 15:22:31,709 - __main__ - INFO -   → 63 viral-worthy CS2 tweets
2026-05-04 15:22:34 +00:00: 2026-05-04 15:22:34,713 - __main__ - INFO - 📡 Scraping @s1mpleO...
2026-05-04 15:22:35 +00:00: 2026-05-04 15:22:35,365 - __main__ - INFO -   → 79 raw tweets fetched
2026-05-04 15:22:35 +00:00: 2026-05-04 15:22:35,366 - __main__ - INFO -   → 35 viral-worthy CS2 tweets
2026-05-04 15:24:52 +00:00: 2026-05-04 15:24:52,005 - __main__ - INFO - 💾 Stored 298/298 tweets in style_bank
2026-05-04 15:24:52 +00:00: 2026-05-04 15:24:52,006 - __main__ - INFO - 📊 Style bank update: 298 tweets, avg 8214 likes, 197 with media (66%)
2026-05-04 21:24:52 +00:00: 2026-05-04 21:24:52,402 - __main__ - INFO - 📡 Scraping @Ozzny_CS2...
2026-05-04 21:24:52 +00:00: 2026-05-04 21:24:52,719 - __main__ - INFO - 🎟️  Guest token refreshed: 20514127...
2026-05-04 21:24:53 +00:00: 2026-05-04 21:24:53,723 - __main__ - INFO -   → 100 raw tweets fetched
2026-05-04 21:24:53 +00:00: 2026-05-04 21:24:53,724 - __main__ - INFO -   → 47 viral-worthy CS2 tweets
2026-05-04 21:24:56 +00:00: 2026-05-04 21:24:56,724 - __main__ - INFO - 📡 Scraping @ThourCS2...
2026-05-04 21:24:57 +00:00: 2026-05-04 21:24:57,536 - __main__ - INFO -   → 100 raw tweets fetched
2026-05-04 21:24:57 +00:00: 2026-05-04 21:24:57,537 - __main__ - INFO -   → 37 viral-worthy CS2 tweets
2026-05-04 21:25:00 +00:00: 2026-05-04 21:25:00,541 - __main__ - INFO - 📡 Scraping @CS2News_EN...
2026-05-04 21:25:01 +00:00: 2026-05-04 21:25:01,447 - __main__ - INFO -   → 100 raw tweets fetched
2026-05-04 21:25:01 +00:00: 2026-05-04 21:25:01,449 - __main__ - INFO -   → 50 viral-worthy CS2 tweets
2026-05-04 21:25:04 +00:00: 2026-05-04 21:25:04,453 - __main__ - INFO - 📡 Scraping @RazedEsport...
2026-05-04 21:25:05 +00:00: 2026-05-04 21:25:05,492 - __main__ - INFO -   → 99 raw tweets fetched
2026-05-04 21:25:05 +00:00: 2026-05-04 21:25:05,494 - __main__ - INFO -   → 36 viral-worthy CS2 tweets
2026-05-04 21:25:08 +00:00: 2026-05-04 21:25:08,498 - __main__ - INFO - 📡 Scraping @BLASTPremier...
2026-05-04 21:25:09 +00:00: 2026-05-04 21:25:09,013 - __main__ - INFO -   → 14 raw tweets fetched
2026-05-04 21:25:09 +00:00: 2026-05-04 21:25:09,014 - __main__ - INFO -   → 10 viral-worthy CS2 tweets
2026-05-04 21:25:12 +00:00: 2026-05-04 21:25:12,018 - __main__ - INFO - 📡 Scraping @HLTVorg...
2026-05-04 21:25:12 +00:00: 2026-05-04 21:25:12,660 - __main__ - INFO -   → 19 raw tweets fetched
2026-05-04 21:25:12 +00:00: 2026-05-04 21:25:12,661 - __main__ - INFO -   → 17 viral-worthy CS2 tweets
2026-05-04 21:25:15 +00:00: 2026-05-04 21:25:15,665 - __main__ - INFO - 📡 Scraping @CScribe...
2026-05-04 21:25:15 +00:00: 2026-05-04 21:25:15,912 - __main__ - INFO -   → 0 raw tweets fetched
2026-05-04 21:25:15 +00:00: 2026-05-04 21:25:15,912 - __main__ - INFO -   → 0 viral-worthy CS2 tweets
2026-05-04 21:25:18 +00:00: 2026-05-04 21:25:18,915 - __main__ - INFO - 📡 Scraping @Slasher...
2026-05-04 21:25:19 +00:00: 2026-05-04 21:25:19,821 - __main__ - INFO -   → 97 raw tweets fetched
2026-05-04 21:25:19 +00:00: 2026-05-04 21:25:19,823 - __main__ - INFO -   → 5 viral-worthy CS2 tweets
2026-05-04 21:25:22 +00:00: 2026-05-04 21:25:22,824 - __main__ - INFO - 📡 Scraping @Dust2us...
2026-05-04 21:25:23 +00:00: 2026-05-04 21:25:23,772 - __main__ - INFO -   → 100 raw tweets fetched
2026-05-04 21:25:23 +00:00: 2026-05-04 21:25:23,773 - __main__ - INFO -   → 63 viral-worthy CS2 tweets
2026-05-04 21:25:26 +00:00: 2026-05-04 21:25:26,776 - __main__ - INFO - 📡 Scraping @s1mpleO...
2026-05-04 21:25:27 +00:00: 2026-05-04 21:25:27,489 - __main__ - INFO -   → 79 raw tweets fetched
2026-05-04 21:25:27 +00:00: 2026-05-04 21:25:27,490 - __main__ - INFO -   → 35 viral-worthy CS2 tweets
2026-05-04 21:27:44 +00:00: 2026-05-04 21:27:44,925 - __main__ - INFO - 💾 Stored 300/300 tweets in style_bank
2026-05-04 21:27:44 +00:00: 2026-05-04 21:27:44,926 - __main__ - INFO - 📊 Style bank update: 300 tweets, avg 8151 likes, 197 with media (66%)
2026-05-05 03:27:45 +00:00: 2026-05-05 03:27:45,326 - __main__ - INFO - 📡 Scraping @Ozzny_CS2...
2026-05-05 03:27:45 +00:00: 2026-05-05 03:27:45,541 - __main__ - INFO - 🎟️  Guest token refreshed: 20515040...
2026-05-05 03:27:46 +00:00: 2026-05-05 03:27:46,189 - __main__ - INFO -   → 100 raw tweets fetched
2026-05-05 03:27:46 +00:00: 2026-05-05 03:27:46,190 - __main__ - INFO -   → 47 viral-worthy CS2 tweets
2026-05-05 03:27:49 +00:00: 2026-05-05 03:27:49,194 - __main__ - INFO - 📡 Scraping @ThourCS2...
2026-05-05 03:27:49 +00:00: 2026-05-05 03:27:49,726 - __main__ - INFO -   → 100 raw tweets fetched
2026-05-05 03:27:49 +00:00: 2026-05-05 03:27:49,727 - __main__ - INFO -   → 37 viral-worthy CS2 tweets
2026-05-05 03:27:52 +00:00: 2026-05-05 03:27:52,730 - __main__ - INFO - 📡 Scraping @CS2News_EN...
2026-05-05 03:27:53 +00:00: 2026-05-05 03:27:53,245 - __main__ - INFO -   → 100 raw tweets fetched
2026-05-05 03:27:53 +00:00: 2026-05-05 03:27:53,246 - __main__ - INFO -   → 50 viral-worthy CS2 tweets
2026-05-05 03:27:56 +00:00: 2026-05-05 03:27:56,250 - __main__ - INFO - 📡 Scraping @RazedEsport...
2026-05-05 03:27:56 +00:00: 2026-05-05 03:27:56,934 - __main__ - INFO -   → 99 raw tweets fetched
2026-05-05 03:27:56 +00:00: 2026-05-05 03:27:56,935 - __main__ - INFO -   → 36 viral-worthy CS2 tweets
2026-05-05 03:27:59 +00:00: 2026-05-05 03:27:59,938 - __main__ - INFO - 📡 Scraping @BLASTPremier...
2026-05-05 03:28:00 +00:00: 2026-05-05 03:28:00,464 - __main__ - INFO -   → 14 raw tweets fetched
2026-05-05 03:28:00 +00:00: 2026-05-05 03:28:00,464 - __main__ - INFO -   → 10 viral-worthy CS2 tweets
2026-05-05 03:28:03 +00:00: 2026-05-05 03:28:03,467 - __main__ - INFO - 📡 Scraping @HLTVorg...
2026-05-05 03:28:03 +00:00: 2026-05-05 03:28:03,896 - __main__ - INFO -   → 19 raw tweets fetched
2026-05-05 03:28:03 +00:00: 2026-05-05 03:28:03,897 - __main__ - INFO -   → 17 viral-worthy CS2 tweets
2026-05-05 03:28:06 +00:00: 2026-05-05 03:28:06,901 - __main__ - INFO - 📡 Scraping @CScribe...
2026-05-05 03:28:07 +00:00: 2026-05-05 03:28:07,068 - __main__ - INFO -   → 0 raw tweets fetched
2026-05-05 03:28:07 +00:00: 2026-05-05 03:28:07,068 - __main__ - INFO -   → 0 viral-worthy CS2 tweets
2026-05-05 03:28:10 +00:00: 2026-05-05 03:28:10,072 - __main__ - INFO - 📡 Scraping @Slasher...
2026-05-05 03:28:10 +00:00: 2026-05-05 03:28:10,662 - __main__ - INFO -   → 97 raw tweets fetched
2026-05-05 03:28:10 +00:00: 2026-05-05 03:28:10,664 - __main__ - INFO -   → 5 viral-worthy CS2 tweets
2026-05-05 03:28:13 +00:00: 2026-05-05 03:28:13,668 - __main__ - INFO - 📡 Scraping @Dust2us...
2026-05-05 03:28:14 +00:00: 2026-05-05 03:28:14,292 - __main__ - INFO -   → 100 raw tweets fetched
2026-05-05 03:28:14 +00:00: 2026-05-05 03:28:14,293 - __main__ - INFO -   → 63 viral-worthy CS2 tweets
2026-05-05 03:28:17 +00:00: 2026-05-05 03:28:17,297 - __main__ - INFO - 📡 Scraping @s1mpleO...
2026-05-05 03:28:17 +00:00: 2026-05-05 03:28:17,796 - __main__ - INFO -   → 79 raw tweets fetched
2026-05-05 03:28:17 +00:00: 2026-05-05 03:28:17,797 - __main__ - INFO -   → 35 viral-worthy CS2 tweets
2026-05-05 03:30:35 +00:00: 2026-05-05 03:30:35,210 - __main__ - INFO - 💾 Stored 300/300 tweets in style_bank
2026-05-05 03:30:35 +00:00: 2026-05-05 03:30:35,211 - __main__ - INFO - 📊 Style bank update: 300 tweets, avg 8155 likes, 197 with media (66%)
2026-05-05 09:30:35 +00:00: 2026-05-05 09:30:35,521 - __main__ - INFO - 📡 Scraping @Ozzny_CS2...
2026-05-05 09:30:35 +00:00: 2026-05-05 09:30:35,748 - __main__ - INFO - 🎟️  Guest token refreshed: 20515954...
2026-05-05 09:30:36 +00:00: 2026-05-05 09:30:36,332 - __main__ - INFO -   → 100 raw tweets fetched
2026-05-05 09:30:36 +00:00: 2026-05-05 09:30:36,334 - __main__ - INFO -   → 47 viral-worthy CS2 tweets
2026-05-05 09:30:39 +00:00: 2026-05-05 09:30:39,337 - __main__ - INFO - 📡 Scraping @ThourCS2...
2026-05-05 09:30:39 +00:00: 2026-05-05 09:30:39,853 - __main__ - INFO -   → 100 raw tweets fetched
2026-05-05 09:30:39 +00:00: 2026-05-05 09:30:39,854 - __main__ - INFO -   → 37 viral-worthy CS2 tweets
2026-05-05 09:30:42 +00:00: 2026-05-05 09:30:42,857 - __main__ - INFO - 📡 Scraping @CS2News_EN...
2026-05-05 09:30:43 +00:00: 2026-05-05 09:30:43,449 - __main__ - INFO -   → 100 raw tweets fetched
2026-05-05 09:30:43 +00:00: 2026-05-05 09:30:43,450 - __main__ - INFO -   → 50 viral-worthy CS2 tweets
2026-05-05 09:30:46 +00:00: 2026-05-05 09:30:46,453 - __main__ - INFO - 📡 Scraping @RazedEsport...
2026-05-05 09:30:47 +00:00: 2026-05-05 09:30:47,102 - __main__ - INFO -   → 99 raw tweets fetched
2026-05-05 09:30:47 +00:00: 2026-05-05 09:30:47,103 - __main__ - INFO -   → 36 viral-worthy CS2 tweets
2026-05-05 09:30:50 +00:00: 2026-05-05 09:30:50,106 - __main__ - INFO - 📡 Scraping @BLASTPremier...
2026-05-05 09:30:50 +00:00: 2026-05-05 09:30:50,583 - __main__ - INFO -   → 14 raw tweets fetched
2026-05-05 09:30:50 +00:00: 2026-05-05 09:30:50,583 - __main__ - INFO -   → 10 viral-worthy CS2 tweets
2026-05-05 09:30:53 +00:00: 2026-05-05 09:30:53,587 - __main__ - INFO - 📡 Scraping @HLTVorg...
2026-05-05 09:30:54 +00:00: 2026-05-05 09:30:54,056 - __main__ - INFO -   → 19 raw tweets fetched
2026-05-05 09:30:54 +00:00: 2026-05-05 09:30:54,057 - __main__ - INFO -   → 17 viral-worthy CS2 tweets
2026-05-05 09:30:57 +00:00: 2026-05-05 09:30:57,060 - __main__ - INFO - 📡 Scraping @CScribe...
2026-05-05 09:30:57 +00:00: 2026-05-05 09:30:57,209 - __main__ - INFO -   → 0 raw tweets fetched
2026-05-05 09:30:57 +00:00: 2026-05-05 09:30:57,209 - __main__ - INFO -   → 0 viral-worthy CS2 tweets
2026-05-05 09:31:00 +00:00: 2026-05-05 09:31:00,213 - __main__ - INFO - 📡 Scraping @Slasher...
2026-05-05 09:31:00 +00:00: 2026-05-05 09:31:00,732 - __main__ - INFO -   → 97 raw tweets fetched
2026-05-05 09:31:00 +00:00: 2026-05-05 09:31:00,733 - __main__ - INFO -   → 5 viral-worthy CS2 tweets
2026-05-05 09:31:03 +00:00: 2026-05-05 09:31:03,737 - __main__ - INFO - 📡 Scraping @Dust2us...
2026-05-05 09:31:04 +00:00: 2026-05-05 09:31:04,273 - __main__ - INFO -   → 100 raw tweets fetched
2026-05-05 09:31:04 +00:00: 2026-05-05 09:31:04,274 - __main__ - INFO -   → 63 viral-worthy CS2 tweets
2026-05-05 09:31:07 +00:00: 2026-05-05 09:31:07,278 - __main__ - INFO - 📡 Scraping @s1mpleO...
2026-05-05 09:31:07 +00:00: 2026-05-05 09:31:07,802 - __main__ - INFO -   → 79 raw tweets fetched
2026-05-05 09:31:07 +00:00: 2026-05-05 09:31:07,803 - __main__ - INFO -   → 35 viral-worthy CS2 tweets
2026-05-05 09:33:25 +00:00: 2026-05-05 09:33:25,344 - __main__ - INFO - 💾 Stored 300/300 tweets in style_bank
2026-05-05 09:33:25 +00:00: 2026-05-05 09:33:25,345 - __main__ - INFO - 📊 Style bank update: 300 tweets, avg 8158 likes, 197 with media (66%)
2026-05-05 15:33:25 +00:00: 2026-05-05 15:33:25,744 - __main__ - INFO - 📡 Scraping @Ozzny_CS2...
2026-05-05 15:33:25 +00:00: 2026-05-05 15:33:25,963 - __main__ - INFO - 🎟️  Guest token refreshed: 20516867...
2026-05-05 15:33:26 +00:00: 2026-05-05 15:33:26,594 - __main__ - INFO -   → 100 raw tweets fetched
2026-05-05 15:33:26 +00:00: 2026-05-05 15:33:26,595 - __main__ - INFO -   → 47 viral-worthy CS2 tweets
2026-05-05 15:33:29 +00:00: 2026-05-05 15:33:29,599 - __main__ - INFO - 📡 Scraping @ThourCS2...
2026-05-05 15:33:30 +00:00: 2026-05-05 15:33:30,177 - __main__ - INFO -   → 100 raw tweets fetched
2026-05-05 15:33:30 +00:00: 2026-05-05 15:33:30,179 - __main__ - INFO -   → 37 viral-worthy CS2 tweets
2026-05-05 15:33:33 +00:00: 2026-05-05 15:33:33,180 - __main__ - INFO - 📡 Scraping @CS2News_EN...
2026-05-05 15:33:33 +00:00: 2026-05-05 15:33:33,792 - __main__ - INFO -   → 100 raw tweets fetched
2026-05-05 15:33:33 +00:00: 2026-05-05 15:33:33,793 - __main__ - INFO -   → 50 viral-worthy CS2 tweets
2026-05-05 15:33:36 +00:00: 2026-05-05 15:33:36,797 - __main__ - INFO - 📡 Scraping @RazedEsport...
2026-05-05 15:33:37 +00:00: 2026-05-05 15:33:37,518 - __main__ - INFO -   → 99 raw tweets fetched
2026-05-05 15:33:37 +00:00: 2026-05-05 15:33:37,520 - __main__ - INFO -   → 36 viral-worthy CS2 tweets
2026-05-05 15:33:40 +00:00: 2026-05-05 15:33:40,523 - __main__ - INFO - 📡 Scraping @BLASTPremier...
2026-05-05 15:33:40 +00:00: 2026-05-05 15:33:40,980 - __main__ - INFO -   → 15 raw tweets fetched
2026-05-05 15:33:40 +00:00: 2026-05-05 15:33:40,981 - __main__ - INFO -   → 9 viral-worthy CS2 tweets
2026-05-05 15:33:43 +00:00: 2026-05-05 15:33:43,984 - __main__ - INFO - 📡 Scraping @HLTVorg...
2026-05-05 15:33:44 +00:00: 2026-05-05 15:33:44,508 - __main__ - INFO -   → 15 raw tweets fetched
2026-05-05 15:33:44 +00:00: 2026-05-05 15:33:44,508 - __main__ - INFO -   → 11 viral-worthy CS2 tweets
2026-05-05 15:33:47 +00:00: 2026-05-05 15:33:47,509 - __main__ - INFO - 📡 Scraping @CScribe...
2026-05-05 15:33:47 +00:00: 2026-05-05 15:33:47,670 - __main__ - INFO -   → 0 raw tweets fetched
2026-05-05 15:33:47 +00:00: 2026-05-05 15:33:47,670 - __main__ - INFO -   → 0 viral-worthy CS2 tweets
2026-05-05 15:33:50 +00:00: 2026-05-05 15:33:50,674 - __main__ - INFO - 📡 Scraping @Slasher...
2026-05-05 15:33:51 +00:00: 2026-05-05 15:33:51,244 - __main__ - INFO -   → 97 raw tweets fetched
2026-05-05 15:33:51 +00:00: 2026-05-05 15:33:51,246 - __main__ - INFO -   → 5 viral-worthy CS2 tweets
2026-05-05 15:33:54 +00:00: 2026-05-05 15:33:54,249 - __main__ - INFO - 📡 Scraping @Dust2us...
2026-05-05 15:33:54 +00:00: 2026-05-05 15:33:54,784 - __main__ - INFO -   → 100 raw tweets fetched
2026-05-05 15:33:54 +00:00: 2026-05-05 15:33:54,786 - __main__ - INFO -   → 63 viral-worthy CS2 tweets
2026-05-05 15:33:57 +00:00: 2026-05-05 15:33:57,788 - __main__ - INFO - 📡 Scraping @s1mpleO...
2026-05-05 15:33:58 +00:00: 2026-05-05 15:33:58,335 - __main__ - INFO -   → 79 raw tweets fetched
2026-05-05 15:33:58 +00:00: 2026-05-05 15:33:58,336 - __main__ - INFO -   → 35 viral-worthy CS2 tweets
2026-05-05 15:36:10 +00:00: 2026-05-05 15:36:10,943 - __main__ - INFO - 💾 Stored 293/293 tweets in style_bank
2026-05-05 15:36:10 +00:00: 2026-05-05 15:36:10,945 - __main__ - INFO - 📊 Style bank update: 293 tweets, avg 8318 likes, 189 with media (65%)
2026-05-05 21:36:11 +00:00: 2026-05-05 21:36:11,295 - __main__ - INFO - 📡 Scraping @Ozzny_CS2...
2026-05-05 21:36:11 +00:00: 2026-05-05 21:36:11,505 - __main__ - INFO - 🎟️  Guest token refreshed: 20517780...
2026-05-05 21:36:12 +00:00: 2026-05-05 21:36:12,121 - __main__ - INFO -   → 100 raw tweets fetched
2026-05-05 21:36:12 +00:00: 2026-05-05 21:36:12,123 - __main__ - INFO -   → 47 viral-worthy CS2 tweets
2026-05-05 21:36:15 +00:00: 2026-05-05 21:36:15,127 - __main__ - INFO - 📡 Scraping @ThourCS2...
2026-05-05 21:36:15 +00:00: 2026-05-05 21:36:15,644 - __main__ - INFO -   → 100 raw tweets fetched
2026-05-05 21:36:15 +00:00: 2026-05-05 21:36:15,645 - __main__ - INFO -   → 37 viral-worthy CS2 tweets
2026-05-05 21:36:18 +00:00: 2026-05-05 21:36:18,648 - __main__ - INFO - 📡 Scraping @CS2News_EN...
2026-05-05 21:36:19 +00:00: 2026-05-05 21:36:19,135 - __main__ - INFO -   → 100 raw tweets fetched
2026-05-05 21:36:19 +00:00: 2026-05-05 21:36:19,137 - __main__ - INFO -   → 50 viral-worthy CS2 tweets
2026-05-05 21:36:22 +00:00: 2026-05-05 21:36:22,141 - __main__ - INFO - 📡 Scraping @RazedEsport...
2026-05-05 21:36:23 +00:00: 2026-05-05 21:36:23,068 - __main__ - INFO -   → 99 raw tweets fetched
2026-05-05 21:36:23 +00:00: 2026-05-05 21:36:23,070 - __main__ - INFO -   → 36 viral-worthy CS2 tweets
2026-05-05 21:36:26 +00:00: 2026-05-05 21:36:26,074 - __main__ - INFO - 📡 Scraping @BLASTPremier...
2026-05-05 21:36:26 +00:00: 2026-05-05 21:36:26,549 - __main__ - INFO -   → 15 raw tweets fetched
2026-05-05 21:36:26 +00:00: 2026-05-05 21:36:26,550 - __main__ - INFO -   → 11 viral-worthy CS2 tweets
2026-05-05 21:36:29 +00:00: 2026-05-05 21:36:29,554 - __main__ - INFO - 📡 Scraping @HLTVorg...
2026-05-05 21:36:29 +00:00: 2026-05-05 21:36:29,996 - __main__ - INFO -   → 15 raw tweets fetched
2026-05-05 21:36:29 +00:00: 2026-05-05 21:36:29,997 - __main__ - INFO -   → 10 viral-worthy CS2 tweets
2026-05-05 21:36:33 +00:00: 2026-05-05 21:36:33,001 - __main__ - INFO - 📡 Scraping @CScribe...
2026-05-05 21:36:33 +00:00: 2026-05-05 21:36:33,158 - __main__ - INFO -   → 0 raw tweets fetched
2026-05-05 21:36:33 +00:00: 2026-05-05 21:36:33,158 - __main__ - INFO -   → 0 viral-worthy CS2 tweets
2026-05-05 21:36:36 +00:00: 2026-05-05 21:36:36,161 - __main__ - INFO - 📡 Scraping @Slasher...
2026-05-05 21:36:36 +00:00: 2026-05-05 21:36:36,660 - __main__ - INFO -   → 97 raw tweets fetched
2026-05-05 21:36:36 +00:00: 2026-05-05 21:36:36,662 - __main__ - INFO -   → 5 viral-worthy CS2 tweets
2026-05-05 21:36:39 +00:00: 2026-05-05 21:36:39,666 - __main__ - INFO - 📡 Scraping @Dust2us...
2026-05-05 21:36:40 +00:00: 2026-05-05 21:36:40,233 - __main__ - INFO -   → 100 raw tweets fetched
2026-05-05 21:36:40 +00:00: 2026-05-05 21:36:40,234 - __main__ - INFO -   → 63 viral-worthy CS2 tweets
2026-05-05 21:36:43 +00:00: 2026-05-05 21:36:43,238 - __main__ - INFO - 📡 Scraping @s1mpleO...
2026-05-05 21:36:43 +00:00: 2026-05-05 21:36:43,662 - __main__ - INFO -   → 79 raw tweets fetched
2026-05-05 21:36:43 +00:00: 2026-05-05 21:36:43,663 - __main__ - INFO -   → 35 viral-worthy CS2 tweets
2026-05-05 21:38:56 +00:00: 2026-05-05 21:38:56,452 - __main__ - INFO - 💾 Stored 294/294 tweets in style_bank
2026-05-05 21:38:56 +00:00: 2026-05-05 21:38:56,453 - __main__ - INFO - 📊 Style bank update: 294 tweets, avg 8269 likes, 191 with media (65%)
2026-05-06 03:38:56 +00:00: 2026-05-06 03:38:56,800 - __main__ - INFO - 📡 Scraping @Ozzny_CS2...
2026-05-06 03:38:56 +00:00: 2026-05-06 03:38:56,968 - __main__ - INFO - 🎟️  Guest token refreshed: 20518692...
2026-05-06 03:38:57 +00:00: 2026-05-06 03:38:57,535 - __main__ - INFO -   → 100 raw tweets fetched
2026-05-06 03:38:57 +00:00: 2026-05-06 03:38:57,537 - __main__ - INFO -   → 47 viral-worthy CS2 tweets
2026-05-06 03:39:00 +00:00: 2026-05-06 03:39:00,541 - __main__ - INFO - 📡 Scraping @ThourCS2...
2026-05-06 03:39:01 +00:00: 2026-05-06 03:39:01,069 - __main__ - INFO -   → 100 raw tweets fetched
2026-05-06 03:39:01 +00:00: 2026-05-06 03:39:01,071 - __main__ - INFO -   → 37 viral-worthy CS2 tweets
2026-05-06 03:39:04 +00:00: 2026-05-06 03:39:04,075 - __main__ - INFO - 📡 Scraping @CS2News_EN...
2026-05-06 03:39:04 +00:00: 2026-05-06 03:39:04,549 - __main__ - INFO -   → 100 raw tweets fetched
2026-05-06 03:39:04 +00:00: 2026-05-06 03:39:04,551 - __main__ - INFO -   → 50 viral-worthy CS2 tweets
2026-05-06 03:39:07 +00:00: 2026-05-06 03:39:07,555 - __main__ - INFO - 📡 Scraping @RazedEsport...
2026-05-06 03:39:08 +00:00: 2026-05-06 03:39:08,233 - __main__ - INFO -   → 99 raw tweets fetched
2026-05-06 03:39:08 +00:00: 2026-05-06 03:39:08,234 - __main__ - INFO -   → 36 viral-worthy CS2 tweets
2026-05-06 03:39:11 +00:00: 2026-05-06 03:39:11,238 - __main__ - INFO - 📡 Scraping @BLASTPremier...
2026-05-06 03:39:11 +00:00: 2026-05-06 03:39:11,691 - __main__ - INFO -   → 15 raw tweets fetched
2026-05-06 03:39:11 +00:00: 2026-05-06 03:39:11,691 - __main__ - INFO -   → 11 viral-worthy CS2 tweets
2026-05-06 03:39:14 +00:00: 2026-05-06 03:39:14,695 - __main__ - INFO - 📡 Scraping @HLTVorg...
2026-05-06 03:39:15 +00:00: 2026-05-06 03:39:15,186 - __main__ - INFO -   → 15 raw tweets fetched
2026-05-06 03:39:15 +00:00: 2026-05-06 03:39:15,187 - __main__ - INFO -   → 10 viral-worthy CS2 tweets
2026-05-06 03:39:18 +00:00: 2026-05-06 03:39:18,191 - __main__ - INFO - 📡 Scraping @CScribe...
2026-05-06 03:39:18 +00:00: 2026-05-06 03:39:18,347 - __main__ - INFO -   → 0 raw tweets fetched
2026-05-06 03:39:18 +00:00: 2026-05-06 03:39:18,347 - __main__ - INFO -   → 0 viral-worthy CS2 tweets
2026-05-06 03:39:21 +00:00: 2026-05-06 03:39:21,350 - __main__ - INFO - 📡 Scraping @Slasher...
2026-05-06 03:39:21 +00:00: 2026-05-06 03:39:21,879 - __main__ - INFO -   → 97 raw tweets fetched
2026-05-06 03:39:21 +00:00: 2026-05-06 03:39:21,880 - __main__ - INFO -   → 5 viral-worthy CS2 tweets
2026-05-06 03:39:24 +00:00: 2026-05-06 03:39:24,884 - __main__ - INFO - 📡 Scraping @Dust2us...
2026-05-06 03:39:25 +00:00: 2026-05-06 03:39:25,526 - __main__ - INFO -   → 100 raw tweets fetched
2026-05-06 03:39:25 +00:00: 2026-05-06 03:39:25,527 - __main__ - INFO -   → 63 viral-worthy CS2 tweets
2026-05-06 03:39:28 +00:00: 2026-05-06 03:39:28,531 - __main__ - INFO - 📡 Scraping @s1mpleO...
2026-05-06 03:39:29 +00:00: 2026-05-06 03:39:29,095 - __main__ - INFO -   → 79 raw tweets fetched
2026-05-06 03:39:29 +00:00: 2026-05-06 03:39:29,095 - __main__ - INFO -   → 35 viral-worthy CS2 tweets
2026-05-06 03:41:42 +00:00: 2026-05-06 03:41:42,154 - __main__ - INFO - 💾 Stored 294/294 tweets in style_bank
2026-05-06 03:41:42 +00:00: 2026-05-06 03:41:42,155 - __main__ - INFO - 📊 Style bank update: 294 tweets, avg 8269 likes, 191 with media (65%)
2026-05-06 09:41:42 +00:00: 2026-05-06 09:41:42,227 - utils.db_utils - WARNING - ⚠️  DB connection stale — reconnecting…
2026-05-06 09:41:43 +00:00: 2026-05-06 09:41:43,143 - utils.db_utils - INFO - ✅ Reconnected to PostgreSQL
2026-05-06 09:41:43 +00:00: 2026-05-06 09:41:43,143 - __main__ - INFO - 📡 Scraping @Ozzny_CS2...
2026-05-06 09:41:43 +00:00: 2026-05-06 09:41:43,339 - __main__ - INFO - 🎟️  Guest token refreshed: 20519605...
2026-05-06 09:41:43 +00:00: 2026-05-06 09:41:43,969 - __main__ - INFO -   → 100 raw tweets fetched
2026-05-06 09:41:43 +00:00: 2026-05-06 09:41:43,970 - __main__ - INFO -   → 47 viral-worthy CS2 tweets
2026-05-06 09:41:46 +00:00: 2026-05-06 09:41:46,973 - __main__ - INFO - 📡 Scraping @ThourCS2...
2026-05-06 09:41:47 +00:00: 2026-05-06 09:41:47,513 - __main__ - INFO -   → 100 raw tweets fetched
2026-05-06 09:41:47 +00:00: 2026-05-06 09:41:47,514 - __main__ - INFO -   → 37 viral-worthy CS2 tweets
2026-05-06 09:41:50 +00:00: 2026-05-06 09:41:50,518 - __main__ - INFO - 📡 Scraping @CS2News_EN...
2026-05-06 09:41:50 +00:00: 2026-05-06 09:41:50,983 - __main__ - INFO -   → 100 raw tweets fetched
2026-05-06 09:41:50 +00:00: 2026-05-06 09:41:50,985 - __main__ - INFO -   → 50 viral-worthy CS2 tweets
2026-05-06 09:41:53 +00:00: 2026-05-06 09:41:53,988 - __main__ - INFO - 📡 Scraping @RazedEsport...
2026-05-06 09:41:54 +00:00: 2026-05-06 09:41:54,637 - __main__ - INFO -   → 99 raw tweets fetched
2026-05-06 09:41:54 +00:00: 2026-05-06 09:41:54,638 - __main__ - INFO -   → 36 viral-worthy CS2 tweets
2026-05-06 09:41:57 +00:00: 2026-05-06 09:41:57,641 - __main__ - INFO - 📡 Scraping @BLASTPremier...
2026-05-06 09:41:58 +00:00: 2026-05-06 09:41:58,079 - __main__ - INFO -   → 14 raw tweets fetched
2026-05-06 09:41:58 +00:00: 2026-05-06 09:41:58,080 - __main__ - INFO -   → 10 viral-worthy CS2 tweets
2026-05-06 09:42:01 +00:00: 2026-05-06 09:42:01,084 - __main__ - INFO - 📡 Scraping @HLTVorg...
2026-05-06 09:42:01 +00:00: 2026-05-06 09:42:01,546 - __main__ - INFO -   → 14 raw tweets fetched
2026-05-06 09:42:01 +00:00: 2026-05-06 09:42:01,547 - __main__ - INFO -   → 9 viral-worthy CS2 tweets
2026-05-06 09:42:04 +00:00: 2026-05-06 09:42:04,550 - __main__ - INFO - 📡 Scraping @CScribe...
2026-05-06 09:42:04 +00:00: 2026-05-06 09:42:04,709 - __main__ - INFO -   → 0 raw tweets fetched
2026-05-06 09:42:04 +00:00: 2026-05-06 09:42:04,712 - __main__ - INFO -   → 0 viral-worthy CS2 tweets
2026-05-06 09:42:07 +00:00: 2026-05-06 09:42:07,715 - __main__ - INFO - 📡 Scraping @Slasher...
2026-05-06 09:42:08 +00:00: 2026-05-06 09:42:08,369 - __main__ - INFO -   → 97 raw tweets fetched
2026-05-06 09:42:08 +00:00: 2026-05-06 09:42:08,370 - __main__ - INFO -   → 5 viral-worthy CS2 tweets
2026-05-06 09:42:11 +00:00: 2026-05-06 09:42:11,372 - __main__ - INFO - 📡 Scraping @Dust2us...
2026-05-06 09:42:11 +00:00: 2026-05-06 09:42:11,932 - __main__ - INFO -   → 100 raw tweets fetched
2026-05-06 09:42:11 +00:00: 2026-05-06 09:42:11,933 - __main__ - INFO -   → 63 viral-worthy CS2 tweets
2026-05-06 09:42:14 +00:00: 2026-05-06 09:42:14,936 - __main__ - INFO - 📡 Scraping @s1mpleO...
2026-05-06 09:42:15 +00:00: 2026-05-06 09:42:15,573 - __main__ - INFO -   → 79 raw tweets fetched
2026-05-06 09:42:15 +00:00: 2026-05-06 09:42:15,574 - __main__ - INFO -   → 35 viral-worthy CS2 tweets
2026-05-06 09:44:29 +00:00: 2026-05-06 09:44:29,324 - __main__ - INFO - 💾 Stored 292/292 tweets in style_bank
2026-05-06 09:44:29 +00:00: 2026-05-06 09:44:29,325 - __main__ - INFO - 📊 Style bank update: 292 tweets, avg 8323 likes, 189 with media (65%)
2026-05-06 15:44:29 +00:00: 2026-05-06 15:44:29,424 - utils.db_utils - WARNING - ⚠️  DB connection stale — reconnecting…
2026-05-06 15:44:30 +00:00: 2026-05-06 15:44:30,503 - utils.db_utils - INFO - ✅ Reconnected to PostgreSQL
2026-05-06 15:44:30 +00:00: 2026-05-06 15:44:30,503 - __main__ - INFO - 📡 Scraping @Ozzny_CS2...
2026-05-06 15:44:30 +00:00: 2026-05-06 15:44:30,720 - __main__ - INFO - 🎟️  Guest token refreshed: 20520518...
2026-05-06 15:44:31 +00:00: 2026-05-06 15:44:31,432 - __main__ - INFO -   → 100 raw tweets fetched
2026-05-06 15:44:31 +00:00: 2026-05-06 15:44:31,434 - __main__ - INFO -   → 47 viral-worthy CS2 tweets
2026-05-06 15:44:34 +00:00: 2026-05-06 15:44:34,436 - __main__ - INFO - 📡 Scraping @ThourCS2...
2026-05-06 15:44:34 +00:00: 2026-05-06 15:44:34,977 - __main__ - INFO -   → 100 raw tweets fetched
2026-05-06 15:44:34 +00:00: 2026-05-06 15:44:34,978 - __main__ - INFO -   → 37 viral-worthy CS2 tweets
2026-05-06 15:44:37 +00:00: 2026-05-06 15:44:37,982 - __main__ - INFO - 📡 Scraping @CS2News_EN...
2026-05-06 15:44:38 +00:00: 2026-05-06 15:44:38,550 - __main__ - INFO -   → 100 raw tweets fetched
2026-05-06 15:44:38 +00:00: 2026-05-06 15:44:38,551 - __main__ - INFO -   → 50 viral-worthy CS2 tweets
2026-05-06 15:44:41 +00:00: 2026-05-06 15:44:41,555 - __main__ - INFO - 📡 Scraping @RazedEsport...
2026-05-06 15:44:42 +00:00: 2026-05-06 15:44:42,311 - __main__ - INFO -   → 99 raw tweets fetched
2026-05-06 15:44:42 +00:00: 2026-05-06 15:44:42,312 - __main__ - INFO -   → 36 viral-worthy CS2 tweets
2026-05-06 15:44:45 +00:00: 2026-05-06 15:44:45,316 - __main__ - INFO - 📡 Scraping @BLASTPremier...
2026-05-06 15:44:45 +00:00: 2026-05-06 15:44:45,910 - __main__ - INFO -   → 13 raw tweets fetched
2026-05-06 15:44:45 +00:00: 2026-05-06 15:44:45,910 - __main__ - INFO -   → 8 viral-worthy CS2 tweets
2026-05-06 15:44:48 +00:00: 2026-05-06 15:44:48,914 - __main__ - INFO - 📡 Scraping @HLTVorg...
2026-05-06 15:44:49 +00:00: 2026-05-06 15:44:49,495 - __main__ - INFO -   → 14 raw tweets fetched
2026-05-06 15:44:49 +00:00: 2026-05-06 15:44:49,495 - __main__ - INFO -   → 5 viral-worthy CS2 tweets
2026-05-06 15:44:52 +00:00: 2026-05-06 15:44:52,499 - __main__ - INFO - 📡 Scraping @CScribe...
2026-05-06 15:44:52 +00:00: 2026-05-06 15:44:52,655 - __main__ - INFO -   → 0 raw tweets fetched
2026-05-06 15:44:52 +00:00: 2026-05-06 15:44:52,656 - __main__ - INFO -   → 0 viral-worthy CS2 tweets
2026-05-06 15:44:55 +00:00: 2026-05-06 15:44:55,656 - __main__ - INFO - 📡 Scraping @Slasher...
2026-05-06 15:44:56 +00:00: 2026-05-06 15:44:56,279 - __main__ - INFO -   → 97 raw tweets fetched
2026-05-06 15:44:56 +00:00: 2026-05-06 15:44:56,280 - __main__ - INFO -   → 5 viral-worthy CS2 tweets
2026-05-06 15:44:59 +00:00: 2026-05-06 15:44:59,282 - __main__ - INFO - 📡 Scraping @Dust2us...
2026-05-06 15:45:00 +00:00: 2026-05-06 15:45:00,021 - __main__ - INFO -   → 100 raw tweets fetched
2026-05-06 15:45:00 +00:00: 2026-05-06 15:45:00,022 - __main__ - INFO -   → 63 viral-worthy CS2 tweets
2026-05-06 15:45:03 +00:00: 2026-05-06 15:45:03,026 - __main__ - INFO - 📡 Scraping @s1mpleO...
2026-05-06 15:45:03 +00:00: 2026-05-06 15:45:03,596 - __main__ - INFO -   → 79 raw tweets fetched
2026-05-06 15:45:03 +00:00: 2026-05-06 15:45:03,597 - __main__ - INFO -   → 35 viral-worthy CS2 tweets
2026-05-06 15:47:31 +00:00: 2026-05-06 15:47:31,618 - __main__ - INFO - 💾 Stored 286/286 tweets in style_bank
2026-05-06 15:47:31 +00:00: 2026-05-06 15:47:31,619 - __main__ - INFO - 📊 Style bank update: 286 tweets, avg 8481 likes, 186 with media (65%)
2026-05-06 21:47:31 +00:00: 2026-05-06 21:47:31,970 - __main__ - INFO - 📡 Scraping @Ozzny_CS2...
2026-05-06 21:47:32 +00:00: 2026-05-06 21:47:32,205 - __main__ - INFO - 🎟️  Guest token refreshed: 20521432...
2026-05-06 21:47:32 +00:00: 2026-05-06 21:47:32,767 - __main__ - INFO -   → 100 raw tweets fetched
2026-05-06 21:47:32 +00:00: 2026-05-06 21:47:32,768 - __main__ - INFO -   → 47 viral-worthy CS2 tweets
2026-05-06 21:47:35 +00:00: 2026-05-06 21:47:35,771 - __main__ - INFO - 📡 Scraping @ThourCS2...
2026-05-06 21:47:36 +00:00: 2026-05-06 21:47:36,357 - __main__ - INFO -   → 100 raw tweets fetched
2026-05-06 21:47:36 +00:00: 2026-05-06 21:47:36,358 - __main__ - INFO -   → 37 viral-worthy CS2 tweets
2026-05-06 21:47:39 +00:00: 2026-05-06 21:47:39,361 - __main__ - INFO - 📡 Scraping @CS2News_EN...
2026-05-06 21:47:40 +00:00: 2026-05-06 21:47:40,162 - __main__ - INFO -   → 100 raw tweets fetched
2026-05-06 21:47:40 +00:00: 2026-05-06 21:47:40,163 - __main__ - INFO -   → 50 viral-worthy CS2 tweets
2026-05-06 21:47:43 +00:00: 2026-05-06 21:47:43,166 - __main__ - INFO - 📡 Scraping @RazedEsport...
2026-05-06 21:47:43 +00:00: 2026-05-06 21:47:43,813 - __main__ - INFO -   → 99 raw tweets fetched
2026-05-06 21:47:43 +00:00: 2026-05-06 21:47:43,815 - __main__ - INFO -   → 36 viral-worthy CS2 tweets
2026-05-06 21:47:46 +00:00: 2026-05-06 21:47:46,819 - __main__ - INFO - 📡 Scraping @BLASTPremier...
2026-05-06 21:47:47 +00:00: 2026-05-06 21:47:47,340 - __main__ - INFO -   → 13 raw tweets fetched
2026-05-06 21:47:47 +00:00: 2026-05-06 21:47:47,341 - __main__ - INFO -   → 9 viral-worthy CS2 tweets
2026-05-06 21:47:50 +00:00: 2026-05-06 21:47:50,345 - __main__ - INFO - 📡 Scraping @HLTVorg...
2026-05-06 21:47:50 +00:00: 2026-05-06 21:47:50,798 - __main__ - INFO -   → 14 raw tweets fetched
2026-05-06 21:47:50 +00:00: 2026-05-06 21:47:50,799 - __main__ - INFO -   → 5 viral-worthy CS2 tweets
2026-05-06 21:47:53 +00:00: 2026-05-06 21:47:53,803 - __main__ - INFO - 📡 Scraping @CScribe...
2026-05-06 21:47:54 +00:00: 2026-05-06 21:47:54,135 - __main__ - INFO -   → 0 raw tweets fetched
2026-05-06 21:47:54 +00:00: 2026-05-06 21:47:54,135 - __main__ - INFO -   → 0 viral-worthy CS2 tweets
2026-05-06 21:47:57 +00:00: 2026-05-06 21:47:57,138 - __main__ - INFO - 📡 Scraping @Slasher...
2026-05-06 21:47:57 +00:00: 2026-05-06 21:47:57,611 - __main__ - INFO -   → 97 raw tweets fetched
2026-05-06 21:47:57 +00:00: 2026-05-06 21:47:57,612 - __main__ - INFO -   → 5 viral-worthy CS2 tweets
2026-05-06 21:48:00 +00:00: 2026-05-06 21:48:00,616 - __main__ - INFO - 📡 Scraping @Dust2us...
2026-05-06 21:48:01 +00:00: 2026-05-06 21:48:01,176 - __main__ - INFO -   → 100 raw tweets fetched
2026-05-06 21:48:01 +00:00: 2026-05-06 21:48:01,177 - __main__ - INFO -   → 63 viral-worthy CS2 tweets
2026-05-06 21:48:04 +00:00: 2026-05-06 21:48:04,180 - __main__ - INFO - 📡 Scraping @s1mpleO...
2026-05-06 21:48:04 +00:00: 2026-05-06 21:48:04,699 - __main__ - INFO -   → 79 raw tweets fetched
2026-05-06 21:48:04 +00:00: 2026-05-06 21:48:04,700 - __main__ - INFO -   → 35 viral-worthy CS2 tweets
2026-05-06 21:50:30 +00:00: 2026-05-06 21:50:30,761 - __main__ - INFO - 💾 Stored 287/287 tweets in style_bank
2026-05-06 21:50:30 +00:00: 2026-05-06 21:50:30,762 - __main__ - INFO - 📊 Style bank update: 287 tweets, avg 8452 likes, 188 with media (66%)
2026-05-07 03:50:31 +00:00: 2026-05-07 03:50:31,102 - __main__ - INFO - 📡 Scraping @Ozzny_CS2...
2026-05-07 03:50:31 +00:00: 2026-05-07 03:50:31,300 - __main__ - INFO - 🎟️  Guest token refreshed: 20522345...
2026-05-07 03:50:31 +00:00: 2026-05-07 03:50:31,933 - __main__ - INFO -   → 100 raw tweets fetched
2026-05-07 03:50:31 +00:00: 2026-05-07 03:50:31,935 - __main__ - INFO -   → 47 viral-worthy CS2 tweets
2026-05-07 03:50:34 +00:00: 2026-05-07 03:50:34,938 - __main__ - INFO - 📡 Scraping @ThourCS2...
2026-05-07 03:50:35 +00:00: 2026-05-07 03:50:35,458 - __main__ - INFO -   → 100 raw tweets fetched
2026-05-07 03:50:35 +00:00: 2026-05-07 03:50:35,459 - __main__ - INFO -   → 37 viral-worthy CS2 tweets
2026-05-07 03:50:38 +00:00: 2026-05-07 03:50:38,463 - __main__ - INFO - 📡 Scraping @CS2News_EN...
2026-05-07 03:50:39 +00:00: 2026-05-07 03:50:39,099 - __main__ - INFO -   → 100 raw tweets fetched
2026-05-07 03:50:39 +00:00: 2026-05-07 03:50:39,101 - __main__ - INFO -   → 50 viral-worthy CS2 tweets
2026-05-07 03:50:42 +00:00: 2026-05-07 03:50:42,105 - __main__ - INFO - 📡 Scraping @RazedEsport...
2026-05-07 03:50:42 +00:00: 2026-05-07 03:50:42,892 - __main__ - INFO -   → 99 raw tweets fetched
2026-05-07 03:50:42 +00:00: 2026-05-07 03:50:42,893 - __main__ - INFO -   → 36 viral-worthy CS2 tweets
2026-05-07 03:50:45 +00:00: 2026-05-07 03:50:45,896 - __main__ - INFO - 📡 Scraping @BLASTPremier...
2026-05-07 03:50:46 +00:00: 2026-05-07 03:50:46,380 - __main__ - INFO -   → 13 raw tweets fetched
2026-05-07 03:50:46 +00:00: 2026-05-07 03:50:46,381 - __main__ - INFO -   → 9 viral-worthy CS2 tweets
2026-05-07 03:50:49 +00:00: 2026-05-07 03:50:49,384 - __main__ - INFO - 📡 Scraping @HLTVorg...
2026-05-07 03:50:49 +00:00: 2026-05-07 03:50:49,858 - __main__ - INFO -   → 14 raw tweets fetched
2026-05-07 03:50:49 +00:00: 2026-05-07 03:50:49,858 - __main__ - INFO -   → 6 viral-worthy CS2 tweets
2026-05-07 03:50:52 +00:00: 2026-05-07 03:50:52,861 - __main__ - INFO - 📡 Scraping @CScribe...
2026-05-07 03:50:53 +00:00: 2026-05-07 03:50:53,015 - __main__ - INFO -   → 0 raw tweets fetched
2026-05-07 03:50:53 +00:00: 2026-05-07 03:50:53,015 - __main__ - INFO -   → 0 viral-worthy CS2 tweets
2026-05-07 03:50:56 +00:00: 2026-05-07 03:50:56,018 - __main__ - INFO - 📡 Scraping @Slasher...
2026-05-07 03:50:56 +00:00: 2026-05-07 03:50:56,518 - __main__ - INFO -   → 97 raw tweets fetched
2026-05-07 03:50:56 +00:00: 2026-05-07 03:50:56,521 - __main__ - INFO -   → 5 viral-worthy CS2 tweets
2026-05-07 03:50:59 +00:00: 2026-05-07 03:50:59,525 - __main__ - INFO - 📡 Scraping @Dust2us...
2026-05-07 03:51:00 +00:00: 2026-05-07 03:51:00,144 - __main__ - INFO -   → 100 raw tweets fetched
2026-05-07 03:51:00 +00:00: 2026-05-07 03:51:00,146 - __main__ - INFO -   → 63 viral-worthy CS2 tweets
2026-05-07 03:51:03 +00:00: 2026-05-07 03:51:03,150 - __main__ - INFO - 📡 Scraping @s1mpleO...
2026-05-07 03:51:03 +00:00: 2026-05-07 03:51:03,648 - __main__ - INFO -   → 79 raw tweets fetched
2026-05-07 03:51:03 +00:00: 2026-05-07 03:51:03,649 - __main__ - INFO -   → 35 viral-worthy CS2 tweets
2026-05-07 03:53:29 +00:00: 2026-05-07 03:53:29,645 - __main__ - INFO - 💾 Stored 288/288 tweets in style_bank
2026-05-07 03:53:29 +00:00: 2026-05-07 03:53:29,646 - __main__ - INFO - 📊 Style bank update: 288 tweets, avg 8423 likes, 189 with media (66%)
2026-05-07 09:53:30 +00:00: 2026-05-07 09:53:30,072 - __main__ - INFO - 📡 Scraping @Ozzny_CS2...
2026-05-07 09:53:30 +00:00: 2026-05-07 09:53:30,259 - __main__ - INFO - 🎟️  Guest token refreshed: 20523259...
2026-05-07 09:53:31 +00:00: 2026-05-07 09:53:31,556 - __main__ - INFO -   → 100 raw tweets fetched
2026-05-07 09:53:31 +00:00: 2026-05-07 09:53:31,557 - __main__ - INFO -   → 47 viral-worthy CS2 tweets
2026-05-07 09:53:34 +00:00: 2026-05-07 09:53:34,561 - __main__ - INFO - 📡 Scraping @ThourCS2...
2026-05-07 09:53:35 +00:00: 2026-05-07 09:53:35,537 - __main__ - INFO -   → 100 raw tweets fetched
2026-05-07 09:53:35 +00:00: 2026-05-07 09:53:35,539 - __main__ - INFO -   → 37 viral-worthy CS2 tweets
2026-05-07 09:53:38 +00:00: 2026-05-07 09:53:38,542 - __main__ - INFO - 📡 Scraping @CS2News_EN...
2026-05-07 09:53:39 +00:00: 2026-05-07 09:53:39,789 - __main__ - INFO -   → 100 raw tweets fetched
2026-05-07 09:53:39 +00:00: 2026-05-07 09:53:39,792 - __main__ - INFO -   → 50 viral-worthy CS2 tweets
2026-05-07 09:53:42 +00:00: 2026-05-07 09:53:42,796 - __main__ - INFO - 📡 Scraping @RazedEsport...
2026-05-07 09:53:44 +00:00: 2026-05-07 09:53:44,228 - __main__ - INFO -   → 99 raw tweets fetched
2026-05-07 09:53:44 +00:00: 2026-05-07 09:53:44,228 - __main__ - INFO -   → 36 viral-worthy CS2 tweets
2026-05-07 09:53:47 +00:00: 2026-05-07 09:53:47,232 - __main__ - INFO - 📡 Scraping @BLASTPremier...
2026-05-07 09:53:48 +00:00: 2026-05-07 09:53:48,201 - __main__ - INFO -   → 13 raw tweets fetched
2026-05-07 09:53:48 +00:00: 2026-05-07 09:53:48,202 - __main__ - INFO -   → 9 viral-worthy CS2 tweets
2026-05-07 09:53:51 +00:00: 2026-05-07 09:53:51,205 - __main__ - INFO - 📡 Scraping @HLTVorg...
2026-05-07 09:53:52 +00:00: 2026-05-07 09:53:52,123 - __main__ - INFO -   → 15 raw tweets fetched
2026-05-07 09:53:52 +00:00: 2026-05-07 09:53:52,124 - __main__ - INFO -   → 6 viral-worthy CS2 tweets
2026-05-07 09:53:55 +00:00: 2026-05-07 09:53:55,128 - __main__ - INFO - 📡 Scraping @CScribe...
2026-05-07 09:53:55 +00:00: 2026-05-07 09:53:55,476 - __main__ - INFO -   → 0 raw tweets fetched
2026-05-07 09:53:55 +00:00: 2026-05-07 09:53:55,476 - __main__ - INFO -   → 0 viral-worthy CS2 tweets
2026-05-07 09:53:58 +00:00: 2026-05-07 09:53:58,480 - __main__ - INFO - 📡 Scraping @Slasher...
2026-05-07 09:53:59 +00:00: 2026-05-07 09:53:59,877 - __main__ - INFO -   → 97 raw tweets fetched
2026-05-07 09:53:59 +00:00: 2026-05-07 09:53:59,879 - __main__ - INFO -   → 5 viral-worthy CS2 tweets
2026-05-07 09:54:02 +00:00: 2026-05-07 09:54:02,883 - __main__ - INFO - 📡 Scraping @Dust2us...
2026-05-07 09:54:04 +00:00: 2026-05-07 09:54:04,154 - __main__ - INFO -   → 100 raw tweets fetched
2026-05-07 09:54:04 +00:00: 2026-05-07 09:54:04,155 - __main__ - INFO -   → 63 viral-worthy CS2 tweets
2026-05-07 09:54:07 +00:00: 2026-05-07 09:54:07,159 - __main__ - INFO - 📡 Scraping @s1mpleO...
2026-05-07 09:54:08 +00:00: 2026-05-07 09:54:08,260 - __main__ - INFO -   → 79 raw tweets fetched
2026-05-07 09:54:08 +00:00: 2026-05-07 09:54:08,262 - __main__ - INFO -   → 35 viral-worthy CS2 tweets
2026-05-07 09:56:33 +00:00: 2026-05-07 09:56:33,255 - __main__ - INFO - 💾 Stored 288/288 tweets in style_bank
2026-05-07 09:56:33 +00:00: 2026-05-07 09:56:33,256 - __main__ - INFO - 📊 Style bank update: 288 tweets, avg 8423 likes, 189 with media (66%)
2026-05-07 15:56:33 +00:00: 2026-05-07 15:56:33,615 - __main__ - INFO - 📡 Scraping @Ozzny_CS2...
2026-05-07 15:56:33 +00:00: 2026-05-07 15:56:33,836 - __main__ - INFO - 🎟️  Guest token refreshed: 20524173...
2026-05-07 15:56:34 +00:00: 2026-05-07 15:56:34,502 - __main__ - INFO -   → 100 raw tweets fetched
2026-05-07 15:56:34 +00:00: 2026-05-07 15:56:34,503 - __main__ - INFO -   → 47 viral-worthy CS2 tweets
2026-05-07 15:56:37 +00:00: 2026-05-07 15:56:37,507 - __main__ - INFO - 📡 Scraping @ThourCS2...
2026-05-07 15:56:38 +00:00: 2026-05-07 15:56:38,493 - __main__ - INFO -   → 100 raw tweets fetched
2026-05-07 15:56:38 +00:00: 2026-05-07 15:56:38,494 - __main__ - INFO -   → 37 viral-worthy CS2 tweets
2026-05-07 15:56:41 +00:00: 2026-05-07 15:56:41,498 - __main__ - INFO - 📡 Scraping @CS2News_EN...
2026-05-07 15:56:42 +00:00: 2026-05-07 15:56:42,219 - __main__ - INFO -   → 100 raw tweets fetched
2026-05-07 15:56:42 +00:00: 2026-05-07 15:56:42,221 - __main__ - INFO -   → 50 viral-worthy CS2 tweets
2026-05-07 15:56:45 +00:00: 2026-05-07 15:56:45,224 - __main__ - INFO - 📡 Scraping @RazedEsport...
2026-05-07 15:56:46 +00:00: 2026-05-07 15:56:46,365 - __main__ - INFO -   → 99 raw tweets fetched
2026-05-07 15:56:46 +00:00: 2026-05-07 15:56:46,367 - __main__ - INFO -   → 36 viral-worthy CS2 tweets
2026-05-07 15:56:49 +00:00: 2026-05-07 15:56:49,371 - __main__ - INFO - 📡 Scraping @BLASTPremier...
2026-05-07 15:56:49 +00:00: 2026-05-07 15:56:49,950 - __main__ - INFO -   → 13 raw tweets fetched
2026-05-07 15:56:49 +00:00: 2026-05-07 15:56:49,951 - __main__ - INFO -   → 10 viral-worthy CS2 tweets
2026-05-07 15:56:52 +00:00: 2026-05-07 15:56:52,955 - __main__ - INFO - 📡 Scraping @HLTVorg...
2026-05-07 15:56:53 +00:00: 2026-05-07 15:56:53,505 - __main__ - INFO -   → 16 raw tweets fetched
2026-05-07 15:56:53 +00:00: 2026-05-07 15:56:53,505 - __main__ - INFO -   → 6 viral-worthy CS2 tweets
2026-05-07 15:56:56 +00:00: 2026-05-07 15:56:56,508 - __main__ - INFO - 📡 Scraping @CScribe...
2026-05-07 15:56:56 +00:00: 2026-05-07 15:56:56,661 - __main__ - INFO -   → 0 raw tweets fetched
2026-05-07 15:56:56 +00:00: 2026-05-07 15:56:56,661 - __main__ - INFO -   → 0 viral-worthy CS2 tweets
2026-05-07 15:56:59 +00:00: 2026-05-07 15:56:59,665 - __main__ - INFO - 📡 Scraping @Slasher...
2026-05-07 15:57:00 +00:00: 2026-05-07 15:57:00,256 - __main__ - INFO -   → 97 raw tweets fetched
2026-05-07 15:57:00 +00:00: 2026-05-07 15:57:00,259 - __main__ - INFO -   → 5 viral-worthy CS2 tweets
2026-05-07 15:57:03 +00:00: 2026-05-07 15:57:03,263 - __main__ - INFO - 📡 Scraping @Dust2us...
2026-05-07 15:57:03 +00:00: 2026-05-07 15:57:03,892 - __main__ - INFO -   → 100 raw tweets fetched
2026-05-07 15:57:03 +00:00: 2026-05-07 15:57:03,893 - __main__ - INFO -   → 63 viral-worthy CS2 tweets
2026-05-07 15:57:06 +00:00: 2026-05-07 15:57:06,897 - __main__ - INFO - 📡 Scraping @s1mpleO...
2026-05-07 15:57:07 +00:00: 2026-05-07 15:57:07,487 - __main__ - INFO -   → 79 raw tweets fetched
2026-05-07 15:57:07 +00:00: 2026-05-07 15:57:07,490 - __main__ - INFO -   → 35 viral-worthy CS2 tweets
2026-05-07 15:59:35 +00:00: 2026-05-07 15:59:35,864 - __main__ - INFO - 💾 Stored 289/289 tweets in style_bank
2026-05-07 15:59:35 +00:00: 2026-05-07 15:59:35,865 - __main__ - INFO - 📊 Style bank update: 289 tweets, avg 8395 likes, 191 with media (66%)
